work,type,n,distribution,direction,method,round,repeats,ns
sort,int,1000000,range22,asc,2,0,1,2898208.000
sort,int,1000000,range22,asc,0,0,1,2912250.000
sort,int,1000000,range22,asc,1,0,1,2956792.000
sort,int,1000000,range22,asc,3,0,1,39233167.000
sort,int,1000000,range22,asc,3,1,1,39359917.000
sort,int,1000000,range22,asc,1,1,1,3361042.000
sort,int,1000000,range22,asc,0,1,1,3233250.000
sort,int,1000000,range22,asc,2,1,1,3194667.000
sort,int,1000000,range22,asc,0,2,1,3227459.000
sort,int,1000000,range22,asc,2,2,1,3198625.000
sort,int,1000000,range22,asc,3,2,1,39055666.000
sort,int,1000000,range22,asc,1,2,1,2957750.000
sort,int,1000000,range22,asc,1,3,1,2946250.000
sort,int,1000000,range22,asc,2,3,1,2884917.000
sort,int,1000000,range22,asc,0,3,1,2984166.000
sort,int,1000000,range22,asc,3,3,1,38530208.000
sort,int,1000000,range22,asc,0,4,1,2996042.000
sort,int,1000000,range22,asc,1,4,1,2896625.000
sort,int,1000000,range22,asc,3,4,1,43464792.000
sort,int,1000000,range22,asc,2,4,1,3420708.000
sort,int,1000000,range22,asc,1,5,1,3400250.000
sort,int,1000000,range22,asc,3,5,1,43846042.000
sort,int,1000000,range22,asc,2,5,1,3470167.000
sort,int,1000000,range22,asc,0,5,1,3391416.000
sort,int,1000000,range22,asc,2,6,1,3494375.000
sort,int,1000000,range22,asc,3,6,1,43935792.000
sort,int,1000000,range22,asc,1,6,1,3374625.000
sort,int,1000000,range22,asc,0,6,1,3310959.000
ctorMove,int,1000000,range22,asc,2,0,1,4582000.000
ctorMove,int,1000000,range22,asc,1,0,1,4574417.000
ctorMove,int,1000000,range22,asc,0,0,1,4527167.000
ctorMove,int,1000000,range22,asc,0,1,1,3963000.000
ctorMove,int,1000000,range22,asc,2,1,1,4471583.000
ctorMove,int,1000000,range22,asc,1,1,1,4649666.000
ctorMove,int,1000000,range22,asc,1,2,1,4728500.000
ctorMove,int,1000000,range22,asc,2,2,1,4726416.000
ctorMove,int,1000000,range22,asc,0,2,1,4763167.000
ctorMove,int,1000000,range22,asc,2,3,1,4051000.000
ctorMove,int,1000000,range22,asc,0,3,1,4456750.000
ctorMove,int,1000000,range22,asc,1,3,1,4262125.000
ctorMove,int,1000000,range22,asc,0,4,1,4577917.000
ctorMove,int,1000000,range22,asc,2,4,1,4200875.000
ctorMove,int,1000000,range22,asc,1,4,1,4712792.000
ctorMove,int,1000000,range22,asc,1,5,1,4403750.000
ctorMove,int,1000000,range22,asc,2,5,1,4563083.000
ctorMove,int,1000000,range22,asc,0,5,1,4016459.000
ctorMove,int,1000000,range22,asc,0,6,1,4642417.000
ctorMove,int,1000000,range22,asc,2,6,1,4194750.000
ctorMove,int,1000000,range22,asc,1,6,1,4195792.000
ctorCopy,int,1000000,range22,asc,1,0,1,4340792.000
ctorCopy,int,1000000,range22,asc,2,0,1,4688583.000
ctorCopy,int,1000000,range22,asc,0,0,1,4680750.000
ctorCopy,int,1000000,range22,asc,1,1,1,4319584.000
ctorCopy,int,1000000,range22,asc,2,1,1,4574625.000
ctorCopy,int,1000000,range22,asc,0,1,1,4611792.000
ctorCopy,int,1000000,range22,asc,2,2,1,4340834.000
ctorCopy,int,1000000,range22,asc,1,2,1,4812292.000
ctorCopy,int,1000000,range22,asc,0,2,1,4675084.000
ctorCopy,int,1000000,range22,asc,2,3,1,4699791.000
ctorCopy,int,1000000,range22,asc,1,3,1,4230542.000
ctorCopy,int,1000000,range22,asc,0,3,1,4958542.000
ctorCopy,int,1000000,range22,asc,0,4,1,4550208.000
ctorCopy,int,1000000,range22,asc,1,4,1,4293916.000
ctorCopy,int,1000000,range22,asc,2,4,1,4857042.000
ctorCopy,int,1000000,range22,asc,0,5,1,4262250.000
ctorCopy,int,1000000,range22,asc,2,5,1,4768209.000
ctorCopy,int,1000000,range22,asc,1,5,1,4853917.000
ctorCopy,int,1000000,range22,asc,1,6,1,4295041.000
ctorCopy,int,1000000,range22,asc,0,6,1,4878333.000
ctorCopy,int,1000000,range22,asc,2,6,1,4764291.000
sort,int,1000000,range22,desc,2,0,1,3538041.000
sort,int,1000000,range22,desc,0,0,1,3549208.000
sort,int,1000000,range22,desc,1,0,1,3460875.000
sort,int,1000000,range22,desc,3,0,1,15138250.000
sort,int,1000000,range22,desc,3,1,1,14418375.000
sort,int,1000000,range22,desc,1,1,1,3314166.000
sort,int,1000000,range22,desc,0,1,1,3090209.000
sort,int,1000000,range22,desc,2,1,1,3380667.000
sort,int,1000000,range22,desc,0,2,1,3223959.000
sort,int,1000000,range22,desc,2,2,1,3165084.000
sort,int,1000000,range22,desc,3,2,1,14822750.000
sort,int,1000000,range22,desc,1,2,1,3438459.000
sort,int,1000000,range22,desc,1,3,1,3090375.000
sort,int,1000000,range22,desc,2,3,1,3074584.000
sort,int,1000000,range22,desc,0,3,1,3096125.000
sort,int,1000000,range22,desc,3,3,1,14971791.000
sort,int,1000000,range22,desc,0,4,1,3342458.000
sort,int,1000000,range22,desc,1,4,1,3108458.000
sort,int,1000000,range22,desc,3,4,1,15833375.000
sort,int,1000000,range22,desc,2,4,1,3536333.000
sort,int,1000000,range22,desc,1,5,1,3288250.000
sort,int,1000000,range22,desc,3,5,1,14327041.000
sort,int,1000000,range22,desc,2,5,1,3785166.000
sort,int,1000000,range22,desc,0,5,1,3446625.000
sort,int,1000000,range22,desc,2,6,1,3462959.000
sort,int,1000000,range22,desc,3,6,1,14742916.000
sort,int,1000000,range22,desc,1,6,1,3502375.000
sort,int,1000000,range22,desc,0,6,1,3296917.000
ctorMove,int,1000000,range22,desc,2,0,1,4885625.000
ctorMove,int,1000000,range22,desc,1,0,1,4552917.000
ctorMove,int,1000000,range22,desc,0,0,1,4610334.000
ctorMove,int,1000000,range22,desc,0,1,1,4330000.000
ctorMove,int,1000000,range22,desc,2,1,1,4342250.000
ctorMove,int,1000000,range22,desc,1,1,1,3982084.000
ctorMove,int,1000000,range22,desc,1,2,1,4338917.000
ctorMove,int,1000000,range22,desc,2,2,1,4226167.000
ctorMove,int,1000000,range22,desc,0,2,1,4608875.000
ctorMove,int,1000000,range22,desc,2,3,1,4955458.000
ctorMove,int,1000000,range22,desc,0,3,1,4538292.000
ctorMove,int,1000000,range22,desc,1,3,1,4096958.000
ctorMove,int,1000000,range22,desc,0,4,1,4416208.000
ctorMove,int,1000000,range22,desc,2,4,1,4175042.000
ctorMove,int,1000000,range22,desc,1,4,1,4281750.000
ctorMove,int,1000000,range22,desc,1,5,1,4343750.000
ctorMove,int,1000000,range22,desc,2,5,1,4535833.000
ctorMove,int,1000000,range22,desc,0,5,1,4490125.000
ctorMove,int,1000000,range22,desc,0,6,1,4396833.000
ctorMove,int,1000000,range22,desc,2,6,1,4032416.000
ctorMove,int,1000000,range22,desc,1,6,1,3995500.000
ctorCopy,int,1000000,range22,desc,1,0,1,4566333.000
ctorCopy,int,1000000,range22,desc,2,0,1,4637250.000
ctorCopy,int,1000000,range22,desc,0,0,1,4203209.000
ctorCopy,int,1000000,range22,desc,1,1,1,4899750.000
ctorCopy,int,1000000,range22,desc,2,1,1,5027833.000
ctorCopy,int,1000000,range22,desc,0,1,1,4531125.000
ctorCopy,int,1000000,range22,desc,2,2,1,4657666.000
ctorCopy,int,1000000,range22,desc,1,2,1,4447333.000
ctorCopy,int,1000000,range22,desc,0,2,1,4284708.000
ctorCopy,int,1000000,range22,desc,2,3,1,4135834.000
ctorCopy,int,1000000,range22,desc,1,3,1,4750208.000
ctorCopy,int,1000000,range22,desc,0,3,1,4504125.000
ctorCopy,int,1000000,range22,desc,0,4,1,4489792.000
ctorCopy,int,1000000,range22,desc,1,4,1,4363958.000
ctorCopy,int,1000000,range22,desc,2,4,1,4425167.000
ctorCopy,int,1000000,range22,desc,0,5,1,4144791.000
ctorCopy,int,1000000,range22,desc,2,5,1,4719792.000
ctorCopy,int,1000000,range22,desc,1,5,1,4615916.000
ctorCopy,int,1000000,range22,desc,1,6,1,4679625.000
ctorCopy,int,1000000,range22,desc,0,6,1,4437042.000
ctorCopy,int,1000000,range22,desc,2,6,1,4393000.000
sort,int,1000000,fullWidth,asc,0,0,1,3741708.000
sort,int,1000000,fullWidth,asc,2,0,1,3745875.000
sort,int,1000000,fullWidth,asc,1,0,1,3741959.000
sort,int,1000000,fullWidth,asc,3,0,1,39523000.000
sort,int,1000000,fullWidth,asc,2,1,1,3776167.000
sort,int,1000000,fullWidth,asc,1,1,1,3654917.000
sort,int,1000000,fullWidth,asc,3,1,1,39568042.000
sort,int,1000000,fullWidth,asc,0,1,1,3696833.000
sort,int,1000000,fullWidth,asc,3,2,1,39635917.000
sort,int,1000000,fullWidth,asc,1,2,1,3744959.000
sort,int,1000000,fullWidth,asc,0,2,1,3677917.000
sort,int,1000000,fullWidth,asc,2,2,1,3734166.000
sort,int,1000000,fullWidth,asc,3,3,1,39655000.000
sort,int,1000000,fullWidth,asc,2,3,1,3785708.000
sort,int,1000000,fullWidth,asc,0,3,1,3736833.000
sort,int,1000000,fullWidth,asc,1,3,1,3755208.000
sort,int,1000000,fullWidth,asc,2,4,1,3746125.000
sort,int,1000000,fullWidth,asc,1,4,1,3810625.000
sort,int,1000000,fullWidth,asc,0,4,1,3757375.000
sort,int,1000000,fullWidth,asc,3,4,1,39611166.000
sort,int,1000000,fullWidth,asc,1,5,1,3795917.000
sort,int,1000000,fullWidth,asc,3,5,1,39601500.000
sort,int,1000000,fullWidth,asc,2,5,1,3706834.000
sort,int,1000000,fullWidth,asc,0,5,1,3684958.000
sort,int,1000000,fullWidth,asc,2,6,1,3832333.000
sort,int,1000000,fullWidth,asc,3,6,1,39803209.000
sort,int,1000000,fullWidth,asc,1,6,1,3728208.000
sort,int,1000000,fullWidth,asc,0,6,1,3708708.000
ctorMove,int,1000000,fullWidth,asc,2,0,1,4044667.000
ctorMove,int,1000000,fullWidth,asc,1,0,1,4103042.000
ctorMove,int,1000000,fullWidth,asc,0,0,1,4143375.000
ctorMove,int,1000000,fullWidth,asc,2,1,1,4110458.000
ctorMove,int,1000000,fullWidth,asc,1,1,1,4166167.000
ctorMove,int,1000000,fullWidth,asc,0,1,1,4144375.000
ctorMove,int,1000000,fullWidth,asc,2,2,1,4086375.000
ctorMove,int,1000000,fullWidth,asc,0,2,1,4035583.000
ctorMove,int,1000000,fullWidth,asc,1,2,1,4059125.000
ctorMove,int,1000000,fullWidth,asc,1,3,1,3941292.000
ctorMove,int,1000000,fullWidth,asc,0,3,1,4104000.000
ctorMove,int,1000000,fullWidth,asc,2,3,1,4149042.000
ctorMove,int,1000000,fullWidth,asc,2,4,1,4052250.000
ctorMove,int,1000000,fullWidth,asc,1,4,1,4047042.000
ctorMove,int,1000000,fullWidth,asc,0,4,1,4099292.000
ctorMove,int,1000000,fullWidth,asc,0,5,1,4036041.000
ctorMove,int,1000000,fullWidth,asc,1,5,1,4101875.000
ctorMove,int,1000000,fullWidth,asc,2,5,1,4047916.000
ctorMove,int,1000000,fullWidth,asc,1,6,1,4027917.000
ctorMove,int,1000000,fullWidth,asc,0,6,1,4044625.000
ctorMove,int,1000000,fullWidth,asc,2,6,1,4069791.000
ctorCopy,int,1000000,fullWidth,asc,2,0,1,4270583.000
ctorCopy,int,1000000,fullWidth,asc,1,0,1,4295042.000
ctorCopy,int,1000000,fullWidth,asc,0,0,1,4226459.000
ctorCopy,int,1000000,fullWidth,asc,1,1,1,4187833.000
ctorCopy,int,1000000,fullWidth,asc,0,1,1,4238750.000
ctorCopy,int,1000000,fullWidth,asc,2,1,1,4056167.000
ctorCopy,int,1000000,fullWidth,asc,1,2,1,4196334.000
ctorCopy,int,1000000,fullWidth,asc,0,2,1,4259750.000
ctorCopy,int,1000000,fullWidth,asc,2,2,1,4189458.000
ctorCopy,int,1000000,fullWidth,asc,2,3,1,4271667.000
ctorCopy,int,1000000,fullWidth,asc,0,3,1,4214667.000
ctorCopy,int,1000000,fullWidth,asc,1,3,1,4218417.000
ctorCopy,int,1000000,fullWidth,asc,2,4,1,4151208.000
ctorCopy,int,1000000,fullWidth,asc,0,4,1,4242042.000
ctorCopy,int,1000000,fullWidth,asc,1,4,1,4122500.000
ctorCopy,int,1000000,fullWidth,asc,0,5,1,4154708.000
ctorCopy,int,1000000,fullWidth,asc,1,5,1,4222709.000
ctorCopy,int,1000000,fullWidth,asc,2,5,1,4191000.000
ctorCopy,int,1000000,fullWidth,asc,0,6,1,4266416.000
ctorCopy,int,1000000,fullWidth,asc,1,6,1,4292042.000
ctorCopy,int,1000000,fullWidth,asc,2,6,1,4207875.000
sort,int,1000000,fullWidth,desc,0,0,1,3735125.000
sort,int,1000000,fullWidth,desc,2,0,1,3916167.000
sort,int,1000000,fullWidth,desc,1,0,1,3751209.000
sort,int,1000000,fullWidth,desc,3,0,1,13955750.000
sort,int,1000000,fullWidth,desc,2,1,1,3837917.000
sort,int,1000000,fullWidth,desc,1,1,1,3729333.000
sort,int,1000000,fullWidth,desc,3,1,1,13975333.000
sort,int,1000000,fullWidth,desc,0,1,1,3700958.000
sort,int,1000000,fullWidth,desc,3,2,1,13793625.000
sort,int,1000000,fullWidth,desc,1,2,1,3709209.000
sort,int,1000000,fullWidth,desc,0,2,1,3681083.000
sort,int,1000000,fullWidth,desc,2,2,1,3689542.000
sort,int,1000000,fullWidth,desc,3,3,1,13677000.000
sort,int,1000000,fullWidth,desc,2,3,1,3815084.000
sort,int,1000000,fullWidth,desc,0,3,1,3762042.000
sort,int,1000000,fullWidth,desc,1,3,1,3692417.000
sort,int,1000000,fullWidth,desc,2,4,1,3847792.000
sort,int,1000000,fullWidth,desc,1,4,1,3683792.000
sort,int,1000000,fullWidth,desc,0,4,1,3741708.000
sort,int,1000000,fullWidth,desc,3,4,1,13919750.000
sort,int,1000000,fullWidth,desc,1,5,1,3674041.000
sort,int,1000000,fullWidth,desc,3,5,1,13825125.000
sort,int,1000000,fullWidth,desc,2,5,1,3768834.000
sort,int,1000000,fullWidth,desc,0,5,1,3708792.000
sort,int,1000000,fullWidth,desc,2,6,1,3838375.000
sort,int,1000000,fullWidth,desc,3,6,1,13926417.000
sort,int,1000000,fullWidth,desc,1,6,1,3606333.000
sort,int,1000000,fullWidth,desc,0,6,1,3823208.000
ctorMove,int,1000000,fullWidth,desc,2,0,1,4227625.000
ctorMove,int,1000000,fullWidth,desc,1,0,1,4100875.000
ctorMove,int,1000000,fullWidth,desc,0,0,1,4201208.000
ctorMove,int,1000000,fullWidth,desc,2,1,1,4170709.000
ctorMove,int,1000000,fullWidth,desc,1,1,1,4081750.000
ctorMove,int,1000000,fullWidth,desc,0,1,1,4257958.000
ctorMove,int,1000000,fullWidth,desc,2,2,1,4134166.000
ctorMove,int,1000000,fullWidth,desc,0,2,1,4066000.000
ctorMove,int,1000000,fullWidth,desc,1,2,1,4157375.000
ctorMove,int,1000000,fullWidth,desc,1,3,1,4064000.000
ctorMove,int,1000000,fullWidth,desc,0,3,1,4124084.000
ctorMove,int,1000000,fullWidth,desc,2,3,1,4230958.000
ctorMove,int,1000000,fullWidth,desc,2,4,1,4159125.000
ctorMove,int,1000000,fullWidth,desc,1,4,1,4083208.000
ctorMove,int,1000000,fullWidth,desc,0,4,1,4093500.000
ctorMove,int,1000000,fullWidth,desc,0,5,1,4163833.000
ctorMove,int,1000000,fullWidth,desc,1,5,1,4075250.000
ctorMove,int,1000000,fullWidth,desc,2,5,1,4135166.000
ctorMove,int,1000000,fullWidth,desc,1,6,1,4006875.000
ctorMove,int,1000000,fullWidth,desc,0,6,1,4014958.000
ctorMove,int,1000000,fullWidth,desc,2,6,1,4284375.000
ctorCopy,int,1000000,fullWidth,desc,2,0,1,4466625.000
ctorCopy,int,1000000,fullWidth,desc,1,0,1,4244500.000
ctorCopy,int,1000000,fullWidth,desc,0,0,1,4264375.000
ctorCopy,int,1000000,fullWidth,desc,1,1,1,4274958.000
ctorCopy,int,1000000,fullWidth,desc,0,1,1,4359417.000
ctorCopy,int,1000000,fullWidth,desc,2,1,1,4368375.000
ctorCopy,int,1000000,fullWidth,desc,1,2,1,4230000.000
ctorCopy,int,1000000,fullWidth,desc,0,2,1,4320000.000
ctorCopy,int,1000000,fullWidth,desc,2,2,1,4327166.000
ctorCopy,int,1000000,fullWidth,desc,2,3,1,4211666.000
ctorCopy,int,1000000,fullWidth,desc,0,3,1,4122458.000
ctorCopy,int,1000000,fullWidth,desc,1,3,1,4218792.000
ctorCopy,int,1000000,fullWidth,desc,2,4,1,4357125.000
ctorCopy,int,1000000,fullWidth,desc,0,4,1,4256875.000
ctorCopy,int,1000000,fullWidth,desc,1,4,1,4233958.000
ctorCopy,int,1000000,fullWidth,desc,0,5,1,4211583.000
ctorCopy,int,1000000,fullWidth,desc,1,5,1,4195250.000
ctorCopy,int,1000000,fullWidth,desc,2,5,1,4318792.000
ctorCopy,int,1000000,fullWidth,desc,0,6,1,4205625.000
ctorCopy,int,1000000,fullWidth,desc,1,6,1,4246125.000
ctorCopy,int,1000000,fullWidth,desc,2,6,1,4349583.000
sort,int,1000000,fewValues,asc,3,0,1,8214375.000
sort,int,1000000,fewValues,asc,2,0,1,2372417.000
sort,int,1000000,fewValues,asc,0,0,1,2333084.000
sort,int,1000000,fewValues,asc,1,0,1,2287958.000
sort,int,1000000,fewValues,asc,0,1,1,2341333.000
sort,int,1000000,fewValues,asc,1,1,1,2304833.000
sort,int,1000000,fewValues,asc,2,1,1,2313458.000
sort,int,1000000,fewValues,asc,3,1,1,8354084.000
sort,int,1000000,fewValues,asc,0,2,1,2372209.000
sort,int,1000000,fewValues,asc,1,2,1,2310875.000
sort,int,1000000,fewValues,asc,3,2,1,8151292.000
sort,int,1000000,fewValues,asc,2,2,1,2246375.000
sort,int,1000000,fewValues,asc,2,3,1,2315208.000
sort,int,1000000,fewValues,asc,0,3,1,2331125.000
sort,int,1000000,fewValues,asc,1,3,1,2305292.000
sort,int,1000000,fewValues,asc,3,3,1,8236000.000
sort,int,1000000,fewValues,asc,0,4,1,2393291.000
sort,int,1000000,fewValues,asc,1,4,1,2371000.000
sort,int,1000000,fewValues,asc,2,4,1,2299583.000
sort,int,1000000,fewValues,asc,3,4,1,8206125.000
sort,int,1000000,fewValues,asc,0,5,1,2340000.000
sort,int,1000000,fewValues,asc,1,5,1,2323833.000
sort,int,1000000,fewValues,asc,2,5,1,2366708.000
sort,int,1000000,fewValues,asc,3,5,1,8172959.000
sort,int,1000000,fewValues,asc,3,6,1,8154917.000
sort,int,1000000,fewValues,asc,0,6,1,2366250.000
sort,int,1000000,fewValues,asc,1,6,1,2320084.000
sort,int,1000000,fewValues,asc,2,6,1,2321875.000
ctorMove,int,1000000,fewValues,asc,1,0,1,2558375.000
ctorMove,int,1000000,fewValues,asc,2,0,1,2562084.000
ctorMove,int,1000000,fewValues,asc,0,0,1,2708792.000
ctorMove,int,1000000,fewValues,asc,1,1,1,2631792.000
ctorMove,int,1000000,fewValues,asc,0,1,1,2612875.000
ctorMove,int,1000000,fewValues,asc,2,1,1,2625125.000
ctorMove,int,1000000,fewValues,asc,2,2,1,2692917.000
ctorMove,int,1000000,fewValues,asc,0,2,1,2569708.000
ctorMove,int,1000000,fewValues,asc,1,2,1,2489083.000
ctorMove,int,1000000,fewValues,asc,2,3,1,2548125.000
ctorMove,int,1000000,fewValues,asc,0,3,1,2642209.000
ctorMove,int,1000000,fewValues,asc,1,3,1,2526750.000
ctorMove,int,1000000,fewValues,asc,2,4,1,2616833.000
ctorMove,int,1000000,fewValues,asc,0,4,1,2568625.000
ctorMove,int,1000000,fewValues,asc,1,4,1,2553209.000
ctorMove,int,1000000,fewValues,asc,1,5,1,2569833.000
ctorMove,int,1000000,fewValues,asc,2,5,1,2536125.000
ctorMove,int,1000000,fewValues,asc,0,5,1,2593125.000
ctorMove,int,1000000,fewValues,asc,2,6,1,2579958.000
ctorMove,int,1000000,fewValues,asc,1,6,1,2679292.000
ctorMove,int,1000000,fewValues,asc,0,6,1,2584209.000
ctorCopy,int,1000000,fewValues,asc,0,0,1,2810042.000
ctorCopy,int,1000000,fewValues,asc,2,0,1,2650708.000
ctorCopy,int,1000000,fewValues,asc,1,0,1,2690291.000
ctorCopy,int,1000000,fewValues,asc,2,1,1,2736250.000
ctorCopy,int,1000000,fewValues,asc,0,1,1,2789416.000
ctorCopy,int,1000000,fewValues,asc,1,1,1,2707625.000
ctorCopy,int,1000000,fewValues,asc,2,2,1,2842250.000
ctorCopy,int,1000000,fewValues,asc,0,2,1,2725667.000
ctorCopy,int,1000000,fewValues,asc,1,2,1,2711291.000
ctorCopy,int,1000000,fewValues,asc,0,3,1,2841166.000
ctorCopy,int,1000000,fewValues,asc,1,3,1,2704500.000
ctorCopy,int,1000000,fewValues,asc,2,3,1,2704625.000
ctorCopy,int,1000000,fewValues,asc,1,4,1,2787291.000
ctorCopy,int,1000000,fewValues,asc,2,4,1,2699875.000
ctorCopy,int,1000000,fewValues,asc,0,4,1,2732958.000
ctorCopy,int,1000000,fewValues,asc,2,5,1,2656917.000
ctorCopy,int,1000000,fewValues,asc,0,5,1,2711209.000
ctorCopy,int,1000000,fewValues,asc,1,5,1,2681459.000
ctorCopy,int,1000000,fewValues,asc,2,6,1,2760209.000
ctorCopy,int,1000000,fewValues,asc,1,6,1,2629791.000
ctorCopy,int,1000000,fewValues,asc,0,6,1,2726250.000
sort,int,1000000,fewValues,desc,3,0,1,3430833.000
sort,int,1000000,fewValues,desc,2,0,1,2340542.000
sort,int,1000000,fewValues,desc,0,0,1,2379792.000
sort,int,1000000,fewValues,desc,1,0,1,2357750.000
sort,int,1000000,fewValues,desc,0,1,1,2357542.000
sort,int,1000000,fewValues,desc,1,1,1,2362000.000
sort,int,1000000,fewValues,desc,2,1,1,2330500.000
sort,int,1000000,fewValues,desc,3,1,1,3445458.000
sort,int,1000000,fewValues,desc,0,2,1,2408458.000
sort,int,1000000,fewValues,desc,1,2,1,2285958.000
sort,int,1000000,fewValues,desc,3,2,1,3474875.000
sort,int,1000000,fewValues,desc,2,2,1,2336917.000
sort,int,1000000,fewValues,desc,2,3,1,2335000.000
sort,int,1000000,fewValues,desc,0,3,1,2344917.000
sort,int,1000000,fewValues,desc,1,3,1,2344167.000
sort,int,1000000,fewValues,desc,3,3,1,3439208.000
sort,int,1000000,fewValues,desc,0,4,1,2406791.000
sort,int,1000000,fewValues,desc,1,4,1,2325792.000
sort,int,1000000,fewValues,desc,2,4,1,2383125.000
sort,int,1000000,fewValues,desc,3,4,1,3504333.000
sort,int,1000000,fewValues,desc,0,5,1,2371583.000
sort,int,1000000,fewValues,desc,1,5,1,2326667.000
sort,int,1000000,fewValues,desc,2,5,1,2363750.000
sort,int,1000000,fewValues,desc,3,5,1,3458083.000
sort,int,1000000,fewValues,desc,3,6,1,3442417.000
sort,int,1000000,fewValues,desc,0,6,1,2349083.000
sort,int,1000000,fewValues,desc,1,6,1,2477167.000
sort,int,1000000,fewValues,desc,2,6,1,2332250.000
ctorMove,int,1000000,fewValues,desc,1,0,1,2597041.000
ctorMove,int,1000000,fewValues,desc,2,0,1,2578833.000
ctorMove,int,1000000,fewValues,desc,0,0,1,2544792.000
ctorMove,int,1000000,fewValues,desc,1,1,1,2566542.000
ctorMove,int,1000000,fewValues,desc,0,1,1,2643417.000
ctorMove,int,1000000,fewValues,desc,2,1,1,2560750.000
ctorMove,int,1000000,fewValues,desc,2,2,1,2642458.000
ctorMove,int,1000000,fewValues,desc,0,2,1,2575583.000
ctorMove,int,1000000,fewValues,desc,1,2,1,2778708.000
ctorMove,int,1000000,fewValues,desc,2,3,1,2566625.000
ctorMove,int,1000000,fewValues,desc,0,3,1,2608167.000
ctorMove,int,1000000,fewValues,desc,1,3,1,2527167.000
ctorMove,int,1000000,fewValues,desc,2,4,1,2702667.000
ctorMove,int,1000000,fewValues,desc,0,4,1,2596333.000
ctorMove,int,1000000,fewValues,desc,1,4,1,2528250.000
ctorMove,int,1000000,fewValues,desc,1,5,1,2516917.000
ctorMove,int,1000000,fewValues,desc,2,5,1,2574958.000
ctorMove,int,1000000,fewValues,desc,0,5,1,2591500.000
ctorMove,int,1000000,fewValues,desc,2,6,1,2598667.000
ctorMove,int,1000000,fewValues,desc,1,6,1,2506833.000
ctorMove,int,1000000,fewValues,desc,0,6,1,2560958.000
ctorCopy,int,1000000,fewValues,desc,0,0,1,2820583.000
ctorCopy,int,1000000,fewValues,desc,2,0,1,2730166.000
ctorCopy,int,1000000,fewValues,desc,1,0,1,2715083.000
ctorCopy,int,1000000,fewValues,desc,2,1,1,2823583.000
ctorCopy,int,1000000,fewValues,desc,0,1,1,2890708.000
ctorCopy,int,1000000,fewValues,desc,1,1,1,2702125.000
ctorCopy,int,1000000,fewValues,desc,2,2,1,2720625.000
ctorCopy,int,1000000,fewValues,desc,0,2,1,2750375.000
ctorCopy,int,1000000,fewValues,desc,1,2,1,2944667.000
ctorCopy,int,1000000,fewValues,desc,0,3,1,2738917.000
ctorCopy,int,1000000,fewValues,desc,1,3,1,2665459.000
ctorCopy,int,1000000,fewValues,desc,2,3,1,2857417.000
ctorCopy,int,1000000,fewValues,desc,1,4,1,2684917.000
ctorCopy,int,1000000,fewValues,desc,2,4,1,2813375.000
ctorCopy,int,1000000,fewValues,desc,0,4,1,2799958.000
ctorCopy,int,1000000,fewValues,desc,2,5,1,2728083.000
ctorCopy,int,1000000,fewValues,desc,0,5,1,2683792.000
ctorCopy,int,1000000,fewValues,desc,1,5,1,2760458.000
ctorCopy,int,1000000,fewValues,desc,2,6,1,2927125.000
ctorCopy,int,1000000,fewValues,desc,1,6,1,2617000.000
ctorCopy,int,1000000,fewValues,desc,0,6,1,2694625.000
sort,int,1000000,gaps,asc,0,0,1,3849125.000
sort,int,1000000,gaps,asc,1,0,1,2711709.000
sort,int,1000000,gaps,asc,2,0,1,2723959.000
sort,int,1000000,gaps,asc,3,0,1,16799208.000
sort,int,1000000,gaps,asc,1,1,1,2852208.000
sort,int,1000000,gaps,asc,3,1,1,16744625.000
sort,int,1000000,gaps,asc,0,1,1,3811167.000
sort,int,1000000,gaps,asc,2,1,1,2700750.000
sort,int,1000000,gaps,asc,3,2,1,16662167.000
sort,int,1000000,gaps,asc,0,2,1,3755708.000
sort,int,1000000,gaps,asc,2,2,1,2724708.000
sort,int,1000000,gaps,asc,1,2,1,2669625.000
sort,int,1000000,gaps,asc,0,3,1,3852917.000
sort,int,1000000,gaps,asc,1,3,1,2695834.000
sort,int,1000000,gaps,asc,2,3,1,2753833.000
sort,int,1000000,gaps,asc,3,3,1,16634000.000
sort,int,1000000,gaps,asc,0,4,1,3800875.000
sort,int,1000000,gaps,asc,3,4,1,16719084.000
sort,int,1000000,gaps,asc,1,4,1,2714792.000
sort,int,1000000,gaps,asc,2,4,1,2741709.000
sort,int,1000000,gaps,asc,3,5,1,16714833.000
sort,int,1000000,gaps,asc,0,5,1,3769459.000
sort,int,1000000,gaps,asc,2,5,1,2758625.000
sort,int,1000000,gaps,asc,1,5,1,2810792.000
sort,int,1000000,gaps,asc,0,6,1,3886208.000
sort,int,1000000,gaps,asc,2,6,1,2728292.000
sort,int,1000000,gaps,asc,1,6,1,2776000.000
sort,int,1000000,gaps,asc,3,6,1,16721708.000
ctorMove,int,1000000,gaps,asc,0,0,1,4002166.000
ctorMove,int,1000000,gaps,asc,2,0,1,2965958.000
ctorMove,int,1000000,gaps,asc,1,0,1,3001291.000
ctorMove,int,1000000,gaps,asc,2,1,1,2933000.000
ctorMove,int,1000000,gaps,asc,0,1,1,4031333.000
ctorMove,int,1000000,gaps,asc,1,1,1,2929458.000
ctorMove,int,1000000,gaps,asc,2,2,1,2963875.000
ctorMove,int,1000000,gaps,asc,1,2,1,3023250.000
ctorMove,int,1000000,gaps,asc,0,2,1,4003584.000
ctorMove,int,1000000,gaps,asc,0,3,1,4055208.000
ctorMove,int,1000000,gaps,asc,2,3,1,2915500.000
ctorMove,int,1000000,gaps,asc,1,3,1,3000167.000
ctorMove,int,1000000,gaps,asc,1,4,1,2952625.000
ctorMove,int,1000000,gaps,asc,2,4,1,2933125.000
ctorMove,int,1000000,gaps,asc,0,4,1,4078000.000
ctorMove,int,1000000,gaps,asc,1,5,1,2937875.000
ctorMove,int,1000000,gaps,asc,0,5,1,4100083.000
ctorMove,int,1000000,gaps,asc,2,5,1,2959625.000
ctorMove,int,1000000,gaps,asc,2,6,1,2953584.000
ctorMove,int,1000000,gaps,asc,1,6,1,2938958.000
ctorMove,int,1000000,gaps,asc,0,6,1,3999333.000
ctorCopy,int,1000000,gaps,asc,1,0,1,3235500.000
ctorCopy,int,1000000,gaps,asc,2,0,1,3146792.000
ctorCopy,int,1000000,gaps,asc,0,0,1,4250500.000
ctorCopy,int,1000000,gaps,asc,2,1,1,3284916.000
ctorCopy,int,1000000,gaps,asc,1,1,1,3189292.000
ctorCopy,int,1000000,gaps,asc,0,1,1,4167792.000
ctorCopy,int,1000000,gaps,asc,0,2,1,4212458.000
ctorCopy,int,1000000,gaps,asc,2,2,1,3078750.000
ctorCopy,int,1000000,gaps,asc,1,2,1,3146375.000
ctorCopy,int,1000000,gaps,asc,1,3,1,3088417.000
ctorCopy,int,1000000,gaps,asc,2,3,1,3081500.000
ctorCopy,int,1000000,gaps,asc,0,3,1,4261459.000
ctorCopy,int,1000000,gaps,asc,1,4,1,3079500.000
ctorCopy,int,1000000,gaps,asc,0,4,1,4184042.000
ctorCopy,int,1000000,gaps,asc,2,4,1,3091208.000
ctorCopy,int,1000000,gaps,asc,1,5,1,3227125.000
ctorCopy,int,1000000,gaps,asc,2,5,1,3208042.000
ctorCopy,int,1000000,gaps,asc,0,5,1,4147000.000
ctorCopy,int,1000000,gaps,asc,0,6,1,4165625.000
ctorCopy,int,1000000,gaps,asc,1,6,1,3037541.000
ctorCopy,int,1000000,gaps,asc,2,6,1,3172584.000
sort,int,1000000,gaps,desc,0,0,1,3813292.000
sort,int,1000000,gaps,desc,1,0,1,2749750.000
sort,int,1000000,gaps,desc,2,0,1,2848500.000
sort,int,1000000,gaps,desc,3,0,1,4905292.000
sort,int,1000000,gaps,desc,1,1,1,2856250.000
sort,int,1000000,gaps,desc,3,1,1,4912208.000
sort,int,1000000,gaps,desc,0,1,1,3806291.000
sort,int,1000000,gaps,desc,2,1,1,2735833.000
sort,int,1000000,gaps,desc,3,2,1,4940333.000
sort,int,1000000,gaps,desc,0,2,1,3771750.000
sort,int,1000000,gaps,desc,2,2,1,4075458.000
sort,int,1000000,gaps,desc,1,2,1,2772125.000
sort,int,1000000,gaps,desc,0,3,1,3836375.000
sort,int,1000000,gaps,desc,1,3,1,2833375.000
sort,int,1000000,gaps,desc,2,3,1,4058417.000
sort,int,1000000,gaps,desc,3,3,1,4922292.000
sort,int,1000000,gaps,desc,0,4,1,3876125.000
sort,int,1000000,gaps,desc,3,4,1,5250333.000
sort,int,1000000,gaps,desc,1,4,1,2743458.000
sort,int,1000000,gaps,desc,2,4,1,2718541.000
sort,int,1000000,gaps,desc,3,5,1,4930459.000
sort,int,1000000,gaps,desc,0,5,1,3821667.000
sort,int,1000000,gaps,desc,2,5,1,3060709.000
sort,int,1000000,gaps,desc,1,5,1,2913334.000
sort,int,1000000,gaps,desc,0,6,1,3951875.000
sort,int,1000000,gaps,desc,2,6,1,3237166.000
sort,int,1000000,gaps,desc,1,6,1,3263334.000
sort,int,1000000,gaps,desc,3,6,1,5321083.000
ctorMove,int,1000000,gaps,desc,0,0,1,4590959.000
ctorMove,int,1000000,gaps,desc,2,0,1,3558625.000
ctorMove,int,1000000,gaps,desc,1,0,1,3170833.000
ctorMove,int,1000000,gaps,desc,2,1,1,3228250.000
ctorMove,int,1000000,gaps,desc,0,1,1,4463083.000
ctorMove,int,1000000,gaps,desc,1,1,1,3502000.000
ctorMove,int,1000000,gaps,desc,2,2,1,3457542.000
ctorMove,int,1000000,gaps,desc,1,2,1,3307375.000
ctorMove,int,1000000,gaps,desc,0,2,1,4342792.000
ctorMove,int,1000000,gaps,desc,0,3,1,4266250.000
ctorMove,int,1000000,gaps,desc,2,3,1,3186125.000
ctorMove,int,1000000,gaps,desc,1,3,1,3112541.000
ctorMove,int,1000000,gaps,desc,1,4,1,3186583.000
ctorMove,int,1000000,gaps,desc,2,4,1,3441500.000
ctorMove,int,1000000,gaps,desc,0,4,1,4625834.000
ctorMove,int,1000000,gaps,desc,1,5,1,3307667.000
ctorMove,int,1000000,gaps,desc,0,5,1,4488209.000
ctorMove,int,1000000,gaps,desc,2,5,1,3627875.000
ctorMove,int,1000000,gaps,desc,2,6,1,3521583.000
ctorMove,int,1000000,gaps,desc,1,6,1,3200875.000
ctorMove,int,1000000,gaps,desc,0,6,1,4305583.000
ctorCopy,int,1000000,gaps,desc,1,0,1,3189333.000
ctorCopy,int,1000000,gaps,desc,2,0,1,3497541.000
ctorCopy,int,1000000,gaps,desc,0,0,1,4442583.000
ctorCopy,int,1000000,gaps,desc,2,1,1,3457000.000
ctorCopy,int,1000000,gaps,desc,1,1,1,3333500.000
ctorCopy,int,1000000,gaps,desc,0,1,1,4494417.000
ctorCopy,int,1000000,gaps,desc,0,2,1,4603250.000
ctorCopy,int,1000000,gaps,desc,2,2,1,3460250.000
ctorCopy,int,1000000,gaps,desc,1,2,1,3276541.000
ctorCopy,int,1000000,gaps,desc,1,3,1,3490917.000
ctorCopy,int,1000000,gaps,desc,2,3,1,3380584.000
ctorCopy,int,1000000,gaps,desc,0,3,1,4568708.000
ctorCopy,int,1000000,gaps,desc,1,4,1,3484292.000
ctorCopy,int,1000000,gaps,desc,0,4,1,4480416.000
ctorCopy,int,1000000,gaps,desc,2,4,1,3672166.000
ctorCopy,int,1000000,gaps,desc,1,5,1,3411959.000
ctorCopy,int,1000000,gaps,desc,2,5,1,3449667.000
ctorCopy,int,1000000,gaps,desc,0,5,1,4471250.000
ctorCopy,int,1000000,gaps,desc,0,6,1,4603667.000
ctorCopy,int,1000000,gaps,desc,1,6,1,3262625.000
ctorCopy,int,1000000,gaps,desc,2,6,1,3701958.000
sort,int,1000000,ascending,asc,0,0,4,258156.500
sort,int,1000000,ascending,asc,1,0,4,257364.750
sort,int,1000000,ascending,asc,2,0,5,239600.200
sort,int,1000000,ascending,asc,3,0,2,749208.000
sort,int,1000000,ascending,asc,2,1,4,262250.250
sort,int,1000000,ascending,asc,0,1,4,258541.500
sort,int,1000000,ascending,asc,3,1,2,758083.500
sort,int,1000000,ascending,asc,1,1,5,231100.000
sort,int,1000000,ascending,asc,0,2,5,230375.000
sort,int,1000000,ascending,asc,1,2,5,228541.600
sort,int,1000000,ascending,asc,2,2,5,252966.800
sort,int,1000000,ascending,asc,3,2,2,753688.000
sort,int,1000000,ascending,asc,1,3,5,245958.200
sort,int,1000000,ascending,asc,3,3,2,779625.000
sort,int,1000000,ascending,asc,0,3,5,230041.800
sort,int,1000000,ascending,asc,2,3,5,228150.000
sort,int,1000000,ascending,asc,0,4,5,237091.800
sort,int,1000000,ascending,asc,3,4,2,748312.500
sort,int,1000000,ascending,asc,1,4,5,231716.800
sort,int,1000000,ascending,asc,2,4,5,229458.200
sort,int,1000000,ascending,asc,3,5,2,716896.000
sort,int,1000000,ascending,asc,0,5,5,230674.600
sort,int,1000000,ascending,asc,1,5,5,224349.800
sort,int,1000000,ascending,asc,2,5,5,231566.800
sort,int,1000000,ascending,asc,2,6,5,236208.200
sort,int,1000000,ascending,asc,0,6,5,224500.000
sort,int,1000000,ascending,asc,3,6,2,681187.000
sort,int,1000000,ascending,asc,1,6,5,242016.600
ctorMove,int,1000000,ascending,asc,0,0,1,637750.000
ctorMove,int,1000000,ascending,asc,1,0,1,703875.000
ctorMove,int,1000000,ascending,asc,2,0,1,724209.000
ctorMove,int,1000000,ascending,asc,0,1,1,723792.000
ctorMove,int,1000000,ascending,asc,2,1,1,703666.000
ctorMove,int,1000000,ascending,asc,1,1,1,692125.000
ctorMove,int,1000000,ascending,asc,1,2,1,652417.000
ctorMove,int,1000000,ascending,asc,0,2,1,689833.000
ctorMove,int,1000000,ascending,asc,2,2,1,674834.000
ctorMove,int,1000000,ascending,asc,2,3,1,650250.000
ctorMove,int,1000000,ascending,asc,0,3,1,666833.000
ctorMove,int,1000000,ascending,asc,1,3,1,775834.000
ctorMove,int,1000000,ascending,asc,1,4,1,650125.000
ctorMove,int,1000000,ascending,asc,0,4,1,681917.000
ctorMove,int,1000000,ascending,asc,2,4,1,665458.000
ctorMove,int,1000000,ascending,asc,1,5,1,728250.000
ctorMove,int,1000000,ascending,asc,0,5,1,680292.000
ctorMove,int,1000000,ascending,asc,2,5,1,668333.000
ctorMove,int,1000000,ascending,asc,2,6,1,706875.000
ctorMove,int,1000000,ascending,asc,1,6,1,759625.000
ctorMove,int,1000000,ascending,asc,0,6,1,741000.000
ctorCopy,int,1000000,ascending,asc,2,0,1,983375.000
ctorCopy,int,1000000,ascending,asc,1,0,1,1057584.000
ctorCopy,int,1000000,ascending,asc,0,0,1,919292.000
ctorCopy,int,1000000,ascending,asc,2,1,1,852750.000
ctorCopy,int,1000000,ascending,asc,1,1,1,825208.000
ctorCopy,int,1000000,ascending,asc,0,1,1,857875.000
ctorCopy,int,1000000,ascending,asc,1,2,1,868167.000
ctorCopy,int,1000000,ascending,asc,0,2,1,850750.000
ctorCopy,int,1000000,ascending,asc,2,2,1,973375.000
ctorCopy,int,1000000,ascending,asc,0,3,1,839041.000
ctorCopy,int,1000000,ascending,asc,2,3,1,941958.000
ctorCopy,int,1000000,ascending,asc,1,3,1,939250.000
ctorCopy,int,1000000,ascending,asc,0,4,1,974250.000
ctorCopy,int,1000000,ascending,asc,1,4,1,916875.000
ctorCopy,int,1000000,ascending,asc,2,4,1,840084.000
ctorCopy,int,1000000,ascending,asc,1,5,1,975375.000
ctorCopy,int,1000000,ascending,asc,0,5,1,856417.000
ctorCopy,int,1000000,ascending,asc,2,5,1,884916.000
ctorCopy,int,1000000,ascending,asc,2,6,1,913167.000
ctorCopy,int,1000000,ascending,asc,0,6,1,1040667.000
ctorCopy,int,1000000,ascending,asc,1,6,1,924541.000
sort,int,1000000,ascending,desc,0,0,4,292645.750
sort,int,1000000,ascending,desc,1,0,4,298780.750
sort,int,1000000,ascending,desc,2,0,4,282177.000
sort,int,1000000,ascending,desc,3,0,2,902166.500
sort,int,1000000,ascending,desc,2,1,4,282146.250
sort,int,1000000,ascending,desc,0,1,4,305666.500
sort,int,1000000,ascending,desc,3,1,2,904000.000
sort,int,1000000,ascending,desc,1,1,4,299416.500
sort,int,1000000,ascending,desc,0,2,4,289479.250
sort,int,1000000,ascending,desc,1,2,4,284969.000
sort,int,1000000,ascending,desc,2,2,4,287343.750
sort,int,1000000,ascending,desc,3,2,2,922229.500
sort,int,1000000,ascending,desc,1,3,4,297697.750
sort,int,1000000,ascending,desc,3,3,2,897791.500
sort,int,1000000,ascending,desc,0,3,4,293135.250
sort,int,1000000,ascending,desc,2,3,4,292896.000
sort,int,1000000,ascending,desc,0,4,4,297218.750
sort,int,1000000,ascending,desc,3,4,2,888729.500
sort,int,1000000,ascending,desc,1,4,4,284062.750
sort,int,1000000,ascending,desc,2,4,4,289812.500
sort,int,1000000,ascending,desc,3,5,2,941500.000
sort,int,1000000,ascending,desc,0,5,4,289885.250
sort,int,1000000,ascending,desc,1,5,4,291937.500
sort,int,1000000,ascending,desc,2,5,4,301073.250
sort,int,1000000,ascending,desc,2,6,4,272396.250
sort,int,1000000,ascending,desc,0,6,4,277718.750
sort,int,1000000,ascending,desc,3,6,1,1007583.000
sort,int,1000000,ascending,desc,1,6,4,273677.000
ctorMove,int,1000000,ascending,desc,0,0,1,750125.000
ctorMove,int,1000000,ascending,desc,1,0,1,693959.000
ctorMove,int,1000000,ascending,desc,2,0,1,693791.000
ctorMove,int,1000000,ascending,desc,0,1,1,706917.000
ctorMove,int,1000000,ascending,desc,2,1,1,679584.000
ctorMove,int,1000000,ascending,desc,1,1,1,693375.000
ctorMove,int,1000000,ascending,desc,1,2,1,729500.000
ctorMove,int,1000000,ascending,desc,0,2,1,954417.000
ctorMove,int,1000000,ascending,desc,2,2,1,732625.000
ctorMove,int,1000000,ascending,desc,2,3,1,684000.000
ctorMove,int,1000000,ascending,desc,0,3,1,698167.000
ctorMove,int,1000000,ascending,desc,1,3,1,709833.000
ctorMove,int,1000000,ascending,desc,1,4,1,761125.000
ctorMove,int,1000000,ascending,desc,0,4,1,796083.000
ctorMove,int,1000000,ascending,desc,2,4,1,810500.000
ctorMove,int,1000000,ascending,desc,1,5,1,766167.000
ctorMove,int,1000000,ascending,desc,0,5,1,687667.000
ctorMove,int,1000000,ascending,desc,2,5,1,908375.000
ctorMove,int,1000000,ascending,desc,2,6,1,715792.000
ctorMove,int,1000000,ascending,desc,1,6,1,741250.000
ctorMove,int,1000000,ascending,desc,0,6,1,727042.000
ctorCopy,int,1000000,ascending,desc,2,0,1,889625.000
ctorCopy,int,1000000,ascending,desc,1,0,1,900292.000
ctorCopy,int,1000000,ascending,desc,0,0,1,952958.000
ctorCopy,int,1000000,ascending,desc,2,1,1,1042708.000
ctorCopy,int,1000000,ascending,desc,1,1,1,1160208.000
ctorCopy,int,1000000,ascending,desc,0,1,1,1058458.000
ctorCopy,int,1000000,ascending,desc,1,2,1,1109833.000
ctorCopy,int,1000000,ascending,desc,0,2,1,1170958.000
ctorCopy,int,1000000,ascending,desc,2,2,1,1035458.000
ctorCopy,int,1000000,ascending,desc,0,3,1,1135916.000
ctorCopy,int,1000000,ascending,desc,2,3,1,1124083.000
ctorCopy,int,1000000,ascending,desc,1,3,1,1244834.000
ctorCopy,int,1000000,ascending,desc,0,4,1,967000.000
ctorCopy,int,1000000,ascending,desc,1,4,1,845625.000
ctorCopy,int,1000000,ascending,desc,2,4,1,988333.000
ctorCopy,int,1000000,ascending,desc,1,5,1,1051375.000
ctorCopy,int,1000000,ascending,desc,0,5,1,1014292.000
ctorCopy,int,1000000,ascending,desc,2,5,1,958333.000
ctorCopy,int,1000000,ascending,desc,2,6,1,829375.000
ctorCopy,int,1000000,ascending,desc,0,6,1,819625.000
ctorCopy,int,1000000,ascending,desc,1,6,1,874041.000
sort,int,1000000,descending,asc,3,0,2,860792.000
sort,int,1000000,descending,asc,2,0,4,289968.750
sort,int,1000000,descending,asc,0,0,4,291875.000
sort,int,1000000,descending,asc,1,0,4,289833.250
sort,int,1000000,descending,asc,3,1,2,869000.000
sort,int,1000000,descending,asc,2,1,4,300916.750
sort,int,1000000,descending,asc,1,1,4,287354.500
sort,int,1000000,descending,asc,0,1,4,287218.750
sort,int,1000000,descending,asc,0,2,4,295260.500
sort,int,1000000,descending,asc,1,2,4,287573.000
sort,int,1000000,descending,asc,3,2,2,871250.500
sort,int,1000000,descending,asc,2,2,4,297500.000
sort,int,1000000,descending,asc,1,3,4,288958.500
sort,int,1000000,descending,asc,3,3,2,912063.000
sort,int,1000000,descending,asc,2,3,4,292197.750
sort,int,1000000,descending,asc,0,3,4,295249.750
sort,int,1000000,descending,asc,2,4,4,293354.250
sort,int,1000000,descending,asc,0,4,4,293375.000
sort,int,1000000,descending,asc,1,4,4,291395.500
sort,int,1000000,descending,asc,3,4,2,878458.500
sort,int,1000000,descending,asc,0,5,4,298833.500
sort,int,1000000,descending,asc,3,5,2,856271.000
sort,int,1000000,descending,asc,1,5,4,294260.500
sort,int,1000000,descending,asc,2,5,4,293572.750
sort,int,1000000,descending,asc,3,6,2,913666.500
sort,int,1000000,descending,asc,0,6,4,295218.500
sort,int,1000000,descending,asc,2,6,4,286260.500
sort,int,1000000,descending,asc,1,6,4,294572.750
ctorMove,int,1000000,descending,asc,1,0,1,662000.000
ctorMove,int,1000000,descending,asc,2,0,1,721875.000
ctorMove,int,1000000,descending,asc,0,0,1,683666.000
ctorMove,int,1000000,descending,asc,1,1,1,681250.000
ctorMove,int,1000000,descending,asc,2,1,1,657584.000
ctorMove,int,1000000,descending,asc,0,1,1,664875.000
ctorMove,int,1000000,descending,asc,1,2,1,713083.000
ctorMove,int,1000000,descending,asc,0,2,1,660458.000
ctorMove,int,1000000,descending,asc,2,2,1,655917.000
ctorMove,int,1000000,descending,asc,0,3,1,665291.000
ctorMove,int,1000000,descending,asc,1,3,1,687541.000
ctorMove,int,1000000,descending,asc,2,3,1,636916.000
ctorMove,int,1000000,descending,asc,0,4,1,815291.000
ctorMove,int,1000000,descending,asc,2,4,1,757000.000
ctorMove,int,1000000,descending,asc,1,4,1,696750.000
ctorMove,int,1000000,descending,asc,0,5,1,726250.000
ctorMove,int,1000000,descending,asc,1,5,1,776583.000
ctorMove,int,1000000,descending,asc,2,5,1,654875.000
ctorMove,int,1000000,descending,asc,0,6,1,647083.000
ctorMove,int,1000000,descending,asc,2,6,1,752708.000
ctorMove,int,1000000,descending,asc,1,6,1,704541.000
ctorCopy,int,1000000,descending,asc,0,0,1,1051208.000
ctorCopy,int,1000000,descending,asc,1,0,1,831084.000
ctorCopy,int,1000000,descending,asc,2,0,1,906791.000
ctorCopy,int,1000000,descending,asc,1,1,1,854583.000
ctorCopy,int,1000000,descending,asc,0,1,1,866292.000
ctorCopy,int,1000000,descending,asc,2,1,1,847375.000
ctorCopy,int,1000000,descending,asc,2,2,1,875917.000
ctorCopy,int,1000000,descending,asc,1,2,1,980833.000
ctorCopy,int,1000000,descending,asc,0,2,1,864542.000
ctorCopy,int,1000000,descending,asc,2,3,1,823959.000
ctorCopy,int,1000000,descending,asc,1,3,1,978833.000
ctorCopy,int,1000000,descending,asc,0,3,1,846375.000
ctorCopy,int,1000000,descending,asc,1,4,1,867458.000
ctorCopy,int,1000000,descending,asc,0,4,1,843167.000
ctorCopy,int,1000000,descending,asc,2,4,1,865250.000
ctorCopy,int,1000000,descending,asc,1,5,1,833542.000
ctorCopy,int,1000000,descending,asc,2,5,1,818042.000
ctorCopy,int,1000000,descending,asc,0,5,1,875792.000
ctorCopy,int,1000000,descending,asc,0,6,1,928917.000
ctorCopy,int,1000000,descending,asc,2,6,1,860208.000
ctorCopy,int,1000000,descending,asc,1,6,1,822959.000
sort,int,1000000,descending,desc,3,0,3,451569.333
sort,int,1000000,descending,desc,2,0,4,328166.500
sort,int,1000000,descending,desc,0,0,5,244050.000
sort,int,1000000,descending,desc,1,0,5,222600.000
sort,int,1000000,descending,desc,3,1,3,446972.000
sort,int,1000000,descending,desc,2,1,4,325000.000
sort,int,1000000,descending,desc,1,1,5,234425.200
sort,int,1000000,descending,desc,0,1,5,222083.200
sort,int,1000000,descending,desc,0,2,5,229025.000
sort,int,1000000,descending,desc,1,2,5,242674.800
sort,int,1000000,descending,desc,3,2,2,642146.000
sort,int,1000000,descending,desc,2,2,4,331333.250
sort,int,1000000,descending,desc,1,3,5,235466.800
sort,int,1000000,descending,desc,3,3,3,494514.333
sort,int,1000000,descending,desc,2,3,3,333513.667
sort,int,1000000,descending,desc,0,3,5,228858.200
sort,int,1000000,descending,desc,2,4,3,347861.333
sort,int,1000000,descending,desc,0,4,5,227716.600
sort,int,1000000,descending,desc,1,4,5,226008.200
sort,int,1000000,descending,desc,3,4,2,623999.500
sort,int,1000000,descending,desc,0,5,5,231891.600
sort,int,1000000,descending,desc,3,5,3,474319.667
sort,int,1000000,descending,desc,1,5,5,234808.400
sort,int,1000000,descending,desc,2,5,3,342319.333
sort,int,1000000,descending,desc,3,6,3,465902.667
sort,int,1000000,descending,desc,0,6,5,237341.400
sort,int,1000000,descending,desc,2,6,3,341458.333
sort,int,1000000,descending,desc,1,6,5,234866.600
ctorMove,int,1000000,descending,desc,1,0,1,617000.000
ctorMove,int,1000000,descending,desc,2,0,1,785333.000
ctorMove,int,1000000,descending,desc,0,0,1,613833.000
ctorMove,int,1000000,descending,desc,1,1,1,615042.000
ctorMove,int,1000000,descending,desc,2,1,1,727125.000
ctorMove,int,1000000,descending,desc,0,1,1,632125.000
ctorMove,int,1000000,descending,desc,1,2,1,595875.000
ctorMove,int,1000000,descending,desc,0,2,1,636000.000
ctorMove,int,1000000,descending,desc,2,2,1,736333.000
ctorMove,int,1000000,descending,desc,0,3,1,605958.000
ctorMove,int,1000000,descending,desc,1,3,1,629541.000
ctorMove,int,1000000,descending,desc,2,3,1,721708.000
ctorMove,int,1000000,descending,desc,0,4,1,604000.000
ctorMove,int,1000000,descending,desc,2,4,1,784416.000
ctorMove,int,1000000,descending,desc,1,4,1,589083.000
ctorMove,int,1000000,descending,desc,0,5,1,624166.000
ctorMove,int,1000000,descending,desc,1,5,1,653667.000
ctorMove,int,1000000,descending,desc,2,5,1,731625.000
ctorMove,int,1000000,descending,desc,0,6,1,621875.000
ctorMove,int,1000000,descending,desc,2,6,1,759125.000
ctorMove,int,1000000,descending,desc,1,6,1,633667.000
ctorCopy,int,1000000,descending,desc,0,0,1,773625.000
ctorCopy,int,1000000,descending,desc,1,0,1,809250.000
ctorCopy,int,1000000,descending,desc,2,0,1,941750.000
ctorCopy,int,1000000,descending,desc,1,1,1,752125.000
ctorCopy,int,1000000,descending,desc,0,1,1,765292.000
ctorCopy,int,1000000,descending,desc,2,1,1,927709.000
ctorCopy,int,1000000,descending,desc,2,2,1,886709.000
ctorCopy,int,1000000,descending,desc,1,2,1,813666.000
ctorCopy,int,1000000,descending,desc,0,2,1,842167.000
ctorCopy,int,1000000,descending,desc,2,3,1,884917.000
ctorCopy,int,1000000,descending,desc,1,3,1,774875.000
ctorCopy,int,1000000,descending,desc,0,3,1,745958.000
ctorCopy,int,1000000,descending,desc,1,4,1,766917.000
ctorCopy,int,1000000,descending,desc,0,4,1,873584.000
ctorCopy,int,1000000,descending,desc,2,4,1,970417.000
ctorCopy,int,1000000,descending,desc,1,5,1,823084.000
ctorCopy,int,1000000,descending,desc,2,5,1,914167.000
ctorCopy,int,1000000,descending,desc,0,5,1,810666.000
ctorCopy,int,1000000,descending,desc,0,6,1,770500.000
ctorCopy,int,1000000,descending,desc,2,6,1,869417.000
ctorCopy,int,1000000,descending,desc,1,6,1,797167.000
sort,int,1000000,nearly,asc,3,0,1,5863792.000
sort,int,1000000,nearly,asc,2,0,1,5060583.000
sort,int,1000000,nearly,asc,1,0,1,5004125.000
sort,int,1000000,nearly,asc,0,0,1,5527917.000
sort,int,1000000,nearly,asc,2,1,1,5036833.000
sort,int,1000000,nearly,asc,3,1,1,5853750.000
sort,int,1000000,nearly,asc,1,1,1,4919459.000
sort,int,1000000,nearly,asc,0,1,1,5138458.000
sort,int,1000000,nearly,asc,2,2,1,4814542.000
sort,int,1000000,nearly,asc,3,2,1,5864792.000
sort,int,1000000,nearly,asc,0,2,1,5195417.000
sort,int,1000000,nearly,asc,1,2,1,4941125.000
sort,int,1000000,nearly,asc,1,3,1,5083250.000
sort,int,1000000,nearly,asc,0,3,1,5073667.000
sort,int,1000000,nearly,asc,3,3,1,5826917.000
sort,int,1000000,nearly,asc,2,3,1,5119583.000
sort,int,1000000,nearly,asc,3,4,1,5848959.000
sort,int,1000000,nearly,asc,1,4,1,4922708.000
sort,int,1000000,nearly,asc,2,4,1,4902041.000
sort,int,1000000,nearly,asc,0,4,1,5186041.000
sort,int,1000000,nearly,asc,3,5,1,5806583.000
sort,int,1000000,nearly,asc,1,5,1,5006458.000
sort,int,1000000,nearly,asc,2,5,1,5050500.000
sort,int,1000000,nearly,asc,0,5,1,5090250.000
sort,int,1000000,nearly,asc,1,6,1,5185500.000
sort,int,1000000,nearly,asc,2,6,1,5176542.000
sort,int,1000000,nearly,asc,3,6,1,5837125.000
sort,int,1000000,nearly,asc,0,6,1,5146750.000
ctorMove,int,1000000,nearly,asc,2,0,1,5325917.000
ctorMove,int,1000000,nearly,asc,0,0,1,5434583.000
ctorMove,int,1000000,nearly,asc,1,0,1,5355000.000
ctorMove,int,1000000,nearly,asc,0,1,1,5571125.000
ctorMove,int,1000000,nearly,asc,1,1,1,5492500.000
ctorMove,int,1000000,nearly,asc,2,1,1,5427917.000
ctorMove,int,1000000,nearly,asc,1,2,1,5470000.000
ctorMove,int,1000000,nearly,asc,0,2,1,5613209.000
ctorMove,int,1000000,nearly,asc,2,2,1,5319125.000
ctorMove,int,1000000,nearly,asc,1,3,1,5426875.000
ctorMove,int,1000000,nearly,asc,2,3,1,5355250.000
ctorMove,int,1000000,nearly,asc,0,3,1,5574458.000
ctorMove,int,1000000,nearly,asc,1,4,1,5566958.000
ctorMove,int,1000000,nearly,asc,2,4,1,5543125.000
ctorMove,int,1000000,nearly,asc,0,4,1,5579000.000
ctorMove,int,1000000,nearly,asc,1,5,1,5590958.000
ctorMove,int,1000000,nearly,asc,2,5,1,5501625.000
ctorMove,int,1000000,nearly,asc,0,5,1,5308417.000
ctorMove,int,1000000,nearly,asc,2,6,1,5312375.000
ctorMove,int,1000000,nearly,asc,1,6,1,5311584.000
ctorMove,int,1000000,nearly,asc,0,6,1,5379000.000
ctorCopy,int,1000000,nearly,asc,1,0,1,5564750.000
ctorCopy,int,1000000,nearly,asc,2,0,1,5408333.000
ctorCopy,int,1000000,nearly,asc,0,0,1,5706000.000
ctorCopy,int,1000000,nearly,asc,2,1,1,5498625.000
ctorCopy,int,1000000,nearly,asc,1,1,1,5650500.000
ctorCopy,int,1000000,nearly,asc,0,1,1,5893375.000
ctorCopy,int,1000000,nearly,asc,2,2,1,5482250.000
ctorCopy,int,1000000,nearly,asc,1,2,1,5631208.000
ctorCopy,int,1000000,nearly,asc,0,2,1,5707708.000
ctorCopy,int,1000000,nearly,asc,0,3,1,5514500.000
ctorCopy,int,1000000,nearly,asc,1,3,1,5578750.000
ctorCopy,int,1000000,nearly,asc,2,3,1,5595333.000
ctorCopy,int,1000000,nearly,asc,0,4,1,5629583.000
ctorCopy,int,1000000,nearly,asc,1,4,1,5452417.000
ctorCopy,int,1000000,nearly,asc,2,4,1,5454708.000
ctorCopy,int,1000000,nearly,asc,1,5,1,5540666.000
ctorCopy,int,1000000,nearly,asc,0,5,1,5691500.000
ctorCopy,int,1000000,nearly,asc,2,5,1,5516500.000
ctorCopy,int,1000000,nearly,asc,0,6,1,5720541.000
ctorCopy,int,1000000,nearly,asc,1,6,1,5585041.000
ctorCopy,int,1000000,nearly,asc,2,6,1,5562291.000
sort,int,1000000,nearly,desc,3,0,1,10946583.000
sort,int,1000000,nearly,desc,2,0,1,6373375.000
sort,int,1000000,nearly,desc,1,0,1,11054625.000
sort,int,1000000,nearly,desc,0,0,1,5748125.000
sort,int,1000000,nearly,desc,2,1,1,5744458.000
sort,int,1000000,nearly,desc,3,1,1,11386666.000
sort,int,1000000,nearly,desc,1,1,1,5305334.000
sort,int,1000000,nearly,desc,0,1,1,5626000.000
sort,int,1000000,nearly,desc,2,2,1,4952250.000
sort,int,1000000,nearly,desc,3,2,1,11205708.000
sort,int,1000000,nearly,desc,0,2,1,5677375.000
sort,int,1000000,nearly,desc,1,2,1,5389958.000
sort,int,1000000,nearly,desc,1,3,1,5083250.000
sort,int,1000000,nearly,desc,0,3,1,5246167.000
sort,int,1000000,nearly,desc,3,3,1,11191083.000
sort,int,1000000,nearly,desc,2,3,1,5347500.000
sort,int,1000000,nearly,desc,3,4,1,11442458.000
sort,int,1000000,nearly,desc,1,4,1,5500292.000
sort,int,1000000,nearly,desc,2,4,1,4965167.000
sort,int,1000000,nearly,desc,0,4,1,5467208.000
sort,int,1000000,nearly,desc,3,5,1,11340375.000
sort,int,1000000,nearly,desc,1,5,1,5148834.000
sort,int,1000000,nearly,desc,2,5,1,5292000.000
sort,int,1000000,nearly,desc,0,5,1,5330833.000
sort,int,1000000,nearly,desc,1,6,1,5338334.000
sort,int,1000000,nearly,desc,2,6,1,5408667.000
sort,int,1000000,nearly,desc,3,6,1,10901625.000
sort,int,1000000,nearly,desc,0,6,1,5163834.000
ctorMove,int,1000000,nearly,desc,2,0,1,5527083.000
ctorMove,int,1000000,nearly,desc,0,0,1,5564708.000
ctorMove,int,1000000,nearly,desc,1,0,1,5367166.000
ctorMove,int,1000000,nearly,desc,0,1,1,5668125.000
ctorMove,int,1000000,nearly,desc,1,1,1,5493625.000
ctorMove,int,1000000,nearly,desc,2,1,1,5431083.000
ctorMove,int,1000000,nearly,desc,1,2,1,5537750.000
ctorMove,int,1000000,nearly,desc,0,2,1,5494416.000
ctorMove,int,1000000,nearly,desc,2,2,1,5688291.000
ctorMove,int,1000000,nearly,desc,1,3,1,5499375.000
ctorMove,int,1000000,nearly,desc,2,3,1,5429625.000
ctorMove,int,1000000,nearly,desc,0,3,1,5592792.000
ctorMove,int,1000000,nearly,desc,1,4,1,5518584.000
ctorMove,int,1000000,nearly,desc,2,4,1,5513667.000
ctorMove,int,1000000,nearly,desc,0,4,1,5590750.000
ctorMove,int,1000000,nearly,desc,1,5,1,5521792.000
ctorMove,int,1000000,nearly,desc,2,5,1,5573375.000
ctorMove,int,1000000,nearly,desc,0,5,1,5492208.000
ctorMove,int,1000000,nearly,desc,2,6,1,5561958.000
ctorMove,int,1000000,nearly,desc,1,6,1,5520750.000
ctorMove,int,1000000,nearly,desc,0,6,1,5488708.000
ctorCopy,int,1000000,nearly,desc,1,0,1,6031750.000
ctorCopy,int,1000000,nearly,desc,2,0,1,5717500.000
ctorCopy,int,1000000,nearly,desc,0,0,1,5778083.000
ctorCopy,int,1000000,nearly,desc,2,1,1,5802667.000
ctorCopy,int,1000000,nearly,desc,1,1,1,6015792.000
ctorCopy,int,1000000,nearly,desc,0,1,1,6067458.000
ctorCopy,int,1000000,nearly,desc,2,2,1,6164834.000
ctorCopy,int,1000000,nearly,desc,1,2,1,5834875.000
ctorCopy,int,1000000,nearly,desc,0,2,1,6040542.000
ctorCopy,int,1000000,nearly,desc,0,3,1,5997833.000
ctorCopy,int,1000000,nearly,desc,1,3,1,5689792.000
ctorCopy,int,1000000,nearly,desc,2,3,1,5637541.000
ctorCopy,int,1000000,nearly,desc,0,4,1,6124042.000
ctorCopy,int,1000000,nearly,desc,1,4,1,5528333.000
ctorCopy,int,1000000,nearly,desc,2,4,1,5607166.000
ctorCopy,int,1000000,nearly,desc,1,5,1,5560334.000
ctorCopy,int,1000000,nearly,desc,0,5,1,5871417.000
ctorCopy,int,1000000,nearly,desc,2,5,1,5574042.000
ctorCopy,int,1000000,nearly,desc,0,6,1,5668542.000
ctorCopy,int,1000000,nearly,desc,1,6,1,5642333.000
ctorCopy,int,1000000,nearly,desc,2,6,1,5649584.000
sort,int,128,fullWidth,asc,2,0,512,356.771
sort,int,128,fullWidth,asc,3,0,512,360.836
sort,int,128,fullWidth,asc,1,0,512,365.320
sort,int,128,fullWidth,asc,0,0,512,398.029
sort,int,128,fullWidth,asc,1,1,512,391.439
sort,int,128,fullWidth,asc,0,1,512,410.150
sort,int,128,fullWidth,asc,2,1,512,369.639
sort,int,128,fullWidth,asc,3,1,512,372.801
sort,int,128,fullWidth,asc,0,2,512,416.646
sort,int,128,fullWidth,asc,1,2,512,365.902
sort,int,128,fullWidth,asc,3,2,512,386.789
sort,int,128,fullWidth,asc,2,2,512,365.477
sort,int,128,fullWidth,asc,0,3,512,448.469
sort,int,128,fullWidth,asc,2,3,512,438.385
sort,int,128,fullWidth,asc,3,3,512,364.676
sort,int,128,fullWidth,asc,1,3,512,365.225
sort,int,128,fullWidth,asc,2,4,512,380.631
sort,int,128,fullWidth,asc,3,4,512,383.551
sort,int,128,fullWidth,asc,0,4,512,402.521
sort,int,128,fullWidth,asc,1,4,512,382.668
sort,int,128,fullWidth,asc,2,5,512,374.662
sort,int,128,fullWidth,asc,0,5,512,409.908
sort,int,128,fullWidth,asc,1,5,512,381.672
sort,int,128,fullWidth,asc,3,5,512,400.635
sort,int,128,fullWidth,asc,2,6,512,361.822
sort,int,128,fullWidth,asc,1,6,512,362.703
sort,int,128,fullWidth,asc,0,6,512,398.223
sort,int,128,fullWidth,asc,3,6,512,400.803
sort,int,512,fullWidth,asc,1,0,420,2385.843
sort,int,512,fullWidth,asc,0,0,507,1974.308
sort,int,512,fullWidth,asc,3,0,467,2143.338
sort,int,512,fullWidth,asc,2,0,449,2231.381
sort,int,512,fullWidth,asc,0,1,503,1988.338
sort,int,512,fullWidth,asc,3,1,470,2131.728
sort,int,512,fullWidth,asc,2,1,446,2247.170
sort,int,512,fullWidth,asc,1,1,446,2247.186
sort,int,512,fullWidth,asc,1,2,434,2309.228
sort,int,512,fullWidth,asc,0,2,512,1938.650
sort,int,512,fullWidth,asc,3,2,434,2309.435
sort,int,512,fullWidth,asc,2,2,419,2388.031
sort,int,512,fullWidth,asc,2,3,432,2317.139
sort,int,512,fullWidth,asc,3,3,454,2204.742
sort,int,512,fullWidth,asc,1,3,389,2574.658
sort,int,512,fullWidth,asc,0,3,472,2122.439
sort,int,512,fullWidth,asc,3,4,416,2405.365
sort,int,512,fullWidth,asc,2,4,407,2457.440
sort,int,512,fullWidth,asc,0,4,512,1906.338
sort,int,512,fullWidth,asc,1,4,416,2407.745
sort,int,512,fullWidth,asc,2,5,367,2729.624
sort,int,512,fullWidth,asc,3,5,419,2388.317
sort,int,512,fullWidth,asc,1,5,363,2758.165
sort,int,512,fullWidth,asc,0,5,458,2186.310
sort,int,512,fullWidth,asc,2,6,405,2473.264
sort,int,512,fullWidth,asc,3,6,445,2249.029
sort,int,512,fullWidth,asc,1,6,400,2500.573
sort,int,512,fullWidth,asc,0,6,512,1883.557
sort,int,4096,fullWidth,asc,2,0,76,13297.132
sort,int,4096,fullWidth,asc,0,0,68,14806.941
sort,int,4096,fullWidth,asc,3,0,31,32288.871
sort,int,4096,fullWidth,asc,1,0,86,11687.512
sort,int,4096,fullWidth,asc,1,1,77,13049.221
sort,int,4096,fullWidth,asc,3,1,38,26376.079
sort,int,4096,fullWidth,asc,0,1,80,12530.750
sort,int,4096,fullWidth,asc,2,1,83,12083.349
sort,int,4096,fullWidth,asc,2,2,79,12663.519
sort,int,4096,fullWidth,asc,3,2,31,32358.935
sort,int,4096,fullWidth,asc,0,2,76,13301.526
sort,int,4096,fullWidth,asc,1,2,85,11886.329
sort,int,4096,fullWidth,asc,2,3,85,11788.141
sort,int,4096,fullWidth,asc,1,3,85,11765.741
sort,int,4096,fullWidth,asc,0,3,81,12425.358
sort,int,4096,fullWidth,asc,3,3,42,23904.738
sort,int,4096,fullWidth,asc,2,4,86,11679.209
sort,int,4096,fullWidth,asc,0,4,77,13012.403
sort,int,4096,fullWidth,asc,3,4,39,25980.744
sort,int,4096,fullWidth,asc,1,4,89,11309.933
sort,int,4096,fullWidth,asc,1,5,89,11336.090
sort,int,4096,fullWidth,asc,3,5,42,23931.619
sort,int,4096,fullWidth,asc,0,5,80,12643.750
sort,int,4096,fullWidth,asc,2,5,82,12284.000
sort,int,4096,fullWidth,asc,0,6,74,13593.000
sort,int,4096,fullWidth,asc,1,6,84,11906.202
sort,int,4096,fullWidth,asc,2,6,85,11884.376
sort,int,4096,fullWidth,asc,3,6,41,24863.683
sort,longLong,1000000,range22,asc,3,0,1,40390041.000
sort,longLong,1000000,range22,asc,0,0,1,3359291.000
sort,longLong,1000000,range22,asc,1,0,1,3562125.000
sort,longLong,1000000,range22,asc,2,0,1,3534541.000
sort,longLong,1000000,range22,asc,1,1,1,3374167.000
sort,longLong,1000000,range22,asc,0,1,1,3326125.000
sort,longLong,1000000,range22,asc,3,1,1,40135041.000
sort,longLong,1000000,range22,asc,2,1,1,3499875.000
sort,longLong,1000000,range22,asc,2,2,1,3383208.000
sort,longLong,1000000,range22,asc,3,2,1,39960917.000
sort,longLong,1000000,range22,asc,1,2,1,3302292.000
sort,longLong,1000000,range22,asc,0,2,1,3289208.000
sort,longLong,1000000,range22,asc,1,3,1,3479334.000
sort,longLong,1000000,range22,asc,3,3,1,39959667.000
sort,longLong,1000000,range22,asc,2,3,1,3352333.000
sort,longLong,1000000,range22,asc,0,3,1,3300833.000
sort,longLong,1000000,range22,asc,1,4,1,3214042.000
sort,longLong,1000000,range22,asc,2,4,1,3230625.000
sort,longLong,1000000,range22,asc,3,4,1,40568709.000
sort,longLong,1000000,range22,asc,0,4,1,3270750.000
sort,longLong,1000000,range22,asc,3,5,1,40194417.000
sort,longLong,1000000,range22,asc,0,5,1,3327000.000
sort,longLong,1000000,range22,asc,1,5,1,3460667.000
sort,longLong,1000000,range22,asc,2,5,1,3404958.000
sort,longLong,1000000,range22,asc,3,6,1,40124167.000
sort,longLong,1000000,range22,asc,2,6,1,3548708.000
sort,longLong,1000000,range22,asc,1,6,1,3318416.000
sort,longLong,1000000,range22,asc,0,6,1,3249250.000
ctorMove,longLong,1000000,range22,asc,2,0,1,4409958.000
ctorMove,longLong,1000000,range22,asc,0,0,1,4239334.000
ctorMove,longLong,1000000,range22,asc,1,0,1,4283167.000
ctorMove,longLong,1000000,range22,asc,1,1,1,4210166.000
ctorMove,longLong,1000000,range22,asc,0,1,1,4243750.000
ctorMove,longLong,1000000,range22,asc,2,1,1,4442542.000
ctorMove,longLong,1000000,range22,asc,2,2,1,4649000.000
ctorMove,longLong,1000000,range22,asc,1,2,1,4986291.000
ctorMove,longLong,1000000,range22,asc,0,2,1,4544125.000
ctorMove,longLong,1000000,range22,asc,2,3,1,5189709.000
ctorMove,longLong,1000000,range22,asc,1,3,1,4763042.000
ctorMove,longLong,1000000,range22,asc,0,3,1,4237584.000
ctorMove,longLong,1000000,range22,asc,2,4,1,4338875.000
ctorMove,longLong,1000000,range22,asc,1,4,1,4210417.000
ctorMove,longLong,1000000,range22,asc,0,4,1,4226291.000
ctorMove,longLong,1000000,range22,asc,2,5,1,4233834.000
ctorMove,longLong,1000000,range22,asc,0,5,1,4215959.000
ctorMove,longLong,1000000,range22,asc,1,5,1,4440000.000
ctorMove,longLong,1000000,range22,asc,1,6,1,4303500.000
ctorMove,longLong,1000000,range22,asc,0,6,1,4266500.000
ctorMove,longLong,1000000,range22,asc,2,6,1,4173375.000
ctorCopy,longLong,1000000,range22,asc,1,0,1,4638417.000
ctorCopy,longLong,1000000,range22,asc,0,0,1,4752167.000
ctorCopy,longLong,1000000,range22,asc,2,0,1,4856208.000
ctorCopy,longLong,1000000,range22,asc,1,1,1,4482000.000
ctorCopy,longLong,1000000,range22,asc,2,1,1,4624750.000
ctorCopy,longLong,1000000,range22,asc,0,1,1,4803042.000
ctorCopy,longLong,1000000,range22,asc,0,2,1,4661125.000
ctorCopy,longLong,1000000,range22,asc,1,2,1,4586583.000
ctorCopy,longLong,1000000,range22,asc,2,2,1,4608708.000
ctorCopy,longLong,1000000,range22,asc,0,3,1,4781208.000
ctorCopy,longLong,1000000,range22,asc,2,3,1,4808625.000
ctorCopy,longLong,1000000,range22,asc,1,3,1,4900209.000
ctorCopy,longLong,1000000,range22,asc,0,4,1,4650125.000
ctorCopy,longLong,1000000,range22,asc,1,4,1,4606875.000
ctorCopy,longLong,1000000,range22,asc,2,4,1,4832542.000
ctorCopy,longLong,1000000,range22,asc,0,5,1,4517250.000
ctorCopy,longLong,1000000,range22,asc,2,5,1,4852750.000
ctorCopy,longLong,1000000,range22,asc,1,5,1,4718875.000
ctorCopy,longLong,1000000,range22,asc,2,6,1,4768666.000
ctorCopy,longLong,1000000,range22,asc,1,6,1,4480083.000
ctorCopy,longLong,1000000,range22,asc,0,6,1,4720709.000
sort,longLong,1000000,range22,desc,3,0,1,13556083.000
sort,longLong,1000000,range22,desc,0,0,1,3564417.000
sort,longLong,1000000,range22,desc,1,0,1,3198125.000
sort,longLong,1000000,range22,desc,2,0,1,3714667.000
sort,longLong,1000000,range22,desc,1,1,1,3579417.000
sort,longLong,1000000,range22,desc,0,1,1,3292750.000
sort,longLong,1000000,range22,desc,3,1,1,13825291.000
sort,longLong,1000000,range22,desc,2,1,1,3929083.000
sort,longLong,1000000,range22,desc,2,2,1,3991916.000
sort,longLong,1000000,range22,desc,3,2,1,13459625.000
sort,longLong,1000000,range22,desc,1,2,1,3520542.000
sort,longLong,1000000,range22,desc,0,2,1,3298916.000
sort,longLong,1000000,range22,desc,1,3,1,3530708.000
sort,longLong,1000000,range22,desc,3,3,1,13293042.000
sort,longLong,1000000,range22,desc,2,3,1,3593417.000
sort,longLong,1000000,range22,desc,0,3,1,3447833.000
sort,longLong,1000000,range22,desc,1,4,1,3775791.000
sort,longLong,1000000,range22,desc,2,4,1,3620000.000
sort,longLong,1000000,range22,desc,3,4,1,13642541.000
sort,longLong,1000000,range22,desc,0,4,1,3493916.000
sort,longLong,1000000,range22,desc,3,5,1,13531917.000
sort,longLong,1000000,range22,desc,0,5,1,3510291.000
sort,longLong,1000000,range22,desc,1,5,1,3324042.000
sort,longLong,1000000,range22,desc,2,5,1,3429542.000
sort,longLong,1000000,range22,desc,3,6,1,13509750.000
sort,longLong,1000000,range22,desc,2,6,1,3412000.000
sort,longLong,1000000,range22,desc,1,6,1,3335916.000
sort,longLong,1000000,range22,desc,0,6,1,3437875.000
ctorMove,longLong,1000000,range22,desc,2,0,1,4433916.000
ctorMove,longLong,1000000,range22,desc,0,0,1,4368917.000
ctorMove,longLong,1000000,range22,desc,1,0,1,4540041.000
ctorMove,longLong,1000000,range22,desc,1,1,1,4442417.000
ctorMove,longLong,1000000,range22,desc,0,1,1,4421875.000
ctorMove,longLong,1000000,range22,desc,2,1,1,4593333.000
ctorMove,longLong,1000000,range22,desc,2,2,1,4596209.000
ctorMove,longLong,1000000,range22,desc,1,2,1,4596750.000
ctorMove,longLong,1000000,range22,desc,0,2,1,4460958.000
ctorMove,longLong,1000000,range22,desc,2,3,1,4241542.000
ctorMove,longLong,1000000,range22,desc,1,3,1,4309791.000
ctorMove,longLong,1000000,range22,desc,0,3,1,4242375.000
ctorMove,longLong,1000000,range22,desc,2,4,1,4463250.000
ctorMove,longLong,1000000,range22,desc,1,4,1,4209416.000
ctorMove,longLong,1000000,range22,desc,0,4,1,4302208.000
ctorMove,longLong,1000000,range22,desc,2,5,1,4536958.000
ctorMove,longLong,1000000,range22,desc,0,5,1,4471417.000
ctorMove,longLong,1000000,range22,desc,1,5,1,4318417.000
ctorMove,longLong,1000000,range22,desc,1,6,1,4576750.000
ctorMove,longLong,1000000,range22,desc,0,6,1,4317250.000
ctorMove,longLong,1000000,range22,desc,2,6,1,4451584.000
ctorCopy,longLong,1000000,range22,desc,1,0,1,4548416.000
ctorCopy,longLong,1000000,range22,desc,0,0,1,4800125.000
ctorCopy,longLong,1000000,range22,desc,2,0,1,5171416.000
ctorCopy,longLong,1000000,range22,desc,1,1,1,5012750.000
ctorCopy,longLong,1000000,range22,desc,2,1,1,4879125.000
ctorCopy,longLong,1000000,range22,desc,0,1,1,4756917.000
ctorCopy,longLong,1000000,range22,desc,0,2,1,4819500.000
ctorCopy,longLong,1000000,range22,desc,1,2,1,4730917.000
ctorCopy,longLong,1000000,range22,desc,2,2,1,4710708.000
ctorCopy,longLong,1000000,range22,desc,0,3,1,4788584.000
ctorCopy,longLong,1000000,range22,desc,2,3,1,4642709.000
ctorCopy,longLong,1000000,range22,desc,1,3,1,4498167.000
ctorCopy,longLong,1000000,range22,desc,0,4,1,4554416.000
ctorCopy,longLong,1000000,range22,desc,1,4,1,4665000.000
ctorCopy,longLong,1000000,range22,desc,2,4,1,4806458.000
ctorCopy,longLong,1000000,range22,desc,0,5,1,4612417.000
ctorCopy,longLong,1000000,range22,desc,2,5,1,4716625.000
ctorCopy,longLong,1000000,range22,desc,1,5,1,4508167.000
ctorCopy,longLong,1000000,range22,desc,2,6,1,4644917.000
ctorCopy,longLong,1000000,range22,desc,1,6,1,4561375.000
ctorCopy,longLong,1000000,range22,desc,0,6,1,4791875.000
sort,longLong,1000000,fullWidth,asc,1,0,1,6763209.000
sort,longLong,1000000,fullWidth,asc,2,0,1,6835583.000
sort,longLong,1000000,fullWidth,asc,3,0,1,39462083.000
sort,longLong,1000000,fullWidth,asc,0,0,1,6597542.000
sort,longLong,1000000,fullWidth,asc,0,1,1,6634709.000
sort,longLong,1000000,fullWidth,asc,2,1,1,6818291.000
sort,longLong,1000000,fullWidth,asc,3,1,1,39355334.000
sort,longLong,1000000,fullWidth,asc,1,1,1,6829000.000
sort,longLong,1000000,fullWidth,asc,0,2,1,6671333.000
sort,longLong,1000000,fullWidth,asc,2,2,1,6767208.000
sort,longLong,1000000,fullWidth,asc,1,2,1,6740625.000
sort,longLong,1000000,fullWidth,asc,3,2,1,39205459.000
sort,longLong,1000000,fullWidth,asc,2,3,1,6818875.000
sort,longLong,1000000,fullWidth,asc,0,3,1,6703875.000
sort,longLong,1000000,fullWidth,asc,1,3,1,6857958.000
sort,longLong,1000000,fullWidth,asc,3,3,1,39238459.000
sort,longLong,1000000,fullWidth,asc,2,4,1,6775000.000
sort,longLong,1000000,fullWidth,asc,0,4,1,6728000.000
sort,longLong,1000000,fullWidth,asc,1,4,1,6640125.000
sort,longLong,1000000,fullWidth,asc,3,4,1,39237042.000
sort,longLong,1000000,fullWidth,asc,3,5,1,39318291.000
sort,longLong,1000000,fullWidth,asc,1,5,1,6796167.000
sort,longLong,1000000,fullWidth,asc,2,5,1,6554750.000
sort,longLong,1000000,fullWidth,asc,0,5,1,6696209.000
sort,longLong,1000000,fullWidth,asc,2,6,1,6609458.000
sort,longLong,1000000,fullWidth,asc,0,6,1,6767125.000
sort,longLong,1000000,fullWidth,asc,3,6,1,39387542.000
sort,longLong,1000000,fullWidth,asc,1,6,1,6753417.000
ctorMove,longLong,1000000,fullWidth,asc,1,0,1,7130417.000
ctorMove,longLong,1000000,fullWidth,asc,2,0,1,7003667.000
ctorMove,longLong,1000000,fullWidth,asc,0,0,1,7109875.000
ctorMove,longLong,1000000,fullWidth,asc,2,1,1,7085375.000
ctorMove,longLong,1000000,fullWidth,asc,1,1,1,7000125.000
ctorMove,longLong,1000000,fullWidth,asc,0,1,1,7217542.000
ctorMove,longLong,1000000,fullWidth,asc,2,2,1,8299042.000
ctorMove,longLong,1000000,fullWidth,asc,0,2,1,8278250.000
ctorMove,longLong,1000000,fullWidth,asc,1,2,1,8222917.000
ctorMove,longLong,1000000,fullWidth,asc,0,3,1,7311375.000
ctorMove,longLong,1000000,fullWidth,asc,1,3,1,7419250.000
ctorMove,longLong,1000000,fullWidth,asc,2,3,1,7125625.000
ctorMove,longLong,1000000,fullWidth,asc,2,4,1,7169792.000
ctorMove,longLong,1000000,fullWidth,asc,1,4,1,7178459.000
ctorMove,longLong,1000000,fullWidth,asc,0,4,1,7193334.000
ctorMove,longLong,1000000,fullWidth,asc,1,5,1,7145083.000
ctorMove,longLong,1000000,fullWidth,asc,2,5,1,7172209.000
ctorMove,longLong,1000000,fullWidth,asc,0,5,1,7486250.000
ctorMove,longLong,1000000,fullWidth,asc,1,6,1,7292208.000
ctorMove,longLong,1000000,fullWidth,asc,2,6,1,7129125.000
ctorMove,longLong,1000000,fullWidth,asc,0,6,1,7273208.000
ctorCopy,longLong,1000000,fullWidth,asc,0,0,1,7509125.000
ctorCopy,longLong,1000000,fullWidth,asc,2,0,1,7415500.000
ctorCopy,longLong,1000000,fullWidth,asc,1,0,1,7627083.000
ctorCopy,longLong,1000000,fullWidth,asc,0,1,1,7670625.000
ctorCopy,longLong,1000000,fullWidth,asc,1,1,1,7582292.000
ctorCopy,longLong,1000000,fullWidth,asc,2,1,1,7196333.000
ctorCopy,longLong,1000000,fullWidth,asc,2,2,1,7087750.000
ctorCopy,longLong,1000000,fullWidth,asc,1,2,1,7286959.000
ctorCopy,longLong,1000000,fullWidth,asc,0,2,1,7265167.000
ctorCopy,longLong,1000000,fullWidth,asc,0,3,1,7666916.000
ctorCopy,longLong,1000000,fullWidth,asc,2,3,1,7620625.000
ctorCopy,longLong,1000000,fullWidth,asc,1,3,1,7671208.000
ctorCopy,longLong,1000000,fullWidth,asc,1,4,1,7447625.000
ctorCopy,longLong,1000000,fullWidth,asc,0,4,1,7566333.000
ctorCopy,longLong,1000000,fullWidth,asc,2,4,1,7474792.000
ctorCopy,longLong,1000000,fullWidth,asc,0,5,1,7515833.000
ctorCopy,longLong,1000000,fullWidth,asc,1,5,1,7375500.000
ctorCopy,longLong,1000000,fullWidth,asc,2,5,1,7389708.000
ctorCopy,longLong,1000000,fullWidth,asc,1,6,1,7440083.000
ctorCopy,longLong,1000000,fullWidth,asc,0,6,1,7520750.000
ctorCopy,longLong,1000000,fullWidth,asc,2,6,1,7374584.000
sort,longLong,1000000,fullWidth,desc,1,0,1,6766500.000
sort,longLong,1000000,fullWidth,desc,2,0,1,6891625.000
sort,longLong,1000000,fullWidth,desc,3,0,1,13779417.000
sort,longLong,1000000,fullWidth,desc,0,0,1,6836500.000
sort,longLong,1000000,fullWidth,desc,0,1,1,6863125.000
sort,longLong,1000000,fullWidth,desc,2,1,1,6864750.000
sort,longLong,1000000,fullWidth,desc,3,1,1,13600709.000
sort,longLong,1000000,fullWidth,desc,1,1,1,7112292.000
sort,longLong,1000000,fullWidth,desc,0,2,1,7301666.000
sort,longLong,1000000,fullWidth,desc,2,2,1,6770458.000
sort,longLong,1000000,fullWidth,desc,1,2,1,6915958.000
sort,longLong,1000000,fullWidth,desc,3,2,1,13713542.000
sort,longLong,1000000,fullWidth,desc,2,3,1,6891959.000
sort,longLong,1000000,fullWidth,desc,0,3,1,6951542.000
sort,longLong,1000000,fullWidth,desc,1,3,1,6713042.000
sort,longLong,1000000,fullWidth,desc,3,3,1,13982250.000
sort,longLong,1000000,fullWidth,desc,2,4,1,6979792.000
sort,longLong,1000000,fullWidth,desc,0,4,1,6976292.000
sort,longLong,1000000,fullWidth,desc,1,4,1,6753834.000
sort,longLong,1000000,fullWidth,desc,3,4,1,13960416.000
sort,longLong,1000000,fullWidth,desc,3,5,1,13864209.000
sort,longLong,1000000,fullWidth,desc,1,5,1,6780500.000
sort,longLong,1000000,fullWidth,desc,2,5,1,6757000.000
sort,longLong,1000000,fullWidth,desc,0,5,1,7322792.000
sort,longLong,1000000,fullWidth,desc,2,6,1,8244875.000
sort,longLong,1000000,fullWidth,desc,0,6,1,7504375.000
sort,longLong,1000000,fullWidth,desc,3,6,1,13922542.000
sort,longLong,1000000,fullWidth,desc,1,6,1,6885041.000
ctorMove,longLong,1000000,fullWidth,desc,1,0,1,7010625.000
ctorMove,longLong,1000000,fullWidth,desc,2,0,1,7106083.000
ctorMove,longLong,1000000,fullWidth,desc,0,0,1,7417291.000
ctorMove,longLong,1000000,fullWidth,desc,2,1,1,7290708.000
ctorMove,longLong,1000000,fullWidth,desc,1,1,1,7190625.000
ctorMove,longLong,1000000,fullWidth,desc,0,1,1,7151042.000
ctorMove,longLong,1000000,fullWidth,desc,2,2,1,7070291.000
ctorMove,longLong,1000000,fullWidth,desc,0,2,1,7197208.000
ctorMove,longLong,1000000,fullWidth,desc,1,2,1,6992709.000
ctorMove,longLong,1000000,fullWidth,desc,0,3,1,7209333.000
ctorMove,longLong,1000000,fullWidth,desc,1,3,1,7118334.000
ctorMove,longLong,1000000,fullWidth,desc,2,3,1,7146083.000
ctorMove,longLong,1000000,fullWidth,desc,2,4,1,7453083.000
ctorMove,longLong,1000000,fullWidth,desc,1,4,1,7100458.000
ctorMove,longLong,1000000,fullWidth,desc,0,4,1,7443042.000
ctorMove,longLong,1000000,fullWidth,desc,1,5,1,7074500.000
ctorMove,longLong,1000000,fullWidth,desc,2,5,1,7195333.000
ctorMove,longLong,1000000,fullWidth,desc,0,5,1,7428500.000
ctorMove,longLong,1000000,fullWidth,desc,1,6,1,7220417.000
ctorMove,longLong,1000000,fullWidth,desc,2,6,1,7318250.000
ctorMove,longLong,1000000,fullWidth,desc,0,6,1,7325125.000
ctorCopy,longLong,1000000,fullWidth,desc,0,0,1,7761041.000
ctorCopy,longLong,1000000,fullWidth,desc,2,0,1,7904708.000
ctorCopy,longLong,1000000,fullWidth,desc,1,0,1,7520125.000
ctorCopy,longLong,1000000,fullWidth,desc,0,1,1,7774917.000
ctorCopy,longLong,1000000,fullWidth,desc,1,1,1,7831208.000
ctorCopy,longLong,1000000,fullWidth,desc,2,1,1,7783750.000
ctorCopy,longLong,1000000,fullWidth,desc,2,2,1,7804584.000
ctorCopy,longLong,1000000,fullWidth,desc,1,2,1,7819916.000
ctorCopy,longLong,1000000,fullWidth,desc,0,2,1,7829375.000
ctorCopy,longLong,1000000,fullWidth,desc,0,3,1,7716792.000
ctorCopy,longLong,1000000,fullWidth,desc,2,3,1,7494833.000
ctorCopy,longLong,1000000,fullWidth,desc,1,3,1,7331125.000
ctorCopy,longLong,1000000,fullWidth,desc,1,4,1,7413250.000
ctorCopy,longLong,1000000,fullWidth,desc,0,4,1,7574458.000
ctorCopy,longLong,1000000,fullWidth,desc,2,4,1,7572625.000
ctorCopy,longLong,1000000,fullWidth,desc,0,5,1,7565958.000
ctorCopy,longLong,1000000,fullWidth,desc,1,5,1,7485209.000
ctorCopy,longLong,1000000,fullWidth,desc,2,5,1,7598000.000
ctorCopy,longLong,1000000,fullWidth,desc,1,6,1,7670584.000
ctorCopy,longLong,1000000,fullWidth,desc,0,6,1,7803792.000
ctorCopy,longLong,1000000,fullWidth,desc,2,6,1,7799916.000
sort,longLong,1000000,fewValues,asc,0,0,1,2686125.000
sort,longLong,1000000,fewValues,asc,1,0,1,2604208.000
sort,longLong,1000000,fewValues,asc,2,0,1,2597875.000
sort,longLong,1000000,fewValues,asc,3,0,1,8675916.000
sort,longLong,1000000,fewValues,asc,3,1,1,8567958.000
sort,longLong,1000000,fewValues,asc,1,1,1,2582791.000
sort,longLong,1000000,fewValues,asc,2,1,1,2545291.000
sort,longLong,1000000,fewValues,asc,0,1,1,2588875.000
sort,longLong,1000000,fewValues,asc,2,2,1,2561333.000
sort,longLong,1000000,fewValues,asc,0,2,1,2571417.000
sort,longLong,1000000,fewValues,asc,3,2,1,8741459.000
sort,longLong,1000000,fewValues,asc,1,2,1,2717208.000
sort,longLong,1000000,fewValues,asc,0,3,1,2596542.000
sort,longLong,1000000,fewValues,asc,1,3,1,2536792.000
sort,longLong,1000000,fewValues,asc,2,3,1,2604417.000
sort,longLong,1000000,fewValues,asc,3,3,1,8671250.000
sort,longLong,1000000,fewValues,asc,0,4,1,2551500.000
sort,longLong,1000000,fewValues,asc,2,4,1,2541792.000
sort,longLong,1000000,fewValues,asc,3,4,1,8557292.000
sort,longLong,1000000,fewValues,asc,1,4,1,2517000.000
sort,longLong,1000000,fewValues,asc,2,5,1,2529583.000
sort,longLong,1000000,fewValues,asc,1,5,1,2509708.000
sort,longLong,1000000,fewValues,asc,3,5,1,8614250.000
sort,longLong,1000000,fewValues,asc,0,5,1,2584208.000
sort,longLong,1000000,fewValues,asc,0,6,1,2529459.000
sort,longLong,1000000,fewValues,asc,2,6,1,2511875.000
sort,longLong,1000000,fewValues,asc,3,6,1,8553209.000
sort,longLong,1000000,fewValues,asc,1,6,1,2871875.000
ctorMove,longLong,1000000,fewValues,asc,1,0,1,2828750.000
ctorMove,longLong,1000000,fewValues,asc,0,0,1,2841916.000
ctorMove,longLong,1000000,fewValues,asc,2,0,1,2796959.000
ctorMove,longLong,1000000,fewValues,asc,0,1,1,2801625.000
ctorMove,longLong,1000000,fewValues,asc,2,1,1,2849750.000
ctorMove,longLong,1000000,fewValues,asc,1,1,1,2866375.000
ctorMove,longLong,1000000,fewValues,asc,0,2,1,3023375.000
ctorMove,longLong,1000000,fewValues,asc,2,2,1,2792834.000
ctorMove,longLong,1000000,fewValues,asc,1,2,1,2805708.000
ctorMove,longLong,1000000,fewValues,asc,2,3,1,2826375.000
ctorMove,longLong,1000000,fewValues,asc,0,3,1,2803542.000
ctorMove,longLong,1000000,fewValues,asc,1,3,1,2851291.000
ctorMove,longLong,1000000,fewValues,asc,2,4,1,2779792.000
ctorMove,longLong,1000000,fewValues,asc,0,4,1,2781250.000
ctorMove,longLong,1000000,fewValues,asc,1,4,1,2795708.000
ctorMove,longLong,1000000,fewValues,asc,2,5,1,2833125.000
ctorMove,longLong,1000000,fewValues,asc,1,5,1,2784958.000
ctorMove,longLong,1000000,fewValues,asc,0,5,1,2791333.000
ctorMove,longLong,1000000,fewValues,asc,0,6,1,2832708.000
ctorMove,longLong,1000000,fewValues,asc,2,6,1,2825833.000
ctorMove,longLong,1000000,fewValues,asc,1,6,1,2824500.000
ctorCopy,longLong,1000000,fewValues,asc,1,0,1,3179041.000
ctorCopy,longLong,1000000,fewValues,asc,2,0,1,3093500.000
ctorCopy,longLong,1000000,fewValues,asc,0,0,1,3151750.000
ctorCopy,longLong,1000000,fewValues,asc,2,1,1,3105000.000
ctorCopy,longLong,1000000,fewValues,asc,0,1,1,3121834.000
ctorCopy,longLong,1000000,fewValues,asc,1,1,1,3148250.000
ctorCopy,longLong,1000000,fewValues,asc,1,2,1,3089208.000
ctorCopy,longLong,1000000,fewValues,asc,0,2,1,3163208.000
ctorCopy,longLong,1000000,fewValues,asc,2,2,1,3142042.000
ctorCopy,longLong,1000000,fewValues,asc,0,3,1,3159875.000
ctorCopy,longLong,1000000,fewValues,asc,2,3,1,3184042.000
ctorCopy,longLong,1000000,fewValues,asc,1,3,1,3128667.000
ctorCopy,longLong,1000000,fewValues,asc,2,4,1,3219625.000
ctorCopy,longLong,1000000,fewValues,asc,1,4,1,3180375.000
ctorCopy,longLong,1000000,fewValues,asc,0,4,1,3006000.000
ctorCopy,longLong,1000000,fewValues,asc,0,5,1,3156250.000
ctorCopy,longLong,1000000,fewValues,asc,1,5,1,3183333.000
ctorCopy,longLong,1000000,fewValues,asc,2,5,1,3221250.000
ctorCopy,longLong,1000000,fewValues,asc,0,6,1,3202417.000
ctorCopy,longLong,1000000,fewValues,asc,1,6,1,3110375.000
ctorCopy,longLong,1000000,fewValues,asc,2,6,1,3027334.000
sort,longLong,1000000,fewValues,desc,0,0,1,2633792.000
sort,longLong,1000000,fewValues,desc,1,0,1,2692375.000
sort,longLong,1000000,fewValues,desc,2,0,1,2730250.000
sort,longLong,1000000,fewValues,desc,3,0,1,3414834.000
sort,longLong,1000000,fewValues,desc,3,1,1,3371750.000
sort,longLong,1000000,fewValues,desc,1,1,1,2578208.000
sort,longLong,1000000,fewValues,desc,2,1,1,2703125.000
sort,longLong,1000000,fewValues,desc,0,1,1,2508875.000
sort,longLong,1000000,fewValues,desc,2,2,1,2630000.000
sort,longLong,1000000,fewValues,desc,0,2,1,2507042.000
sort,longLong,1000000,fewValues,desc,3,2,1,3425375.000
sort,longLong,1000000,fewValues,desc,1,2,1,2634916.000
sort,longLong,1000000,fewValues,desc,0,3,1,2465500.000
sort,longLong,1000000,fewValues,desc,1,3,1,2644583.000
sort,longLong,1000000,fewValues,desc,2,3,1,2638541.000
sort,longLong,1000000,fewValues,desc,3,3,1,3367291.000
sort,longLong,1000000,fewValues,desc,0,4,1,2509625.000
sort,longLong,1000000,fewValues,desc,2,4,1,2575500.000
sort,longLong,1000000,fewValues,desc,3,4,1,3431041.000
sort,longLong,1000000,fewValues,desc,1,4,1,2668708.000
sort,longLong,1000000,fewValues,desc,2,5,1,2567166.000
sort,longLong,1000000,fewValues,desc,1,5,1,2692208.000
sort,longLong,1000000,fewValues,desc,3,5,1,3314375.000
sort,longLong,1000000,fewValues,desc,0,5,1,2550292.000
sort,longLong,1000000,fewValues,desc,0,6,1,2607583.000
sort,longLong,1000000,fewValues,desc,2,6,1,2647375.000
sort,longLong,1000000,fewValues,desc,3,6,1,3366833.000
sort,longLong,1000000,fewValues,desc,1,6,1,2576084.000
ctorMove,longLong,1000000,fewValues,desc,1,0,1,2879708.000
ctorMove,longLong,1000000,fewValues,desc,0,0,1,2681416.000
ctorMove,longLong,1000000,fewValues,desc,2,0,1,2845250.000
ctorMove,longLong,1000000,fewValues,desc,0,1,1,2797708.000
ctorMove,longLong,1000000,fewValues,desc,2,1,1,2871375.000
ctorMove,longLong,1000000,fewValues,desc,1,1,1,2958625.000
ctorMove,longLong,1000000,fewValues,desc,0,2,1,2807708.000
ctorMove,longLong,1000000,fewValues,desc,2,2,1,2951291.000
ctorMove,longLong,1000000,fewValues,desc,1,2,1,2819958.000
ctorMove,longLong,1000000,fewValues,desc,2,3,1,3000584.000
ctorMove,longLong,1000000,fewValues,desc,0,3,1,2728917.000
ctorMove,longLong,1000000,fewValues,desc,1,3,1,2730125.000
ctorMove,longLong,1000000,fewValues,desc,2,4,1,2833333.000
ctorMove,longLong,1000000,fewValues,desc,0,4,1,2715792.000
ctorMove,longLong,1000000,fewValues,desc,1,4,1,2745625.000
ctorMove,longLong,1000000,fewValues,desc,2,5,1,2838750.000
ctorMove,longLong,1000000,fewValues,desc,1,5,1,2776958.000
ctorMove,longLong,1000000,fewValues,desc,0,5,1,2800792.000
ctorMove,longLong,1000000,fewValues,desc,0,6,1,2834750.000
ctorMove,longLong,1000000,fewValues,desc,2,6,1,2901041.000
ctorMove,longLong,1000000,fewValues,desc,1,6,1,2934625.000
ctorCopy,longLong,1000000,fewValues,desc,1,0,1,3092709.000
ctorCopy,longLong,1000000,fewValues,desc,2,0,1,3242959.000
ctorCopy,longLong,1000000,fewValues,desc,0,0,1,3153000.000
ctorCopy,longLong,1000000,fewValues,desc,2,1,1,3195708.000
ctorCopy,longLong,1000000,fewValues,desc,0,1,1,3129750.000
ctorCopy,longLong,1000000,fewValues,desc,1,1,1,3148167.000
ctorCopy,longLong,1000000,fewValues,desc,1,2,1,3129750.000
ctorCopy,longLong,1000000,fewValues,desc,0,2,1,3116833.000
ctorCopy,longLong,1000000,fewValues,desc,2,2,1,3191958.000
ctorCopy,longLong,1000000,fewValues,desc,0,3,1,3065375.000
ctorCopy,longLong,1000000,fewValues,desc,2,3,1,3260209.000
ctorCopy,longLong,1000000,fewValues,desc,1,3,1,3083708.000
ctorCopy,longLong,1000000,fewValues,desc,2,4,1,3284917.000
ctorCopy,longLong,1000000,fewValues,desc,1,4,1,3107209.000
ctorCopy,longLong,1000000,fewValues,desc,0,4,1,3067833.000
ctorCopy,longLong,1000000,fewValues,desc,0,5,1,3048292.000
ctorCopy,longLong,1000000,fewValues,desc,1,5,1,3235792.000
ctorCopy,longLong,1000000,fewValues,desc,2,5,1,3308750.000
ctorCopy,longLong,1000000,fewValues,desc,0,6,1,3120458.000
ctorCopy,longLong,1000000,fewValues,desc,1,6,1,3106916.000
ctorCopy,longLong,1000000,fewValues,desc,2,6,1,3373541.000
sort,longLong,1000000,gaps,asc,3,0,1,17541958.000
sort,longLong,1000000,gaps,asc,2,0,1,4119000.000
sort,longLong,1000000,gaps,asc,0,0,1,4306000.000
sort,longLong,1000000,gaps,asc,1,0,1,4561167.000
sort,longLong,1000000,gaps,asc,3,1,1,17445333.000
sort,longLong,1000000,gaps,asc,0,1,1,4213208.000
sort,longLong,1000000,gaps,asc,1,1,1,4217167.000
sort,longLong,1000000,gaps,asc,2,1,1,4078833.000
sort,longLong,1000000,gaps,asc,2,2,1,4327291.000
sort,longLong,1000000,gaps,asc,3,2,1,17461000.000
sort,longLong,1000000,gaps,asc,0,2,1,4147917.000
sort,longLong,1000000,gaps,asc,1,2,1,4354750.000
sort,longLong,1000000,gaps,asc,3,3,1,17490709.000
sort,longLong,1000000,gaps,asc,2,3,1,4161000.000
sort,longLong,1000000,gaps,asc,0,3,1,4181250.000
sort,longLong,1000000,gaps,asc,1,3,1,4438208.000
sort,longLong,1000000,gaps,asc,2,4,1,4064417.000
sort,longLong,1000000,gaps,asc,3,4,1,17454250.000
sort,longLong,1000000,gaps,asc,0,4,1,4078375.000
sort,longLong,1000000,gaps,asc,1,4,1,4523458.000
sort,longLong,1000000,gaps,asc,0,5,1,4079750.000
sort,longLong,1000000,gaps,asc,3,5,1,17460292.000
sort,longLong,1000000,gaps,asc,1,5,1,4266500.000
sort,longLong,1000000,gaps,asc,2,5,1,4212292.000
sort,longLong,1000000,gaps,asc,1,6,1,4050625.000
sort,longLong,1000000,gaps,asc,0,6,1,4048291.000
sort,longLong,1000000,gaps,asc,3,6,1,17459708.000
sort,longLong,1000000,gaps,asc,2,6,1,4363542.000
ctorMove,longLong,1000000,gaps,asc,2,0,1,4359042.000
ctorMove,longLong,1000000,gaps,asc,1,0,1,4353500.000
ctorMove,longLong,1000000,gaps,asc,0,0,1,4315542.000
ctorMove,longLong,1000000,gaps,asc,2,1,1,4777708.000
ctorMove,longLong,1000000,gaps,asc,1,1,1,4625709.000
ctorMove,longLong,1000000,gaps,asc,0,1,1,4328000.000
ctorMove,longLong,1000000,gaps,asc,0,2,1,4185958.000
ctorMove,longLong,1000000,gaps,asc,1,2,1,4764791.000
ctorMove,longLong,1000000,gaps,asc,2,2,1,4542042.000
ctorMove,longLong,1000000,gaps,asc,1,3,1,4678500.000
ctorMove,longLong,1000000,gaps,asc,0,3,1,4292542.000
ctorMove,longLong,1000000,gaps,asc,2,3,1,4317000.000
ctorMove,longLong,1000000,gaps,asc,0,4,1,4217417.000
ctorMove,longLong,1000000,gaps,asc,1,4,1,4356916.000
ctorMove,longLong,1000000,gaps,asc,2,4,1,4280750.000
ctorMove,longLong,1000000,gaps,asc,1,5,1,4459792.000
ctorMove,longLong,1000000,gaps,asc,2,5,1,4808208.000
ctorMove,longLong,1000000,gaps,asc,0,5,1,4419666.000
ctorMove,longLong,1000000,gaps,asc,1,6,1,4761375.000
ctorMove,longLong,1000000,gaps,asc,0,6,1,4342042.000
ctorMove,longLong,1000000,gaps,asc,2,6,1,4472750.000
ctorCopy,longLong,1000000,gaps,asc,2,0,1,5782291.000
ctorCopy,longLong,1000000,gaps,asc,0,0,1,5186125.000
ctorCopy,longLong,1000000,gaps,asc,1,0,1,5283250.000
ctorCopy,longLong,1000000,gaps,asc,0,1,1,4664334.000
ctorCopy,longLong,1000000,gaps,asc,1,1,1,4768000.000
ctorCopy,longLong,1000000,gaps,asc,2,1,1,4877041.000
ctorCopy,longLong,1000000,gaps,asc,0,2,1,4776000.000
ctorCopy,longLong,1000000,gaps,asc,1,2,1,4704709.000
ctorCopy,longLong,1000000,gaps,asc,2,2,1,4661583.000
ctorCopy,longLong,1000000,gaps,asc,1,3,1,4676542.000
ctorCopy,longLong,1000000,gaps,asc,2,3,1,5186958.000
ctorCopy,longLong,1000000,gaps,asc,0,3,1,4562792.000
ctorCopy,longLong,1000000,gaps,asc,0,4,1,4805417.000
ctorCopy,longLong,1000000,gaps,asc,1,4,1,4818166.000
ctorCopy,longLong,1000000,gaps,asc,2,4,1,4625375.000
ctorCopy,longLong,1000000,gaps,asc,1,5,1,5194458.000
ctorCopy,longLong,1000000,gaps,asc,2,5,1,5051916.000
ctorCopy,longLong,1000000,gaps,asc,0,5,1,4521125.000
ctorCopy,longLong,1000000,gaps,asc,0,6,1,4673000.000
ctorCopy,longLong,1000000,gaps,asc,1,6,1,4701750.000
ctorCopy,longLong,1000000,gaps,asc,2,6,1,4599000.000
sort,longLong,1000000,gaps,desc,3,0,1,5206125.000
sort,longLong,1000000,gaps,desc,2,0,1,4162709.000
sort,longLong,1000000,gaps,desc,0,0,1,3069708.000
sort,longLong,1000000,gaps,desc,1,0,1,4479666.000
sort,longLong,1000000,gaps,desc,3,1,1,5156375.000
sort,longLong,1000000,gaps,desc,0,1,1,3048375.000
sort,longLong,1000000,gaps,desc,1,1,1,4484375.000
sort,longLong,1000000,gaps,desc,2,1,1,4452042.000
sort,longLong,1000000,gaps,desc,2,2,1,4192834.000
sort,longLong,1000000,gaps,desc,3,2,1,5150833.000
sort,longLong,1000000,gaps,desc,0,2,1,3035667.000
sort,longLong,1000000,gaps,desc,1,2,1,4396125.000
sort,longLong,1000000,gaps,desc,3,3,1,5263958.000
sort,longLong,1000000,gaps,desc,2,3,1,4537250.000
sort,longLong,1000000,gaps,desc,0,3,1,3039625.000
sort,longLong,1000000,gaps,desc,1,3,1,4514917.000
sort,longLong,1000000,gaps,desc,2,4,1,4540292.000
sort,longLong,1000000,gaps,desc,3,4,1,5184875.000
sort,longLong,1000000,gaps,desc,0,4,1,3122084.000
sort,longLong,1000000,gaps,desc,1,4,1,4344000.000
sort,longLong,1000000,gaps,desc,0,5,1,2996750.000
sort,longLong,1000000,gaps,desc,3,5,1,5182417.000
sort,longLong,1000000,gaps,desc,1,5,1,4247958.000
sort,longLong,1000000,gaps,desc,2,5,1,4240833.000
sort,longLong,1000000,gaps,desc,1,6,1,4558666.000
sort,longLong,1000000,gaps,desc,0,6,1,2871083.000
sort,longLong,1000000,gaps,desc,3,6,1,5480208.000
sort,longLong,1000000,gaps,desc,2,6,1,4824166.000
ctorMove,longLong,1000000,gaps,desc,2,0,1,4688917.000
ctorMove,longLong,1000000,gaps,desc,1,0,1,4826000.000
ctorMove,longLong,1000000,gaps,desc,0,0,1,3222500.000
ctorMove,longLong,1000000,gaps,desc,2,1,1,4766042.000
ctorMove,longLong,1000000,gaps,desc,1,1,1,4583875.000
ctorMove,longLong,1000000,gaps,desc,0,1,1,3369583.000
ctorMove,longLong,1000000,gaps,desc,0,2,1,3286000.000
ctorMove,longLong,1000000,gaps,desc,1,2,1,4574750.000
ctorMove,longLong,1000000,gaps,desc,2,2,1,5028333.000
ctorMove,longLong,1000000,gaps,desc,1,3,1,4862333.000
ctorMove,longLong,1000000,gaps,desc,0,3,1,3293667.000
ctorMove,longLong,1000000,gaps,desc,2,3,1,4542125.000
ctorMove,longLong,1000000,gaps,desc,0,4,1,3374417.000
ctorMove,longLong,1000000,gaps,desc,1,4,1,4753791.000
ctorMove,longLong,1000000,gaps,desc,2,4,1,4555667.000
ctorMove,longLong,1000000,gaps,desc,1,5,1,4717833.000
ctorMove,longLong,1000000,gaps,desc,2,5,1,4673459.000
ctorMove,longLong,1000000,gaps,desc,0,5,1,3309333.000
ctorMove,longLong,1000000,gaps,desc,1,6,1,4393666.000
ctorMove,longLong,1000000,gaps,desc,0,6,1,3745625.000
ctorMove,longLong,1000000,gaps,desc,2,6,1,5010583.000
ctorCopy,longLong,1000000,gaps,desc,2,0,1,5194209.000
ctorCopy,longLong,1000000,gaps,desc,0,0,1,4141834.000
ctorCopy,longLong,1000000,gaps,desc,1,0,1,4962209.000
ctorCopy,longLong,1000000,gaps,desc,0,1,1,3485083.000
ctorCopy,longLong,1000000,gaps,desc,1,1,1,4669000.000
ctorCopy,longLong,1000000,gaps,desc,2,1,1,4966708.000
ctorCopy,longLong,1000000,gaps,desc,0,2,1,3578917.000
ctorCopy,longLong,1000000,gaps,desc,1,2,1,4798375.000
ctorCopy,longLong,1000000,gaps,desc,2,2,1,4861500.000
ctorCopy,longLong,1000000,gaps,desc,1,3,1,4708708.000
ctorCopy,longLong,1000000,gaps,desc,2,3,1,5013083.000
ctorCopy,longLong,1000000,gaps,desc,0,3,1,3490250.000
ctorCopy,longLong,1000000,gaps,desc,0,4,1,3688833.000
ctorCopy,longLong,1000000,gaps,desc,1,4,1,4780500.000
ctorCopy,longLong,1000000,gaps,desc,2,4,1,4939208.000
ctorCopy,longLong,1000000,gaps,desc,1,5,1,4933000.000
ctorCopy,longLong,1000000,gaps,desc,2,5,1,4762500.000
ctorCopy,longLong,1000000,gaps,desc,0,5,1,3554292.000
ctorCopy,longLong,1000000,gaps,desc,0,6,1,3582541.000
ctorCopy,longLong,1000000,gaps,desc,1,6,1,4840750.000
ctorCopy,longLong,1000000,gaps,desc,2,6,1,5228875.000
sort,longLong,1000000,ascending,asc,1,0,5,227100.200
sort,longLong,1000000,ascending,asc,0,0,5,223399.800
sort,longLong,1000000,ascending,asc,3,0,2,684270.500
sort,longLong,1000000,ascending,asc,2,0,5,223008.200
sort,longLong,1000000,ascending,asc,0,1,5,233916.600
sort,longLong,1000000,ascending,asc,1,1,5,225325.000
sort,longLong,1000000,ascending,asc,2,1,5,223025.200
sort,longLong,1000000,ascending,asc,3,1,2,694145.500
sort,longLong,1000000,ascending,asc,1,2,5,228483.200
sort,longLong,1000000,ascending,asc,3,2,2,675083.000
sort,longLong,1000000,ascending,asc,2,2,5,231658.200
sort,longLong,1000000,ascending,asc,0,2,5,229975.000
sort,longLong,1000000,ascending,asc,2,3,5,233283.200
sort,longLong,1000000,ascending,asc,1,3,5,233216.800
sort,longLong,1000000,ascending,asc,0,3,5,232550.000
sort,longLong,1000000,ascending,asc,3,3,2,672541.500
sort,longLong,1000000,ascending,asc,2,4,5,229841.600
sort,longLong,1000000,ascending,asc,1,4,5,233808.600
sort,longLong,1000000,ascending,asc,3,4,2,688291.500
sort,longLong,1000000,ascending,asc,0,4,5,231708.400
sort,longLong,1000000,ascending,asc,0,5,5,236450.000
sort,longLong,1000000,ascending,asc,2,5,5,230083.600
sort,longLong,1000000,ascending,asc,1,5,5,235083.600
sort,longLong,1000000,ascending,asc,3,5,2,682020.500
sort,longLong,1000000,ascending,asc,3,6,2,665333.500
sort,longLong,1000000,ascending,asc,2,6,4,251729.500
sort,longLong,1000000,ascending,asc,0,6,5,234225.000
sort,longLong,1000000,ascending,asc,1,6,5,237791.400
ctorMove,longLong,1000000,ascending,asc,2,0,1,665625.000
ctorMove,longLong,1000000,ascending,asc,0,0,1,643209.000
ctorMove,longLong,1000000,ascending,asc,1,0,1,594125.000
ctorMove,longLong,1000000,ascending,asc,1,1,1,623917.000
ctorMove,longLong,1000000,ascending,asc,2,1,1,624792.000
ctorMove,longLong,1000000,ascending,asc,0,1,1,636792.000
ctorMove,longLong,1000000,ascending,asc,1,2,1,618583.000
ctorMove,longLong,1000000,ascending,asc,2,2,1,694084.000
ctorMove,longLong,1000000,ascending,asc,0,2,1,625542.000
ctorMove,longLong,1000000,ascending,asc,2,3,1,709958.000
ctorMove,longLong,1000000,ascending,asc,0,3,1,599667.000
ctorMove,longLong,1000000,ascending,asc,1,3,1,628625.000
ctorMove,longLong,1000000,ascending,asc,2,4,1,634750.000
ctorMove,longLong,1000000,ascending,asc,1,4,1,592000.000
ctorMove,longLong,1000000,ascending,asc,0,4,1,637333.000
ctorMove,longLong,1000000,ascending,asc,1,5,1,636708.000
ctorMove,longLong,1000000,ascending,asc,2,5,1,729292.000
ctorMove,longLong,1000000,ascending,asc,0,5,1,695291.000
ctorMove,longLong,1000000,ascending,asc,2,6,1,707250.000
ctorMove,longLong,1000000,ascending,asc,1,6,1,659959.000
ctorMove,longLong,1000000,ascending,asc,0,6,1,684500.000
ctorCopy,longLong,1000000,ascending,asc,1,0,1,1029125.000
ctorCopy,longLong,1000000,ascending,asc,2,0,1,1148542.000
ctorCopy,longLong,1000000,ascending,asc,0,0,1,961125.000
ctorCopy,longLong,1000000,ascending,asc,0,1,1,1262000.000
ctorCopy,longLong,1000000,ascending,asc,2,1,1,952250.000
ctorCopy,longLong,1000000,ascending,asc,1,1,1,1004084.000
ctorCopy,longLong,1000000,ascending,asc,2,2,1,979334.000
ctorCopy,longLong,1000000,ascending,asc,0,2,1,901334.000
ctorCopy,longLong,1000000,ascending,asc,1,2,1,967459.000
ctorCopy,longLong,1000000,ascending,asc,2,3,1,900500.000
ctorCopy,longLong,1000000,ascending,asc,1,3,1,1006417.000
ctorCopy,longLong,1000000,ascending,asc,0,3,1,1093000.000
ctorCopy,longLong,1000000,ascending,asc,1,4,1,1160917.000
ctorCopy,longLong,1000000,ascending,asc,0,4,1,1212541.000
ctorCopy,longLong,1000000,ascending,asc,2,4,1,975375.000
ctorCopy,longLong,1000000,ascending,asc,2,5,1,1045167.000
ctorCopy,longLong,1000000,ascending,asc,1,5,1,994000.000
ctorCopy,longLong,1000000,ascending,asc,0,5,1,924125.000
ctorCopy,longLong,1000000,ascending,asc,1,6,1,960167.000
ctorCopy,longLong,1000000,ascending,asc,0,6,1,1128042.000
ctorCopy,longLong,1000000,ascending,asc,2,6,1,922042.000
sort,longLong,1000000,ascending,desc,1,0,3,358986.000
sort,longLong,1000000,ascending,desc,0,0,4,324239.500
sort,longLong,1000000,ascending,desc,3,0,2,909854.500
sort,longLong,1000000,ascending,desc,2,0,3,334389.000
sort,longLong,1000000,ascending,desc,0,1,4,327333.500
sort,longLong,1000000,ascending,desc,1,1,3,340125.333
sort,longLong,1000000,ascending,desc,2,1,4,330354.000
sort,longLong,1000000,ascending,desc,3,1,2,881354.000
sort,longLong,1000000,ascending,desc,1,2,3,338403.000
sort,longLong,1000000,ascending,desc,3,2,2,870604.500
sort,longLong,1000000,ascending,desc,2,2,4,329479.000
sort,longLong,1000000,ascending,desc,0,2,4,324260.500
sort,longLong,1000000,ascending,desc,2,3,4,324083.000
sort,longLong,1000000,ascending,desc,1,3,3,362791.667
sort,longLong,1000000,ascending,desc,0,3,4,323666.750
sort,longLong,1000000,ascending,desc,3,3,2,854750.500
sort,longLong,1000000,ascending,desc,2,4,3,346541.667
sort,longLong,1000000,ascending,desc,1,4,3,374263.667
sort,longLong,1000000,ascending,desc,3,4,2,899229.000
sort,longLong,1000000,ascending,desc,0,4,3,341986.000
sort,longLong,1000000,ascending,desc,0,5,3,342986.000
sort,longLong,1000000,ascending,desc,2,5,3,337610.667
sort,longLong,1000000,ascending,desc,1,5,3,366624.667
sort,longLong,1000000,ascending,desc,3,5,2,913104.000
sort,longLong,1000000,ascending,desc,3,6,2,910917.000
sort,longLong,1000000,ascending,desc,2,6,4,336250.000
sort,longLong,1000000,ascending,desc,0,6,3,339597.333
sort,longLong,1000000,ascending,desc,1,6,3,356389.000
ctorMove,longLong,1000000,ascending,desc,2,0,1,717542.000
ctorMove,longLong,1000000,ascending,desc,0,0,1,778083.000
ctorMove,longLong,1000000,ascending,desc,1,0,1,750708.000
ctorMove,longLong,1000000,ascending,desc,1,1,1,734125.000
ctorMove,longLong,1000000,ascending,desc,2,1,1,766708.000
ctorMove,longLong,1000000,ascending,desc,0,1,1,706458.000
ctorMove,longLong,1000000,ascending,desc,1,2,1,824792.000
ctorMove,longLong,1000000,ascending,desc,2,2,1,772125.000
ctorMove,longLong,1000000,ascending,desc,0,2,1,741334.000
ctorMove,longLong,1000000,ascending,desc,2,3,1,781708.000
ctorMove,longLong,1000000,ascending,desc,0,3,1,813666.000
ctorMove,longLong,1000000,ascending,desc,1,3,1,793792.000
ctorMove,longLong,1000000,ascending,desc,2,4,1,817750.000
ctorMove,longLong,1000000,ascending,desc,1,4,1,825875.000
ctorMove,longLong,1000000,ascending,desc,0,4,1,813542.000
ctorMove,longLong,1000000,ascending,desc,1,5,1,741750.000
ctorMove,longLong,1000000,ascending,desc,2,5,1,796875.000
ctorMove,longLong,1000000,ascending,desc,0,5,1,825625.000
ctorMove,longLong,1000000,ascending,desc,2,6,1,765125.000
ctorMove,longLong,1000000,ascending,desc,1,6,1,729917.000
ctorMove,longLong,1000000,ascending,desc,0,6,1,787083.000
ctorCopy,longLong,1000000,ascending,desc,1,0,1,1085959.000
ctorCopy,longLong,1000000,ascending,desc,2,0,1,1116625.000
ctorCopy,longLong,1000000,ascending,desc,0,0,1,1112875.000
ctorCopy,longLong,1000000,ascending,desc,0,1,1,1061916.000
ctorCopy,longLong,1000000,ascending,desc,2,1,1,1124459.000
ctorCopy,longLong,1000000,ascending,desc,1,1,1,1120542.000
ctorCopy,longLong,1000000,ascending,desc,2,2,1,1037500.000
ctorCopy,longLong,1000000,ascending,desc,0,2,1,1085417.000
ctorCopy,longLong,1000000,ascending,desc,1,2,1,1089500.000
ctorCopy,longLong,1000000,ascending,desc,2,3,1,1226875.000
ctorCopy,longLong,1000000,ascending,desc,1,3,1,1014916.000
ctorCopy,longLong,1000000,ascending,desc,0,3,1,1098417.000
ctorCopy,longLong,1000000,ascending,desc,1,4,1,1056292.000
ctorCopy,longLong,1000000,ascending,desc,0,4,1,1354500.000
ctorCopy,longLong,1000000,ascending,desc,2,4,1,1109333.000
ctorCopy,longLong,1000000,ascending,desc,2,5,1,1071625.000
ctorCopy,longLong,1000000,ascending,desc,1,5,1,1082250.000
ctorCopy,longLong,1000000,ascending,desc,0,5,1,1221209.000
ctorCopy,longLong,1000000,ascending,desc,1,6,1,1071666.000
ctorCopy,longLong,1000000,ascending,desc,0,6,1,1087916.000
ctorCopy,longLong,1000000,ascending,desc,2,6,1,1085083.000
sort,longLong,1000000,descending,asc,1,0,4,327927.250
sort,longLong,1000000,descending,asc,0,0,4,335125.000
sort,longLong,1000000,descending,asc,2,0,3,337166.667
sort,longLong,1000000,descending,asc,3,0,2,865562.500
sort,longLong,1000000,descending,asc,0,1,3,340333.333
sort,longLong,1000000,descending,asc,2,1,4,328510.750
sort,longLong,1000000,descending,asc,3,1,2,870708.000
sort,longLong,1000000,descending,asc,1,1,3,345277.667
sort,longLong,1000000,descending,asc,1,2,3,337305.333
sort,longLong,1000000,descending,asc,2,2,3,337250.000
sort,longLong,1000000,descending,asc,0,2,3,337111.333
sort,longLong,1000000,descending,asc,3,2,2,886271.000
sort,longLong,1000000,descending,asc,0,3,3,339291.667
sort,longLong,1000000,descending,asc,3,3,2,889271.000
sort,longLong,1000000,descending,asc,1,3,3,343514.000
sort,longLong,1000000,descending,asc,2,3,3,364653.000
sort,longLong,1000000,descending,asc,2,4,3,348569.333
sort,longLong,1000000,descending,asc,0,4,3,334195.000
sort,longLong,1000000,descending,asc,3,4,2,877417.000
sort,longLong,1000000,descending,asc,1,4,3,339389.000
sort,longLong,1000000,descending,asc,3,5,2,889917.000
sort,longLong,1000000,descending,asc,0,5,3,338361.000
sort,longLong,1000000,descending,asc,2,5,3,348750.000
sort,longLong,1000000,descending,asc,1,5,3,348999.667
sort,longLong,1000000,descending,asc,1,6,3,341097.333
sort,longLong,1000000,descending,asc,0,6,3,340069.333
sort,longLong,1000000,descending,asc,3,6,2,892708.500
sort,longLong,1000000,descending,asc,2,6,3,346708.000
ctorMove,longLong,1000000,descending,asc,2,0,1,784333.000
ctorMove,longLong,1000000,descending,asc,1,0,1,774416.000
ctorMove,longLong,1000000,descending,asc,0,0,1,756250.000
ctorMove,longLong,1000000,descending,asc,1,1,1,734833.000
ctorMove,longLong,1000000,descending,asc,2,1,1,812583.000
ctorMove,longLong,1000000,descending,asc,0,1,1,806125.000
ctorMove,longLong,1000000,descending,asc,2,2,1,740875.000
ctorMove,longLong,1000000,descending,asc,0,2,1,830875.000
ctorMove,longLong,1000000,descending,asc,1,2,1,740458.000
ctorMove,longLong,1000000,descending,asc,1,3,1,793750.000
ctorMove,longLong,1000000,descending,asc,0,3,1,798584.000
ctorMove,longLong,1000000,descending,asc,2,3,1,809375.000
ctorMove,longLong,1000000,descending,asc,0,4,1,694500.000
ctorMove,longLong,1000000,descending,asc,1,4,1,792833.000
ctorMove,longLong,1000000,descending,asc,2,4,1,743917.000
ctorMove,longLong,1000000,descending,asc,0,5,1,708416.000
ctorMove,longLong,1000000,descending,asc,1,5,1,720041.000
ctorMove,longLong,1000000,descending,asc,2,5,1,714166.000
ctorMove,longLong,1000000,descending,asc,1,6,1,734750.000
ctorMove,longLong,1000000,descending,asc,2,6,1,773500.000
ctorMove,longLong,1000000,descending,asc,0,6,1,714458.000
ctorCopy,longLong,1000000,descending,asc,0,0,1,1011167.000
ctorCopy,longLong,1000000,descending,asc,1,0,1,1109000.000
ctorCopy,longLong,1000000,descending,asc,2,0,1,1038292.000
ctorCopy,longLong,1000000,descending,asc,0,1,1,1024625.000
ctorCopy,longLong,1000000,descending,asc,1,1,1,1103500.000
ctorCopy,longLong,1000000,descending,asc,2,1,1,1092458.000
ctorCopy,longLong,1000000,descending,asc,1,2,1,1058958.000
ctorCopy,longLong,1000000,descending,asc,0,2,1,1037417.000
ctorCopy,longLong,1000000,descending,asc,2,2,1,1152084.000
ctorCopy,longLong,1000000,descending,asc,2,3,1,1055542.000
ctorCopy,longLong,1000000,descending,asc,1,3,1,1026750.000
ctorCopy,longLong,1000000,descending,asc,0,3,1,1105750.000
ctorCopy,longLong,1000000,descending,asc,0,4,1,1046750.000
ctorCopy,longLong,1000000,descending,asc,2,4,1,1101875.000
ctorCopy,longLong,1000000,descending,asc,1,4,1,1103375.000
ctorCopy,longLong,1000000,descending,asc,2,5,1,1077041.000
ctorCopy,longLong,1000000,descending,asc,0,5,1,1141583.000
ctorCopy,longLong,1000000,descending,asc,1,5,1,1082042.000
ctorCopy,longLong,1000000,descending,asc,0,6,1,1094250.000
ctorCopy,longLong,1000000,descending,asc,2,6,1,1126334.000
ctorCopy,longLong,1000000,descending,asc,1,6,1,1078458.000
sort,longLong,1000000,descending,desc,1,0,5,230941.800
sort,longLong,1000000,descending,desc,0,0,5,233683.400
sort,longLong,1000000,descending,desc,2,0,3,459166.333
sort,longLong,1000000,descending,desc,3,0,3,461708.000
sort,longLong,1000000,descending,desc,0,1,5,232050.000
sort,longLong,1000000,descending,desc,2,1,3,428931.000
sort,longLong,1000000,descending,desc,3,1,3,470389.000
sort,longLong,1000000,descending,desc,1,1,5,226642.000
sort,longLong,1000000,descending,desc,1,2,5,223633.400
sort,longLong,1000000,descending,desc,2,2,3,433583.333
sort,longLong,1000000,descending,desc,0,2,5,224558.400
sort,longLong,1000000,descending,desc,3,2,3,465417.000
sort,longLong,1000000,descending,desc,0,3,5,226491.800
sort,longLong,1000000,descending,desc,3,3,3,451236.000
sort,longLong,1000000,descending,desc,1,3,5,232433.200
sort,longLong,1000000,descending,desc,2,3,3,445361.000
sort,longLong,1000000,descending,desc,2,4,3,460236.000
sort,longLong,1000000,descending,desc,0,4,5,230216.600
sort,longLong,1000000,descending,desc,3,4,3,457458.667
sort,longLong,1000000,descending,desc,1,4,5,229475.000
sort,longLong,1000000,descending,desc,3,5,3,454500.000
sort,longLong,1000000,descending,desc,0,5,5,227058.200
sort,longLong,1000000,descending,desc,2,5,3,433000.000
sort,longLong,1000000,descending,desc,1,5,5,223116.800
sort,longLong,1000000,descending,desc,1,6,5,244824.600
sort,longLong,1000000,descending,desc,0,6,5,227166.600
sort,longLong,1000000,descending,desc,3,6,3,482472.333
sort,longLong,1000000,descending,desc,2,6,3,444694.333
ctorMove,longLong,1000000,descending,desc,2,0,1,897417.000
ctorMove,longLong,1000000,descending,desc,1,0,1,750458.000
ctorMove,longLong,1000000,descending,desc,0,0,1,655167.000
ctorMove,longLong,1000000,descending,desc,1,1,1,704459.000
ctorMove,longLong,1000000,descending,desc,2,1,1,807834.000
ctorMove,longLong,1000000,descending,desc,0,1,1,594250.000
ctorMove,longLong,1000000,descending,desc,2,2,1,869292.000
ctorMove,longLong,1000000,descending,desc,0,2,1,632000.000
ctorMove,longLong,1000000,descending,desc,1,2,1,728334.000
ctorMove,longLong,1000000,descending,desc,1,3,1,625125.000
ctorMove,longLong,1000000,descending,desc,0,3,1,667583.000
ctorMove,longLong,1000000,descending,desc,2,3,1,901750.000
ctorMove,longLong,1000000,descending,desc,0,4,1,638541.000
ctorMove,longLong,1000000,descending,desc,1,4,1,641042.000
ctorMove,longLong,1000000,descending,desc,2,4,1,855208.000
ctorMove,longLong,1000000,descending,desc,0,5,1,619291.000
ctorMove,longLong,1000000,descending,desc,1,5,1,645875.000
ctorMove,longLong,1000000,descending,desc,2,5,1,820792.000
ctorMove,longLong,1000000,descending,desc,1,6,1,682250.000
ctorMove,longLong,1000000,descending,desc,2,6,1,817625.000
ctorMove,longLong,1000000,descending,desc,0,6,1,646708.000
ctorCopy,longLong,1000000,descending,desc,0,0,1,934417.000
ctorCopy,longLong,1000000,descending,desc,1,0,1,905625.000
ctorCopy,longLong,1000000,descending,desc,2,0,1,1168083.000
ctorCopy,longLong,1000000,descending,desc,0,1,1,996625.000
ctorCopy,longLong,1000000,descending,desc,1,1,1,997708.000
ctorCopy,longLong,1000000,descending,desc,2,1,1,1176916.000
ctorCopy,longLong,1000000,descending,desc,1,2,1,942833.000
ctorCopy,longLong,1000000,descending,desc,0,2,1,980084.000
ctorCopy,longLong,1000000,descending,desc,2,2,1,1159958.000
ctorCopy,longLong,1000000,descending,desc,2,3,1,1135042.000
ctorCopy,longLong,1000000,descending,desc,1,3,1,1011834.000
ctorCopy,longLong,1000000,descending,desc,0,3,1,913375.000
ctorCopy,longLong,1000000,descending,desc,0,4,1,1016000.000
ctorCopy,longLong,1000000,descending,desc,2,4,1,1182500.000
ctorCopy,longLong,1000000,descending,desc,1,4,1,993584.000
ctorCopy,longLong,1000000,descending,desc,2,5,1,1158583.000
ctorCopy,longLong,1000000,descending,desc,0,5,1,1085833.000
ctorCopy,longLong,1000000,descending,desc,1,5,1,1093625.000
ctorCopy,longLong,1000000,descending,desc,0,6,1,900792.000
ctorCopy,longLong,1000000,descending,desc,2,6,1,1216875.000
ctorCopy,longLong,1000000,descending,desc,1,6,1,1030209.000
sort,longLong,1000000,nearly,asc,1,0,1,6489083.000
sort,longLong,1000000,nearly,asc,3,0,1,6182125.000
sort,longLong,1000000,nearly,asc,0,0,1,6726375.000
sort,longLong,1000000,nearly,asc,2,0,1,6601000.000
sort,longLong,1000000,nearly,asc,2,1,1,6790708.000
sort,longLong,1000000,nearly,asc,1,1,1,6496917.000
sort,longLong,1000000,nearly,asc,3,1,1,6150042.000
sort,longLong,1000000,nearly,asc,0,1,1,6700708.000
sort,longLong,1000000,nearly,asc,0,2,1,6563750.000
sort,longLong,1000000,nearly,asc,2,2,1,6512167.000
sort,longLong,1000000,nearly,asc,3,2,1,6152167.000
sort,longLong,1000000,nearly,asc,1,2,1,6505833.000
sort,longLong,1000000,nearly,asc,0,3,1,6831917.000
sort,longLong,1000000,nearly,asc,2,3,1,6608834.000
sort,longLong,1000000,nearly,asc,3,3,1,6134834.000
sort,longLong,1000000,nearly,asc,1,3,1,6389625.000
sort,longLong,1000000,nearly,asc,3,4,1,6241792.000
sort,longLong,1000000,nearly,asc,0,4,1,6628625.000
sort,longLong,1000000,nearly,asc,1,4,1,6570458.000
sort,longLong,1000000,nearly,asc,2,4,1,6660292.000
sort,longLong,1000000,nearly,asc,3,5,1,6100500.000
sort,longLong,1000000,nearly,asc,1,5,1,6747167.000
sort,longLong,1000000,nearly,asc,2,5,1,6531250.000
sort,longLong,1000000,nearly,asc,0,5,1,6664750.000
sort,longLong,1000000,nearly,asc,0,6,1,6862666.000
sort,longLong,1000000,nearly,asc,1,6,1,6681958.000
sort,longLong,1000000,nearly,asc,2,6,1,6386375.000
sort,longLong,1000000,nearly,asc,3,6,1,6138917.000
ctorMove,longLong,1000000,nearly,asc,1,0,1,7137042.000
ctorMove,longLong,1000000,nearly,asc,0,0,1,6865125.000
ctorMove,longLong,1000000,nearly,asc,2,0,1,6743209.000
ctorMove,longLong,1000000,nearly,asc,0,1,1,6965334.000
ctorMove,longLong,1000000,nearly,asc,1,1,1,6865708.000
ctorMove,longLong,1000000,nearly,asc,2,1,1,6804416.000
ctorMove,longLong,1000000,nearly,asc,1,2,1,6909708.000
ctorMove,longLong,1000000,nearly,asc,0,2,1,7111042.000
ctorMove,longLong,1000000,nearly,asc,2,2,1,6828250.000
ctorMove,longLong,1000000,nearly,asc,2,3,1,7025000.000
ctorMove,longLong,1000000,nearly,asc,1,3,1,6625416.000
ctorMove,longLong,1000000,nearly,asc,0,3,1,6790958.000
ctorMove,longLong,1000000,nearly,asc,0,4,1,6795292.000
ctorMove,longLong,1000000,nearly,asc,1,4,1,6762125.000
ctorMove,longLong,1000000,nearly,asc,2,4,1,6864917.000
ctorMove,longLong,1000000,nearly,asc,0,5,1,7194667.000
ctorMove,longLong,1000000,nearly,asc,2,5,1,6869792.000
ctorMove,longLong,1000000,nearly,asc,1,5,1,6916625.000
ctorMove,longLong,1000000,nearly,asc,0,6,1,6967750.000
ctorMove,longLong,1000000,nearly,asc,1,6,1,6979625.000
ctorMove,longLong,1000000,nearly,asc,2,6,1,7307500.000
ctorCopy,longLong,1000000,nearly,asc,2,0,1,7276959.000
ctorCopy,longLong,1000000,nearly,asc,1,0,1,7195458.000
ctorCopy,longLong,1000000,nearly,asc,0,0,1,7257875.000
ctorCopy,longLong,1000000,nearly,asc,1,1,1,7149250.000
ctorCopy,longLong,1000000,nearly,asc,0,1,1,7296459.000
ctorCopy,longLong,1000000,nearly,asc,2,1,1,7500667.000
ctorCopy,longLong,1000000,nearly,asc,1,2,1,7228334.000
ctorCopy,longLong,1000000,nearly,asc,2,2,1,7344291.000
ctorCopy,longLong,1000000,nearly,asc,0,2,1,7449666.000
ctorCopy,longLong,1000000,nearly,asc,2,3,1,7291750.000
ctorCopy,longLong,1000000,nearly,asc,1,3,1,7406334.000
ctorCopy,longLong,1000000,nearly,asc,0,3,1,7399417.000
ctorCopy,longLong,1000000,nearly,asc,0,4,1,7445750.000
ctorCopy,longLong,1000000,nearly,asc,2,4,1,7332417.000
ctorCopy,longLong,1000000,nearly,asc,1,4,1,7463375.000
ctorCopy,longLong,1000000,nearly,asc,2,5,1,7491500.000
ctorCopy,longLong,1000000,nearly,asc,1,5,1,7404000.000
ctorCopy,longLong,1000000,nearly,asc,0,5,1,7303584.000
ctorCopy,longLong,1000000,nearly,asc,1,6,1,7206000.000
ctorCopy,longLong,1000000,nearly,asc,0,6,1,7534333.000
ctorCopy,longLong,1000000,nearly,asc,2,6,1,7514458.000
sort,longLong,1000000,nearly,desc,1,0,1,6520417.000
sort,longLong,1000000,nearly,desc,3,0,1,10546333.000
sort,longLong,1000000,nearly,desc,0,0,1,6668167.000
sort,longLong,1000000,nearly,desc,2,0,1,6627584.000
sort,longLong,1000000,nearly,desc,2,1,1,6322625.000
sort,longLong,1000000,nearly,desc,1,1,1,6570625.000
sort,longLong,1000000,nearly,desc,3,1,1,10414666.000
sort,longLong,1000000,nearly,desc,0,1,1,6738708.000
sort,longLong,1000000,nearly,desc,0,2,1,6574375.000
sort,longLong,1000000,nearly,desc,2,2,1,6665541.000
sort,longLong,1000000,nearly,desc,3,2,1,10410333.000
sort,longLong,1000000,nearly,desc,1,2,1,6499125.000
sort,longLong,1000000,nearly,desc,0,3,1,6667750.000
sort,longLong,1000000,nearly,desc,2,3,1,6484750.000
sort,longLong,1000000,nearly,desc,3,3,1,10488834.000
sort,longLong,1000000,nearly,desc,1,3,1,6363167.000
sort,longLong,1000000,nearly,desc,3,4,1,10323125.000
sort,longLong,1000000,nearly,desc,0,4,1,6698584.000
sort,longLong,1000000,nearly,desc,1,4,1,6634708.000
sort,longLong,1000000,nearly,desc,2,4,1,6714667.000
sort,longLong,1000000,nearly,desc,3,5,1,10287708.000
sort,longLong,1000000,nearly,desc,1,5,1,6609958.000
sort,longLong,1000000,nearly,desc,2,5,1,6890000.000
sort,longLong,1000000,nearly,desc,0,5,1,6542167.000
sort,longLong,1000000,nearly,desc,0,6,1,6461292.000
sort,longLong,1000000,nearly,desc,1,6,1,6462917.000
sort,longLong,1000000,nearly,desc,2,6,1,6959500.000
sort,longLong,1000000,nearly,desc,3,6,1,10265375.000
ctorMove,longLong,1000000,nearly,desc,1,0,1,7207500.000
ctorMove,longLong,1000000,nearly,desc,0,0,1,6995875.000
ctorMove,longLong,1000000,nearly,desc,2,0,1,7066375.000
ctorMove,longLong,1000000,nearly,desc,0,1,1,7021625.000
ctorMove,longLong,1000000,nearly,desc,1,1,1,6749375.000
ctorMove,longLong,1000000,nearly,desc,2,1,1,7076542.000
ctorMove,longLong,1000000,nearly,desc,1,2,1,6747791.000
ctorMove,longLong,1000000,nearly,desc,0,2,1,6833042.000
ctorMove,longLong,1000000,nearly,desc,2,2,1,7189042.000
ctorMove,longLong,1000000,nearly,desc,2,3,1,6897000.000
ctorMove,longLong,1000000,nearly,desc,1,3,1,6769584.000
ctorMove,longLong,1000000,nearly,desc,0,3,1,7109000.000
ctorMove,longLong,1000000,nearly,desc,0,4,1,7047666.000
ctorMove,longLong,1000000,nearly,desc,1,4,1,7005875.000
ctorMove,longLong,1000000,nearly,desc,2,4,1,6970167.000
ctorMove,longLong,1000000,nearly,desc,0,5,1,7112042.000
ctorMove,longLong,1000000,nearly,desc,2,5,1,7108833.000
ctorMove,longLong,1000000,nearly,desc,1,5,1,6702542.000
ctorMove,longLong,1000000,nearly,desc,0,6,1,7054917.000
ctorMove,longLong,1000000,nearly,desc,1,6,1,6960959.000
ctorMove,longLong,1000000,nearly,desc,2,6,1,6779542.000
ctorCopy,longLong,1000000,nearly,desc,2,0,1,7378916.000
ctorCopy,longLong,1000000,nearly,desc,1,0,1,7312709.000
ctorCopy,longLong,1000000,nearly,desc,0,0,1,7253292.000
ctorCopy,longLong,1000000,nearly,desc,1,1,1,7253250.000
ctorCopy,longLong,1000000,nearly,desc,0,1,1,7193416.000
ctorCopy,longLong,1000000,nearly,desc,2,1,1,7375125.000
ctorCopy,longLong,1000000,nearly,desc,1,2,1,7364708.000
ctorCopy,longLong,1000000,nearly,desc,2,2,1,7305250.000
ctorCopy,longLong,1000000,nearly,desc,0,2,1,7226667.000
ctorCopy,longLong,1000000,nearly,desc,2,3,1,7286333.000
ctorCopy,longLong,1000000,nearly,desc,1,3,1,7277667.000
ctorCopy,longLong,1000000,nearly,desc,0,3,1,7256916.000
ctorCopy,longLong,1000000,nearly,desc,0,4,1,7397542.000
ctorCopy,longLong,1000000,nearly,desc,2,4,1,7236917.000
ctorCopy,longLong,1000000,nearly,desc,1,4,1,7281250.000
ctorCopy,longLong,1000000,nearly,desc,2,5,1,7487750.000
ctorCopy,longLong,1000000,nearly,desc,1,5,1,7786375.000
ctorCopy,longLong,1000000,nearly,desc,0,5,1,7639250.000
ctorCopy,longLong,1000000,nearly,desc,1,6,1,7179125.000
ctorCopy,longLong,1000000,nearly,desc,0,6,1,7452750.000
ctorCopy,longLong,1000000,nearly,desc,2,6,1,7202375.000
sort,longLong,128,fullWidth,asc,0,0,512,374.578
sort,longLong,128,fullWidth,asc,1,0,512,339.525
sort,longLong,128,fullWidth,asc,2,0,512,337.668
sort,longLong,128,fullWidth,asc,3,0,512,336.785
sort,longLong,128,fullWidth,asc,3,1,512,344.629
sort,longLong,128,fullWidth,asc,2,1,512,383.617
sort,longLong,128,fullWidth,asc,0,1,512,379.156
sort,longLong,128,fullWidth,asc,1,1,512,344.418
sort,longLong,128,fullWidth,asc,0,2,512,382.256
sort,longLong,128,fullWidth,asc,3,2,512,374.580
sort,longLong,128,fullWidth,asc,1,2,512,362.807
sort,longLong,128,fullWidth,asc,2,2,512,342.203
sort,longLong,128,fullWidth,asc,0,3,512,379.965
sort,longLong,128,fullWidth,asc,2,3,512,339.570
sort,longLong,128,fullWidth,asc,3,3,512,376.875
sort,longLong,128,fullWidth,asc,1,3,512,377.984
sort,longLong,128,fullWidth,asc,1,4,512,357.498
sort,longLong,128,fullWidth,asc,2,4,512,375.967
sort,longLong,128,fullWidth,asc,3,4,512,343.689
sort,longLong,128,fullWidth,asc,0,4,512,407.791
sort,longLong,128,fullWidth,asc,1,5,512,338.387
sort,longLong,128,fullWidth,asc,3,5,512,381.357
sort,longLong,128,fullWidth,asc,0,5,512,402.758
sort,longLong,128,fullWidth,asc,2,5,512,338.113
sort,longLong,128,fullWidth,asc,1,6,512,337.285
sort,longLong,128,fullWidth,asc,0,6,512,387.689
sort,longLong,128,fullWidth,asc,2,6,512,378.500
sort,longLong,128,fullWidth,asc,3,6,512,349.445
sort,longLong,512,fullWidth,asc,0,0,460,2175.461
sort,longLong,512,fullWidth,asc,1,0,460,2175.091
sort,longLong,512,fullWidth,asc,3,0,487,2053.546
sort,longLong,512,fullWidth,asc,2,0,458,2183.764
sort,longLong,512,fullWidth,asc,2,1,411,2433.805
sort,longLong,512,fullWidth,asc,3,1,505,1981.275
sort,longLong,512,fullWidth,asc,1,1,468,2141.632
sort,longLong,512,fullWidth,asc,0,1,456,2195.351
sort,longLong,512,fullWidth,asc,1,2,453,2209.702
sort,longLong,512,fullWidth,asc,2,2,458,2183.845
sort,longLong,512,fullWidth,asc,3,2,491,2041.222
sort,longLong,512,fullWidth,asc,0,2,462,2169.457
sort,longLong,512,fullWidth,asc,0,3,426,2352.505
sort,longLong,512,fullWidth,asc,1,3,425,2356.572
sort,longLong,512,fullWidth,asc,2,3,438,2283.283
sort,longLong,512,fullWidth,asc,3,3,464,2158.140
sort,longLong,512,fullWidth,asc,0,4,426,2350.735
sort,longLong,512,fullWidth,asc,1,4,419,2389.609
sort,longLong,512,fullWidth,asc,2,4,422,2369.777
sort,longLong,512,fullWidth,asc,3,4,473,2114.254
sort,longLong,512,fullWidth,asc,2,5,426,2349.498
sort,longLong,512,fullWidth,asc,3,5,474,2113.650
sort,longLong,512,fullWidth,asc,1,5,427,2343.089
sort,longLong,512,fullWidth,asc,0,5,445,2247.926
sort,longLong,512,fullWidth,asc,2,6,431,2324.638
sort,longLong,512,fullWidth,asc,3,6,486,2058.041
sort,longLong,512,fullWidth,asc,0,6,460,2177.261
sort,longLong,512,fullWidth,asc,1,6,462,2166.580
sort,longLong,4096,fullWidth,asc,3,0,38,26901.316
sort,longLong,4096,fullWidth,asc,2,0,47,21625.957
sort,longLong,4096,fullWidth,asc,1,0,47,21439.596
sort,longLong,4096,fullWidth,asc,0,0,43,23788.744
sort,longLong,4096,fullWidth,asc,0,1,42,23825.452
sort,longLong,4096,fullWidth,asc,1,1,47,21695.936
sort,longLong,4096,fullWidth,asc,2,1,46,21942.913
sort,longLong,4096,fullWidth,asc,3,1,31,32791.645
sort,longLong,4096,fullWidth,asc,3,2,40,25399.925
sort,longLong,4096,fullWidth,asc,2,2,50,20231.620
sort,longLong,4096,fullWidth,asc,1,2,50,20234.140
sort,longLong,4096,fullWidth,asc,0,2,43,23301.349
sort,longLong,4096,fullWidth,asc,3,3,41,24925.829
sort,longLong,4096,fullWidth,asc,0,3,44,22921.409
sort,longLong,4096,fullWidth,asc,2,3,48,21269.979
sort,longLong,4096,fullWidth,asc,1,3,47,21331.617
sort,longLong,4096,fullWidth,asc,1,4,47,21507.979
sort,longLong,4096,fullWidth,asc,0,4,43,23721.930
sort,longLong,4096,fullWidth,asc,2,4,47,21398.021
sort,longLong,4096,fullWidth,asc,3,4,40,25190.600
sort,longLong,4096,fullWidth,asc,1,5,48,21160.708
sort,longLong,4096,fullWidth,asc,3,5,41,24728.610
sort,longLong,4096,fullWidth,asc,2,5,48,21079.896
sort,longLong,4096,fullWidth,asc,0,5,43,23674.465
sort,longLong,4096,fullWidth,asc,1,6,47,21774.723
sort,longLong,4096,fullWidth,asc,0,6,43,23607.628
sort,longLong,4096,fullWidth,asc,3,6,40,25205.200
sort,longLong,4096,fullWidth,asc,2,6,48,21227.438
sort,int,2000000,range22,asc,1,0,1,6158416.000
sort,int,2000000,range22,asc,0,0,1,6114125.000
sort,int,2000000,range22,asc,3,0,1,81682584.000
sort,int,2000000,range22,asc,2,0,1,6169250.000
sort,int,2000000,range22,asc,2,1,1,6310833.000
sort,int,2000000,range22,asc,3,1,1,81664542.000
sort,int,2000000,range22,asc,0,1,1,6143209.000
sort,int,2000000,range22,asc,1,1,1,6372000.000
sort,int,2000000,range22,asc,0,2,1,6102375.000
sort,int,2000000,range22,asc,3,2,1,81553750.000
sort,int,2000000,range22,asc,1,2,1,6304416.000
sort,int,2000000,range22,asc,2,2,1,6035625.000
sort,int,2000000,range22,asc,0,3,1,6157500.000
sort,int,2000000,range22,asc,2,3,1,6090625.000
sort,int,2000000,range22,asc,3,3,1,81333125.000
sort,int,2000000,range22,asc,1,3,1,6152250.000
sort,int,2000000,range22,asc,2,4,1,6317208.000
sort,int,2000000,range22,asc,0,4,1,6042416.000
sort,int,2000000,range22,asc,3,4,1,81202208.000
sort,int,2000000,range22,asc,1,4,1,6349584.000
sort,int,2000000,range22,asc,2,5,1,6038459.000
sort,int,2000000,range22,asc,1,5,1,6122167.000
sort,int,2000000,range22,asc,0,5,1,6074792.000
sort,int,2000000,range22,asc,3,5,1,81408458.000
sort,int,2000000,range22,asc,3,6,1,81378417.000
sort,int,2000000,range22,asc,0,6,1,6148458.000
sort,int,2000000,range22,asc,1,6,1,6267583.000
sort,int,2000000,range22,asc,2,6,1,6135333.000
ctorMove,int,2000000,range22,asc,2,0,1,9115958.000
ctorMove,int,2000000,range22,asc,0,0,1,8839375.000
ctorMove,int,2000000,range22,asc,1,0,1,8892667.000
ctorMove,int,2000000,range22,asc,0,1,1,8812292.000
ctorMove,int,2000000,range22,asc,2,1,1,8726875.000
ctorMove,int,2000000,range22,asc,1,1,1,8757666.000
ctorMove,int,2000000,range22,asc,2,2,1,8833000.000
ctorMove,int,2000000,range22,asc,1,2,1,8929250.000
ctorMove,int,2000000,range22,asc,0,2,1,8708125.000
ctorMove,int,2000000,range22,asc,1,3,1,9010125.000
ctorMove,int,2000000,range22,asc,2,3,1,8946041.000
ctorMove,int,2000000,range22,asc,0,3,1,8832458.000
ctorMove,int,2000000,range22,asc,0,4,1,8721208.000
ctorMove,int,2000000,range22,asc,1,4,1,8683875.000
ctorMove,int,2000000,range22,asc,2,4,1,8966750.000
ctorMove,int,2000000,range22,asc,2,5,1,9064417.000
ctorMove,int,2000000,range22,asc,1,5,1,9042584.000
ctorMove,int,2000000,range22,asc,0,5,1,9039708.000
ctorMove,int,2000000,range22,asc,1,6,1,9048292.000
ctorMove,int,2000000,range22,asc,0,6,1,9048209.000
ctorMove,int,2000000,range22,asc,2,6,1,9002708.000
ctorCopy,int,2000000,range22,asc,0,0,1,9191875.000
ctorCopy,int,2000000,range22,asc,1,0,1,9368584.000
ctorCopy,int,2000000,range22,asc,2,0,1,9357458.000
ctorCopy,int,2000000,range22,asc,2,1,1,9148125.000
ctorCopy,int,2000000,range22,asc,0,1,1,9155500.000
ctorCopy,int,2000000,range22,asc,1,1,1,9363500.000
ctorCopy,int,2000000,range22,asc,2,2,1,9292458.000
ctorCopy,int,2000000,range22,asc,0,2,1,9154875.000
ctorCopy,int,2000000,range22,asc,1,2,1,9293792.000
ctorCopy,int,2000000,range22,asc,0,3,1,9410083.000
ctorCopy,int,2000000,range22,asc,2,3,1,9331500.000
ctorCopy,int,2000000,range22,asc,1,3,1,9354792.000
ctorCopy,int,2000000,range22,asc,1,4,1,9327792.000
ctorCopy,int,2000000,range22,asc,0,4,1,9033709.000
ctorCopy,int,2000000,range22,asc,2,4,1,9243708.000
ctorCopy,int,2000000,range22,asc,1,5,1,9321833.000
ctorCopy,int,2000000,range22,asc,0,5,1,9558958.000
ctorCopy,int,2000000,range22,asc,2,5,1,9766125.000
ctorCopy,int,2000000,range22,asc,1,6,1,9352667.000
ctorCopy,int,2000000,range22,asc,0,6,1,9162125.000
ctorCopy,int,2000000,range22,asc,2,6,1,9313041.000
sort,int,2000000,fullWidth,asc,1,0,1,7979333.000
sort,int,2000000,fullWidth,asc,3,0,1,82994292.000
sort,int,2000000,fullWidth,asc,2,0,1,7961291.000
sort,int,2000000,fullWidth,asc,0,0,1,7854292.000
sort,int,2000000,fullWidth,asc,1,1,1,7740042.000
sort,int,2000000,fullWidth,asc,3,1,1,82958417.000
sort,int,2000000,fullWidth,asc,2,1,1,8595375.000
sort,int,2000000,fullWidth,asc,0,1,1,7897667.000
sort,int,2000000,fullWidth,asc,0,2,1,7642458.000
sort,int,2000000,fullWidth,asc,2,2,1,7613084.000
sort,int,2000000,fullWidth,asc,1,2,1,7769000.000
sort,int,2000000,fullWidth,asc,3,2,1,83652958.000
sort,int,2000000,fullWidth,asc,1,3,1,7888542.000
sort,int,2000000,fullWidth,asc,0,3,1,7613167.000
sort,int,2000000,fullWidth,asc,2,3,1,7756292.000
sort,int,2000000,fullWidth,asc,3,3,1,82576375.000
sort,int,2000000,fullWidth,asc,0,4,1,7832625.000
sort,int,2000000,fullWidth,asc,1,4,1,8117667.000
sort,int,2000000,fullWidth,asc,3,4,1,82796667.000
sort,int,2000000,fullWidth,asc,2,4,1,8015542.000
sort,int,2000000,fullWidth,asc,3,5,1,82582208.000
sort,int,2000000,fullWidth,asc,0,5,1,7844416.000
sort,int,2000000,fullWidth,asc,2,5,1,7690375.000
sort,int,2000000,fullWidth,asc,1,5,1,7903542.000
sort,int,2000000,fullWidth,asc,1,6,1,7749542.000
sort,int,2000000,fullWidth,asc,3,6,1,83082000.000
sort,int,2000000,fullWidth,asc,2,6,1,7838375.000
sort,int,2000000,fullWidth,asc,0,6,1,7681750.000
ctorMove,int,2000000,fullWidth,asc,1,0,1,9289291.000
ctorMove,int,2000000,fullWidth,asc,0,0,1,8653875.000
ctorMove,int,2000000,fullWidth,asc,2,0,1,8999709.000
ctorMove,int,2000000,fullWidth,asc,0,1,1,9013833.000
ctorMove,int,2000000,fullWidth,asc,2,1,1,8747041.000
ctorMove,int,2000000,fullWidth,asc,1,1,1,8690709.000
ctorMove,int,2000000,fullWidth,asc,0,2,1,8527917.000
ctorMove,int,2000000,fullWidth,asc,1,2,1,8709584.000
ctorMove,int,2000000,fullWidth,asc,2,2,1,8635958.000
ctorMove,int,2000000,fullWidth,asc,0,3,1,8597084.000
ctorMove,int,2000000,fullWidth,asc,1,3,1,8636417.000
ctorMove,int,2000000,fullWidth,asc,2,3,1,8589125.000
ctorMove,int,2000000,fullWidth,asc,0,4,1,8654708.000
ctorMove,int,2000000,fullWidth,asc,2,4,1,8822500.000
ctorMove,int,2000000,fullWidth,asc,1,4,1,8855167.000
ctorMove,int,2000000,fullWidth,asc,1,5,1,8944709.000
ctorMove,int,2000000,fullWidth,asc,0,5,1,8589042.000
ctorMove,int,2000000,fullWidth,asc,2,5,1,8592167.000
ctorMove,int,2000000,fullWidth,asc,2,6,1,8444792.000
ctorMove,int,2000000,fullWidth,asc,0,6,1,8436125.000
ctorMove,int,2000000,fullWidth,asc,1,6,1,8357167.000
ctorCopy,int,2000000,fullWidth,asc,2,0,1,9038125.000
ctorCopy,int,2000000,fullWidth,asc,1,0,1,8988209.000
ctorCopy,int,2000000,fullWidth,asc,0,0,1,8853084.000
ctorCopy,int,2000000,fullWidth,asc,0,1,1,8855792.000
ctorCopy,int,2000000,fullWidth,asc,1,1,1,8805125.000
ctorCopy,int,2000000,fullWidth,asc,2,1,1,9406666.000
ctorCopy,int,2000000,fullWidth,asc,1,2,1,8980291.000
ctorCopy,int,2000000,fullWidth,asc,2,2,1,8952000.000
ctorCopy,int,2000000,fullWidth,asc,0,2,1,8931458.000
ctorCopy,int,2000000,fullWidth,asc,0,3,1,8987292.000
ctorCopy,int,2000000,fullWidth,asc,1,3,1,8909250.000
ctorCopy,int,2000000,fullWidth,asc,2,3,1,8970916.000
ctorCopy,int,2000000,fullWidth,asc,1,4,1,8850584.000
ctorCopy,int,2000000,fullWidth,asc,0,4,1,8998083.000
ctorCopy,int,2000000,fullWidth,asc,2,4,1,8914125.000
ctorCopy,int,2000000,fullWidth,asc,2,5,1,8807250.000
ctorCopy,int,2000000,fullWidth,asc,0,5,1,9017042.000
ctorCopy,int,2000000,fullWidth,asc,1,5,1,9635125.000
ctorCopy,int,2000000,fullWidth,asc,2,6,1,9179750.000
ctorCopy,int,2000000,fullWidth,asc,0,6,1,8998750.000
ctorCopy,int,2000000,fullWidth,asc,1,6,1,9002875.000
