work,type,n,distribution,direction,method,round,repeats,ns
sort,int,1000000,range22,asc,0,0,1,2957000.000
sort,int,1000000,range22,asc,2,0,1,2976000.000
sort,int,1000000,range22,asc,3,0,1,41573000.000
sort,int,1000000,range22,asc,1,0,1,3094000.000
sort,int,1000000,range22,asc,2,1,1,2969000.000
sort,int,1000000,range22,asc,1,1,1,2872000.000
sort,int,1000000,range22,asc,0,1,1,2915000.000
sort,int,1000000,range22,asc,3,1,1,40784000.000
sort,int,1000000,range22,asc,0,2,1,2968000.000
sort,int,1000000,range22,asc,3,2,1,40690000.000
sort,int,1000000,range22,asc,1,2,1,2953000.000
sort,int,1000000,range22,asc,2,2,1,2963000.000
sort,int,1000000,range22,asc,3,3,1,40648000.000
sort,int,1000000,range22,asc,0,3,1,2983000.000
sort,int,1000000,range22,asc,1,3,1,2889000.000
sort,int,1000000,range22,asc,2,3,1,3024000.000
sort,int,1000000,range22,asc,0,4,1,2908000.000
sort,int,1000000,range22,asc,1,4,1,2945000.000
sort,int,1000000,range22,asc,2,4,1,2932000.000
sort,int,1000000,range22,asc,3,4,1,40606000.000
sort,int,1000000,range22,asc,0,5,1,2959000.000
sort,int,1000000,range22,asc,3,5,1,40733000.000
sort,int,1000000,range22,asc,1,5,1,3021000.000
sort,int,1000000,range22,asc,2,5,1,2980000.000
sort,int,1000000,range22,asc,3,6,1,41317000.000
sort,int,1000000,range22,asc,2,6,1,3170000.000
sort,int,1000000,range22,asc,1,6,1,3326000.000
sort,int,1000000,range22,asc,0,6,1,3163000.000
ctorMove,int,1000000,range22,asc,0,0,1,4173000.000
ctorMove,int,1000000,range22,asc,1,0,1,4094000.000
ctorMove,int,1000000,range22,asc,2,0,1,4148000.000
ctorMove,int,1000000,range22,asc,1,1,1,4190000.000
ctorMove,int,1000000,range22,asc,0,1,1,4088000.000
ctorMove,int,1000000,range22,asc,2,1,1,4259000.000
ctorMove,int,1000000,range22,asc,0,2,1,4071000.000
ctorMove,int,1000000,range22,asc,2,2,1,4093000.000
ctorMove,int,1000000,range22,asc,1,2,1,4323000.000
ctorMove,int,1000000,range22,asc,0,3,1,4079000.000
ctorMove,int,1000000,range22,asc,2,3,1,4111000.000
ctorMove,int,1000000,range22,asc,1,3,1,4199000.000
ctorMove,int,1000000,range22,asc,1,4,1,4223000.000
ctorMove,int,1000000,range22,asc,2,4,1,4185000.000
ctorMove,int,1000000,range22,asc,0,4,1,4185000.000
ctorMove,int,1000000,range22,asc,2,5,1,4100000.000
ctorMove,int,1000000,range22,asc,0,5,1,3938000.000
ctorMove,int,1000000,range22,asc,1,5,1,4102000.000
ctorMove,int,1000000,range22,asc,0,6,1,3831000.000
ctorMove,int,1000000,range22,asc,1,6,1,4169000.000
ctorMove,int,1000000,range22,asc,2,6,1,4243000.000
ctorCopy,int,1000000,range22,asc,1,0,1,4445000.000
ctorCopy,int,1000000,range22,asc,0,0,1,4360000.000
ctorCopy,int,1000000,range22,asc,2,0,1,4524000.000
ctorCopy,int,1000000,range22,asc,0,1,1,4490000.000
ctorCopy,int,1000000,range22,asc,2,1,1,4416000.000
ctorCopy,int,1000000,range22,asc,1,1,1,4653000.000
ctorCopy,int,1000000,range22,asc,1,2,1,4252000.000
ctorCopy,int,1000000,range22,asc,0,2,1,4370000.000
ctorCopy,int,1000000,range22,asc,2,2,1,4443000.000
ctorCopy,int,1000000,range22,asc,2,3,1,4428000.000
ctorCopy,int,1000000,range22,asc,1,3,1,4036000.000
ctorCopy,int,1000000,range22,asc,0,3,1,4481000.000
ctorCopy,int,1000000,range22,asc,2,4,1,4386000.000
ctorCopy,int,1000000,range22,asc,0,4,1,4293000.000
ctorCopy,int,1000000,range22,asc,1,4,1,4225000.000
ctorCopy,int,1000000,range22,asc,2,5,1,4333000.000
ctorCopy,int,1000000,range22,asc,0,5,1,4288000.000
ctorCopy,int,1000000,range22,asc,1,5,1,4431000.000
ctorCopy,int,1000000,range22,asc,2,6,1,4445000.000
ctorCopy,int,1000000,range22,asc,0,6,1,4294000.000
ctorCopy,int,1000000,range22,asc,1,6,1,4912000.000
sort,int,1000000,range22,desc,0,0,1,3548000.000
sort,int,1000000,range22,desc,2,0,1,3695000.000
sort,int,1000000,range22,desc,3,0,1,44649000.000
sort,int,1000000,range22,desc,1,0,1,3516000.000
sort,int,1000000,range22,desc,2,1,1,3791000.000
sort,int,1000000,range22,desc,1,1,1,3052000.000
sort,int,1000000,range22,desc,0,1,1,3208000.000
sort,int,1000000,range22,desc,3,1,1,41265000.000
sort,int,1000000,range22,desc,0,2,1,3371000.000
sort,int,1000000,range22,desc,3,2,1,44331000.000
sort,int,1000000,range22,desc,1,2,1,3055000.000
sort,int,1000000,range22,desc,2,2,1,3040000.000
sort,int,1000000,range22,desc,3,3,1,43242000.000
sort,int,1000000,range22,desc,0,3,1,3479000.000
sort,int,1000000,range22,desc,1,3,1,3563000.000
sort,int,1000000,range22,desc,2,3,1,3533000.000
sort,int,1000000,range22,desc,0,4,1,3258000.000
sort,int,1000000,range22,desc,1,4,1,3337000.000
sort,int,1000000,range22,desc,2,4,1,3707000.000
sort,int,1000000,range22,desc,3,4,1,42490000.000
sort,int,1000000,range22,desc,0,5,1,3495000.000
sort,int,1000000,range22,desc,3,5,1,42865000.000
sort,int,1000000,range22,desc,1,5,1,3363000.000
sort,int,1000000,range22,desc,2,5,1,3169000.000
sort,int,1000000,range22,desc,3,6,1,43510000.000
sort,int,1000000,range22,desc,2,6,1,3285000.000
sort,int,1000000,range22,desc,1,6,1,3548000.000
sort,int,1000000,range22,desc,0,6,1,3164000.000
ctorMove,int,1000000,range22,desc,0,0,1,4654000.000
ctorMove,int,1000000,range22,desc,1,0,1,4723000.000
ctorMove,int,1000000,range22,desc,2,0,1,4836000.000
ctorMove,int,1000000,range22,desc,1,1,1,4708000.000
ctorMove,int,1000000,range22,desc,0,1,1,4447000.000
ctorMove,int,1000000,range22,desc,2,1,1,4220000.000
ctorMove,int,1000000,range22,desc,0,2,1,4634000.000
ctorMove,int,1000000,range22,desc,2,2,1,4771000.000
ctorMove,int,1000000,range22,desc,1,2,1,4586000.000
ctorMove,int,1000000,range22,desc,0,3,1,4571000.000
ctorMove,int,1000000,range22,desc,2,3,1,4931000.000
ctorMove,int,1000000,range22,desc,1,3,1,4566000.000
ctorMove,int,1000000,range22,desc,1,4,1,4648000.000
ctorMove,int,1000000,range22,desc,2,4,1,4832000.000
ctorMove,int,1000000,range22,desc,0,4,1,4151000.000
ctorMove,int,1000000,range22,desc,2,5,1,4496000.000
ctorMove,int,1000000,range22,desc,0,5,1,4713000.000
ctorMove,int,1000000,range22,desc,1,5,1,4680000.000
ctorMove,int,1000000,range22,desc,0,6,1,4405000.000
ctorMove,int,1000000,range22,desc,1,6,1,4138000.000
ctorMove,int,1000000,range22,desc,2,6,1,4742000.000
ctorCopy,int,1000000,range22,desc,1,0,1,4407000.000
ctorCopy,int,1000000,range22,desc,0,0,1,4906000.000
ctorCopy,int,1000000,range22,desc,2,0,1,4934000.000
ctorCopy,int,1000000,range22,desc,0,1,1,4829000.000
ctorCopy,int,1000000,range22,desc,2,1,1,4869000.000
ctorCopy,int,1000000,range22,desc,1,1,1,4688000.000
ctorCopy,int,1000000,range22,desc,1,2,1,4094000.000
ctorCopy,int,1000000,range22,desc,0,2,1,4481000.000
ctorCopy,int,1000000,range22,desc,2,2,1,5007000.000
ctorCopy,int,1000000,range22,desc,2,3,1,4826000.000
ctorCopy,int,1000000,range22,desc,1,3,1,4512000.000
ctorCopy,int,1000000,range22,desc,0,3,1,4461000.000
ctorCopy,int,1000000,range22,desc,2,4,1,4199000.000
ctorCopy,int,1000000,range22,desc,0,4,1,5087000.000
ctorCopy,int,1000000,range22,desc,1,4,1,5062000.000
ctorCopy,int,1000000,range22,desc,2,5,1,4969000.000
ctorCopy,int,1000000,range22,desc,0,5,1,4346000.000
ctorCopy,int,1000000,range22,desc,1,5,1,4885000.000
ctorCopy,int,1000000,range22,desc,2,6,1,4472000.000
ctorCopy,int,1000000,range22,desc,0,6,1,4732000.000
ctorCopy,int,1000000,range22,desc,1,6,1,4873000.000
sort,int,1000000,fullWidth,asc,2,0,1,4198000.000
sort,int,1000000,fullWidth,asc,3,0,1,43942000.000
sort,int,1000000,fullWidth,asc,0,0,1,3904000.000
sort,int,1000000,fullWidth,asc,1,0,1,3878000.000
sort,int,1000000,fullWidth,asc,0,1,1,3814000.000
sort,int,1000000,fullWidth,asc,2,1,1,3798000.000
sort,int,1000000,fullWidth,asc,1,1,1,3932000.000
sort,int,1000000,fullWidth,asc,3,1,1,41385000.000
sort,int,1000000,fullWidth,asc,1,2,1,3894000.000
sort,int,1000000,fullWidth,asc,2,2,1,3837000.000
sort,int,1000000,fullWidth,asc,0,2,1,3824000.000
sort,int,1000000,fullWidth,asc,3,2,1,42190000.000
sort,int,1000000,fullWidth,asc,1,3,1,3763000.000
sort,int,1000000,fullWidth,asc,2,3,1,3888000.000
sort,int,1000000,fullWidth,asc,3,3,1,40130000.000
sort,int,1000000,fullWidth,asc,0,3,1,3824000.000
sort,int,1000000,fullWidth,asc,2,4,1,3755000.000
sort,int,1000000,fullWidth,asc,1,4,1,3783000.000
sort,int,1000000,fullWidth,asc,0,4,1,3761000.000
sort,int,1000000,fullWidth,asc,3,4,1,40064000.000
sort,int,1000000,fullWidth,asc,3,5,1,39847000.000
sort,int,1000000,fullWidth,asc,2,5,1,3728000.000
sort,int,1000000,fullWidth,asc,0,5,1,3798000.000
sort,int,1000000,fullWidth,asc,1,5,1,3716000.000
sort,int,1000000,fullWidth,asc,1,6,1,3700000.000
sort,int,1000000,fullWidth,asc,0,6,1,3706000.000
sort,int,1000000,fullWidth,asc,3,6,1,39943000.000
sort,int,1000000,fullWidth,asc,2,6,1,3805000.000
ctorMove,int,1000000,fullWidth,asc,0,0,1,4176000.000
ctorMove,int,1000000,fullWidth,asc,1,0,1,4130000.000
ctorMove,int,1000000,fullWidth,asc,2,0,1,4144000.000
ctorMove,int,1000000,fullWidth,asc,0,1,1,4116000.000
ctorMove,int,1000000,fullWidth,asc,2,1,1,4050000.000
ctorMove,int,1000000,fullWidth,asc,1,1,1,4268000.000
ctorMove,int,1000000,fullWidth,asc,2,2,1,4068000.000
ctorMove,int,1000000,fullWidth,asc,0,2,1,4087000.000
ctorMove,int,1000000,fullWidth,asc,1,2,1,4142000.000
ctorMove,int,1000000,fullWidth,asc,2,3,1,4157000.000
ctorMove,int,1000000,fullWidth,asc,1,3,1,4133000.000
ctorMove,int,1000000,fullWidth,asc,0,3,1,4183000.000
ctorMove,int,1000000,fullWidth,asc,2,4,1,4106000.000
ctorMove,int,1000000,fullWidth,asc,1,4,1,4103000.000
ctorMove,int,1000000,fullWidth,asc,0,4,1,4080000.000
ctorMove,int,1000000,fullWidth,asc,1,5,1,4096000.000
ctorMove,int,1000000,fullWidth,asc,0,5,1,4062000.000
ctorMove,int,1000000,fullWidth,asc,2,5,1,4132000.000
ctorMove,int,1000000,fullWidth,asc,1,6,1,4097000.000
ctorMove,int,1000000,fullWidth,asc,2,6,1,4140000.000
ctorMove,int,1000000,fullWidth,asc,0,6,1,4123000.000
ctorCopy,int,1000000,fullWidth,asc,0,0,1,4307000.000
ctorCopy,int,1000000,fullWidth,asc,2,0,1,4220000.000
ctorCopy,int,1000000,fullWidth,asc,1,0,1,4228000.000
ctorCopy,int,1000000,fullWidth,asc,2,1,1,4125000.000
ctorCopy,int,1000000,fullWidth,asc,1,1,1,4209000.000
ctorCopy,int,1000000,fullWidth,asc,0,1,1,4144000.000
ctorCopy,int,1000000,fullWidth,asc,2,2,1,4280000.000
ctorCopy,int,1000000,fullWidth,asc,0,2,1,4244000.000
ctorCopy,int,1000000,fullWidth,asc,1,2,1,4259000.000
ctorCopy,int,1000000,fullWidth,asc,2,3,1,4204000.000
ctorCopy,int,1000000,fullWidth,asc,1,3,1,4330000.000
ctorCopy,int,1000000,fullWidth,asc,0,3,1,4287000.000
ctorCopy,int,1000000,fullWidth,asc,1,4,1,4328000.000
ctorCopy,int,1000000,fullWidth,asc,2,4,1,4342000.000
ctorCopy,int,1000000,fullWidth,asc,0,4,1,4284000.000
ctorCopy,int,1000000,fullWidth,asc,1,5,1,4231000.000
ctorCopy,int,1000000,fullWidth,asc,0,5,1,4230000.000
ctorCopy,int,1000000,fullWidth,asc,2,5,1,4252000.000
ctorCopy,int,1000000,fullWidth,asc,2,6,1,4150000.000
ctorCopy,int,1000000,fullWidth,asc,1,6,1,4178000.000
ctorCopy,int,1000000,fullWidth,asc,0,6,1,4186000.000
sort,int,1000000,fullWidth,desc,2,0,1,3958000.000
sort,int,1000000,fullWidth,desc,3,0,1,40211000.000
sort,int,1000000,fullWidth,desc,0,0,1,3769000.000
sort,int,1000000,fullWidth,desc,1,0,1,3845000.000
sort,int,1000000,fullWidth,desc,0,1,1,3816000.000
sort,int,1000000,fullWidth,desc,2,1,1,4019000.000
sort,int,1000000,fullWidth,desc,1,1,1,3718000.000
sort,int,1000000,fullWidth,desc,3,1,1,40152000.000
sort,int,1000000,fullWidth,desc,1,2,1,3946000.000
sort,int,1000000,fullWidth,desc,2,2,1,3945000.000
sort,int,1000000,fullWidth,desc,0,2,1,3910000.000
sort,int,1000000,fullWidth,desc,3,2,1,42765000.000
sort,int,1000000,fullWidth,desc,1,3,1,3942000.000
sort,int,1000000,fullWidth,desc,2,3,1,3939000.000
sort,int,1000000,fullWidth,desc,3,3,1,42542000.000
sort,int,1000000,fullWidth,desc,0,3,1,3971000.000
sort,int,1000000,fullWidth,desc,2,4,1,4139000.000
sort,int,1000000,fullWidth,desc,1,4,1,4393000.000
sort,int,1000000,fullWidth,desc,0,4,1,3809000.000
sort,int,1000000,fullWidth,desc,3,4,1,41824000.000
sort,int,1000000,fullWidth,desc,3,5,1,41965000.000
sort,int,1000000,fullWidth,desc,2,5,1,4059000.000
sort,int,1000000,fullWidth,desc,0,5,1,4162000.000
sort,int,1000000,fullWidth,desc,1,5,1,3806000.000
sort,int,1000000,fullWidth,desc,1,6,1,3955000.000
sort,int,1000000,fullWidth,desc,0,6,1,3845000.000
sort,int,1000000,fullWidth,desc,3,6,1,42293000.000
sort,int,1000000,fullWidth,desc,2,6,1,3941000.000
ctorMove,int,1000000,fullWidth,desc,0,0,1,4176000.000
ctorMove,int,1000000,fullWidth,desc,1,0,1,4481000.000
ctorMove,int,1000000,fullWidth,desc,2,0,1,4448000.000
ctorMove,int,1000000,fullWidth,desc,0,1,1,4535000.000
ctorMove,int,1000000,fullWidth,desc,2,1,1,4520000.000
ctorMove,int,1000000,fullWidth,desc,1,1,1,4214000.000
ctorMove,int,1000000,fullWidth,desc,2,2,1,4265000.000
ctorMove,int,1000000,fullWidth,desc,0,2,1,4198000.000
ctorMove,int,1000000,fullWidth,desc,1,2,1,4358000.000
ctorMove,int,1000000,fullWidth,desc,2,3,1,4344000.000
ctorMove,int,1000000,fullWidth,desc,1,3,1,4492000.000
ctorMove,int,1000000,fullWidth,desc,0,3,1,4335000.000
ctorMove,int,1000000,fullWidth,desc,2,4,1,4195000.000
ctorMove,int,1000000,fullWidth,desc,1,4,1,4367000.000
ctorMove,int,1000000,fullWidth,desc,0,4,1,4192000.000
ctorMove,int,1000000,fullWidth,desc,1,5,1,4104000.000
ctorMove,int,1000000,fullWidth,desc,0,5,1,4187000.000
ctorMove,int,1000000,fullWidth,desc,2,5,1,4391000.000
ctorMove,int,1000000,fullWidth,desc,1,6,1,4117000.000
ctorMove,int,1000000,fullWidth,desc,2,6,1,4419000.000
ctorMove,int,1000000,fullWidth,desc,0,6,1,4278000.000
ctorCopy,int,1000000,fullWidth,desc,0,0,1,4314000.000
ctorCopy,int,1000000,fullWidth,desc,2,0,1,4619000.000
ctorCopy,int,1000000,fullWidth,desc,1,0,1,4257000.000
ctorCopy,int,1000000,fullWidth,desc,2,1,1,4464000.000
ctorCopy,int,1000000,fullWidth,desc,1,1,1,4434000.000
ctorCopy,int,1000000,fullWidth,desc,0,1,1,4574000.000
ctorCopy,int,1000000,fullWidth,desc,2,2,1,4430000.000
ctorCopy,int,1000000,fullWidth,desc,0,2,1,4295000.000
ctorCopy,int,1000000,fullWidth,desc,1,2,1,4248000.000
ctorCopy,int,1000000,fullWidth,desc,2,3,1,4489000.000
ctorCopy,int,1000000,fullWidth,desc,1,3,1,4339000.000
ctorCopy,int,1000000,fullWidth,desc,0,3,1,4379000.000
ctorCopy,int,1000000,fullWidth,desc,1,4,1,4400000.000
ctorCopy,int,1000000,fullWidth,desc,2,4,1,4516000.000
ctorCopy,int,1000000,fullWidth,desc,0,4,1,4415000.000
ctorCopy,int,1000000,fullWidth,desc,1,5,1,4354000.000
ctorCopy,int,1000000,fullWidth,desc,0,5,1,4439000.000
ctorCopy,int,1000000,fullWidth,desc,2,5,1,4517000.000
ctorCopy,int,1000000,fullWidth,desc,2,6,1,4401000.000
ctorCopy,int,1000000,fullWidth,desc,1,6,1,4567000.000
ctorCopy,int,1000000,fullWidth,desc,0,6,1,4644000.000
sort,int,1000000,fewValues,asc,2,0,1,2371000.000
sort,int,1000000,fewValues,asc,1,0,1,2385000.000
sort,int,1000000,fewValues,asc,3,0,1,14240000.000
sort,int,1000000,fewValues,asc,0,0,1,2337000.000
sort,int,1000000,fewValues,asc,0,1,1,2429000.000
sort,int,1000000,fewValues,asc,2,1,1,2410000.000
sort,int,1000000,fewValues,asc,1,1,1,2371000.000
sort,int,1000000,fewValues,asc,3,1,1,14284000.000
sort,int,1000000,fewValues,asc,2,2,1,2370000.000
sort,int,1000000,fewValues,asc,3,2,1,14297000.000
sort,int,1000000,fewValues,asc,1,2,1,2408000.000
sort,int,1000000,fewValues,asc,0,2,1,2404000.000
sort,int,1000000,fewValues,asc,2,3,1,2432000.000
sort,int,1000000,fewValues,asc,1,3,1,2373000.000
sort,int,1000000,fewValues,asc,0,3,1,2398000.000
sort,int,1000000,fewValues,asc,3,3,1,14191000.000
sort,int,1000000,fewValues,asc,0,4,1,2352000.000
sort,int,1000000,fewValues,asc,1,4,1,2394000.000
sort,int,1000000,fewValues,asc,3,4,1,14165000.000
sort,int,1000000,fewValues,asc,2,4,1,2462000.000
sort,int,1000000,fewValues,asc,1,5,1,2367000.000
sort,int,1000000,fewValues,asc,2,5,1,2375000.000
sort,int,1000000,fewValues,asc,0,5,1,2368000.000
sort,int,1000000,fewValues,asc,3,5,1,14265000.000
sort,int,1000000,fewValues,asc,1,6,1,2414000.000
sort,int,1000000,fewValues,asc,2,6,1,2370000.000
sort,int,1000000,fewValues,asc,3,6,1,14374000.000
sort,int,1000000,fewValues,asc,0,6,1,2370000.000
ctorMove,int,1000000,fewValues,asc,1,0,1,2831000.000
ctorMove,int,1000000,fewValues,asc,2,0,1,2853000.000
ctorMove,int,1000000,fewValues,asc,0,0,1,3048000.000
ctorMove,int,1000000,fewValues,asc,1,1,1,2825000.000
ctorMove,int,1000000,fewValues,asc,0,1,1,2780000.000
ctorMove,int,1000000,fewValues,asc,2,1,1,2868000.000
ctorMove,int,1000000,fewValues,asc,0,2,1,2768000.000
ctorMove,int,1000000,fewValues,asc,1,2,1,2841000.000
ctorMove,int,1000000,fewValues,asc,2,2,1,2793000.000
ctorMove,int,1000000,fewValues,asc,2,3,1,2782000.000
ctorMove,int,1000000,fewValues,asc,0,3,1,2821000.000
ctorMove,int,1000000,fewValues,asc,1,3,1,2785000.000
ctorMove,int,1000000,fewValues,asc,1,4,1,2789000.000
ctorMove,int,1000000,fewValues,asc,2,4,1,2854000.000
ctorMove,int,1000000,fewValues,asc,0,4,1,2794000.000
ctorMove,int,1000000,fewValues,asc,0,5,1,2774000.000
ctorMove,int,1000000,fewValues,asc,2,5,1,2958000.000
ctorMove,int,1000000,fewValues,asc,1,5,1,2800000.000
ctorMove,int,1000000,fewValues,asc,0,6,1,2806000.000
ctorMove,int,1000000,fewValues,asc,2,6,1,2803000.000
ctorMove,int,1000000,fewValues,asc,1,6,1,2792000.000
ctorCopy,int,1000000,fewValues,asc,2,0,1,3098000.000
ctorCopy,int,1000000,fewValues,asc,1,0,1,2950000.000
ctorCopy,int,1000000,fewValues,asc,0,0,1,3008000.000
ctorCopy,int,1000000,fewValues,asc,2,1,1,2965000.000
ctorCopy,int,1000000,fewValues,asc,1,1,1,2952000.000
ctorCopy,int,1000000,fewValues,asc,0,1,1,2934000.000
ctorCopy,int,1000000,fewValues,asc,0,2,1,2937000.000
ctorCopy,int,1000000,fewValues,asc,1,2,1,2991000.000
ctorCopy,int,1000000,fewValues,asc,2,2,1,3071000.000
ctorCopy,int,1000000,fewValues,asc,0,3,1,2883000.000
ctorCopy,int,1000000,fewValues,asc,1,3,1,2985000.000
ctorCopy,int,1000000,fewValues,asc,2,3,1,3016000.000
ctorCopy,int,1000000,fewValues,asc,0,4,1,3051000.000
ctorCopy,int,1000000,fewValues,asc,1,4,1,2951000.000
ctorCopy,int,1000000,fewValues,asc,2,4,1,2971000.000
ctorCopy,int,1000000,fewValues,asc,0,5,1,2919000.000
ctorCopy,int,1000000,fewValues,asc,1,5,1,3041000.000
ctorCopy,int,1000000,fewValues,asc,2,5,1,3021000.000
ctorCopy,int,1000000,fewValues,asc,2,6,1,3002000.000
ctorCopy,int,1000000,fewValues,asc,1,6,1,3083000.000
ctorCopy,int,1000000,fewValues,asc,0,6,1,3130000.000
sort,int,1000000,fewValues,desc,2,0,1,2524000.000
sort,int,1000000,fewValues,desc,1,0,1,2382000.000
sort,int,1000000,fewValues,desc,3,0,1,13845000.000
sort,int,1000000,fewValues,desc,0,0,1,2385000.000
sort,int,1000000,fewValues,desc,0,1,1,2408000.000
sort,int,1000000,fewValues,desc,2,1,1,2603000.000
sort,int,1000000,fewValues,desc,1,1,1,2428000.000
sort,int,1000000,fewValues,desc,3,1,1,13964000.000
sort,int,1000000,fewValues,desc,2,2,1,2509000.000
sort,int,1000000,fewValues,desc,3,2,1,13965000.000
sort,int,1000000,fewValues,desc,1,2,1,2407000.000
sort,int,1000000,fewValues,desc,0,2,1,2392000.000
sort,int,1000000,fewValues,desc,2,3,1,2547000.000
sort,int,1000000,fewValues,desc,1,3,1,2395000.000
sort,int,1000000,fewValues,desc,0,3,1,2485000.000
sort,int,1000000,fewValues,desc,3,3,1,14437000.000
sort,int,1000000,fewValues,desc,0,4,1,2468000.000
sort,int,1000000,fewValues,desc,1,4,1,2407000.000
sort,int,1000000,fewValues,desc,3,4,1,15156000.000
sort,int,1000000,fewValues,desc,2,4,1,2907000.000
sort,int,1000000,fewValues,desc,1,5,1,2359000.000
sort,int,1000000,fewValues,desc,2,5,1,2539000.000
sort,int,1000000,fewValues,desc,0,5,1,2397000.000
sort,int,1000000,fewValues,desc,3,5,1,14196000.000
sort,int,1000000,fewValues,desc,1,6,1,2798000.000
sort,int,1000000,fewValues,desc,2,6,1,2900000.000
sort,int,1000000,fewValues,desc,3,6,1,15721000.000
sort,int,1000000,fewValues,desc,0,6,1,2551000.000
ctorMove,int,1000000,fewValues,desc,1,0,1,2889000.000
ctorMove,int,1000000,fewValues,desc,2,0,1,3128000.000
ctorMove,int,1000000,fewValues,desc,0,0,1,2942000.000
ctorMove,int,1000000,fewValues,desc,1,1,1,2883000.000
ctorMove,int,1000000,fewValues,desc,0,1,1,2932000.000
ctorMove,int,1000000,fewValues,desc,2,1,1,3095000.000
ctorMove,int,1000000,fewValues,desc,0,2,1,2937000.000
ctorMove,int,1000000,fewValues,desc,1,2,1,3001000.000
ctorMove,int,1000000,fewValues,desc,2,2,1,3122000.000
ctorMove,int,1000000,fewValues,desc,2,3,1,2994000.000
ctorMove,int,1000000,fewValues,desc,0,3,1,3024000.000
ctorMove,int,1000000,fewValues,desc,1,3,1,2942000.000
ctorMove,int,1000000,fewValues,desc,1,4,1,3058000.000
ctorMove,int,1000000,fewValues,desc,2,4,1,3098000.000
ctorMove,int,1000000,fewValues,desc,0,4,1,2831000.000
ctorMove,int,1000000,fewValues,desc,0,5,1,3164000.000
ctorMove,int,1000000,fewValues,desc,2,5,1,3045000.000
ctorMove,int,1000000,fewValues,desc,1,5,1,2996000.000
ctorMove,int,1000000,fewValues,desc,0,6,1,2933000.000
ctorMove,int,1000000,fewValues,desc,2,6,1,3146000.000
ctorMove,int,1000000,fewValues,desc,1,6,1,3031000.000
ctorCopy,int,1000000,fewValues,desc,2,0,1,3415000.000
ctorCopy,int,1000000,fewValues,desc,1,0,1,3336000.000
ctorCopy,int,1000000,fewValues,desc,0,0,1,3089000.000
ctorCopy,int,1000000,fewValues,desc,2,1,1,3415000.000
ctorCopy,int,1000000,fewValues,desc,1,1,1,3091000.000
ctorCopy,int,1000000,fewValues,desc,0,1,1,3163000.000
ctorCopy,int,1000000,fewValues,desc,0,2,1,3164000.000
ctorCopy,int,1000000,fewValues,desc,1,2,1,2989000.000
ctorCopy,int,1000000,fewValues,desc,2,2,1,3221000.000
ctorCopy,int,1000000,fewValues,desc,0,3,1,3153000.000
ctorCopy,int,1000000,fewValues,desc,1,3,1,3273000.000
ctorCopy,int,1000000,fewValues,desc,2,3,1,3393000.000
ctorCopy,int,1000000,fewValues,desc,0,4,1,3161000.000
ctorCopy,int,1000000,fewValues,desc,1,4,1,3223000.000
ctorCopy,int,1000000,fewValues,desc,2,4,1,3329000.000
ctorCopy,int,1000000,fewValues,desc,0,5,1,3119000.000
ctorCopy,int,1000000,fewValues,desc,1,5,1,3304000.000
ctorCopy,int,1000000,fewValues,desc,2,5,1,3350000.000
ctorCopy,int,1000000,fewValues,desc,2,6,1,3291000.000
ctorCopy,int,1000000,fewValues,desc,1,6,1,3061000.000
ctorCopy,int,1000000,fewValues,desc,0,6,1,3124000.000
sort,int,1000000,gaps,asc,2,0,1,4292000.000
sort,int,1000000,gaps,asc,1,0,1,4248000.000
sort,int,1000000,gaps,asc,0,0,1,2749000.000
sort,int,1000000,gaps,asc,3,0,1,21137000.000
sort,int,1000000,gaps,asc,1,1,1,4317000.000
sort,int,1000000,gaps,asc,0,1,1,2970000.000
sort,int,1000000,gaps,asc,3,1,1,21565000.000
sort,int,1000000,gaps,asc,2,1,1,4069000.000
sort,int,1000000,gaps,asc,1,2,1,4214000.000
sort,int,1000000,gaps,asc,2,2,1,4254000.000
sort,int,1000000,gaps,asc,0,2,1,2957000.000
sort,int,1000000,gaps,asc,3,2,1,21684000.000
sort,int,1000000,gaps,asc,1,3,1,4139000.000
sort,int,1000000,gaps,asc,2,3,1,4289000.000
sort,int,1000000,gaps,asc,0,3,1,2901000.000
sort,int,1000000,gaps,asc,3,3,1,21163000.000
sort,int,1000000,gaps,asc,1,4,1,4125000.000
sort,int,1000000,gaps,asc,0,4,1,2946000.000
sort,int,1000000,gaps,asc,2,4,1,4064000.000
sort,int,1000000,gaps,asc,3,4,1,21708000.000
sort,int,1000000,gaps,asc,1,5,1,4186000.000
sort,int,1000000,gaps,asc,3,5,1,21662000.000
sort,int,1000000,gaps,asc,2,5,1,4623000.000
sort,int,1000000,gaps,asc,0,5,1,3070000.000
sort,int,1000000,gaps,asc,0,6,1,2977000.000
sort,int,1000000,gaps,asc,3,6,1,22476000.000
sort,int,1000000,gaps,asc,1,6,1,4425000.000
sort,int,1000000,gaps,asc,2,6,1,4682000.000
ctorMove,int,1000000,gaps,asc,1,0,1,4621000.000
ctorMove,int,1000000,gaps,asc,0,0,1,3244000.000
ctorMove,int,1000000,gaps,asc,2,0,1,4439000.000
ctorMove,int,1000000,gaps,asc,0,1,1,3222000.000
ctorMove,int,1000000,gaps,asc,2,1,1,4512000.000
ctorMove,int,1000000,gaps,asc,1,1,1,4385000.000
ctorMove,int,1000000,gaps,asc,0,2,1,3279000.000
ctorMove,int,1000000,gaps,asc,1,2,1,4477000.000
ctorMove,int,1000000,gaps,asc,2,2,1,4651000.000
ctorMove,int,1000000,gaps,asc,1,3,1,4552000.000
ctorMove,int,1000000,gaps,asc,0,3,1,3175000.000
ctorMove,int,1000000,gaps,asc,2,3,1,4257000.000
ctorMove,int,1000000,gaps,asc,0,4,1,3390000.000
ctorMove,int,1000000,gaps,asc,1,4,1,4575000.000
ctorMove,int,1000000,gaps,asc,2,4,1,4618000.000
ctorMove,int,1000000,gaps,asc,2,5,1,4401000.000
ctorMove,int,1000000,gaps,asc,0,5,1,3263000.000
ctorMove,int,1000000,gaps,asc,1,5,1,4392000.000
ctorMove,int,1000000,gaps,asc,0,6,1,4649000.000
ctorMove,int,1000000,gaps,asc,2,6,1,4640000.000
ctorMove,int,1000000,gaps,asc,1,6,1,4591000.000
ctorCopy,int,1000000,gaps,asc,1,0,1,4544000.000
ctorCopy,int,1000000,gaps,asc,0,0,1,3606000.000
ctorCopy,int,1000000,gaps,asc,2,0,1,4680000.000
ctorCopy,int,1000000,gaps,asc,2,1,1,4716000.000
ctorCopy,int,1000000,gaps,asc,1,1,1,4708000.000
ctorCopy,int,1000000,gaps,asc,0,1,1,3593000.000
ctorCopy,int,1000000,gaps,asc,2,2,1,4599000.000
ctorCopy,int,1000000,gaps,asc,1,2,1,4568000.000
ctorCopy,int,1000000,gaps,asc,0,2,1,3442000.000
ctorCopy,int,1000000,gaps,asc,2,3,1,4620000.000
ctorCopy,int,1000000,gaps,asc,0,3,1,3406000.000
ctorCopy,int,1000000,gaps,asc,1,3,1,4692000.000
ctorCopy,int,1000000,gaps,asc,0,4,1,3337000.000
ctorCopy,int,1000000,gaps,asc,2,4,1,4705000.000
ctorCopy,int,1000000,gaps,asc,1,4,1,4709000.000
ctorCopy,int,1000000,gaps,asc,2,5,1,4534000.000
ctorCopy,int,1000000,gaps,asc,1,5,1,4635000.000
ctorCopy,int,1000000,gaps,asc,0,5,1,3481000.000
ctorCopy,int,1000000,gaps,asc,2,6,1,4649000.000
ctorCopy,int,1000000,gaps,asc,1,6,1,4498000.000
ctorCopy,int,1000000,gaps,asc,0,6,1,3638000.000
sort,int,1000000,gaps,desc,2,0,1,4870000.000
sort,int,1000000,gaps,desc,1,0,1,4624000.000
sort,int,1000000,gaps,desc,0,0,1,3155000.000
sort,int,1000000,gaps,desc,3,0,1,22037000.000
sort,int,1000000,gaps,desc,1,1,1,4074000.000
sort,int,1000000,gaps,desc,0,1,1,2794000.000
sort,int,1000000,gaps,desc,3,1,1,21327000.000
sort,int,1000000,gaps,desc,2,1,1,4348000.000
sort,int,1000000,gaps,desc,1,2,1,4103000.000
sort,int,1000000,gaps,desc,2,2,1,4345000.000
sort,int,1000000,gaps,desc,0,2,1,2792000.000
sort,int,1000000,gaps,desc,3,2,1,21221000.000
sort,int,1000000,gaps,desc,1,3,1,4264000.000
sort,int,1000000,gaps,desc,2,3,1,4143000.000
sort,int,1000000,gaps,desc,0,3,1,2895000.000
sort,int,1000000,gaps,desc,3,3,1,21292000.000
sort,int,1000000,gaps,desc,1,4,1,3997000.000
sort,int,1000000,gaps,desc,0,4,1,2760000.000
sort,int,1000000,gaps,desc,2,4,1,4049000.000
sort,int,1000000,gaps,desc,3,4,1,20896000.000
sort,int,1000000,gaps,desc,1,5,1,3908000.000
sort,int,1000000,gaps,desc,3,5,1,20943000.000
sort,int,1000000,gaps,desc,2,5,1,4040000.000
sort,int,1000000,gaps,desc,0,5,1,2800000.000
sort,int,1000000,gaps,desc,0,6,1,2784000.000
sort,int,1000000,gaps,desc,3,6,1,20952000.000
sort,int,1000000,gaps,desc,1,6,1,3978000.000
sort,int,1000000,gaps,desc,2,6,1,4050000.000
ctorMove,int,1000000,gaps,desc,1,0,1,4451000.000
ctorMove,int,1000000,gaps,desc,0,0,1,3261000.000
ctorMove,int,1000000,gaps,desc,2,0,1,4555000.000
ctorMove,int,1000000,gaps,desc,0,1,1,3250000.000
ctorMove,int,1000000,gaps,desc,2,1,1,4519000.000
ctorMove,int,1000000,gaps,desc,1,1,1,4334000.000
ctorMove,int,1000000,gaps,desc,0,2,1,3286000.000
ctorMove,int,1000000,gaps,desc,1,2,1,4283000.000
ctorMove,int,1000000,gaps,desc,2,2,1,4526000.000
ctorMove,int,1000000,gaps,desc,1,3,1,4458000.000
ctorMove,int,1000000,gaps,desc,0,3,1,3226000.000
ctorMove,int,1000000,gaps,desc,2,3,1,4469000.000
ctorMove,int,1000000,gaps,desc,0,4,1,3159000.000
ctorMove,int,1000000,gaps,desc,1,4,1,4226000.000
ctorMove,int,1000000,gaps,desc,2,4,1,4603000.000
ctorMove,int,1000000,gaps,desc,2,5,1,4630000.000
ctorMove,int,1000000,gaps,desc,0,5,1,3231000.000
ctorMove,int,1000000,gaps,desc,1,5,1,4378000.000
ctorMove,int,1000000,gaps,desc,0,6,1,3262000.000
ctorMove,int,1000000,gaps,desc,2,6,1,4464000.000
ctorMove,int,1000000,gaps,desc,1,6,1,4354000.000
ctorCopy,int,1000000,gaps,desc,1,0,1,4623000.000
ctorCopy,int,1000000,gaps,desc,0,0,1,3441000.000
ctorCopy,int,1000000,gaps,desc,2,0,1,4837000.000
ctorCopy,int,1000000,gaps,desc,2,1,1,4600000.000
ctorCopy,int,1000000,gaps,desc,1,1,1,4529000.000
ctorCopy,int,1000000,gaps,desc,0,1,1,3413000.000
ctorCopy,int,1000000,gaps,desc,2,2,1,4904000.000
ctorCopy,int,1000000,gaps,desc,1,2,1,4668000.000
ctorCopy,int,1000000,gaps,desc,0,2,1,3467000.000
ctorCopy,int,1000000,gaps,desc,2,3,1,4962000.000
ctorCopy,int,1000000,gaps,desc,0,3,1,3470000.000
ctorCopy,int,1000000,gaps,desc,1,3,1,4588000.000
ctorCopy,int,1000000,gaps,desc,0,4,1,3438000.000
ctorCopy,int,1000000,gaps,desc,2,4,1,4681000.000
ctorCopy,int,1000000,gaps,desc,1,4,1,4546000.000
ctorCopy,int,1000000,gaps,desc,2,5,1,4732000.000
ctorCopy,int,1000000,gaps,desc,1,5,1,4496000.000
ctorCopy,int,1000000,gaps,desc,0,5,1,3493000.000
ctorCopy,int,1000000,gaps,desc,2,6,1,4707000.000
ctorCopy,int,1000000,gaps,desc,1,6,1,4548000.000
ctorCopy,int,1000000,gaps,desc,0,6,1,3427000.000
sort,int,1000000,ascending,asc,2,0,4,252250.000
sort,int,1000000,ascending,asc,1,0,5,242800.000
sort,int,1000000,ascending,asc,0,0,5,237600.000
sort,int,1000000,ascending,asc,3,0,1,7259000.000
sort,int,1000000,ascending,asc,2,1,5,238800.000
sort,int,1000000,ascending,asc,3,1,1,7246000.000
sort,int,1000000,ascending,asc,0,1,4,340000.000
sort,int,1000000,ascending,asc,1,1,5,236000.000
sort,int,1000000,ascending,asc,3,2,1,7232000.000
sort,int,1000000,ascending,asc,2,2,3,384333.333
sort,int,1000000,ascending,asc,1,2,5,236400.000
sort,int,1000000,ascending,asc,0,2,5,252000.000
sort,int,1000000,ascending,asc,3,3,1,7361000.000
sort,int,1000000,ascending,asc,1,3,5,243200.000
sort,int,1000000,ascending,asc,0,3,5,236600.000
sort,int,1000000,ascending,asc,2,3,5,242400.000
sort,int,1000000,ascending,asc,3,4,1,7484000.000
sort,int,1000000,ascending,asc,1,4,5,249800.000
sort,int,1000000,ascending,asc,0,4,4,252750.000
sort,int,1000000,ascending,asc,2,4,4,251250.000
sort,int,1000000,ascending,asc,3,5,1,7300000.000
sort,int,1000000,ascending,asc,1,5,4,251250.000
sort,int,1000000,ascending,asc,0,5,4,256250.000
sort,int,1000000,ascending,asc,2,5,4,257250.000
sort,int,1000000,ascending,asc,1,6,4,257500.000
sort,int,1000000,ascending,asc,0,6,4,259250.000
sort,int,1000000,ascending,asc,2,6,4,255000.000
sort,int,1000000,ascending,asc,3,6,1,7276000.000
ctorMove,int,1000000,ascending,asc,0,0,1,629000.000
ctorMove,int,1000000,ascending,asc,2,0,1,717000.000
ctorMove,int,1000000,ascending,asc,1,0,1,799000.000
ctorMove,int,1000000,ascending,asc,2,1,1,640000.000
ctorMove,int,1000000,ascending,asc,0,1,1,637000.000
ctorMove,int,1000000,ascending,asc,1,1,1,623000.000
ctorMove,int,1000000,ascending,asc,1,2,1,675000.000
ctorMove,int,1000000,ascending,asc,0,2,1,703000.000
ctorMove,int,1000000,ascending,asc,2,2,1,686000.000
ctorMove,int,1000000,ascending,asc,1,3,1,606000.000
ctorMove,int,1000000,ascending,asc,0,3,1,631000.000
ctorMove,int,1000000,ascending,asc,2,3,1,747000.000
ctorMove,int,1000000,ascending,asc,0,4,1,609000.000
ctorMove,int,1000000,ascending,asc,2,4,1,631000.000
ctorMove,int,1000000,ascending,asc,1,4,1,621000.000
ctorMove,int,1000000,ascending,asc,2,5,1,657000.000
ctorMove,int,1000000,ascending,asc,0,5,1,622000.000
ctorMove,int,1000000,ascending,asc,1,5,1,618000.000
ctorMove,int,1000000,ascending,asc,1,6,1,624000.000
ctorMove,int,1000000,ascending,asc,0,6,1,630000.000
ctorMove,int,1000000,ascending,asc,2,6,1,625000.000
ctorCopy,int,1000000,ascending,asc,2,0,1,781000.000
ctorCopy,int,1000000,ascending,asc,1,0,1,803000.000
ctorCopy,int,1000000,ascending,asc,0,0,1,870000.000
ctorCopy,int,1000000,ascending,asc,2,1,1,782000.000
ctorCopy,int,1000000,ascending,asc,0,1,1,845000.000
ctorCopy,int,1000000,ascending,asc,1,1,1,796000.000
ctorCopy,int,1000000,ascending,asc,0,2,1,805000.000
ctorCopy,int,1000000,ascending,asc,2,2,1,899000.000
ctorCopy,int,1000000,ascending,asc,1,2,1,897000.000
ctorCopy,int,1000000,ascending,asc,1,3,1,820000.000
ctorCopy,int,1000000,ascending,asc,0,3,1,759000.000
ctorCopy,int,1000000,ascending,asc,2,3,1,867000.000
ctorCopy,int,1000000,ascending,asc,1,4,1,787000.000
ctorCopy,int,1000000,ascending,asc,2,4,1,799000.000
ctorCopy,int,1000000,ascending,asc,0,4,1,787000.000
ctorCopy,int,1000000,ascending,asc,2,5,1,795000.000
ctorCopy,int,1000000,ascending,asc,1,5,1,790000.000
ctorCopy,int,1000000,ascending,asc,0,5,1,839000.000
ctorCopy,int,1000000,ascending,asc,0,6,1,825000.000
ctorCopy,int,1000000,ascending,asc,2,6,1,794000.000
ctorCopy,int,1000000,ascending,asc,1,6,1,953000.000
sort,int,1000000,ascending,desc,2,0,3,381666.667
sort,int,1000000,ascending,desc,1,0,3,369333.333
sort,int,1000000,ascending,desc,0,0,3,373666.667
sort,int,1000000,ascending,desc,3,0,1,5197000.000
sort,int,1000000,ascending,desc,2,1,3,372666.667
sort,int,1000000,ascending,desc,3,1,1,5182000.000
sort,int,1000000,ascending,desc,0,1,3,374000.000
sort,int,1000000,ascending,desc,1,1,3,367333.333
sort,int,1000000,ascending,desc,3,2,1,5231000.000
sort,int,1000000,ascending,desc,2,2,3,365333.333
sort,int,1000000,ascending,desc,1,2,3,387666.667
sort,int,1000000,ascending,desc,0,2,3,363333.333
sort,int,1000000,ascending,desc,3,3,1,5178000.000
sort,int,1000000,ascending,desc,1,3,3,364333.333
sort,int,1000000,ascending,desc,0,3,3,373000.000
sort,int,1000000,ascending,desc,2,3,3,366666.667
sort,int,1000000,ascending,desc,3,4,1,5172000.000
sort,int,1000000,ascending,desc,1,4,3,373000.000
sort,int,1000000,ascending,desc,0,4,3,363666.667
sort,int,1000000,ascending,desc,2,4,3,375333.333
sort,int,1000000,ascending,desc,3,5,1,5166000.000
sort,int,1000000,ascending,desc,1,5,3,362333.333
sort,int,1000000,ascending,desc,0,5,3,372000.000
sort,int,1000000,ascending,desc,2,5,3,375333.333
sort,int,1000000,ascending,desc,1,6,3,367000.000
sort,int,1000000,ascending,desc,0,6,3,366666.667
sort,int,1000000,ascending,desc,2,6,3,381666.667
sort,int,1000000,ascending,desc,3,6,1,5226000.000
ctorMove,int,1000000,ascending,desc,0,0,1,808000.000
ctorMove,int,1000000,ascending,desc,2,0,1,784000.000
ctorMove,int,1000000,ascending,desc,1,0,1,796000.000
ctorMove,int,1000000,ascending,desc,2,1,1,784000.000
ctorMove,int,1000000,ascending,desc,0,1,1,798000.000
ctorMove,int,1000000,ascending,desc,1,1,1,788000.000
ctorMove,int,1000000,ascending,desc,1,2,1,789000.000
ctorMove,int,1000000,ascending,desc,0,2,1,818000.000
ctorMove,int,1000000,ascending,desc,2,2,1,767000.000
ctorMove,int,1000000,ascending,desc,1,3,1,768000.000
ctorMove,int,1000000,ascending,desc,0,3,1,747000.000
ctorMove,int,1000000,ascending,desc,2,3,1,742000.000
ctorMove,int,1000000,ascending,desc,0,4,1,800000.000
ctorMove,int,1000000,ascending,desc,2,4,1,769000.000
ctorMove,int,1000000,ascending,desc,1,4,1,810000.000
ctorMove,int,1000000,ascending,desc,2,5,1,733000.000
ctorMove,int,1000000,ascending,desc,0,5,1,867000.000
ctorMove,int,1000000,ascending,desc,1,5,1,752000.000
ctorMove,int,1000000,ascending,desc,1,6,1,797000.000
ctorMove,int,1000000,ascending,desc,0,6,1,765000.000
ctorMove,int,1000000,ascending,desc,2,6,1,777000.000
ctorCopy,int,1000000,ascending,desc,2,0,1,945000.000
ctorCopy,int,1000000,ascending,desc,1,0,1,975000.000
ctorCopy,int,1000000,ascending,desc,0,0,1,924000.000
ctorCopy,int,1000000,ascending,desc,2,1,1,948000.000
ctorCopy,int,1000000,ascending,desc,0,1,1,950000.000
ctorCopy,int,1000000,ascending,desc,1,1,1,1031000.000
ctorCopy,int,1000000,ascending,desc,0,2,1,935000.000
ctorCopy,int,1000000,ascending,desc,2,2,1,935000.000
ctorCopy,int,1000000,ascending,desc,1,2,1,930000.000
ctorCopy,int,1000000,ascending,desc,1,3,1,905000.000
ctorCopy,int,1000000,ascending,desc,0,3,1,961000.000
ctorCopy,int,1000000,ascending,desc,2,3,1,907000.000
ctorCopy,int,1000000,ascending,desc,1,4,1,924000.000
ctorCopy,int,1000000,ascending,desc,2,4,1,889000.000
ctorCopy,int,1000000,ascending,desc,0,4,1,953000.000
ctorCopy,int,1000000,ascending,desc,2,5,1,964000.000
ctorCopy,int,1000000,ascending,desc,1,5,1,946000.000
ctorCopy,int,1000000,ascending,desc,0,5,1,975000.000
ctorCopy,int,1000000,ascending,desc,0,6,1,960000.000
ctorCopy,int,1000000,ascending,desc,2,6,1,989000.000
ctorCopy,int,1000000,ascending,desc,1,6,1,949000.000
sort,int,1000000,descending,asc,2,0,3,378000.000
sort,int,1000000,descending,asc,0,0,3,388000.000
sort,int,1000000,descending,asc,3,0,1,5183000.000
sort,int,1000000,descending,asc,1,0,3,366333.333
sort,int,1000000,descending,asc,3,1,1,5267000.000
sort,int,1000000,descending,asc,0,1,3,376333.333
sort,int,1000000,descending,asc,2,1,3,366666.667
sort,int,1000000,descending,asc,1,1,3,370666.667
sort,int,1000000,descending,asc,3,2,1,5226000.000
sort,int,1000000,descending,asc,1,2,3,377333.333
sort,int,1000000,descending,asc,0,2,3,366000.000
sort,int,1000000,descending,asc,2,2,3,376666.667
sort,int,1000000,descending,asc,2,3,3,376333.333
sort,int,1000000,descending,asc,0,3,3,369333.333
sort,int,1000000,descending,asc,1,3,3,381000.000
sort,int,1000000,descending,asc,3,3,1,5199000.000
sort,int,1000000,descending,asc,3,4,1,5248000.000
sort,int,1000000,descending,asc,0,4,3,373000.000
sort,int,1000000,descending,asc,1,4,3,391333.333
sort,int,1000000,descending,asc,2,4,3,376666.667
sort,int,1000000,descending,asc,3,5,1,5157000.000
sort,int,1000000,descending,asc,1,5,3,371333.333
sort,int,1000000,descending,asc,0,5,3,372000.000
sort,int,1000000,descending,asc,2,5,3,382666.667
sort,int,1000000,descending,asc,2,6,3,390333.333
sort,int,1000000,descending,asc,3,6,1,5290000.000
sort,int,1000000,descending,asc,0,6,3,379666.667
sort,int,1000000,descending,asc,1,6,3,387000.000
ctorMove,int,1000000,descending,asc,2,0,1,769000.000
ctorMove,int,1000000,descending,asc,1,0,1,846000.000
ctorMove,int,1000000,descending,asc,0,0,1,811000.000
ctorMove,int,1000000,descending,asc,2,1,1,784000.000
ctorMove,int,1000000,descending,asc,0,1,1,811000.000
ctorMove,int,1000000,descending,asc,1,1,1,830000.000
ctorMove,int,1000000,descending,asc,0,2,1,782000.000
ctorMove,int,1000000,descending,asc,2,2,1,814000.000
ctorMove,int,1000000,descending,asc,1,2,1,756000.000
ctorMove,int,1000000,descending,asc,2,3,1,821000.000
ctorMove,int,1000000,descending,asc,1,3,1,776000.000
ctorMove,int,1000000,descending,asc,0,3,1,796000.000
ctorMove,int,1000000,descending,asc,1,4,1,823000.000
ctorMove,int,1000000,descending,asc,2,4,1,787000.000
ctorMove,int,1000000,descending,asc,0,4,1,815000.000
ctorMove,int,1000000,descending,asc,0,5,1,785000.000
ctorMove,int,1000000,descending,asc,2,5,1,801000.000
ctorMove,int,1000000,descending,asc,1,5,1,765000.000
ctorMove,int,1000000,descending,asc,0,6,1,814000.000
ctorMove,int,1000000,descending,asc,1,6,1,799000.000
ctorMove,int,1000000,descending,asc,2,6,1,803000.000
ctorCopy,int,1000000,descending,asc,1,0,1,937000.000
ctorCopy,int,1000000,descending,asc,2,0,1,968000.000
ctorCopy,int,1000000,descending,asc,0,0,1,940000.000
ctorCopy,int,1000000,descending,asc,0,1,1,1015000.000
ctorCopy,int,1000000,descending,asc,1,1,1,937000.000
ctorCopy,int,1000000,descending,asc,2,1,1,961000.000
ctorCopy,int,1000000,descending,asc,0,2,1,987000.000
ctorCopy,int,1000000,descending,asc,2,2,1,935000.000
ctorCopy,int,1000000,descending,asc,1,2,1,1035000.000
ctorCopy,int,1000000,descending,asc,1,3,1,935000.000
ctorCopy,int,1000000,descending,asc,0,3,1,1023000.000
ctorCopy,int,1000000,descending,asc,2,3,1,960000.000
ctorCopy,int,1000000,descending,asc,0,4,1,1015000.000
ctorCopy,int,1000000,descending,asc,2,4,1,1008000.000
ctorCopy,int,1000000,descending,asc,1,4,1,1001000.000
ctorCopy,int,1000000,descending,asc,1,5,1,1001000.000
ctorCopy,int,1000000,descending,asc,2,5,1,997000.000
ctorCopy,int,1000000,descending,asc,0,5,1,995000.000
ctorCopy,int,1000000,descending,asc,2,6,1,1015000.000
ctorCopy,int,1000000,descending,asc,0,6,1,1049000.000
ctorCopy,int,1000000,descending,asc,1,6,1,981000.000
sort,int,1000000,descending,desc,2,0,3,502333.333
sort,int,1000000,descending,desc,0,0,4,286250.000
sort,int,1000000,descending,desc,3,0,1,7222000.000
sort,int,1000000,descending,desc,1,0,5,234200.000
sort,int,1000000,descending,desc,3,1,1,7389000.000
sort,int,1000000,descending,desc,0,1,5,242000.000
sort,int,1000000,descending,desc,2,1,2,550000.000
sort,int,1000000,descending,desc,1,1,5,241600.000
sort,int,1000000,descending,desc,3,2,1,7409000.000
sort,int,1000000,descending,desc,1,2,5,240400.000
sort,int,1000000,descending,desc,0,2,5,240800.000
sort,int,1000000,descending,desc,2,2,2,536000.000
sort,int,1000000,descending,desc,2,3,2,519500.000
sort,int,1000000,descending,desc,0,3,5,243400.000
sort,int,1000000,descending,desc,1,3,5,242200.000
sort,int,1000000,descending,desc,3,3,1,7282000.000
sort,int,1000000,descending,desc,3,4,1,7278000.000
sort,int,1000000,descending,desc,0,4,5,239000.000
sort,int,1000000,descending,desc,1,4,5,243400.000
sort,int,1000000,descending,desc,2,4,2,532500.000
sort,int,1000000,descending,desc,3,5,1,7297000.000
sort,int,1000000,descending,desc,1,5,5,238000.000
sort,int,1000000,descending,desc,0,5,5,237200.000
sort,int,1000000,descending,desc,2,5,2,542000.000
sort,int,1000000,descending,desc,2,6,2,530000.000
sort,int,1000000,descending,desc,3,6,1,7245000.000
sort,int,1000000,descending,desc,0,6,5,235600.000
sort,int,1000000,descending,desc,1,6,5,246600.000
ctorMove,int,1000000,descending,desc,2,0,1,914000.000
ctorMove,int,1000000,descending,desc,1,0,1,673000.000
ctorMove,int,1000000,descending,desc,0,0,1,613000.000
ctorMove,int,1000000,descending,desc,2,1,1,943000.000
ctorMove,int,1000000,descending,desc,0,1,1,687000.000
ctorMove,int,1000000,descending,desc,1,1,1,627000.000
ctorMove,int,1000000,descending,desc,0,2,1,645000.000
ctorMove,int,1000000,descending,desc,2,2,1,994000.000
ctorMove,int,1000000,descending,desc,1,2,1,626000.000
ctorMove,int,1000000,descending,desc,2,3,1,919000.000
ctorMove,int,1000000,descending,desc,1,3,1,614000.000
ctorMove,int,1000000,descending,desc,0,3,1,680000.000
ctorMove,int,1000000,descending,desc,1,4,1,619000.000
ctorMove,int,1000000,descending,desc,2,4,1,925000.000
ctorMove,int,1000000,descending,desc,0,4,1,634000.000
ctorMove,int,1000000,descending,desc,0,5,1,619000.000
ctorMove,int,1000000,descending,desc,2,5,1,970000.000
ctorMove,int,1000000,descending,desc,1,5,1,714000.000
ctorMove,int,1000000,descending,desc,0,6,1,618000.000
ctorMove,int,1000000,descending,desc,1,6,1,618000.000
ctorMove,int,1000000,descending,desc,2,6,1,927000.000
ctorCopy,int,1000000,descending,desc,1,0,1,786000.000
ctorCopy,int,1000000,descending,desc,2,0,1,1059000.000
ctorCopy,int,1000000,descending,desc,0,0,1,786000.000
ctorCopy,int,1000000,descending,desc,0,1,1,810000.000
ctorCopy,int,1000000,descending,desc,1,1,1,777000.000
ctorCopy,int,1000000,descending,desc,2,1,1,1073000.000
ctorCopy,int,1000000,descending,desc,0,2,1,783000.000
ctorCopy,int,1000000,descending,desc,2,2,1,1083000.000
ctorCopy,int,1000000,descending,desc,1,2,1,776000.000
ctorCopy,int,1000000,descending,desc,1,3,1,782000.000
ctorCopy,int,1000000,descending,desc,0,3,1,790000.000
ctorCopy,int,1000000,descending,desc,2,3,1,1080000.000
ctorCopy,int,1000000,descending,desc,0,4,1,865000.000
ctorCopy,int,1000000,descending,desc,2,4,1,1103000.000
ctorCopy,int,1000000,descending,desc,1,4,1,800000.000
ctorCopy,int,1000000,descending,desc,1,5,1,835000.000
ctorCopy,int,1000000,descending,desc,2,5,1,1087000.000
ctorCopy,int,1000000,descending,desc,0,5,1,839000.000
ctorCopy,int,1000000,descending,desc,2,6,1,1084000.000
ctorCopy,int,1000000,descending,desc,0,6,1,800000.000
ctorCopy,int,1000000,descending,desc,1,6,1,793000.000
sort,int,1000000,nearly,asc,3,0,1,9069000.000
sort,int,1000000,nearly,asc,0,0,1,5016000.000
sort,int,1000000,nearly,asc,2,0,1,5207000.000
sort,int,1000000,nearly,asc,1,0,1,5019000.000
sort,int,1000000,nearly,asc,1,1,1,5010000.000
sort,int,1000000,nearly,asc,0,1,1,5032000.000
sort,int,1000000,nearly,asc,2,1,1,5104000.000
sort,int,1000000,nearly,asc,3,1,1,9087000.000
sort,int,1000000,nearly,asc,2,2,1,5125000.000
sort,int,1000000,nearly,asc,1,2,1,5124000.000
sort,int,1000000,nearly,asc,0,2,1,5232000.000
sort,int,1000000,nearly,asc,3,2,1,9077000.000
sort,int,1000000,nearly,asc,3,3,1,9120000.000
sort,int,1000000,nearly,asc,2,3,1,5068000.000
sort,int,1000000,nearly,asc,1,3,1,5291000.000
sort,int,1000000,nearly,asc,0,3,1,4987000.000
sort,int,1000000,nearly,asc,2,4,1,5099000.000
sort,int,1000000,nearly,asc,1,4,1,4902000.000
sort,int,1000000,nearly,asc,0,4,1,5047000.000
sort,int,1000000,nearly,asc,3,4,1,9113000.000
sort,int,1000000,nearly,asc,0,5,1,4998000.000
sort,int,1000000,nearly,asc,1,5,1,5061000.000
sort,int,1000000,nearly,asc,3,5,1,9071000.000
sort,int,1000000,nearly,asc,2,5,1,4917000.000
sort,int,1000000,nearly,asc,1,6,1,5085000.000
sort,int,1000000,nearly,asc,2,6,1,4922000.000
sort,int,1000000,nearly,asc,3,6,1,9064000.000
sort,int,1000000,nearly,asc,0,6,1,5079000.000
ctorMove,int,1000000,nearly,asc,1,0,1,5515000.000
ctorMove,int,1000000,nearly,asc,2,0,1,5460000.000
ctorMove,int,1000000,nearly,asc,0,0,1,5348000.000
ctorMove,int,1000000,nearly,asc,0,1,1,5686000.000
ctorMove,int,1000000,nearly,asc,1,1,1,5895000.000
ctorMove,int,1000000,nearly,asc,2,1,1,5573000.000
ctorMove,int,1000000,nearly,asc,0,2,1,5540000.000
ctorMove,int,1000000,nearly,asc,1,2,1,5854000.000
ctorMove,int,1000000,nearly,asc,2,2,1,5715000.000
ctorMove,int,1000000,nearly,asc,1,3,1,5292000.000
ctorMove,int,1000000,nearly,asc,2,3,1,5379000.000
ctorMove,int,1000000,nearly,asc,0,3,1,5470000.000
ctorMove,int,1000000,nearly,asc,1,4,1,5717000.000
ctorMove,int,1000000,nearly,asc,2,4,1,5267000.000
ctorMove,int,1000000,nearly,asc,0,4,1,5387000.000
ctorMove,int,1000000,nearly,asc,2,5,1,5339000.000
ctorMove,int,1000000,nearly,asc,0,5,1,5423000.000
ctorMove,int,1000000,nearly,asc,1,5,1,5601000.000
ctorMove,int,1000000,nearly,asc,2,6,1,5290000.000
ctorMove,int,1000000,nearly,asc,1,6,1,5462000.000
ctorMove,int,1000000,nearly,asc,0,6,1,5509000.000
ctorCopy,int,1000000,nearly,asc,0,0,1,5454000.000
ctorCopy,int,1000000,nearly,asc,2,0,1,5416000.000
ctorCopy,int,1000000,nearly,asc,1,0,1,5722000.000
ctorCopy,int,1000000,nearly,asc,0,1,1,5683000.000
ctorCopy,int,1000000,nearly,asc,1,1,1,5808000.000
ctorCopy,int,1000000,nearly,asc,2,1,1,5452000.000
ctorCopy,int,1000000,nearly,asc,2,2,1,5464000.000
ctorCopy,int,1000000,nearly,asc,0,2,1,5567000.000
ctorCopy,int,1000000,nearly,asc,1,2,1,5546000.000
ctorCopy,int,1000000,nearly,asc,0,3,1,5534000.000
ctorCopy,int,1000000,nearly,asc,1,3,1,5552000.000
ctorCopy,int,1000000,nearly,asc,2,3,1,5637000.000
ctorCopy,int,1000000,nearly,asc,2,4,1,5676000.000
ctorCopy,int,1000000,nearly,asc,1,4,1,5730000.000
ctorCopy,int,1000000,nearly,asc,0,4,1,5636000.000
ctorCopy,int,1000000,nearly,asc,0,5,1,5642000.000
ctorCopy,int,1000000,nearly,asc,1,5,1,5668000.000
ctorCopy,int,1000000,nearly,asc,2,5,1,5554000.000
ctorCopy,int,1000000,nearly,asc,1,6,1,5796000.000
ctorCopy,int,1000000,nearly,asc,2,6,1,5556000.000
ctorCopy,int,1000000,nearly,asc,0,6,1,5695000.000
sort,int,1000000,nearly,desc,3,0,1,13403000.000
sort,int,1000000,nearly,desc,0,0,1,5282000.000
sort,int,1000000,nearly,desc,2,0,1,5192000.000
sort,int,1000000,nearly,desc,1,0,1,5123000.000
sort,int,1000000,nearly,desc,1,1,1,4968000.000
sort,int,1000000,nearly,desc,0,1,1,5365000.000
sort,int,1000000,nearly,desc,2,1,1,5096000.000
sort,int,1000000,nearly,desc,3,1,1,13397000.000
sort,int,1000000,nearly,desc,2,2,1,5148000.000
sort,int,1000000,nearly,desc,1,2,1,5037000.000
sort,int,1000000,nearly,desc,0,2,1,5194000.000
sort,int,1000000,nearly,desc,3,2,1,13382000.000
sort,int,1000000,nearly,desc,3,3,1,13327000.000
sort,int,1000000,nearly,desc,2,3,1,5299000.000
sort,int,1000000,nearly,desc,1,3,1,5437000.000
sort,int,1000000,nearly,desc,0,3,1,5674000.000
sort,int,1000000,nearly,desc,2,4,1,5625000.000
sort,int,1000000,nearly,desc,1,4,1,5078000.000
sort,int,1000000,nearly,desc,0,4,1,5329000.000
sort,int,1000000,nearly,desc,3,4,1,13357000.000
sort,int,1000000,nearly,desc,0,5,1,5186000.000
sort,int,1000000,nearly,desc,1,5,1,5092000.000
sort,int,1000000,nearly,desc,3,5,1,13405000.000
sort,int,1000000,nearly,desc,2,5,1,5311000.000
sort,int,1000000,nearly,desc,1,6,1,5096000.000
sort,int,1000000,nearly,desc,2,6,1,5184000.000
sort,int,1000000,nearly,desc,3,6,1,13474000.000
sort,int,1000000,nearly,desc,0,6,1,5378000.000
ctorMove,int,1000000,nearly,desc,1,0,1,5371000.000
ctorMove,int,1000000,nearly,desc,2,0,1,5649000.000
ctorMove,int,1000000,nearly,desc,0,0,1,5393000.000
ctorMove,int,1000000,nearly,desc,0,1,1,5701000.000
ctorMove,int,1000000,nearly,desc,1,1,1,5384000.000
ctorMove,int,1000000,nearly,desc,2,1,1,5628000.000
ctorMove,int,1000000,nearly,desc,0,2,1,5628000.000
ctorMove,int,1000000,nearly,desc,1,2,1,5414000.000
ctorMove,int,1000000,nearly,desc,2,2,1,5536000.000
ctorMove,int,1000000,nearly,desc,1,3,1,5566000.000
ctorMove,int,1000000,nearly,desc,2,3,1,5600000.000
ctorMove,int,1000000,nearly,desc,0,3,1,5648000.000
ctorMove,int,1000000,nearly,desc,1,4,1,5492000.000
ctorMove,int,1000000,nearly,desc,2,4,1,5468000.000
ctorMove,int,1000000,nearly,desc,0,4,1,5678000.000
ctorMove,int,1000000,nearly,desc,2,5,1,5563000.000
ctorMove,int,1000000,nearly,desc,0,5,1,5641000.000
ctorMove,int,1000000,nearly,desc,1,5,1,5249000.000
ctorMove,int,1000000,nearly,desc,2,6,1,5588000.000
ctorMove,int,1000000,nearly,desc,1,6,1,5363000.000
ctorMove,int,1000000,nearly,desc,0,6,1,5771000.000
ctorCopy,int,1000000,nearly,desc,0,0,1,5968000.000
ctorCopy,int,1000000,nearly,desc,2,0,1,5646000.000
ctorCopy,int,1000000,nearly,desc,1,0,1,5643000.000
ctorCopy,int,1000000,nearly,desc,0,1,1,5832000.000
ctorCopy,int,1000000,nearly,desc,1,1,1,5632000.000
ctorCopy,int,1000000,nearly,desc,2,1,1,5864000.000
ctorCopy,int,1000000,nearly,desc,2,2,1,5933000.000
ctorCopy,int,1000000,nearly,desc,0,2,1,5890000.000
ctorCopy,int,1000000,nearly,desc,1,2,1,5436000.000
ctorCopy,int,1000000,nearly,desc,0,3,1,5857000.000
ctorCopy,int,1000000,nearly,desc,1,3,1,5615000.000
ctorCopy,int,1000000,nearly,desc,2,3,1,5611000.000
ctorCopy,int,1000000,nearly,desc,2,4,1,6002000.000
ctorCopy,int,1000000,nearly,desc,1,4,1,5509000.000
ctorCopy,int,1000000,nearly,desc,0,4,1,5768000.000
ctorCopy,int,1000000,nearly,desc,0,5,1,5866000.000
ctorCopy,int,1000000,nearly,desc,1,5,1,5705000.000
ctorCopy,int,1000000,nearly,desc,2,5,1,5796000.000
ctorCopy,int,1000000,nearly,desc,1,6,1,5481000.000
ctorCopy,int,1000000,nearly,desc,2,6,1,5539000.000
ctorCopy,int,1000000,nearly,desc,0,6,1,5691000.000
sort,int,128,fullWidth,asc,0,0,512,421.875
sort,int,128,fullWidth,asc,1,0,512,412.109
sort,int,128,fullWidth,asc,2,0,512,449.219
sort,int,128,fullWidth,asc,3,0,512,384.766
sort,int,128,fullWidth,asc,1,1,512,375.000
sort,int,128,fullWidth,asc,2,1,512,439.453
sort,int,128,fullWidth,asc,0,1,512,498.047
sort,int,128,fullWidth,asc,3,1,512,394.531
sort,int,128,fullWidth,asc,0,2,512,449.219
sort,int,128,fullWidth,asc,3,2,512,414.062
sort,int,128,fullWidth,asc,2,2,512,431.641
sort,int,128,fullWidth,asc,1,2,512,402.344
sort,int,128,fullWidth,asc,3,3,512,445.312
sort,int,128,fullWidth,asc,1,3,512,408.203
sort,int,128,fullWidth,asc,0,3,512,449.219
sort,int,128,fullWidth,asc,2,3,512,433.594
sort,int,128,fullWidth,asc,1,4,512,392.578
sort,int,128,fullWidth,asc,0,4,512,484.375
sort,int,128,fullWidth,asc,3,4,512,402.344
sort,int,128,fullWidth,asc,2,4,512,439.453
sort,int,128,fullWidth,asc,1,5,512,427.734
sort,int,128,fullWidth,asc,0,5,512,474.609
sort,int,128,fullWidth,asc,3,5,512,394.531
sort,int,128,fullWidth,asc,2,5,512,441.406
sort,int,128,fullWidth,asc,0,6,512,476.562
sort,int,128,fullWidth,asc,1,6,512,437.500
sort,int,128,fullWidth,asc,2,6,512,443.359
sort,int,128,fullWidth,asc,3,6,512,404.297
sort,int,512,fullWidth,asc,0,0,512,1912.109
sort,int,512,fullWidth,asc,1,0,366,2734.973
sort,int,512,fullWidth,asc,2,0,362,2767.956
sort,int,512,fullWidth,asc,3,0,401,2493.766
sort,int,512,fullWidth,asc,3,1,407,2459.459
sort,int,512,fullWidth,asc,0,1,512,1943.359
sort,int,512,fullWidth,asc,1,1,363,2757.576
sort,int,512,fullWidth,asc,2,1,354,2824.859
sort,int,512,fullWidth,asc,3,2,412,2429.612
sort,int,512,fullWidth,asc,1,2,368,2717.391
sort,int,512,fullWidth,asc,0,2,512,1890.625
sort,int,512,fullWidth,asc,2,2,373,2686.327
sort,int,512,fullWidth,asc,2,3,376,2662.234
sort,int,512,fullWidth,asc,3,3,405,2471.605
sort,int,512,fullWidth,asc,1,3,367,2730.245
sort,int,512,fullWidth,asc,0,3,511,1958.904
sort,int,512,fullWidth,asc,1,4,400,2500.000
sort,int,512,fullWidth,asc,2,4,354,2824.859
sort,int,512,fullWidth,asc,0,4,512,1800.781
sort,int,512,fullWidth,asc,3,4,428,2341.121
sort,int,512,fullWidth,asc,2,5,380,2636.842
sort,int,512,fullWidth,asc,3,5,403,2483.871
sort,int,512,fullWidth,asc,0,5,512,1845.703
sort,int,512,fullWidth,asc,1,5,374,2679.144
sort,int,512,fullWidth,asc,3,6,407,2457.002
sort,int,512,fullWidth,asc,2,6,371,2698.113
sort,int,512,fullWidth,asc,1,6,381,2627.297
sort,int,512,fullWidth,asc,0,6,512,1818.359
sort,int,4096,fullWidth,asc,1,0,89,11303.371
sort,int,4096,fullWidth,asc,0,0,81,12444.444
sort,int,4096,fullWidth,asc,3,0,39,25794.872
sort,int,4096,fullWidth,asc,2,0,90,11177.778
sort,int,4096,fullWidth,asc,3,1,42,24309.524
sort,int,4096,fullWidth,asc,1,1,89,11247.191
sort,int,4096,fullWidth,asc,0,1,81,12432.099
sort,int,4096,fullWidth,asc,2,1,83,12144.578
sort,int,4096,fullWidth,asc,0,2,81,12419.753
sort,int,4096,fullWidth,asc,3,2,40,25550.000
sort,int,4096,fullWidth,asc,2,2,90,11211.111
sort,int,4096,fullWidth,asc,1,2,88,11431.818
sort,int,4096,fullWidth,asc,3,3,41,24853.659
sort,int,4096,fullWidth,asc,0,3,82,12317.073
sort,int,4096,fullWidth,asc,1,3,89,11269.663
sort,int,4096,fullWidth,asc,2,3,87,11551.724
sort,int,4096,fullWidth,asc,3,4,40,25350.000
sort,int,4096,fullWidth,asc,1,4,88,11397.727
sort,int,4096,fullWidth,asc,0,4,78,12820.513
sort,int,4096,fullWidth,asc,2,4,88,11443.182
sort,int,4096,fullWidth,asc,3,5,40,25175.000
sort,int,4096,fullWidth,asc,0,5,78,12871.795
sort,int,4096,fullWidth,asc,2,5,94,10659.574
sort,int,4096,fullWidth,asc,1,5,84,11952.381
sort,int,4096,fullWidth,asc,1,6,93,10763.441
sort,int,4096,fullWidth,asc,0,6,85,11905.882
sort,int,4096,fullWidth,asc,3,6,21,47857.143
sort,int,4096,fullWidth,asc,2,6,95,10568.421
sort,longLong,1000000,range22,asc,3,0,1,41586000.000
sort,longLong,1000000,range22,asc,1,0,1,3625000.000
sort,longLong,1000000,range22,asc,2,0,1,3444000.000
sort,longLong,1000000,range22,asc,0,0,1,3413000.000
sort,longLong,1000000,range22,asc,2,1,1,3347000.000
sort,longLong,1000000,range22,asc,0,1,1,3251000.000
sort,longLong,1000000,range22,asc,1,1,1,3529000.000
sort,longLong,1000000,range22,asc,3,1,1,40907000.000
sort,longLong,1000000,range22,asc,0,2,1,3275000.000
sort,longLong,1000000,range22,asc,1,2,1,3384000.000
sort,longLong,1000000,range22,asc,3,2,1,41008000.000
sort,longLong,1000000,range22,asc,2,2,1,3523000.000
sort,longLong,1000000,range22,asc,2,3,1,3335000.000
sort,longLong,1000000,range22,asc,3,3,1,41048000.000
sort,longLong,1000000,range22,asc,1,3,1,3420000.000
sort,longLong,1000000,range22,asc,0,3,1,3379000.000
sort,longLong,1000000,range22,asc,3,4,1,41009000.000
sort,longLong,1000000,range22,asc,2,4,1,3401000.000
sort,longLong,1000000,range22,asc,0,4,1,3368000.000
sort,longLong,1000000,range22,asc,1,4,1,3480000.000
sort,longLong,1000000,range22,asc,1,5,1,3406000.000
sort,longLong,1000000,range22,asc,0,5,1,3262000.000
sort,longLong,1000000,range22,asc,2,5,1,3581000.000
sort,longLong,1000000,range22,asc,3,5,1,40920000.000
sort,longLong,1000000,range22,asc,0,6,1,3465000.000
sort,longLong,1000000,range22,asc,2,6,1,3376000.000
sort,longLong,1000000,range22,asc,1,6,1,3262000.000
sort,longLong,1000000,range22,asc,3,6,1,41007000.000
ctorMove,longLong,1000000,range22,asc,0,0,1,4228000.000
ctorMove,longLong,1000000,range22,asc,1,0,1,4281000.000
ctorMove,longLong,1000000,range22,asc,2,0,1,4438000.000
ctorMove,longLong,1000000,range22,asc,0,1,1,4299000.000
ctorMove,longLong,1000000,range22,asc,2,1,1,4248000.000
ctorMove,longLong,1000000,range22,asc,1,1,1,4490000.000
ctorMove,longLong,1000000,range22,asc,0,2,1,4440000.000
ctorMove,longLong,1000000,range22,asc,2,2,1,4326000.000
ctorMove,longLong,1000000,range22,asc,1,2,1,4374000.000
ctorMove,longLong,1000000,range22,asc,0,3,1,4302000.000
ctorMove,longLong,1000000,range22,asc,2,3,1,4336000.000
ctorMove,longLong,1000000,range22,asc,1,3,1,4360000.000
ctorMove,longLong,1000000,range22,asc,2,4,1,4339000.000
ctorMove,longLong,1000000,range22,asc,0,4,1,4249000.000
ctorMove,longLong,1000000,range22,asc,1,4,1,4356000.000
ctorMove,longLong,1000000,range22,asc,2,5,1,4334000.000
ctorMove,longLong,1000000,range22,asc,0,5,1,4266000.000
ctorMove,longLong,1000000,range22,asc,1,5,1,4266000.000
ctorMove,longLong,1000000,range22,asc,0,6,1,4188000.000
ctorMove,longLong,1000000,range22,asc,1,6,1,4383000.000
ctorMove,longLong,1000000,range22,asc,2,6,1,4409000.000
ctorCopy,longLong,1000000,range22,asc,1,0,1,4804000.000
ctorCopy,longLong,1000000,range22,asc,0,0,1,4860000.000
ctorCopy,longLong,1000000,range22,asc,2,0,1,4865000.000
ctorCopy,longLong,1000000,range22,asc,0,1,1,4966000.000
ctorCopy,longLong,1000000,range22,asc,2,1,1,5402000.000
ctorCopy,longLong,1000000,range22,asc,1,1,1,5299000.000
ctorCopy,longLong,1000000,range22,asc,1,2,1,5136000.000
ctorCopy,longLong,1000000,range22,asc,2,2,1,5182000.000
ctorCopy,longLong,1000000,range22,asc,0,2,1,4848000.000
ctorCopy,longLong,1000000,range22,asc,1,3,1,5175000.000
ctorCopy,longLong,1000000,range22,asc,0,3,1,4961000.000
ctorCopy,longLong,1000000,range22,asc,2,3,1,4999000.000
ctorCopy,longLong,1000000,range22,asc,1,4,1,4775000.000
ctorCopy,longLong,1000000,range22,asc,0,4,1,5000000.000
ctorCopy,longLong,1000000,range22,asc,2,4,1,5533000.000
ctorCopy,longLong,1000000,range22,asc,2,5,1,5421000.000
ctorCopy,longLong,1000000,range22,asc,0,5,1,4922000.000
ctorCopy,longLong,1000000,range22,asc,1,5,1,5222000.000
ctorCopy,longLong,1000000,range22,asc,0,6,1,5018000.000
ctorCopy,longLong,1000000,range22,asc,1,6,1,5341000.000
ctorCopy,longLong,1000000,range22,asc,2,6,1,5114000.000
sort,longLong,1000000,range22,desc,3,0,1,44318000.000
sort,longLong,1000000,range22,desc,1,0,1,3764000.000
sort,longLong,1000000,range22,desc,2,0,1,4208000.000
sort,longLong,1000000,range22,desc,0,0,1,3629000.000
sort,longLong,1000000,range22,desc,2,1,1,3736000.000
sort,longLong,1000000,range22,desc,0,1,1,3532000.000
sort,longLong,1000000,range22,desc,1,1,1,3840000.000
sort,longLong,1000000,range22,desc,3,1,1,40790000.000
sort,longLong,1000000,range22,desc,0,2,1,3698000.000
sort,longLong,1000000,range22,desc,1,2,1,3298000.000
sort,longLong,1000000,range22,desc,3,2,1,40774000.000
sort,longLong,1000000,range22,desc,2,2,1,3779000.000
sort,longLong,1000000,range22,desc,2,3,1,3773000.000
sort,longLong,1000000,range22,desc,3,3,1,40811000.000
sort,longLong,1000000,range22,desc,1,3,1,3609000.000
sort,longLong,1000000,range22,desc,0,3,1,3400000.000
sort,longLong,1000000,range22,desc,3,4,1,40826000.000
sort,longLong,1000000,range22,desc,2,4,1,3766000.000
sort,longLong,1000000,range22,desc,0,4,1,3344000.000
sort,longLong,1000000,range22,desc,1,4,1,3299000.000
sort,longLong,1000000,range22,desc,1,5,1,3382000.000
sort,longLong,1000000,range22,desc,0,5,1,3378000.000
sort,longLong,1000000,range22,desc,2,5,1,3492000.000
sort,longLong,1000000,range22,desc,3,5,1,40309000.000
sort,longLong,1000000,range22,desc,0,6,1,3450000.000
sort,longLong,1000000,range22,desc,2,6,1,3554000.000
sort,longLong,1000000,range22,desc,1,6,1,3346000.000
sort,longLong,1000000,range22,desc,3,6,1,40173000.000
ctorMove,longLong,1000000,range22,desc,0,0,1,4339000.000
ctorMove,longLong,1000000,range22,desc,1,0,1,4291000.000
ctorMove,longLong,1000000,range22,desc,2,0,1,4528000.000
ctorMove,longLong,1000000,range22,desc,0,1,1,4263000.000
ctorMove,longLong,1000000,range22,desc,2,1,1,4481000.000
ctorMove,longLong,1000000,range22,desc,1,1,1,4350000.000
ctorMove,longLong,1000000,range22,desc,0,2,1,4279000.000
ctorMove,longLong,1000000,range22,desc,2,2,1,4439000.000
ctorMove,longLong,1000000,range22,desc,1,2,1,4324000.000
ctorMove,longLong,1000000,range22,desc,0,3,1,4287000.000
ctorMove,longLong,1000000,range22,desc,2,3,1,4435000.000
ctorMove,longLong,1000000,range22,desc,1,3,1,4392000.000
ctorMove,longLong,1000000,range22,desc,2,4,1,4610000.000
ctorMove,longLong,1000000,range22,desc,0,4,1,4303000.000
ctorMove,longLong,1000000,range22,desc,1,4,1,4341000.000
ctorMove,longLong,1000000,range22,desc,2,5,1,4466000.000
ctorMove,longLong,1000000,range22,desc,0,5,1,4350000.000
ctorMove,longLong,1000000,range22,desc,1,5,1,4461000.000
ctorMove,longLong,1000000,range22,desc,0,6,1,4372000.000
ctorMove,longLong,1000000,range22,desc,1,6,1,4318000.000
ctorMove,longLong,1000000,range22,desc,2,6,1,4527000.000
ctorCopy,longLong,1000000,range22,desc,1,0,1,4734000.000
ctorCopy,longLong,1000000,range22,desc,0,0,1,4571000.000
ctorCopy,longLong,1000000,range22,desc,2,0,1,4824000.000
ctorCopy,longLong,1000000,range22,desc,0,1,1,4916000.000
ctorCopy,longLong,1000000,range22,desc,2,1,1,4870000.000
ctorCopy,longLong,1000000,range22,desc,1,1,1,4731000.000
ctorCopy,longLong,1000000,range22,desc,1,2,1,4820000.000
ctorCopy,longLong,1000000,range22,desc,2,2,1,4829000.000
ctorCopy,longLong,1000000,range22,desc,0,2,1,4633000.000
ctorCopy,longLong,1000000,range22,desc,1,3,1,4792000.000
ctorCopy,longLong,1000000,range22,desc,0,3,1,4716000.000
ctorCopy,longLong,1000000,range22,desc,2,3,1,4781000.000
ctorCopy,longLong,1000000,range22,desc,1,4,1,4573000.000
ctorCopy,longLong,1000000,range22,desc,0,4,1,4808000.000
ctorCopy,longLong,1000000,range22,desc,2,4,1,4972000.000
ctorCopy,longLong,1000000,range22,desc,2,5,1,4963000.000
ctorCopy,longLong,1000000,range22,desc,0,5,1,4601000.000
ctorCopy,longLong,1000000,range22,desc,1,5,1,4715000.000
ctorCopy,longLong,1000000,range22,desc,0,6,1,4607000.000
ctorCopy,longLong,1000000,range22,desc,1,6,1,4603000.000
ctorCopy,longLong,1000000,range22,desc,2,6,1,4850000.000
sort,longLong,1000000,fullWidth,asc,2,0,1,7235000.000
sort,longLong,1000000,fullWidth,asc,0,0,1,6659000.000
sort,longLong,1000000,fullWidth,asc,1,0,1,6856000.000
sort,longLong,1000000,fullWidth,asc,3,0,1,39881000.000
sort,longLong,1000000,fullWidth,asc,2,1,1,7030000.000
sort,longLong,1000000,fullWidth,asc,0,1,1,6701000.000
sort,longLong,1000000,fullWidth,asc,3,1,1,39557000.000
sort,longLong,1000000,fullWidth,asc,1,1,1,6844000.000
sort,longLong,1000000,fullWidth,asc,0,2,1,6734000.000
sort,longLong,1000000,fullWidth,asc,1,2,1,6854000.000
sort,longLong,1000000,fullWidth,asc,3,2,1,40574000.000
sort,longLong,1000000,fullWidth,asc,2,2,1,6916000.000
sort,longLong,1000000,fullWidth,asc,0,3,1,6707000.000
sort,longLong,1000000,fullWidth,asc,1,3,1,6808000.000
sort,longLong,1000000,fullWidth,asc,2,3,1,6709000.000
sort,longLong,1000000,fullWidth,asc,3,3,1,39466000.000
sort,longLong,1000000,fullWidth,asc,2,4,1,6891000.000
sort,longLong,1000000,fullWidth,asc,3,4,1,39578000.000
sort,longLong,1000000,fullWidth,asc,1,4,1,6948000.000
sort,longLong,1000000,fullWidth,asc,0,4,1,6839000.000
sort,longLong,1000000,fullWidth,asc,3,5,1,39718000.000
sort,longLong,1000000,fullWidth,asc,0,5,1,6757000.000
sort,longLong,1000000,fullWidth,asc,1,5,1,6750000.000
sort,longLong,1000000,fullWidth,asc,2,5,1,6664000.000
sort,longLong,1000000,fullWidth,asc,3,6,1,39515000.000
sort,longLong,1000000,fullWidth,asc,1,6,1,6685000.000
sort,longLong,1000000,fullWidth,asc,0,6,1,6792000.000
sort,longLong,1000000,fullWidth,asc,2,6,1,6685000.000
ctorMove,longLong,1000000,fullWidth,asc,2,0,1,7490000.000
ctorMove,longLong,1000000,fullWidth,asc,1,0,1,7194000.000
ctorMove,longLong,1000000,fullWidth,asc,0,0,1,7218000.000
ctorMove,longLong,1000000,fullWidth,asc,0,1,1,7223000.000
ctorMove,longLong,1000000,fullWidth,asc,1,1,1,7265000.000
ctorMove,longLong,1000000,fullWidth,asc,2,1,1,7248000.000
ctorMove,longLong,1000000,fullWidth,asc,2,2,1,7305000.000
ctorMove,longLong,1000000,fullWidth,asc,1,2,1,7382000.000
ctorMove,longLong,1000000,fullWidth,asc,0,2,1,7223000.000
ctorMove,longLong,1000000,fullWidth,asc,1,3,1,7227000.000
ctorMove,longLong,1000000,fullWidth,asc,2,3,1,7265000.000
ctorMove,longLong,1000000,fullWidth,asc,0,3,1,7270000.000
ctorMove,longLong,1000000,fullWidth,asc,1,4,1,7365000.000
ctorMove,longLong,1000000,fullWidth,asc,0,4,1,7183000.000
ctorMove,longLong,1000000,fullWidth,asc,2,4,1,7056000.000
ctorMove,longLong,1000000,fullWidth,asc,2,5,1,7185000.000
ctorMove,longLong,1000000,fullWidth,asc,0,5,1,7051000.000
ctorMove,longLong,1000000,fullWidth,asc,1,5,1,7243000.000
ctorMove,longLong,1000000,fullWidth,asc,1,6,1,7334000.000
ctorMove,longLong,1000000,fullWidth,asc,0,6,1,7063000.000
ctorMove,longLong,1000000,fullWidth,asc,2,6,1,7148000.000
ctorCopy,longLong,1000000,fullWidth,asc,0,0,1,7380000.000
ctorCopy,longLong,1000000,fullWidth,asc,1,0,1,7628000.000
ctorCopy,longLong,1000000,fullWidth,asc,2,0,1,7442000.000
ctorCopy,longLong,1000000,fullWidth,asc,2,1,1,7532000.000
ctorCopy,longLong,1000000,fullWidth,asc,1,1,1,7391000.000
ctorCopy,longLong,1000000,fullWidth,asc,0,1,1,7542000.000
ctorCopy,longLong,1000000,fullWidth,asc,2,2,1,7564000.000
ctorCopy,longLong,1000000,fullWidth,asc,0,2,1,7421000.000
ctorCopy,longLong,1000000,fullWidth,asc,1,2,1,7637000.000
ctorCopy,longLong,1000000,fullWidth,asc,2,3,1,7481000.000
ctorCopy,longLong,1000000,fullWidth,asc,1,3,1,7553000.000
ctorCopy,longLong,1000000,fullWidth,asc,0,3,1,7434000.000
ctorCopy,longLong,1000000,fullWidth,asc,0,4,1,7382000.000
ctorCopy,longLong,1000000,fullWidth,asc,1,4,1,7452000.000
ctorCopy,longLong,1000000,fullWidth,asc,2,4,1,7792000.000
ctorCopy,longLong,1000000,fullWidth,asc,0,5,1,7428000.000
ctorCopy,longLong,1000000,fullWidth,asc,1,5,1,7581000.000
ctorCopy,longLong,1000000,fullWidth,asc,2,5,1,7740000.000
ctorCopy,longLong,1000000,fullWidth,asc,2,6,1,7749000.000
ctorCopy,longLong,1000000,fullWidth,asc,0,6,1,7483000.000
ctorCopy,longLong,1000000,fullWidth,asc,1,6,1,7503000.000
sort,longLong,1000000,fullWidth,desc,2,0,1,7086000.000
sort,longLong,1000000,fullWidth,desc,0,0,1,6732000.000
sort,longLong,1000000,fullWidth,desc,1,0,1,6689000.000
sort,longLong,1000000,fullWidth,desc,3,0,1,39656000.000
sort,longLong,1000000,fullWidth,desc,2,1,1,7004000.000
sort,longLong,1000000,fullWidth,desc,0,1,1,6887000.000
sort,longLong,1000000,fullWidth,desc,3,1,1,39676000.000
sort,longLong,1000000,fullWidth,desc,1,1,1,6917000.000
sort,longLong,1000000,fullWidth,desc,0,2,1,6828000.000
sort,longLong,1000000,fullWidth,desc,1,2,1,6884000.000
sort,longLong,1000000,fullWidth,desc,3,2,1,39620000.000
sort,longLong,1000000,fullWidth,desc,2,2,1,6925000.000
sort,longLong,1000000,fullWidth,desc,0,3,1,6893000.000
sort,longLong,1000000,fullWidth,desc,1,3,1,6701000.000
sort,longLong,1000000,fullWidth,desc,2,3,1,7096000.000
sort,longLong,1000000,fullWidth,desc,3,3,1,39655000.000
sort,longLong,1000000,fullWidth,desc,2,4,1,7093000.000
sort,longLong,1000000,fullWidth,desc,3,4,1,39597000.000
sort,longLong,1000000,fullWidth,desc,1,4,1,6989000.000
sort,longLong,1000000,fullWidth,desc,0,4,1,6962000.000
sort,longLong,1000000,fullWidth,desc,3,5,1,39581000.000
sort,longLong,1000000,fullWidth,desc,0,5,1,7054000.000
sort,longLong,1000000,fullWidth,desc,1,5,1,6934000.000
sort,longLong,1000000,fullWidth,desc,2,5,1,7137000.000
sort,longLong,1000000,fullWidth,desc,3,6,1,39673000.000
sort,longLong,1000000,fullWidth,desc,1,6,1,6881000.000
sort,longLong,1000000,fullWidth,desc,0,6,1,6888000.000
sort,longLong,1000000,fullWidth,desc,2,6,1,6944000.000
ctorMove,longLong,1000000,fullWidth,desc,2,0,1,7301000.000
ctorMove,longLong,1000000,fullWidth,desc,1,0,1,7152000.000
ctorMove,longLong,1000000,fullWidth,desc,0,0,1,7211000.000
ctorMove,longLong,1000000,fullWidth,desc,0,1,1,7448000.000
ctorMove,longLong,1000000,fullWidth,desc,1,1,1,7442000.000
ctorMove,longLong,1000000,fullWidth,desc,2,1,1,7361000.000
ctorMove,longLong,1000000,fullWidth,desc,2,2,1,7397000.000
ctorMove,longLong,1000000,fullWidth,desc,1,2,1,7203000.000
ctorMove,longLong,1000000,fullWidth,desc,0,2,1,7293000.000
ctorMove,longLong,1000000,fullWidth,desc,1,3,1,7187000.000
ctorMove,longLong,1000000,fullWidth,desc,2,3,1,7305000.000
ctorMove,longLong,1000000,fullWidth,desc,0,3,1,7355000.000
ctorMove,longLong,1000000,fullWidth,desc,1,4,1,7146000.000
ctorMove,longLong,1000000,fullWidth,desc,0,4,1,7191000.000
ctorMove,longLong,1000000,fullWidth,desc,2,4,1,7437000.000
ctorMove,longLong,1000000,fullWidth,desc,2,5,1,7455000.000
ctorMove,longLong,1000000,fullWidth,desc,0,5,1,7279000.000
ctorMove,longLong,1000000,fullWidth,desc,1,5,1,7218000.000
ctorMove,longLong,1000000,fullWidth,desc,1,6,1,7275000.000
ctorMove,longLong,1000000,fullWidth,desc,0,6,1,7354000.000
ctorMove,longLong,1000000,fullWidth,desc,2,6,1,7461000.000
ctorCopy,longLong,1000000,fullWidth,desc,0,0,1,7643000.000
ctorCopy,longLong,1000000,fullWidth,desc,1,0,1,7566000.000
ctorCopy,longLong,1000000,fullWidth,desc,2,0,1,7840000.000
ctorCopy,longLong,1000000,fullWidth,desc,2,1,1,7671000.000
ctorCopy,longLong,1000000,fullWidth,desc,1,1,1,7431000.000
ctorCopy,longLong,1000000,fullWidth,desc,0,1,1,7560000.000
ctorCopy,longLong,1000000,fullWidth,desc,2,2,1,7837000.000
ctorCopy,longLong,1000000,fullWidth,desc,0,2,1,7613000.000
ctorCopy,longLong,1000000,fullWidth,desc,1,2,1,7520000.000
ctorCopy,longLong,1000000,fullWidth,desc,2,3,1,7736000.000
ctorCopy,longLong,1000000,fullWidth,desc,1,3,1,7514000.000
ctorCopy,longLong,1000000,fullWidth,desc,0,3,1,7699000.000
ctorCopy,longLong,1000000,fullWidth,desc,0,4,1,7639000.000
ctorCopy,longLong,1000000,fullWidth,desc,1,4,1,7566000.000
ctorCopy,longLong,1000000,fullWidth,desc,2,4,1,7766000.000
ctorCopy,longLong,1000000,fullWidth,desc,0,5,1,7700000.000
ctorCopy,longLong,1000000,fullWidth,desc,1,5,1,7543000.000
ctorCopy,longLong,1000000,fullWidth,desc,2,5,1,7783000.000
ctorCopy,longLong,1000000,fullWidth,desc,2,6,1,8020000.000
ctorCopy,longLong,1000000,fullWidth,desc,0,6,1,7656000.000
ctorCopy,longLong,1000000,fullWidth,desc,1,6,1,7587000.000
sort,longLong,1000000,fewValues,asc,2,0,1,2672000.000
sort,longLong,1000000,fewValues,asc,0,0,1,2643000.000
sort,longLong,1000000,fewValues,asc,1,0,1,2672000.000
sort,longLong,1000000,fewValues,asc,3,0,1,13839000.000
sort,longLong,1000000,fewValues,asc,0,1,1,2592000.000
sort,longLong,1000000,fewValues,asc,2,1,1,2726000.000
sort,longLong,1000000,fewValues,asc,3,1,1,13859000.000
sort,longLong,1000000,fewValues,asc,1,1,1,3123000.000
sort,longLong,1000000,fewValues,asc,3,2,1,13802000.000
sort,longLong,1000000,fewValues,asc,2,2,1,2793000.000
sort,longLong,1000000,fewValues,asc,1,2,1,2820000.000
sort,longLong,1000000,fewValues,asc,0,2,1,2661000.000
sort,longLong,1000000,fewValues,asc,1,3,1,2647000.000
sort,longLong,1000000,fewValues,asc,3,3,1,13797000.000
sort,longLong,1000000,fewValues,asc,0,3,1,2717000.000
sort,longLong,1000000,fewValues,asc,2,3,1,2813000.000
sort,longLong,1000000,fewValues,asc,0,4,1,2781000.000
sort,longLong,1000000,fewValues,asc,2,4,1,2597000.000
sort,longLong,1000000,fewValues,asc,3,4,1,13523000.000
sort,longLong,1000000,fewValues,asc,1,4,1,2736000.000
sort,longLong,1000000,fewValues,asc,0,5,1,2591000.000
sort,longLong,1000000,fewValues,asc,1,5,1,2772000.000
sort,longLong,1000000,fewValues,asc,2,5,1,2635000.000
sort,longLong,1000000,fewValues,asc,3,5,1,13763000.000
sort,longLong,1000000,fewValues,asc,0,6,1,2622000.000
sort,longLong,1000000,fewValues,asc,2,6,1,2646000.000
sort,longLong,1000000,fewValues,asc,3,6,1,13576000.000
sort,longLong,1000000,fewValues,asc,1,6,1,2730000.000
ctorMove,longLong,1000000,fewValues,asc,1,0,1,3025000.000
ctorMove,longLong,1000000,fewValues,asc,0,0,1,3055000.000
ctorMove,longLong,1000000,fewValues,asc,2,0,1,3133000.000
ctorMove,longLong,1000000,fewValues,asc,0,1,1,2909000.000
ctorMove,longLong,1000000,fewValues,asc,1,1,1,3177000.000
ctorMove,longLong,1000000,fewValues,asc,2,1,1,3236000.000
ctorMove,longLong,1000000,fewValues,asc,2,2,1,3021000.000
ctorMove,longLong,1000000,fewValues,asc,0,2,1,2955000.000
ctorMove,longLong,1000000,fewValues,asc,1,2,1,3168000.000
ctorMove,longLong,1000000,fewValues,asc,1,3,1,3133000.000
ctorMove,longLong,1000000,fewValues,asc,0,3,1,3032000.000
ctorMove,longLong,1000000,fewValues,asc,2,3,1,3103000.000
ctorMove,longLong,1000000,fewValues,asc,1,4,1,3061000.000
ctorMove,longLong,1000000,fewValues,asc,0,4,1,3036000.000
ctorMove,longLong,1000000,fewValues,asc,2,4,1,3039000.000
ctorMove,longLong,1000000,fewValues,asc,2,5,1,3120000.000
ctorMove,longLong,1000000,fewValues,asc,1,5,1,3077000.000
ctorMove,longLong,1000000,fewValues,asc,0,5,1,3031000.000
ctorMove,longLong,1000000,fewValues,asc,2,6,1,3073000.000
ctorMove,longLong,1000000,fewValues,asc,0,6,1,2954000.000
ctorMove,longLong,1000000,fewValues,asc,1,6,1,3097000.000
ctorCopy,longLong,1000000,fewValues,asc,0,0,1,3369000.000
ctorCopy,longLong,1000000,fewValues,asc,1,0,1,3377000.000
ctorCopy,longLong,1000000,fewValues,asc,2,0,1,3404000.000
ctorCopy,longLong,1000000,fewValues,asc,0,1,1,3429000.000
ctorCopy,longLong,1000000,fewValues,asc,1,1,1,3365000.000
ctorCopy,longLong,1000000,fewValues,asc,2,1,1,3407000.000
ctorCopy,longLong,1000000,fewValues,asc,1,2,1,3625000.000
ctorCopy,longLong,1000000,fewValues,asc,0,2,1,3321000.000
ctorCopy,longLong,1000000,fewValues,asc,2,2,1,3452000.000
ctorCopy,longLong,1000000,fewValues,asc,1,3,1,3419000.000
ctorCopy,longLong,1000000,fewValues,asc,2,3,1,3448000.000
ctorCopy,longLong,1000000,fewValues,asc,0,3,1,3275000.000
ctorCopy,longLong,1000000,fewValues,asc,2,4,1,3418000.000
ctorCopy,longLong,1000000,fewValues,asc,1,4,1,3417000.000
ctorCopy,longLong,1000000,fewValues,asc,0,4,1,3301000.000
ctorCopy,longLong,1000000,fewValues,asc,0,5,1,3355000.000
ctorCopy,longLong,1000000,fewValues,asc,2,5,1,3449000.000
ctorCopy,longLong,1000000,fewValues,asc,1,5,1,3442000.000
ctorCopy,longLong,1000000,fewValues,asc,0,6,1,3370000.000
ctorCopy,longLong,1000000,fewValues,asc,1,6,1,3532000.000
ctorCopy,longLong,1000000,fewValues,asc,2,6,1,3715000.000
sort,longLong,1000000,fewValues,desc,2,0,1,2872000.000
sort,longLong,1000000,fewValues,desc,0,0,1,2777000.000
sort,longLong,1000000,fewValues,desc,1,0,1,2624000.000
sort,longLong,1000000,fewValues,desc,3,0,1,14008000.000
sort,longLong,1000000,fewValues,desc,0,1,1,2617000.000
sort,longLong,1000000,fewValues,desc,2,1,1,2804000.000
sort,longLong,1000000,fewValues,desc,3,1,1,14041000.000
sort,longLong,1000000,fewValues,desc,1,1,1,2878000.000
sort,longLong,1000000,fewValues,desc,3,2,1,14069000.000
sort,longLong,1000000,fewValues,desc,2,2,1,2873000.000
sort,longLong,1000000,fewValues,desc,1,2,1,2777000.000
sort,longLong,1000000,fewValues,desc,0,2,1,2656000.000
sort,longLong,1000000,fewValues,desc,1,3,1,2719000.000
sort,longLong,1000000,fewValues,desc,3,3,1,14205000.000
sort,longLong,1000000,fewValues,desc,0,3,1,2742000.000
sort,longLong,1000000,fewValues,desc,2,3,1,2871000.000
sort,longLong,1000000,fewValues,desc,0,4,1,2561000.000
sort,longLong,1000000,fewValues,desc,2,4,1,2789000.000
sort,longLong,1000000,fewValues,desc,3,4,1,14039000.000
sort,longLong,1000000,fewValues,desc,1,4,1,2781000.000
sort,longLong,1000000,fewValues,desc,0,5,1,2567000.000
sort,longLong,1000000,fewValues,desc,1,5,1,2683000.000
sort,longLong,1000000,fewValues,desc,2,5,1,2862000.000
sort,longLong,1000000,fewValues,desc,3,5,1,14183000.000
sort,longLong,1000000,fewValues,desc,0,6,1,2596000.000
sort,longLong,1000000,fewValues,desc,2,6,1,2852000.000
sort,longLong,1000000,fewValues,desc,3,6,1,14076000.000
sort,longLong,1000000,fewValues,desc,1,6,1,2768000.000
ctorMove,longLong,1000000,fewValues,desc,1,0,1,3115000.000
ctorMove,longLong,1000000,fewValues,desc,0,0,1,3167000.000
ctorMove,longLong,1000000,fewValues,desc,2,0,1,3366000.000
ctorMove,longLong,1000000,fewValues,desc,0,1,1,3012000.000
ctorMove,longLong,1000000,fewValues,desc,1,1,1,3150000.000
ctorMove,longLong,1000000,fewValues,desc,2,1,1,3276000.000
ctorMove,longLong,1000000,fewValues,desc,2,2,1,3309000.000
ctorMove,longLong,1000000,fewValues,desc,0,2,1,3012000.000
ctorMove,longLong,1000000,fewValues,desc,1,2,1,3205000.000
ctorMove,longLong,1000000,fewValues,desc,1,3,1,3230000.000
ctorMove,longLong,1000000,fewValues,desc,0,3,1,3103000.000
ctorMove,longLong,1000000,fewValues,desc,2,3,1,3288000.000
ctorMove,longLong,1000000,fewValues,desc,1,4,1,3132000.000
ctorMove,longLong,1000000,fewValues,desc,0,4,1,3116000.000
ctorMove,longLong,1000000,fewValues,desc,2,4,1,3280000.000
ctorMove,longLong,1000000,fewValues,desc,2,5,1,3340000.000
ctorMove,longLong,1000000,fewValues,desc,1,5,1,3078000.000
ctorMove,longLong,1000000,fewValues,desc,0,5,1,3108000.000
ctorMove,longLong,1000000,fewValues,desc,2,6,1,3336000.000
ctorMove,longLong,1000000,fewValues,desc,0,6,1,2926000.000
ctorMove,longLong,1000000,fewValues,desc,1,6,1,3292000.000
ctorCopy,longLong,1000000,fewValues,desc,0,0,1,3326000.000
ctorCopy,longLong,1000000,fewValues,desc,1,0,1,3446000.000
ctorCopy,longLong,1000000,fewValues,desc,2,0,1,3705000.000
ctorCopy,longLong,1000000,fewValues,desc,0,1,1,3283000.000
ctorCopy,longLong,1000000,fewValues,desc,1,1,1,3482000.000
ctorCopy,longLong,1000000,fewValues,desc,2,1,1,3572000.000
ctorCopy,longLong,1000000,fewValues,desc,1,2,1,3407000.000
ctorCopy,longLong,1000000,fewValues,desc,0,2,1,3395000.000
ctorCopy,longLong,1000000,fewValues,desc,2,2,1,3521000.000
ctorCopy,longLong,1000000,fewValues,desc,1,3,1,3442000.000
ctorCopy,longLong,1000000,fewValues,desc,2,3,1,3587000.000
ctorCopy,longLong,1000000,fewValues,desc,0,3,1,3397000.000
ctorCopy,longLong,1000000,fewValues,desc,2,4,1,3639000.000
ctorCopy,longLong,1000000,fewValues,desc,1,4,1,3461000.000
ctorCopy,longLong,1000000,fewValues,desc,0,4,1,3327000.000
ctorCopy,longLong,1000000,fewValues,desc,0,5,1,3404000.000
ctorCopy,longLong,1000000,fewValues,desc,2,5,1,3566000.000
ctorCopy,longLong,1000000,fewValues,desc,1,5,1,3393000.000
ctorCopy,longLong,1000000,fewValues,desc,0,6,1,3304000.000
ctorCopy,longLong,1000000,fewValues,desc,1,6,1,3431000.000
ctorCopy,longLong,1000000,fewValues,desc,2,6,1,3576000.000
sort,longLong,1000000,gaps,asc,3,0,1,21196000.000
sort,longLong,1000000,gaps,asc,0,0,1,3081000.000
sort,longLong,1000000,gaps,asc,2,0,1,4423000.000
sort,longLong,1000000,gaps,asc,1,0,1,4487000.000
sort,longLong,1000000,gaps,asc,2,1,1,5113000.000
sort,longLong,1000000,gaps,asc,3,1,1,23759000.000
sort,longLong,1000000,gaps,asc,1,1,1,4499000.000
sort,longLong,1000000,gaps,asc,0,1,1,2995000.000
sort,longLong,1000000,gaps,asc,1,2,1,4203000.000
sort,longLong,1000000,gaps,asc,0,2,1,2982000.000
sort,longLong,1000000,gaps,asc,3,2,1,21238000.000
sort,longLong,1000000,gaps,asc,2,2,1,4353000.000
sort,longLong,1000000,gaps,asc,0,3,1,3016000.000
sort,longLong,1000000,gaps,asc,1,3,1,4197000.000
sort,longLong,1000000,gaps,asc,2,3,1,4179000.000
sort,longLong,1000000,gaps,asc,3,3,1,21339000.000
sort,longLong,1000000,gaps,asc,0,4,1,3002000.000
sort,longLong,1000000,gaps,asc,3,4,1,21311000.000
sort,longLong,1000000,gaps,asc,2,4,1,4306000.000
sort,longLong,1000000,gaps,asc,1,4,1,4361000.000
sort,longLong,1000000,gaps,asc,2,5,1,4613000.000
sort,longLong,1000000,gaps,asc,3,5,1,21201000.000
sort,longLong,1000000,gaps,asc,1,5,1,4594000.000
sort,longLong,1000000,gaps,asc,0,5,1,2962000.000
sort,longLong,1000000,gaps,asc,2,6,1,4262000.000
sort,longLong,1000000,gaps,asc,3,6,1,21292000.000
sort,longLong,1000000,gaps,asc,1,6,1,4543000.000
sort,longLong,1000000,gaps,asc,0,6,1,3159000.000
ctorMove,longLong,1000000,gaps,asc,1,0,1,5021000.000
ctorMove,longLong,1000000,gaps,asc,0,0,1,3752000.000
ctorMove,longLong,1000000,gaps,asc,2,0,1,5500000.000
ctorMove,longLong,1000000,gaps,asc,0,1,1,3606000.000
ctorMove,longLong,1000000,gaps,asc,1,1,1,4822000.000
ctorMove,longLong,1000000,gaps,asc,2,1,1,4664000.000
ctorMove,longLong,1000000,gaps,asc,1,2,1,4640000.000
ctorMove,longLong,1000000,gaps,asc,0,2,1,3477000.000
ctorMove,longLong,1000000,gaps,asc,2,2,1,4776000.000
ctorMove,longLong,1000000,gaps,asc,1,3,1,4679000.000
ctorMove,longLong,1000000,gaps,asc,2,3,1,4586000.000
ctorMove,longLong,1000000,gaps,asc,0,3,1,3479000.000
ctorMove,longLong,1000000,gaps,asc,1,4,1,4677000.000
ctorMove,longLong,1000000,gaps,asc,0,4,1,3540000.000
ctorMove,longLong,1000000,gaps,asc,2,4,1,4744000.000
ctorMove,longLong,1000000,gaps,asc,0,5,1,3488000.000
ctorMove,longLong,1000000,gaps,asc,1,5,1,4733000.000
ctorMove,longLong,1000000,gaps,asc,2,5,1,4644000.000
ctorMove,longLong,1000000,gaps,asc,0,6,1,3491000.000
ctorMove,longLong,1000000,gaps,asc,1,6,1,4626000.000
ctorMove,longLong,1000000,gaps,asc,2,6,1,4655000.000
ctorCopy,longLong,1000000,gaps,asc,2,0,1,4979000.000
ctorCopy,longLong,1000000,gaps,asc,0,0,1,3822000.000
ctorCopy,longLong,1000000,gaps,asc,1,0,1,4975000.000
ctorCopy,longLong,1000000,gaps,asc,0,1,1,3767000.000
ctorCopy,longLong,1000000,gaps,asc,2,1,1,4961000.000
ctorCopy,longLong,1000000,gaps,asc,1,1,1,5052000.000
ctorCopy,longLong,1000000,gaps,asc,2,2,1,4912000.000
ctorCopy,longLong,1000000,gaps,asc,1,2,1,5332000.000
ctorCopy,longLong,1000000,gaps,asc,0,2,1,3855000.000
ctorCopy,longLong,1000000,gaps,asc,0,3,1,3745000.000
ctorCopy,longLong,1000000,gaps,asc,2,3,1,5058000.000
ctorCopy,longLong,1000000,gaps,asc,1,3,1,5231000.000
ctorCopy,longLong,1000000,gaps,asc,0,4,1,3898000.000
ctorCopy,longLong,1000000,gaps,asc,1,4,1,5199000.000
ctorCopy,longLong,1000000,gaps,asc,2,4,1,5102000.000
ctorCopy,longLong,1000000,gaps,asc,2,5,1,4871000.000
ctorCopy,longLong,1000000,gaps,asc,0,5,1,3729000.000
ctorCopy,longLong,1000000,gaps,asc,1,5,1,5170000.000
ctorCopy,longLong,1000000,gaps,asc,1,6,1,5188000.000
ctorCopy,longLong,1000000,gaps,asc,0,6,1,3869000.000
ctorCopy,longLong,1000000,gaps,asc,2,6,1,5242000.000
sort,longLong,1000000,gaps,desc,3,0,1,20917000.000
sort,longLong,1000000,gaps,desc,0,0,1,3019000.000
sort,longLong,1000000,gaps,desc,2,0,1,4526000.000
sort,longLong,1000000,gaps,desc,1,0,1,4249000.000
sort,longLong,1000000,gaps,desc,2,1,1,4323000.000
sort,longLong,1000000,gaps,desc,3,1,1,20697000.000
sort,longLong,1000000,gaps,desc,1,1,1,4563000.000
sort,longLong,1000000,gaps,desc,0,1,1,3120000.000
sort,longLong,1000000,gaps,desc,1,2,1,4246000.000
sort,longLong,1000000,gaps,desc,0,2,1,2980000.000
sort,longLong,1000000,gaps,desc,3,2,1,20848000.000
sort,longLong,1000000,gaps,desc,2,2,1,4686000.000
sort,longLong,1000000,gaps,desc,0,3,1,3137000.000
sort,longLong,1000000,gaps,desc,1,3,1,4174000.000
sort,longLong,1000000,gaps,desc,2,3,1,4322000.000
sort,longLong,1000000,gaps,desc,3,3,1,20840000.000
sort,longLong,1000000,gaps,desc,0,4,1,3106000.000
sort,longLong,1000000,gaps,desc,3,4,1,20796000.000
sort,longLong,1000000,gaps,desc,2,4,1,4604000.000
sort,longLong,1000000,gaps,desc,1,4,1,4245000.000
sort,longLong,1000000,gaps,desc,2,5,1,4360000.000
sort,longLong,1000000,gaps,desc,3,5,1,20801000.000
sort,longLong,1000000,gaps,desc,1,5,1,4517000.000
sort,longLong,1000000,gaps,desc,0,5,1,2993000.000
sort,longLong,1000000,gaps,desc,2,6,1,4455000.000
sort,longLong,1000000,gaps,desc,3,6,1,20881000.000
sort,longLong,1000000,gaps,desc,1,6,1,4492000.000
sort,longLong,1000000,gaps,desc,0,6,1,2913000.000
ctorMove,longLong,1000000,gaps,desc,1,0,1,5013000.000
ctorMove,longLong,1000000,gaps,desc,0,0,1,3712000.000
ctorMove,longLong,1000000,gaps,desc,2,0,1,5075000.000
ctorMove,longLong,1000000,gaps,desc,0,1,1,3508000.000
ctorMove,longLong,1000000,gaps,desc,1,1,1,4615000.000
ctorMove,longLong,1000000,gaps,desc,2,1,1,4737000.000
ctorMove,longLong,1000000,gaps,desc,1,2,1,4546000.000
ctorMove,longLong,1000000,gaps,desc,0,2,1,3462000.000
ctorMove,longLong,1000000,gaps,desc,2,2,1,4823000.000
ctorMove,longLong,1000000,gaps,desc,1,3,1,4839000.000
ctorMove,longLong,1000000,gaps,desc,2,3,1,4776000.000
ctorMove,longLong,1000000,gaps,desc,0,3,1,3459000.000
ctorMove,longLong,1000000,gaps,desc,1,4,1,4630000.000
ctorMove,longLong,1000000,gaps,desc,0,4,1,3448000.000
ctorMove,longLong,1000000,gaps,desc,2,4,1,4826000.000
ctorMove,longLong,1000000,gaps,desc,0,5,1,3477000.000
ctorMove,longLong,1000000,gaps,desc,1,5,1,4631000.000
ctorMove,longLong,1000000,gaps,desc,2,5,1,4805000.000
ctorMove,longLong,1000000,gaps,desc,0,6,1,3473000.000
ctorMove,longLong,1000000,gaps,desc,1,6,1,4644000.000
ctorMove,longLong,1000000,gaps,desc,2,6,1,4732000.000
ctorCopy,longLong,1000000,gaps,desc,2,0,1,5153000.000
ctorCopy,longLong,1000000,gaps,desc,0,0,1,3812000.000
ctorCopy,longLong,1000000,gaps,desc,1,0,1,4949000.000
ctorCopy,longLong,1000000,gaps,desc,0,1,1,3801000.000
ctorCopy,longLong,1000000,gaps,desc,2,1,1,5173000.000
ctorCopy,longLong,1000000,gaps,desc,1,1,1,5417000.000
ctorCopy,longLong,1000000,gaps,desc,2,2,1,5480000.000
ctorCopy,longLong,1000000,gaps,desc,1,2,1,5487000.000
ctorCopy,longLong,1000000,gaps,desc,0,2,1,3878000.000
ctorCopy,longLong,1000000,gaps,desc,0,3,1,5022000.000
ctorCopy,longLong,1000000,gaps,desc,2,3,1,5221000.000
ctorCopy,longLong,1000000,gaps,desc,1,3,1,5158000.000
ctorCopy,longLong,1000000,gaps,desc,0,4,1,3935000.000
ctorCopy,longLong,1000000,gaps,desc,1,4,1,5274000.000
ctorCopy,longLong,1000000,gaps,desc,2,4,1,5199000.000
ctorCopy,longLong,1000000,gaps,desc,2,5,1,5464000.000
ctorCopy,longLong,1000000,gaps,desc,0,5,1,3741000.000
ctorCopy,longLong,1000000,gaps,desc,1,5,1,4907000.000
ctorCopy,longLong,1000000,gaps,desc,1,6,1,4873000.000
ctorCopy,longLong,1000000,gaps,desc,0,6,1,3755000.000
ctorCopy,longLong,1000000,gaps,desc,2,6,1,5275000.000
sort,longLong,1000000,ascending,asc,2,0,5,224600.000
sort,longLong,1000000,ascending,asc,3,0,1,7314000.000
sort,longLong,1000000,ascending,asc,0,0,5,228200.000
sort,longLong,1000000,ascending,asc,1,0,5,229600.000
sort,longLong,1000000,ascending,asc,2,1,5,225600.000
sort,longLong,1000000,ascending,asc,3,1,1,7314000.000
sort,longLong,1000000,ascending,asc,0,1,5,233800.000
sort,longLong,1000000,ascending,asc,1,1,5,226000.000
sort,longLong,1000000,ascending,asc,3,2,1,7367000.000
sort,longLong,1000000,ascending,asc,2,2,5,235800.000
sort,longLong,1000000,ascending,asc,0,2,5,233000.000
sort,longLong,1000000,ascending,asc,1,2,5,228800.000
sort,longLong,1000000,ascending,asc,3,3,1,7391000.000
sort,longLong,1000000,ascending,asc,0,3,5,231400.000
sort,longLong,1000000,ascending,asc,2,3,5,231800.000
sort,longLong,1000000,ascending,asc,1,3,5,228800.000
sort,longLong,1000000,ascending,asc,2,4,5,228200.000
sort,longLong,1000000,ascending,asc,3,4,1,7323000.000
sort,longLong,1000000,ascending,asc,1,4,5,224400.000
sort,longLong,1000000,ascending,asc,0,4,5,233800.000
sort,longLong,1000000,ascending,asc,2,5,5,223200.000
sort,longLong,1000000,ascending,asc,0,5,5,229600.000
sort,longLong,1000000,ascending,asc,3,5,1,7322000.000
sort,longLong,1000000,ascending,asc,1,5,5,227000.000
sort,longLong,1000000,ascending,asc,2,6,5,228000.000
sort,longLong,1000000,ascending,asc,0,6,5,231000.000
sort,longLong,1000000,ascending,asc,3,6,1,7362000.000
sort,longLong,1000000,ascending,asc,1,6,5,230800.000
ctorMove,longLong,1000000,ascending,asc,0,0,1,644000.000
ctorMove,longLong,1000000,ascending,asc,1,0,1,660000.000
ctorMove,longLong,1000000,ascending,asc,2,0,1,643000.000
ctorMove,longLong,1000000,ascending,asc,1,1,1,637000.000
ctorMove,longLong,1000000,ascending,asc,0,1,1,754000.000
ctorMove,longLong,1000000,ascending,asc,2,1,1,646000.000
ctorMove,longLong,1000000,ascending,asc,2,2,1,677000.000
ctorMove,longLong,1000000,ascending,asc,0,2,1,641000.000
ctorMove,longLong,1000000,ascending,asc,1,2,1,715000.000
ctorMove,longLong,1000000,ascending,asc,1,3,1,842000.000
ctorMove,longLong,1000000,ascending,asc,2,3,1,637000.000
ctorMove,longLong,1000000,ascending,asc,0,3,1,694000.000
ctorMove,longLong,1000000,ascending,asc,1,4,1,678000.000
ctorMove,longLong,1000000,ascending,asc,0,4,1,770000.000
ctorMove,longLong,1000000,ascending,asc,2,4,1,683000.000
ctorMove,longLong,1000000,ascending,asc,1,5,1,630000.000
ctorMove,longLong,1000000,ascending,asc,0,5,1,665000.000
ctorMove,longLong,1000000,ascending,asc,2,5,1,685000.000
ctorMove,longLong,1000000,ascending,asc,2,6,1,619000.000
ctorMove,longLong,1000000,ascending,asc,1,6,1,607000.000
ctorMove,longLong,1000000,ascending,asc,0,6,1,639000.000
ctorCopy,longLong,1000000,ascending,asc,1,0,1,923000.000
ctorCopy,longLong,1000000,ascending,asc,0,0,1,997000.000
ctorCopy,longLong,1000000,ascending,asc,2,0,1,971000.000
ctorCopy,longLong,1000000,ascending,asc,2,1,1,1018000.000
ctorCopy,longLong,1000000,ascending,asc,1,1,1,1020000.000
ctorCopy,longLong,1000000,ascending,asc,0,1,1,970000.000
ctorCopy,longLong,1000000,ascending,asc,1,2,1,983000.000
ctorCopy,longLong,1000000,ascending,asc,2,2,1,924000.000
ctorCopy,longLong,1000000,ascending,asc,0,2,1,959000.000
ctorCopy,longLong,1000000,ascending,asc,0,3,1,953000.000
ctorCopy,longLong,1000000,ascending,asc,1,3,1,1016000.000
ctorCopy,longLong,1000000,ascending,asc,2,3,1,972000.000
ctorCopy,longLong,1000000,ascending,asc,0,4,1,954000.000
ctorCopy,longLong,1000000,ascending,asc,1,4,1,1069000.000
ctorCopy,longLong,1000000,ascending,asc,2,4,1,1048000.000
ctorCopy,longLong,1000000,ascending,asc,2,5,1,993000.000
ctorCopy,longLong,1000000,ascending,asc,1,5,1,908000.000
ctorCopy,longLong,1000000,ascending,asc,0,5,1,977000.000
ctorCopy,longLong,1000000,ascending,asc,2,6,1,1086000.000
ctorCopy,longLong,1000000,ascending,asc,1,6,1,1100000.000
ctorCopy,longLong,1000000,ascending,asc,0,6,1,1028000.000
sort,longLong,1000000,ascending,desc,2,0,3,391666.667
sort,longLong,1000000,ascending,desc,3,0,1,5251000.000
sort,longLong,1000000,ascending,desc,0,0,3,379666.667
sort,longLong,1000000,ascending,desc,1,0,3,388000.000
sort,longLong,1000000,ascending,desc,2,1,3,380333.333
sort,longLong,1000000,ascending,desc,3,1,1,5229000.000
sort,longLong,1000000,ascending,desc,0,1,3,384000.000
sort,longLong,1000000,ascending,desc,1,1,3,380333.333
sort,longLong,1000000,ascending,desc,3,2,1,5235000.000
sort,longLong,1000000,ascending,desc,2,2,3,384666.667
sort,longLong,1000000,ascending,desc,0,2,3,391666.667
sort,longLong,1000000,ascending,desc,1,2,3,386666.667
sort,longLong,1000000,ascending,desc,3,3,1,5212000.000
sort,longLong,1000000,ascending,desc,0,3,3,397666.667
sort,longLong,1000000,ascending,desc,2,3,3,395333.333
sort,longLong,1000000,ascending,desc,1,3,3,390666.667
sort,longLong,1000000,ascending,desc,2,4,3,398000.000
sort,longLong,1000000,ascending,desc,3,4,1,5275000.000
sort,longLong,1000000,ascending,desc,1,4,3,399000.000
sort,longLong,1000000,ascending,desc,0,4,3,393666.667
sort,longLong,1000000,ascending,desc,2,5,3,397000.000
sort,longLong,1000000,ascending,desc,0,5,3,395666.667
sort,longLong,1000000,ascending,desc,3,5,1,5239000.000
sort,longLong,1000000,ascending,desc,1,5,3,391666.667
sort,longLong,1000000,ascending,desc,2,6,3,396666.667
sort,longLong,1000000,ascending,desc,0,6,3,399333.333
sort,longLong,1000000,ascending,desc,3,6,1,5282000.000
sort,longLong,1000000,ascending,desc,1,6,3,398000.000
ctorMove,longLong,1000000,ascending,desc,0,0,1,802000.000
ctorMove,longLong,1000000,ascending,desc,1,0,1,814000.000
ctorMove,longLong,1000000,ascending,desc,2,0,1,845000.000
ctorMove,longLong,1000000,ascending,desc,1,1,1,797000.000
ctorMove,longLong,1000000,ascending,desc,0,1,1,786000.000
ctorMove,longLong,1000000,ascending,desc,2,1,1,854000.000
ctorMove,longLong,1000000,ascending,desc,2,2,1,762000.000
ctorMove,longLong,1000000,ascending,desc,0,2,1,765000.000
ctorMove,longLong,1000000,ascending,desc,1,2,1,770000.000
ctorMove,longLong,1000000,ascending,desc,1,3,1,794000.000
ctorMove,longLong,1000000,ascending,desc,2,3,1,858000.000
ctorMove,longLong,1000000,ascending,desc,0,3,1,804000.000
ctorMove,longLong,1000000,ascending,desc,1,4,1,832000.000
ctorMove,longLong,1000000,ascending,desc,0,4,1,800000.000
ctorMove,longLong,1000000,ascending,desc,2,4,1,774000.000
ctorMove,longLong,1000000,ascending,desc,1,5,1,781000.000
ctorMove,longLong,1000000,ascending,desc,0,5,1,772000.000
ctorMove,longLong,1000000,ascending,desc,2,5,1,772000.000
ctorMove,longLong,1000000,ascending,desc,2,6,1,809000.000
ctorMove,longLong,1000000,ascending,desc,1,6,1,863000.000
ctorMove,longLong,1000000,ascending,desc,0,6,1,763000.000
ctorCopy,longLong,1000000,ascending,desc,1,0,1,1135000.000
ctorCopy,longLong,1000000,ascending,desc,0,0,1,1121000.000
ctorCopy,longLong,1000000,ascending,desc,2,0,1,1106000.000
ctorCopy,longLong,1000000,ascending,desc,2,1,1,1086000.000
ctorCopy,longLong,1000000,ascending,desc,1,1,1,1193000.000
ctorCopy,longLong,1000000,ascending,desc,0,1,1,1109000.000
ctorCopy,longLong,1000000,ascending,desc,1,2,1,1132000.000
ctorCopy,longLong,1000000,ascending,desc,2,2,1,1117000.000
ctorCopy,longLong,1000000,ascending,desc,0,2,1,1210000.000
ctorCopy,longLong,1000000,ascending,desc,0,3,1,1135000.000
ctorCopy,longLong,1000000,ascending,desc,1,3,1,1184000.000
ctorCopy,longLong,1000000,ascending,desc,2,3,1,1157000.000
ctorCopy,longLong,1000000,ascending,desc,0,4,1,1100000.000
ctorCopy,longLong,1000000,ascending,desc,1,4,1,1103000.000
ctorCopy,longLong,1000000,ascending,desc,2,4,1,1106000.000
ctorCopy,longLong,1000000,ascending,desc,2,5,1,1097000.000
ctorCopy,longLong,1000000,ascending,desc,1,5,1,1099000.000
ctorCopy,longLong,1000000,ascending,desc,0,5,1,1152000.000
ctorCopy,longLong,1000000,ascending,desc,2,6,1,1077000.000
ctorCopy,longLong,1000000,ascending,desc,1,6,1,1147000.000
ctorCopy,longLong,1000000,ascending,desc,0,6,1,1109000.000
sort,longLong,1000000,descending,asc,2,0,3,400000.000
sort,longLong,1000000,descending,asc,1,0,3,392333.333
sort,longLong,1000000,descending,asc,3,0,1,5292000.000
sort,longLong,1000000,descending,asc,0,0,3,393666.667
sort,longLong,1000000,descending,asc,1,1,3,402000.000
sort,longLong,1000000,descending,asc,2,1,3,396000.000
sort,longLong,1000000,descending,asc,0,1,3,400666.667
sort,longLong,1000000,descending,asc,3,1,1,5282000.000
sort,longLong,1000000,descending,asc,2,2,3,397666.667
sort,longLong,1000000,descending,asc,0,2,3,399000.000
sort,longLong,1000000,descending,asc,3,2,1,5244000.000
sort,longLong,1000000,descending,asc,1,2,3,399666.667
sort,longLong,1000000,descending,asc,1,3,3,409000.000
sort,longLong,1000000,descending,asc,0,3,3,397333.333
sort,longLong,1000000,descending,asc,2,3,3,398666.667
sort,longLong,1000000,descending,asc,3,3,1,5272000.000
sort,longLong,1000000,descending,asc,3,4,1,5233000.000
sort,longLong,1000000,descending,asc,1,4,3,378000.000
sort,longLong,1000000,descending,asc,0,4,3,376333.333
sort,longLong,1000000,descending,asc,2,4,3,390333.333
sort,longLong,1000000,descending,asc,1,5,3,380000.000
sort,longLong,1000000,descending,asc,0,5,3,380333.333
sort,longLong,1000000,descending,asc,3,5,1,5229000.000
sort,longLong,1000000,descending,asc,2,5,3,385000.000
sort,longLong,1000000,descending,asc,0,6,3,387000.000
sort,longLong,1000000,descending,asc,1,6,3,388333.333
sort,longLong,1000000,descending,asc,3,6,1,5241000.000
sort,longLong,1000000,descending,asc,2,6,3,389666.667
ctorMove,longLong,1000000,descending,asc,2,0,1,794000.000
ctorMove,longLong,1000000,descending,asc,0,0,1,789000.000
ctorMove,longLong,1000000,descending,asc,1,0,1,833000.000
ctorMove,longLong,1000000,descending,asc,1,1,1,803000.000
ctorMove,longLong,1000000,descending,asc,2,1,1,795000.000
ctorMove,longLong,1000000,descending,asc,0,1,1,800000.000
ctorMove,longLong,1000000,descending,asc,1,2,1,794000.000
ctorMove,longLong,1000000,descending,asc,2,2,1,816000.000
ctorMove,longLong,1000000,descending,asc,0,2,1,780000.000
ctorMove,longLong,1000000,descending,asc,1,3,1,799000.000
ctorMove,longLong,1000000,descending,asc,2,3,1,836000.000
ctorMove,longLong,1000000,descending,asc,0,3,1,792000.000
ctorMove,longLong,1000000,descending,asc,1,4,1,798000.000
ctorMove,longLong,1000000,descending,asc,0,4,1,792000.000
ctorMove,longLong,1000000,descending,asc,2,4,1,793000.000
ctorMove,longLong,1000000,descending,asc,0,5,1,794000.000
ctorMove,longLong,1000000,descending,asc,1,5,1,786000.000
ctorMove,longLong,1000000,descending,asc,2,5,1,865000.000
ctorMove,longLong,1000000,descending,asc,2,6,1,836000.000
ctorMove,longLong,1000000,descending,asc,1,6,1,797000.000
ctorMove,longLong,1000000,descending,asc,0,6,1,833000.000
ctorCopy,longLong,1000000,descending,asc,2,0,1,1223000.000
ctorCopy,longLong,1000000,descending,asc,1,0,1,1235000.000
ctorCopy,longLong,1000000,descending,asc,0,0,1,1263000.000
ctorCopy,longLong,1000000,descending,asc,0,1,1,1254000.000
ctorCopy,longLong,1000000,descending,asc,1,1,1,1260000.000
ctorCopy,longLong,1000000,descending,asc,2,1,1,1240000.000
ctorCopy,longLong,1000000,descending,asc,1,2,1,1223000.000
ctorCopy,longLong,1000000,descending,asc,2,2,1,1184000.000
ctorCopy,longLong,1000000,descending,asc,0,2,1,1232000.000
ctorCopy,longLong,1000000,descending,asc,2,3,1,1212000.000
ctorCopy,longLong,1000000,descending,asc,1,3,1,1191000.000
ctorCopy,longLong,1000000,descending,asc,0,3,1,1307000.000
ctorCopy,longLong,1000000,descending,asc,2,4,1,1258000.000
ctorCopy,longLong,1000000,descending,asc,1,4,1,1222000.000
ctorCopy,longLong,1000000,descending,asc,0,4,1,1190000.000
ctorCopy,longLong,1000000,descending,asc,2,5,1,1189000.000
ctorCopy,longLong,1000000,descending,asc,0,5,1,1205000.000
ctorCopy,longLong,1000000,descending,asc,1,5,1,1126000.000
ctorCopy,longLong,1000000,descending,asc,2,6,1,1156000.000
ctorCopy,longLong,1000000,descending,asc,0,6,1,1201000.000
ctorCopy,longLong,1000000,descending,asc,1,6,1,1149000.000
sort,longLong,1000000,descending,desc,2,0,2,558000.000
sort,longLong,1000000,descending,desc,1,0,5,230600.000
sort,longLong,1000000,descending,desc,3,0,1,7341000.000
sort,longLong,1000000,descending,desc,0,0,5,228000.000
sort,longLong,1000000,descending,desc,1,1,5,233600.000
sort,longLong,1000000,descending,desc,2,1,2,535500.000
sort,longLong,1000000,descending,desc,0,1,5,232000.000
sort,longLong,1000000,descending,desc,3,1,1,7278000.000
sort,longLong,1000000,descending,desc,2,2,2,543500.000
sort,longLong,1000000,descending,desc,0,2,5,232200.000
sort,longLong,1000000,descending,desc,3,2,1,7305000.000
sort,longLong,1000000,descending,desc,1,2,5,224800.000
sort,longLong,1000000,descending,desc,1,3,5,240400.000
sort,longLong,1000000,descending,desc,0,3,5,225800.000
sort,longLong,1000000,descending,desc,2,3,2,556000.000
sort,longLong,1000000,descending,desc,3,3,1,7295000.000
sort,longLong,1000000,descending,desc,3,4,1,7331000.000
sort,longLong,1000000,descending,desc,1,4,5,224000.000
sort,longLong,1000000,descending,desc,0,4,5,226200.000
sort,longLong,1000000,descending,desc,2,4,2,556500.000
sort,longLong,1000000,descending,desc,1,5,5,227600.000
sort,longLong,1000000,descending,desc,0,5,5,234400.000
sort,longLong,1000000,descending,desc,3,5,1,7287000.000
sort,longLong,1000000,descending,desc,2,5,2,575500.000
sort,longLong,1000000,descending,desc,0,6,5,227800.000
sort,longLong,1000000,descending,desc,1,6,5,232800.000
sort,longLong,1000000,descending,desc,3,6,1,7392000.000
sort,longLong,1000000,descending,desc,2,6,2,534500.000
ctorMove,longLong,1000000,descending,desc,2,0,1,946000.000
ctorMove,longLong,1000000,descending,desc,0,0,1,694000.000
ctorMove,longLong,1000000,descending,desc,1,0,1,655000.000
ctorMove,longLong,1000000,descending,desc,1,1,1,595000.000
ctorMove,longLong,1000000,descending,desc,2,1,1,975000.000
ctorMove,longLong,1000000,descending,desc,0,1,1,618000.000
ctorMove,longLong,1000000,descending,desc,1,2,1,665000.000
ctorMove,longLong,1000000,descending,desc,2,2,1,1014000.000
ctorMove,longLong,1000000,descending,desc,0,2,1,606000.000
ctorMove,longLong,1000000,descending,desc,1,3,1,653000.000
ctorMove,longLong,1000000,descending,desc,2,3,1,966000.000
ctorMove,longLong,1000000,descending,desc,0,3,1,639000.000
ctorMove,longLong,1000000,descending,desc,1,4,1,633000.000
ctorMove,longLong,1000000,descending,desc,0,4,1,751000.000
ctorMove,longLong,1000000,descending,desc,2,4,1,957000.000
ctorMove,longLong,1000000,descending,desc,0,5,1,624000.000
ctorMove,longLong,1000000,descending,desc,1,5,1,620000.000
ctorMove,longLong,1000000,descending,desc,2,5,1,954000.000
ctorMove,longLong,1000000,descending,desc,2,6,1,943000.000
ctorMove,longLong,1000000,descending,desc,1,6,1,598000.000
ctorMove,longLong,1000000,descending,desc,0,6,1,640000.000
ctorCopy,longLong,1000000,descending,desc,2,0,1,1325000.000
ctorCopy,longLong,1000000,descending,desc,1,0,1,998000.000
ctorCopy,longLong,1000000,descending,desc,0,0,1,1047000.000
ctorCopy,longLong,1000000,descending,desc,0,1,1,1020000.000
ctorCopy,longLong,1000000,descending,desc,1,1,1,966000.000
ctorCopy,longLong,1000000,descending,desc,2,1,1,1398000.000
ctorCopy,longLong,1000000,descending,desc,1,2,1,1006000.000
ctorCopy,longLong,1000000,descending,desc,2,2,1,1404000.000
ctorCopy,longLong,1000000,descending,desc,0,2,1,932000.000
ctorCopy,longLong,1000000,descending,desc,2,3,1,1249000.000
ctorCopy,longLong,1000000,descending,desc,1,3,1,947000.000
ctorCopy,longLong,1000000,descending,desc,0,3,1,980000.000
ctorCopy,longLong,1000000,descending,desc,2,4,1,1296000.000
ctorCopy,longLong,1000000,descending,desc,1,4,1,1019000.000
ctorCopy,longLong,1000000,descending,desc,0,4,1,925000.000
ctorCopy,longLong,1000000,descending,desc,2,5,1,1241000.000
ctorCopy,longLong,1000000,descending,desc,0,5,1,1016000.000
ctorCopy,longLong,1000000,descending,desc,1,5,1,949000.000
ctorCopy,longLong,1000000,descending,desc,2,6,1,1273000.000
ctorCopy,longLong,1000000,descending,desc,0,6,1,980000.000
ctorCopy,longLong,1000000,descending,desc,1,6,1,1041000.000
sort,longLong,1000000,nearly,asc,0,0,1,6585000.000
sort,longLong,1000000,nearly,asc,2,0,1,6501000.000
sort,longLong,1000000,nearly,asc,1,0,1,6906000.000
sort,longLong,1000000,nearly,asc,3,0,1,9182000.000
sort,longLong,1000000,nearly,asc,1,1,1,6572000.000
sort,longLong,1000000,nearly,asc,3,1,1,9214000.000
sort,longLong,1000000,nearly,asc,0,1,1,6768000.000
sort,longLong,1000000,nearly,asc,2,1,1,6581000.000
sort,longLong,1000000,nearly,asc,3,2,1,9201000.000
sort,longLong,1000000,nearly,asc,0,2,1,6747000.000
sort,longLong,1000000,nearly,asc,2,2,1,6511000.000
sort,longLong,1000000,nearly,asc,1,2,1,6641000.000
sort,longLong,1000000,nearly,asc,1,3,1,6410000.000
sort,longLong,1000000,nearly,asc,0,3,1,6594000.000
sort,longLong,1000000,nearly,asc,2,3,1,6469000.000
sort,longLong,1000000,nearly,asc,3,3,1,9222000.000
sort,longLong,1000000,nearly,asc,1,4,1,6610000.000
sort,longLong,1000000,nearly,asc,3,4,1,9139000.000
sort,longLong,1000000,nearly,asc,2,4,1,6519000.000
sort,longLong,1000000,nearly,asc,0,4,1,6570000.000
sort,longLong,1000000,nearly,asc,3,5,1,9248000.000
sort,longLong,1000000,nearly,asc,0,5,1,6540000.000
sort,longLong,1000000,nearly,asc,2,5,1,6816000.000
sort,longLong,1000000,nearly,asc,1,5,1,6927000.000
sort,longLong,1000000,nearly,asc,3,6,1,9220000.000
sort,longLong,1000000,nearly,asc,1,6,1,6875000.000
sort,longLong,1000000,nearly,asc,0,6,1,6640000.000
sort,longLong,1000000,nearly,asc,2,6,1,6398000.000
ctorMove,longLong,1000000,nearly,asc,0,0,1,6919000.000
ctorMove,longLong,1000000,nearly,asc,1,0,1,7240000.000
ctorMove,longLong,1000000,nearly,asc,2,0,1,6845000.000
ctorMove,longLong,1000000,nearly,asc,1,1,1,6952000.000
ctorMove,longLong,1000000,nearly,asc,2,1,1,7151000.000
ctorMove,longLong,1000000,nearly,asc,0,1,1,6875000.000
ctorMove,longLong,1000000,nearly,asc,1,2,1,7005000.000
ctorMove,longLong,1000000,nearly,asc,2,2,1,7105000.000
ctorMove,longLong,1000000,nearly,asc,0,2,1,7276000.000
ctorMove,longLong,1000000,nearly,asc,0,3,1,7212000.000
ctorMove,longLong,1000000,nearly,asc,2,3,1,6998000.000
ctorMove,longLong,1000000,nearly,asc,1,3,1,7173000.000
ctorMove,longLong,1000000,nearly,asc,0,4,1,7733000.000
ctorMove,longLong,1000000,nearly,asc,2,4,1,7866000.000
ctorMove,longLong,1000000,nearly,asc,1,4,1,7154000.000
ctorMove,longLong,1000000,nearly,asc,2,5,1,7062000.000
ctorMove,longLong,1000000,nearly,asc,1,5,1,7046000.000
ctorMove,longLong,1000000,nearly,asc,0,5,1,7001000.000
ctorMove,longLong,1000000,nearly,asc,1,6,1,7026000.000
ctorMove,longLong,1000000,nearly,asc,2,6,1,7253000.000
ctorMove,longLong,1000000,nearly,asc,0,6,1,6809000.000
ctorCopy,longLong,1000000,nearly,asc,0,0,1,7215000.000
ctorCopy,longLong,1000000,nearly,asc,2,0,1,7228000.000
ctorCopy,longLong,1000000,nearly,asc,1,0,1,7245000.000
ctorCopy,longLong,1000000,nearly,asc,2,1,1,7360000.000
ctorCopy,longLong,1000000,nearly,asc,0,1,1,7173000.000
ctorCopy,longLong,1000000,nearly,asc,1,1,1,7323000.000
ctorCopy,longLong,1000000,nearly,asc,2,2,1,7234000.000
ctorCopy,longLong,1000000,nearly,asc,1,2,1,7499000.000
ctorCopy,longLong,1000000,nearly,asc,0,2,1,7230000.000
ctorCopy,longLong,1000000,nearly,asc,1,3,1,7459000.000
ctorCopy,longLong,1000000,nearly,asc,0,3,1,7369000.000
ctorCopy,longLong,1000000,nearly,asc,2,3,1,7269000.000
ctorCopy,longLong,1000000,nearly,asc,2,4,1,7112000.000
ctorCopy,longLong,1000000,nearly,asc,0,4,1,7454000.000
ctorCopy,longLong,1000000,nearly,asc,1,4,1,7159000.000
ctorCopy,longLong,1000000,nearly,asc,2,5,1,7514000.000
ctorCopy,longLong,1000000,nearly,asc,1,5,1,7558000.000
ctorCopy,longLong,1000000,nearly,asc,0,5,1,7385000.000
ctorCopy,longLong,1000000,nearly,asc,0,6,1,7235000.000
ctorCopy,longLong,1000000,nearly,asc,1,6,1,7223000.000
ctorCopy,longLong,1000000,nearly,asc,2,6,1,7149000.000
sort,longLong,1000000,nearly,desc,0,0,1,6615000.000
sort,longLong,1000000,nearly,desc,2,0,1,6896000.000
sort,longLong,1000000,nearly,desc,1,0,1,6818000.000
sort,longLong,1000000,nearly,desc,3,0,1,13670000.000
sort,longLong,1000000,nearly,desc,1,1,1,6979000.000
sort,longLong,1000000,nearly,desc,3,1,1,13532000.000
sort,longLong,1000000,nearly,desc,0,1,1,6518000.000
sort,longLong,1000000,nearly,desc,2,1,1,6881000.000
sort,longLong,1000000,nearly,desc,3,2,1,13599000.000
sort,longLong,1000000,nearly,desc,0,2,1,6908000.000
sort,longLong,1000000,nearly,desc,2,2,1,6862000.000
sort,longLong,1000000,nearly,desc,1,2,1,6648000.000
sort,longLong,1000000,nearly,desc,1,3,1,6607000.000
sort,longLong,1000000,nearly,desc,0,3,1,6779000.000
sort,longLong,1000000,nearly,desc,2,3,1,6948000.000
sort,longLong,1000000,nearly,desc,3,3,1,13672000.000
sort,longLong,1000000,nearly,desc,1,4,1,6894000.000
sort,longLong,1000000,nearly,desc,3,4,1,13717000.000
sort,longLong,1000000,nearly,desc,2,4,1,6968000.000
sort,longLong,1000000,nearly,desc,0,4,1,6569000.000
sort,longLong,1000000,nearly,desc,3,5,1,13645000.000
sort,longLong,1000000,nearly,desc,0,5,1,6920000.000
sort,longLong,1000000,nearly,desc,2,5,1,6536000.000
sort,longLong,1000000,nearly,desc,1,5,1,6619000.000
sort,longLong,1000000,nearly,desc,3,6,1,13624000.000
sort,longLong,1000000,nearly,desc,1,6,1,6580000.000
sort,longLong,1000000,nearly,desc,0,6,1,6653000.000
sort,longLong,1000000,nearly,desc,2,6,1,6952000.000
ctorMove,longLong,1000000,nearly,desc,0,0,1,7120000.000
ctorMove,longLong,1000000,nearly,desc,1,0,1,7054000.000
ctorMove,longLong,1000000,nearly,desc,2,0,1,7118000.000
ctorMove,longLong,1000000,nearly,desc,1,1,1,7227000.000
ctorMove,longLong,1000000,nearly,desc,2,1,1,7208000.000
ctorMove,longLong,1000000,nearly,desc,0,1,1,7142000.000
ctorMove,longLong,1000000,nearly,desc,1,2,1,7208000.000
ctorMove,longLong,1000000,nearly,desc,2,2,1,7193000.000
ctorMove,longLong,1000000,nearly,desc,0,2,1,7159000.000
ctorMove,longLong,1000000,nearly,desc,0,3,1,7272000.000
ctorMove,longLong,1000000,nearly,desc,2,3,1,7180000.000
ctorMove,longLong,1000000,nearly,desc,1,3,1,7533000.000
ctorMove,longLong,1000000,nearly,desc,0,4,1,8095000.000
ctorMove,longLong,1000000,nearly,desc,2,4,1,7462000.000
ctorMove,longLong,1000000,nearly,desc,1,4,1,8196000.000
ctorMove,longLong,1000000,nearly,desc,2,5,1,7653000.000
ctorMove,longLong,1000000,nearly,desc,1,5,1,7683000.000
ctorMove,longLong,1000000,nearly,desc,0,5,1,7616000.000
ctorMove,longLong,1000000,nearly,desc,1,6,1,7211000.000
ctorMove,longLong,1000000,nearly,desc,2,6,1,7239000.000
ctorMove,longLong,1000000,nearly,desc,0,6,1,6930000.000
ctorCopy,longLong,1000000,nearly,desc,0,0,1,7205000.000
ctorCopy,longLong,1000000,nearly,desc,2,0,1,7289000.000
ctorCopy,longLong,1000000,nearly,desc,1,0,1,7311000.000
ctorCopy,longLong,1000000,nearly,desc,2,1,1,7448000.000
ctorCopy,longLong,1000000,nearly,desc,0,1,1,7918000.000
ctorCopy,longLong,1000000,nearly,desc,1,1,1,8040000.000
ctorCopy,longLong,1000000,nearly,desc,2,2,1,7881000.000
ctorCopy,longLong,1000000,nearly,desc,1,2,1,7447000.000
ctorCopy,longLong,1000000,nearly,desc,0,2,1,7336000.000
ctorCopy,longLong,1000000,nearly,desc,1,3,1,7534000.000
ctorCopy,longLong,1000000,nearly,desc,0,3,1,7325000.000
ctorCopy,longLong,1000000,nearly,desc,2,3,1,7745000.000
ctorCopy,longLong,1000000,nearly,desc,2,4,1,7747000.000
ctorCopy,longLong,1000000,nearly,desc,0,4,1,7363000.000
ctorCopy,longLong,1000000,nearly,desc,1,4,1,7574000.000
ctorCopy,longLong,1000000,nearly,desc,2,5,1,7378000.000
ctorCopy,longLong,1000000,nearly,desc,1,5,1,7306000.000
ctorCopy,longLong,1000000,nearly,desc,0,5,1,7378000.000
ctorCopy,longLong,1000000,nearly,desc,0,6,1,7232000.000
ctorCopy,longLong,1000000,nearly,desc,1,6,1,7393000.000
ctorCopy,longLong,1000000,nearly,desc,2,6,1,7384000.000
sort,longLong,128,fullWidth,asc,1,0,512,437.500
sort,longLong,128,fullWidth,asc,0,0,512,484.375
sort,longLong,128,fullWidth,asc,3,0,512,439.453
sort,longLong,128,fullWidth,asc,2,0,512,476.562
sort,longLong,128,fullWidth,asc,2,1,512,466.797
sort,longLong,128,fullWidth,asc,3,1,512,441.406
sort,longLong,128,fullWidth,asc,0,1,512,470.703
sort,longLong,128,fullWidth,asc,1,1,512,464.844
sort,longLong,128,fullWidth,asc,1,2,512,472.656
sort,longLong,128,fullWidth,asc,3,2,512,439.453
sort,longLong,128,fullWidth,asc,0,2,512,492.188
sort,longLong,128,fullWidth,asc,2,2,512,470.703
sort,longLong,128,fullWidth,asc,3,3,512,458.984
sort,longLong,128,fullWidth,asc,1,3,512,468.750
sort,longLong,128,fullWidth,asc,0,3,512,488.281
sort,longLong,128,fullWidth,asc,2,3,512,488.281
sort,longLong,128,fullWidth,asc,3,4,512,478.516
sort,longLong,128,fullWidth,asc,1,4,512,453.125
sort,longLong,128,fullWidth,asc,2,4,512,541.016
sort,longLong,128,fullWidth,asc,0,4,512,544.922
sort,longLong,128,fullWidth,asc,1,5,512,453.125
sort,longLong,128,fullWidth,asc,2,5,512,468.750
sort,longLong,128,fullWidth,asc,0,5,512,503.906
sort,longLong,128,fullWidth,asc,3,5,512,490.234
sort,longLong,128,fullWidth,asc,1,6,512,455.078
sort,longLong,128,fullWidth,asc,0,6,512,494.141
sort,longLong,128,fullWidth,asc,3,6,512,507.812
sort,longLong,128,fullWidth,asc,2,6,512,501.953
sort,longLong,512,fullWidth,asc,1,0,389,2573.265
sort,longLong,512,fullWidth,asc,2,0,379,2641.161
sort,longLong,512,fullWidth,asc,0,0,388,2579.897
sort,longLong,512,fullWidth,asc,3,0,424,2360.849
sort,longLong,512,fullWidth,asc,0,1,390,2566.667
sort,longLong,512,fullWidth,asc,2,1,385,2600.000
sort,longLong,512,fullWidth,asc,1,1,386,2590.674
sort,longLong,512,fullWidth,asc,3,1,413,2426.150
sort,longLong,512,fullWidth,asc,3,2,428,2338.785
sort,longLong,512,fullWidth,asc,2,2,350,2860.000
sort,longLong,512,fullWidth,asc,1,2,389,2570.694
sort,longLong,512,fullWidth,asc,0,2,388,2579.897
sort,longLong,512,fullWidth,asc,1,3,387,2586.563
sort,longLong,512,fullWidth,asc,2,3,385,2600.000
sort,longLong,512,fullWidth,asc,3,3,425,2355.294
sort,longLong,512,fullWidth,asc,0,3,390,2569.231
sort,longLong,512,fullWidth,asc,2,4,386,2590.674
sort,longLong,512,fullWidth,asc,3,4,402,2490.050
sort,longLong,512,fullWidth,asc,1,4,390,2566.667
sort,longLong,512,fullWidth,asc,0,4,387,2583.979
sort,longLong,512,fullWidth,asc,0,5,384,2604.167
sort,longLong,512,fullWidth,asc,1,5,390,2569.231
sort,longLong,512,fullWidth,asc,2,5,381,2627.297
sort,longLong,512,fullWidth,asc,3,5,424,2363.208
sort,longLong,512,fullWidth,asc,3,6,425,2355.294
sort,longLong,512,fullWidth,asc,2,6,361,2772.853
sort,longLong,512,fullWidth,asc,1,6,389,2570.694
sort,longLong,512,fullWidth,asc,0,6,385,2600.000
sort,longLong,4096,fullWidth,asc,1,0,44,23068.182
sort,longLong,4096,fullWidth,asc,2,0,45,22444.444
sort,longLong,4096,fullWidth,asc,3,0,40,25475.000
sort,longLong,4096,fullWidth,asc,0,0,42,24166.667
sort,longLong,4096,fullWidth,asc,3,1,40,25575.000
sort,longLong,4096,fullWidth,asc,0,1,42,24142.857
sort,longLong,4096,fullWidth,asc,2,1,45,22444.444
sort,longLong,4096,fullWidth,asc,1,1,45,22400.000
sort,longLong,4096,fullWidth,asc,2,2,44,23090.909
sort,longLong,4096,fullWidth,asc,1,2,45,22377.778
sort,longLong,4096,fullWidth,asc,3,2,39,25897.436
sort,longLong,4096,fullWidth,asc,0,2,42,23904.762
sort,longLong,4096,fullWidth,asc,2,3,45,22466.667
sort,longLong,4096,fullWidth,asc,0,3,42,23952.381
sort,longLong,4096,fullWidth,asc,3,3,40,25575.000
sort,longLong,4096,fullWidth,asc,1,3,45,22333.333
sort,longLong,4096,fullWidth,asc,2,4,44,23022.727
sort,longLong,4096,fullWidth,asc,0,4,41,24634.146
sort,longLong,4096,fullWidth,asc,3,4,39,25871.795
sort,longLong,4096,fullWidth,asc,1,4,46,22086.957
sort,longLong,4096,fullWidth,asc,0,5,42,24071.429
sort,longLong,4096,fullWidth,asc,3,5,39,25743.590
sort,longLong,4096,fullWidth,asc,1,5,45,22244.444
sort,longLong,4096,fullWidth,asc,2,5,45,22377.778
sort,longLong,4096,fullWidth,asc,2,6,44,22795.455
sort,longLong,4096,fullWidth,asc,1,6,45,22444.444
sort,longLong,4096,fullWidth,asc,3,6,40,25450.000
sort,longLong,4096,fullWidth,asc,0,6,42,24023.810
sort,int,2000000,range22,asc,0,0,1,6209000.000
sort,int,2000000,range22,asc,2,0,1,6274000.000
sort,int,2000000,range22,asc,3,0,1,83357000.000
sort,int,2000000,range22,asc,1,0,1,6523000.000
sort,int,2000000,range22,asc,0,1,1,6283000.000
sort,int,2000000,range22,asc,1,1,1,6299000.000
sort,int,2000000,range22,asc,2,1,1,6427000.000
sort,int,2000000,range22,asc,3,1,1,85094000.000
sort,int,2000000,range22,asc,0,2,1,6295000.000
sort,int,2000000,range22,asc,2,2,1,6466000.000
sort,int,2000000,range22,asc,1,2,1,6188000.000
sort,int,2000000,range22,asc,3,2,1,82976000.000
sort,int,2000000,range22,asc,3,3,1,83040000.000
sort,int,2000000,range22,asc,1,3,1,6314000.000
sort,int,2000000,range22,asc,0,3,1,6151000.000
sort,int,2000000,range22,asc,2,3,1,6299000.000
sort,int,2000000,range22,asc,3,4,1,82898000.000
sort,int,2000000,range22,asc,2,4,1,6293000.000
sort,int,2000000,range22,asc,0,4,1,6244000.000
sort,int,2000000,range22,asc,1,4,1,6196000.000
sort,int,2000000,range22,asc,3,5,1,83762000.000
sort,int,2000000,range22,asc,1,5,1,6373000.000
sort,int,2000000,range22,asc,0,5,1,6138000.000
sort,int,2000000,range22,asc,2,5,1,6306000.000
sort,int,2000000,range22,asc,3,6,1,87893000.000
sort,int,2000000,range22,asc,1,6,1,6328000.000
sort,int,2000000,range22,asc,0,6,1,6448000.000
sort,int,2000000,range22,asc,2,6,1,6286000.000
ctorMove,int,2000000,range22,asc,0,0,1,9665000.000
ctorMove,int,2000000,range22,asc,1,0,1,9230000.000
ctorMove,int,2000000,range22,asc,2,0,1,9537000.000
ctorMove,int,2000000,range22,asc,1,1,1,8949000.000
ctorMove,int,2000000,range22,asc,0,1,1,9154000.000
ctorMove,int,2000000,range22,asc,2,1,1,9023000.000
ctorMove,int,2000000,range22,asc,0,2,1,9261000.000
ctorMove,int,2000000,range22,asc,1,2,1,9255000.000
ctorMove,int,2000000,range22,asc,2,2,1,8978000.000
ctorMove,int,2000000,range22,asc,0,3,1,9067000.000
ctorMove,int,2000000,range22,asc,2,3,1,9179000.000
ctorMove,int,2000000,range22,asc,1,3,1,9088000.000
ctorMove,int,2000000,range22,asc,0,4,1,9174000.000
ctorMove,int,2000000,range22,asc,2,4,1,9162000.000
ctorMove,int,2000000,range22,asc,1,4,1,9179000.000
ctorMove,int,2000000,range22,asc,0,5,1,8982000.000
ctorMove,int,2000000,range22,asc,1,5,1,9055000.000
ctorMove,int,2000000,range22,asc,2,5,1,8773000.000
ctorMove,int,2000000,range22,asc,0,6,1,8781000.000
ctorMove,int,2000000,range22,asc,1,6,1,9183000.000
ctorMove,int,2000000,range22,asc,2,6,1,9015000.000
ctorCopy,int,2000000,range22,asc,2,0,1,9323000.000
ctorCopy,int,2000000,range22,asc,1,0,1,9565000.000
ctorCopy,int,2000000,range22,asc,0,0,1,9361000.000
ctorCopy,int,2000000,range22,asc,0,1,1,9405000.000
ctorCopy,int,2000000,range22,asc,2,1,1,9551000.000
ctorCopy,int,2000000,range22,asc,1,1,1,9586000.000
ctorCopy,int,2000000,range22,asc,1,2,1,9556000.000
ctorCopy,int,2000000,range22,asc,0,2,1,10022000.000
ctorCopy,int,2000000,range22,asc,2,2,1,9432000.000
ctorCopy,int,2000000,range22,asc,2,3,1,9195000.000
ctorCopy,int,2000000,range22,asc,1,3,1,9296000.000
ctorCopy,int,2000000,range22,asc,0,3,1,9230000.000
ctorCopy,int,2000000,range22,asc,0,4,1,9221000.000
ctorCopy,int,2000000,range22,asc,1,4,1,9559000.000
ctorCopy,int,2000000,range22,asc,2,4,1,9213000.000
ctorCopy,int,2000000,range22,asc,1,5,1,9269000.000
ctorCopy,int,2000000,range22,asc,2,5,1,9369000.000
ctorCopy,int,2000000,range22,asc,0,5,1,9208000.000
ctorCopy,int,2000000,range22,asc,1,6,1,9209000.000
ctorCopy,int,2000000,range22,asc,2,6,1,9312000.000
ctorCopy,int,2000000,range22,asc,0,6,1,9363000.000
sort,int,2000000,fullWidth,asc,3,0,1,82867000.000
sort,int,2000000,fullWidth,asc,0,0,1,7700000.000
sort,int,2000000,fullWidth,asc,2,0,1,7952000.000
sort,int,2000000,fullWidth,asc,1,0,1,7760000.000
sort,int,2000000,fullWidth,asc,3,1,1,83009000.000
sort,int,2000000,fullWidth,asc,1,1,1,7883000.000
sort,int,2000000,fullWidth,asc,2,1,1,7962000.000
sort,int,2000000,fullWidth,asc,0,1,1,7750000.000
sort,int,2000000,fullWidth,asc,0,2,1,7698000.000
sort,int,2000000,fullWidth,asc,1,2,1,7951000.000
sort,int,2000000,fullWidth,asc,2,2,1,7899000.000
sort,int,2000000,fullWidth,asc,3,2,1,82937000.000
sort,int,2000000,fullWidth,asc,0,3,1,7805000.000
sort,int,2000000,fullWidth,asc,1,3,1,7952000.000
sort,int,2000000,fullWidth,asc,3,3,1,85038000.000
sort,int,2000000,fullWidth,asc,2,3,1,8934000.000
sort,int,2000000,fullWidth,asc,2,4,1,8272000.000
sort,int,2000000,fullWidth,asc,3,4,1,84223000.000
sort,int,2000000,fullWidth,asc,1,4,1,8055000.000
sort,int,2000000,fullWidth,asc,0,4,1,7643000.000
sort,int,2000000,fullWidth,asc,0,5,1,7886000.000
sort,int,2000000,fullWidth,asc,3,5,1,83032000.000
sort,int,2000000,fullWidth,asc,1,5,1,7985000.000
sort,int,2000000,fullWidth,asc,2,5,1,8200000.000
sort,int,2000000,fullWidth,asc,3,6,1,83025000.000
sort,int,2000000,fullWidth,asc,1,6,1,8039000.000
sort,int,2000000,fullWidth,asc,2,6,1,7942000.000
sort,int,2000000,fullWidth,asc,0,6,1,7774000.000
ctorMove,int,2000000,fullWidth,asc,1,0,1,8755000.000
ctorMove,int,2000000,fullWidth,asc,2,0,1,8751000.000
ctorMove,int,2000000,fullWidth,asc,0,0,1,8670000.000
ctorMove,int,2000000,fullWidth,asc,1,1,1,8756000.000
ctorMove,int,2000000,fullWidth,asc,0,1,1,8725000.000
ctorMove,int,2000000,fullWidth,asc,2,1,1,8729000.000
ctorMove,int,2000000,fullWidth,asc,0,2,1,8744000.000
ctorMove,int,2000000,fullWidth,asc,1,2,1,8773000.000
ctorMove,int,2000000,fullWidth,asc,2,2,1,8857000.000
ctorMove,int,2000000,fullWidth,asc,0,3,1,8676000.000
ctorMove,int,2000000,fullWidth,asc,1,3,1,8707000.000
ctorMove,int,2000000,fullWidth,asc,2,3,1,8861000.000
ctorMove,int,2000000,fullWidth,asc,2,4,1,8461000.000
ctorMove,int,2000000,fullWidth,asc,1,4,1,8592000.000
ctorMove,int,2000000,fullWidth,asc,0,4,1,8497000.000
ctorMove,int,2000000,fullWidth,asc,1,5,1,8771000.000
ctorMove,int,2000000,fullWidth,asc,0,5,1,8461000.000
ctorMove,int,2000000,fullWidth,asc,2,5,1,8783000.000
ctorMove,int,2000000,fullWidth,asc,0,6,1,8579000.000
ctorMove,int,2000000,fullWidth,asc,2,6,1,8530000.000
ctorMove,int,2000000,fullWidth,asc,1,6,1,8710000.000
ctorCopy,int,2000000,fullWidth,asc,0,0,1,9054000.000
ctorCopy,int,2000000,fullWidth,asc,2,0,1,8903000.000
ctorCopy,int,2000000,fullWidth,asc,1,0,1,9151000.000
ctorCopy,int,2000000,fullWidth,asc,0,1,1,8863000.000
ctorCopy,int,2000000,fullWidth,asc,2,1,1,9088000.000
ctorCopy,int,2000000,fullWidth,asc,1,1,1,9155000.000
ctorCopy,int,2000000,fullWidth,asc,2,2,1,10747000.000
ctorCopy,int,2000000,fullWidth,asc,0,2,1,10004000.000
ctorCopy,int,2000000,fullWidth,asc,1,2,1,9835000.000
ctorCopy,int,2000000,fullWidth,asc,0,3,1,9220000.000
ctorCopy,int,2000000,fullWidth,asc,1,3,1,9036000.000
ctorCopy,int,2000000,fullWidth,asc,2,3,1,9099000.000
ctorCopy,int,2000000,fullWidth,asc,2,4,1,8935000.000
ctorCopy,int,2000000,fullWidth,asc,1,4,1,9014000.000
ctorCopy,int,2000000,fullWidth,asc,0,4,1,8916000.000
ctorCopy,int,2000000,fullWidth,asc,2,5,1,9153000.000
ctorCopy,int,2000000,fullWidth,asc,0,5,1,9096000.000
ctorCopy,int,2000000,fullWidth,asc,1,5,1,9068000.000
ctorCopy,int,2000000,fullWidth,asc,2,6,1,9129000.000
ctorCopy,int,2000000,fullWidth,asc,0,6,1,9352000.000
ctorCopy,int,2000000,fullWidth,asc,1,6,1,9099000.000
