kind,container,type,n,distribution,comparator,method,round,repeats,ns
fallback,vector,i32,128,full,lessVoid,5,0,512,860.268
fallback,vector,i32,128,full,lessVoid,3,0,512,667.883
fallback,vector,i32,128,full,lessVoid,4,0,512,679.031
fallback,vector,i32,128,full,lessVoid,5,1,512,896.242
fallback,vector,i32,128,full,lessVoid,4,1,512,1098.859
fallback,vector,i32,128,full,lessVoid,3,1,512,1038.242
fallback,vector,i32,128,full,lessVoid,5,2,512,1023.105
fallback,vector,i32,128,full,lessVoid,4,2,512,1249.168
fallback,vector,i32,128,full,lessVoid,3,2,512,841.309
fallback,vector,i32,128,full,lessVoid,4,3,512,894.443
fallback,vector,i32,128,full,lessVoid,3,3,512,827.557
fallback,vector,i32,128,full,lessVoid,5,3,512,825.443
fallback,vector,i32,128,full,lessVoid,4,4,512,1002.039
fallback,vector,i32,128,full,lessVoid,5,4,512,977.947
fallback,vector,i32,128,full,lessVoid,3,4,512,874.889
fallback,vector,i32,128,full,lessVoid,5,5,512,953.295
fallback,vector,i32,128,full,lessVoid,3,5,512,966.311
fallback,vector,i32,128,full,lessVoid,4,5,512,1011.150
fallback,vector,i32,128,full,lessVoid,5,6,512,546.617
fallback,vector,i32,128,full,lessVoid,4,6,512,575.611
fallback,vector,i32,128,full,lessVoid,3,6,512,533.059
fallback,vector,i32,128,full,lessTyped,3,0,512,468.000
fallback,vector,i32,128,full,lessTyped,5,0,512,469.393
fallback,vector,i32,128,full,lessTyped,4,0,512,673.096
fallback,vector,i32,128,full,lessTyped,5,1,512,749.260
fallback,vector,i32,128,full,lessTyped,3,1,512,746.426
fallback,vector,i32,128,full,lessTyped,4,1,512,812.738
fallback,vector,i32,128,full,lessTyped,4,2,512,807.297
fallback,vector,i32,128,full,lessTyped,5,2,512,753.910
fallback,vector,i32,128,full,lessTyped,3,2,512,745.035
fallback,vector,i32,128,full,lessTyped,5,3,512,756.348
fallback,vector,i32,128,full,lessTyped,3,3,512,744.139
fallback,vector,i32,128,full,lessTyped,4,3,512,801.758
fallback,vector,i32,128,full,lessTyped,3,4,512,745.768
fallback,vector,i32,128,full,lessTyped,5,4,512,756.666
fallback,vector,i32,128,full,lessTyped,4,4,512,729.822
fallback,vector,i32,128,full,lessTyped,3,5,512,684.732
fallback,vector,i32,128,full,lessTyped,5,5,512,674.471
fallback,vector,i32,128,full,lessTyped,4,5,512,722.330
fallback,vector,i32,128,full,lessTyped,5,6,512,665.049
fallback,vector,i32,128,full,lessTyped,4,6,512,713.387
fallback,vector,i32,128,full,lessTyped,3,6,512,672.451
fallback,vector,i32,128,full,greaterTyped,4,0,512,640.475
fallback,vector,i32,128,full,greaterTyped,3,0,512,832.590
fallback,vector,i32,128,full,greaterTyped,5,0,512,838.543
fallback,vector,i32,128,full,greaterTyped,3,1,512,813.477
fallback,vector,i32,128,full,greaterTyped,4,1,512,579.193
fallback,vector,i32,128,full,greaterTyped,5,1,512,750.324
fallback,vector,i32,128,full,greaterTyped,4,2,512,573.490
fallback,vector,i32,128,full,greaterTyped,3,2,512,747.967
fallback,vector,i32,128,full,greaterTyped,5,2,512,759.932
fallback,vector,i32,128,full,greaterTyped,4,3,512,569.660
fallback,vector,i32,128,full,greaterTyped,5,3,512,764.064
fallback,vector,i32,128,full,greaterTyped,3,3,512,766.922
fallback,vector,i32,128,full,greaterTyped,3,4,512,749.516
fallback,vector,i32,128,full,greaterTyped,4,4,512,587.822
fallback,vector,i32,128,full,greaterTyped,5,4,512,756.682
fallback,vector,i32,128,full,greaterTyped,5,5,512,759.125
fallback,vector,i32,128,full,greaterTyped,4,5,512,573.088
fallback,vector,i32,128,full,greaterTyped,3,5,512,748.867
fallback,vector,i32,128,full,greaterTyped,5,6,512,755.609
fallback,vector,i32,128,full,greaterTyped,3,6,512,746.342
fallback,vector,i32,128,full,greaterTyped,4,6,512,566.988
pipeline,vector,i32,128,full,lessVoid,0,0,512,547.924
pipeline,vector,i32,128,full,lessVoid,2,0,512,601.320
pipeline,vector,i32,128,full,lessVoid,1,0,512,550.451
pipeline,vector,i32,128,full,lessVoid,6,0,512,550.047
pipeline,vector,i32,128,full,lessVoid,1,1,512,548.898
pipeline,vector,i32,128,full,lessVoid,0,1,512,550.217
pipeline,vector,i32,128,full,lessVoid,6,1,512,548.596
pipeline,vector,i32,128,full,lessVoid,2,1,512,604.805
pipeline,vector,i32,128,full,lessVoid,2,2,512,632.172
pipeline,vector,i32,128,full,lessVoid,1,2,512,556.973
pipeline,vector,i32,128,full,lessVoid,6,2,512,565.852
pipeline,vector,i32,128,full,lessVoid,0,2,512,566.158
pipeline,vector,i32,128,full,lessVoid,1,3,512,566.158
pipeline,vector,i32,128,full,lessVoid,0,3,512,566.570
pipeline,vector,i32,128,full,lessVoid,6,3,512,562.326
pipeline,vector,i32,128,full,lessVoid,2,3,512,569.016
pipeline,vector,i32,128,full,lessVoid,2,4,512,560.062
pipeline,vector,i32,128,full,lessVoid,0,4,512,577.072
pipeline,vector,i32,128,full,lessVoid,1,4,512,575.037
pipeline,vector,i32,128,full,lessVoid,6,4,512,575.525
pipeline,vector,i32,128,full,lessVoid,6,5,512,559.352
pipeline,vector,i32,128,full,lessVoid,0,5,512,548.246
pipeline,vector,i32,128,full,lessVoid,1,5,512,523.012
pipeline,vector,i32,128,full,lessVoid,2,5,512,517.834
pipeline,vector,i32,128,full,lessVoid,2,6,512,515.451
pipeline,vector,i32,128,full,lessVoid,0,6,512,530.666
pipeline,vector,i32,128,full,lessVoid,1,6,512,528.439
pipeline,vector,i32,128,full,lessVoid,6,6,512,540.756
pipeline,vector,i32,128,full,greaterTyped,6,0,512,649.576
pipeline,vector,i32,128,full,greaterTyped,0,0,512,638.822
pipeline,vector,i32,128,full,greaterTyped,1,0,512,637.367
pipeline,vector,i32,128,full,greaterTyped,2,0,512,450.283
pipeline,vector,i32,128,full,greaterTyped,2,1,512,444.340
pipeline,vector,i32,128,full,greaterTyped,1,1,512,635.107
pipeline,vector,i32,128,full,greaterTyped,0,1,512,639.320
pipeline,vector,i32,128,full,greaterTyped,6,1,512,600.342
pipeline,vector,i32,128,full,greaterTyped,0,2,512,600.346
pipeline,vector,i32,128,full,greaterTyped,2,2,512,426.926
pipeline,vector,i32,128,full,greaterTyped,1,2,512,601.389
pipeline,vector,i32,128,full,greaterTyped,6,2,512,603.359
pipeline,vector,i32,128,full,greaterTyped,0,3,512,596.277
pipeline,vector,i32,128,full,greaterTyped,2,3,512,433.830
pipeline,vector,i32,128,full,greaterTyped,1,3,512,610.258
pipeline,vector,i32,128,full,greaterTyped,6,3,512,609.725
pipeline,vector,i32,128,full,greaterTyped,6,4,512,599.037
pipeline,vector,i32,128,full,greaterTyped,0,4,512,606.539
pipeline,vector,i32,128,full,greaterTyped,1,4,512,601.477
pipeline,vector,i32,128,full,greaterTyped,2,4,512,434.844
pipeline,vector,i32,128,full,greaterTyped,6,5,512,610.045
pipeline,vector,i32,128,full,greaterTyped,1,5,512,610.346
pipeline,vector,i32,128,full,greaterTyped,2,5,512,434.172
pipeline,vector,i32,128,full,greaterTyped,0,5,512,601.229
pipeline,vector,i32,128,full,greaterTyped,2,6,512,516.510
pipeline,vector,i32,128,full,greaterTyped,1,6,512,632.256
pipeline,vector,i32,128,full,greaterTyped,0,6,512,601.879
pipeline,vector,i32,128,full,greaterTyped,6,6,512,611.006
fallback,vector,i32,128,bits22,lessVoid,5,0,512,422.957
fallback,vector,i32,128,bits22,lessVoid,4,0,512,429.531
fallback,vector,i32,128,bits22,lessVoid,3,0,512,417.455
fallback,vector,i32,128,bits22,lessVoid,3,1,512,420.143
fallback,vector,i32,128,bits22,lessVoid,5,1,512,460.637
fallback,vector,i32,128,bits22,lessVoid,4,1,512,505.779
fallback,vector,i32,128,bits22,lessVoid,3,2,512,454.748
fallback,vector,i32,128,bits22,lessVoid,5,2,512,456.867
fallback,vector,i32,128,bits22,lessVoid,4,2,512,503.576
fallback,vector,i32,128,bits22,lessVoid,3,3,512,459.713
fallback,vector,i32,128,bits22,lessVoid,4,3,512,503.822
fallback,vector,i32,128,bits22,lessVoid,5,3,512,457.041
fallback,vector,i32,128,bits22,lessVoid,3,4,512,459.240
fallback,vector,i32,128,bits22,lessVoid,5,4,512,461.100
fallback,vector,i32,128,bits22,lessVoid,4,4,512,506.834
fallback,vector,i32,128,bits22,lessVoid,3,5,512,461.018
fallback,vector,i32,128,bits22,lessVoid,4,5,512,501.219
fallback,vector,i32,128,bits22,lessVoid,5,5,512,472.811
fallback,vector,i32,128,bits22,lessVoid,3,6,512,475.590
fallback,vector,i32,128,bits22,lessVoid,4,6,512,507.973
fallback,vector,i32,128,bits22,lessVoid,5,6,512,470.129
fallback,vector,i32,128,bits22,lessTyped,3,0,512,420.094
fallback,vector,i32,128,bits22,lessTyped,4,0,512,474.775
fallback,vector,i32,128,bits22,lessTyped,5,0,512,429.041
fallback,vector,i32,128,bits22,lessTyped,5,1,512,430.641
fallback,vector,i32,128,bits22,lessTyped,4,1,512,468.336
fallback,vector,i32,128,bits22,lessTyped,3,1,512,419.109
fallback,vector,i32,128,bits22,lessTyped,3,2,512,416.908
fallback,vector,i32,128,bits22,lessTyped,5,2,512,400.066
fallback,vector,i32,128,bits22,lessTyped,4,2,512,412.520
fallback,vector,i32,128,bits22,lessTyped,3,3,512,400.791
fallback,vector,i32,128,bits22,lessTyped,5,3,512,439.516
fallback,vector,i32,128,bits22,lessTyped,4,3,512,453.195
fallback,vector,i32,128,bits22,lessTyped,3,4,512,423.527
fallback,vector,i32,128,bits22,lessTyped,4,4,512,454.332
fallback,vector,i32,128,bits22,lessTyped,5,4,512,424.521
fallback,vector,i32,128,bits22,lessTyped,4,5,512,454.662
fallback,vector,i32,128,bits22,lessTyped,3,5,512,424.045
fallback,vector,i32,128,bits22,lessTyped,5,5,512,425.469
fallback,vector,i32,128,bits22,lessTyped,4,6,512,458.576
fallback,vector,i32,128,bits22,lessTyped,5,6,512,426.979
fallback,vector,i32,128,bits22,lessTyped,3,6,512,425.951
fallback,vector,i32,128,bits22,greaterTyped,3,0,512,578.705
fallback,vector,i32,128,bits22,greaterTyped,4,0,512,388.422
fallback,vector,i32,128,bits22,greaterTyped,5,0,512,547.639
fallback,vector,i32,128,bits22,greaterTyped,3,1,512,548.641
fallback,vector,i32,128,bits22,greaterTyped,4,1,512,375.088
fallback,vector,i32,128,bits22,greaterTyped,5,1,512,616.680
fallback,vector,i32,128,bits22,greaterTyped,5,2,512,548.182
fallback,vector,i32,128,bits22,greaterTyped,4,2,512,387.773
fallback,vector,i32,128,bits22,greaterTyped,3,2,512,570.500
fallback,vector,i32,128,bits22,greaterTyped,4,3,512,381.516
fallback,vector,i32,128,bits22,greaterTyped,3,3,512,549.271
fallback,vector,i32,128,bits22,greaterTyped,5,3,512,550.346
fallback,vector,i32,128,bits22,greaterTyped,3,4,512,549.146
fallback,vector,i32,128,bits22,greaterTyped,5,4,512,549.232
fallback,vector,i32,128,bits22,greaterTyped,4,4,512,376.236
fallback,vector,i32,128,bits22,greaterTyped,5,5,512,538.324
fallback,vector,i32,128,bits22,greaterTyped,3,5,512,546.609
fallback,vector,i32,128,bits22,greaterTyped,4,5,512,374.008
fallback,vector,i32,128,bits22,greaterTyped,5,6,512,539.078
fallback,vector,i32,128,bits22,greaterTyped,4,6,512,372.643
fallback,vector,i32,128,bits22,greaterTyped,3,6,512,539.453
pipeline,vector,i32,128,bits22,lessVoid,2,0,512,438.633
pipeline,vector,i32,128,bits22,lessVoid,6,0,512,399.146
pipeline,vector,i32,128,bits22,lessVoid,1,0,512,397.783
pipeline,vector,i32,128,bits22,lessVoid,0,0,512,395.342
pipeline,vector,i32,128,bits22,lessVoid,2,1,512,436.127
pipeline,vector,i32,128,bits22,lessVoid,1,1,512,400.082
pipeline,vector,i32,128,bits22,lessVoid,0,1,512,396.896
pipeline,vector,i32,128,bits22,lessVoid,6,1,512,394.861
pipeline,vector,i32,128,bits22,lessVoid,2,2,512,432.494
pipeline,vector,i32,128,bits22,lessVoid,1,2,512,399.426
pipeline,vector,i32,128,bits22,lessVoid,6,2,512,396.164
pipeline,vector,i32,128,bits22,lessVoid,0,2,512,442.545
pipeline,vector,i32,128,bits22,lessVoid,0,3,512,417.645
pipeline,vector,i32,128,bits22,lessVoid,6,3,512,390.951
pipeline,vector,i32,128,bits22,lessVoid,1,3,512,390.543
pipeline,vector,i32,128,bits22,lessVoid,2,3,512,427.291
pipeline,vector,i32,128,bits22,lessVoid,2,4,512,427.010
pipeline,vector,i32,128,bits22,lessVoid,1,4,512,396.314
pipeline,vector,i32,128,bits22,lessVoid,0,4,512,398.939
pipeline,vector,i32,128,bits22,lessVoid,6,4,512,397.545
pipeline,vector,i32,128,bits22,lessVoid,1,5,512,393.871
pipeline,vector,i32,128,bits22,lessVoid,6,5,512,398.842
pipeline,vector,i32,128,bits22,lessVoid,2,5,512,429.490
pipeline,vector,i32,128,bits22,lessVoid,0,5,512,397.557
pipeline,vector,i32,128,bits22,lessVoid,6,6,512,395.357
pipeline,vector,i32,128,bits22,lessVoid,0,6,512,396.801
pipeline,vector,i32,128,bits22,lessVoid,2,6,512,429.004
pipeline,vector,i32,128,bits22,lessVoid,1,6,512,392.008
pipeline,vector,i32,128,bits22,greaterTyped,0,0,512,528.320
pipeline,vector,i32,128,bits22,greaterTyped,2,0,512,369.467
pipeline,vector,i32,128,bits22,greaterTyped,6,0,512,523.527
pipeline,vector,i32,128,bits22,greaterTyped,1,0,512,518.230
pipeline,vector,i32,128,bits22,greaterTyped,2,1,512,377.775
pipeline,vector,i32,128,bits22,greaterTyped,1,1,512,524.984
pipeline,vector,i32,128,bits22,greaterTyped,0,1,512,522.395
pipeline,vector,i32,128,bits22,greaterTyped,6,1,512,523.855
pipeline,vector,i32,128,bits22,greaterTyped,6,2,512,526.104
pipeline,vector,i32,128,bits22,greaterTyped,2,2,512,381.986
pipeline,vector,i32,128,bits22,greaterTyped,1,2,512,517.828
pipeline,vector,i32,128,bits22,greaterTyped,0,2,512,613.777
pipeline,vector,i32,128,bits22,greaterTyped,6,3,512,564.693
pipeline,vector,i32,128,bits22,greaterTyped,1,3,512,537.098
pipeline,vector,i32,128,bits22,greaterTyped,0,3,512,546.643
pipeline,vector,i32,128,bits22,greaterTyped,2,3,512,423.404
pipeline,vector,i32,128,bits22,greaterTyped,0,4,512,536.871
pipeline,vector,i32,128,bits22,greaterTyped,6,4,512,529.621
pipeline,vector,i32,128,bits22,greaterTyped,2,4,512,435.748
pipeline,vector,i32,128,bits22,greaterTyped,1,4,512,539.717
pipeline,vector,i32,128,bits22,greaterTyped,1,5,512,549.639
pipeline,vector,i32,128,bits22,greaterTyped,0,5,512,549.934
pipeline,vector,i32,128,bits22,greaterTyped,2,5,512,492.920
pipeline,vector,i32,128,bits22,greaterTyped,6,5,512,535.000
pipeline,vector,i32,128,bits22,greaterTyped,2,6,512,438.314
pipeline,vector,i32,128,bits22,greaterTyped,6,6,512,532.783
pipeline,vector,i32,128,bits22,greaterTyped,0,6,512,539.879
pipeline,vector,i32,128,bits22,greaterTyped,1,6,512,536.051
fallback,vector,i32,128,gaps,lessVoid,3,0,512,397.465
fallback,vector,i32,128,gaps,lessVoid,5,0,512,391.518
fallback,vector,i32,128,gaps,lessVoid,4,0,512,410.156
fallback,vector,i32,128,gaps,lessVoid,4,1,512,410.896
fallback,vector,i32,128,gaps,lessVoid,3,1,512,404.377
fallback,vector,i32,128,gaps,lessVoid,5,1,512,427.652
fallback,vector,i32,128,gaps,lessVoid,3,2,512,409.186
fallback,vector,i32,128,gaps,lessVoid,4,2,512,408.289
fallback,vector,i32,128,gaps,lessVoid,5,2,512,404.297
fallback,vector,i32,128,gaps,lessVoid,4,3,512,406.898
fallback,vector,i32,128,gaps,lessVoid,3,3,512,513.668
fallback,vector,i32,128,gaps,lessVoid,5,3,512,378.996
fallback,vector,i32,128,gaps,lessVoid,3,4,512,366.703
fallback,vector,i32,128,gaps,lessVoid,4,4,512,382.090
fallback,vector,i32,128,gaps,lessVoid,5,4,512,381.826
fallback,vector,i32,128,gaps,lessVoid,5,5,512,385.416
fallback,vector,i32,128,gaps,lessVoid,3,5,512,381.600
fallback,vector,i32,128,gaps,lessVoid,4,5,512,393.064
fallback,vector,i32,128,gaps,lessVoid,3,6,512,386.154
fallback,vector,i32,128,gaps,lessVoid,5,6,512,382.334
fallback,vector,i32,128,gaps,lessVoid,4,6,512,417.396
fallback,vector,i32,128,gaps,lessTyped,5,0,512,413.328
fallback,vector,i32,128,gaps,lessTyped,3,0,512,413.977
fallback,vector,i32,128,gaps,lessTyped,4,0,512,378.256
fallback,vector,i32,128,gaps,lessTyped,4,1,512,406.822
fallback,vector,i32,128,gaps,lessTyped,3,1,512,419.176
fallback,vector,i32,128,gaps,lessTyped,5,1,512,414.383
fallback,vector,i32,128,gaps,lessTyped,4,2,512,404.451
fallback,vector,i32,128,gaps,lessTyped,3,2,512,380.932
fallback,vector,i32,128,gaps,lessTyped,5,2,512,382.402
fallback,vector,i32,128,gaps,lessTyped,4,3,512,383.369
fallback,vector,i32,128,gaps,lessTyped,3,3,512,385.670
fallback,vector,i32,128,gaps,lessTyped,5,3,512,384.115
fallback,vector,i32,128,gaps,lessTyped,5,4,512,383.047
fallback,vector,i32,128,gaps,lessTyped,3,4,512,384.447
fallback,vector,i32,128,gaps,lessTyped,4,4,512,380.125
fallback,vector,i32,128,gaps,lessTyped,5,5,512,384.846
fallback,vector,i32,128,gaps,lessTyped,4,5,512,391.928
fallback,vector,i32,128,gaps,lessTyped,3,5,512,442.980
fallback,vector,i32,128,gaps,lessTyped,5,6,512,413.783
fallback,vector,i32,128,gaps,lessTyped,4,6,512,399.902
fallback,vector,i32,128,gaps,lessTyped,3,6,512,395.682
fallback,vector,i32,128,gaps,greaterTyped,5,0,512,457.693
fallback,vector,i32,128,gaps,greaterTyped,3,0,512,454.385
fallback,vector,i32,128,gaps,greaterTyped,4,0,512,344.316
fallback,vector,i32,128,gaps,greaterTyped,5,1,512,452.623
fallback,vector,i32,128,gaps,greaterTyped,4,1,512,363.043
fallback,vector,i32,128,gaps,greaterTyped,3,1,512,451.564
fallback,vector,i32,128,gaps,greaterTyped,4,2,512,359.949
fallback,vector,i32,128,gaps,greaterTyped,3,2,512,475.932
fallback,vector,i32,128,gaps,greaterTyped,5,2,512,474.783
fallback,vector,i32,128,gaps,greaterTyped,5,3,512,459.139
fallback,vector,i32,128,gaps,greaterTyped,4,3,512,346.842
fallback,vector,i32,128,gaps,greaterTyped,3,3,512,458.660
fallback,vector,i32,128,gaps,greaterTyped,5,4,512,458.004
fallback,vector,i32,128,gaps,greaterTyped,4,4,512,362.885
fallback,vector,i32,128,gaps,greaterTyped,3,4,512,454.348
fallback,vector,i32,128,gaps,greaterTyped,5,5,512,451.129
fallback,vector,i32,128,gaps,greaterTyped,3,5,512,450.924
fallback,vector,i32,128,gaps,greaterTyped,4,5,512,326.500
fallback,vector,i32,128,gaps,greaterTyped,5,6,512,453.375
fallback,vector,i32,128,gaps,greaterTyped,4,6,512,327.217
fallback,vector,i32,128,gaps,greaterTyped,3,6,512,477.467
pipeline,vector,i32,128,gaps,lessVoid,0,0,512,364.988
pipeline,vector,i32,128,gaps,lessVoid,1,0,512,358.885
pipeline,vector,i32,128,gaps,lessVoid,6,0,512,362.938
pipeline,vector,i32,128,gaps,lessVoid,2,0,512,365.484
pipeline,vector,i32,128,gaps,lessVoid,2,1,512,359.375
pipeline,vector,i32,128,gaps,lessVoid,1,1,512,372.891
pipeline,vector,i32,128,gaps,lessVoid,6,1,512,407.887
pipeline,vector,i32,128,gaps,lessVoid,0,1,512,416.252
pipeline,vector,i32,128,gaps,lessVoid,1,2,512,371.332
pipeline,vector,i32,128,gaps,lessVoid,6,2,512,354.010
pipeline,vector,i32,128,gaps,lessVoid,0,2,512,357.910
pipeline,vector,i32,128,gaps,lessVoid,2,2,512,362.883
pipeline,vector,i32,128,gaps,lessVoid,0,3,512,361.242
pipeline,vector,i32,128,gaps,lessVoid,2,3,512,350.742
pipeline,vector,i32,128,gaps,lessVoid,6,3,512,359.375
pipeline,vector,i32,128,gaps,lessVoid,1,3,512,359.932
pipeline,vector,i32,128,gaps,lessVoid,6,4,512,358.410
pipeline,vector,i32,128,gaps,lessVoid,2,4,512,358.635
pipeline,vector,i32,128,gaps,lessVoid,1,4,512,361.008
pipeline,vector,i32,128,gaps,lessVoid,0,4,512,358.156
pipeline,vector,i32,128,gaps,lessVoid,2,5,512,358.727
pipeline,vector,i32,128,gaps,lessVoid,6,5,512,358.154
pipeline,vector,i32,128,gaps,lessVoid,1,5,512,357.834
pipeline,vector,i32,128,gaps,lessVoid,0,5,512,357.986
pipeline,vector,i32,128,gaps,lessVoid,6,6,512,362.963
pipeline,vector,i32,128,gaps,lessVoid,1,6,512,391.791
pipeline,vector,i32,128,gaps,lessVoid,2,6,512,393.969
pipeline,vector,i32,128,gaps,lessVoid,0,6,512,363.268
pipeline,vector,i32,128,gaps,greaterTyped,6,0,512,457.789
pipeline,vector,i32,128,gaps,greaterTyped,0,0,512,440.527
pipeline,vector,i32,128,gaps,greaterTyped,1,0,512,436.209
pipeline,vector,i32,128,gaps,greaterTyped,2,0,512,319.035
pipeline,vector,i32,128,gaps,greaterTyped,0,1,512,436.951
pipeline,vector,i32,128,gaps,greaterTyped,2,1,512,309.406
pipeline,vector,i32,128,gaps,greaterTyped,1,1,512,448.727
pipeline,vector,i32,128,gaps,greaterTyped,6,1,512,475.402
pipeline,vector,i32,128,gaps,greaterTyped,1,2,512,439.760
pipeline,vector,i32,128,gaps,greaterTyped,0,2,512,448.076
pipeline,vector,i32,128,gaps,greaterTyped,2,2,512,312.396
pipeline,vector,i32,128,gaps,greaterTyped,6,2,512,500.508
pipeline,vector,i32,128,gaps,greaterTyped,0,3,512,513.689
pipeline,vector,i32,128,gaps,greaterTyped,1,3,512,458.814
pipeline,vector,i32,128,gaps,greaterTyped,2,3,512,354.244
pipeline,vector,i32,128,gaps,greaterTyped,6,3,512,465.344
pipeline,vector,i32,128,gaps,greaterTyped,2,4,512,356.527
pipeline,vector,i32,128,gaps,greaterTyped,6,4,512,509.615
pipeline,vector,i32,128,gaps,greaterTyped,1,4,512,480.076
pipeline,vector,i32,128,gaps,greaterTyped,0,4,512,504.568
pipeline,vector,i32,128,gaps,greaterTyped,1,5,512,613.576
pipeline,vector,i32,128,gaps,greaterTyped,6,5,512,474.305
pipeline,vector,i32,128,gaps,greaterTyped,0,5,512,485.119
pipeline,vector,i32,128,gaps,greaterTyped,2,5,512,370.834
pipeline,vector,i32,128,gaps,greaterTyped,2,6,512,384.037
pipeline,vector,i32,128,gaps,greaterTyped,6,6,512,467.928
pipeline,vector,i32,128,gaps,greaterTyped,1,6,512,465.402
pipeline,vector,i32,128,gaps,greaterTyped,0,6,512,493.990
fallback,vector,i32,128,ordered,lessVoid,3,0,512,97.828
fallback,vector,i32,128,ordered,lessVoid,5,0,512,99.123
fallback,vector,i32,128,ordered,lessVoid,4,0,512,70.053
fallback,vector,i32,128,ordered,lessVoid,5,1,512,110.916
fallback,vector,i32,128,ordered,lessVoid,3,1,512,110.602
fallback,vector,i32,128,ordered,lessVoid,4,1,512,67.283
fallback,vector,i32,128,ordered,lessVoid,4,2,512,66.262
fallback,vector,i32,128,ordered,lessVoid,5,2,512,104.152
fallback,vector,i32,128,ordered,lessVoid,3,2,512,103.514
fallback,vector,i32,128,ordered,lessVoid,3,3,512,110.352
fallback,vector,i32,128,ordered,lessVoid,5,3,512,103.516
fallback,vector,i32,128,ordered,lessVoid,4,3,512,66.648
fallback,vector,i32,128,ordered,lessVoid,4,4,512,66.473
fallback,vector,i32,128,ordered,lessVoid,3,4,512,98.297
fallback,vector,i32,128,ordered,lessVoid,5,4,512,104.170
fallback,vector,i32,128,ordered,lessVoid,5,5,512,109.699
fallback,vector,i32,128,ordered,lessVoid,4,5,512,72.350
fallback,vector,i32,128,ordered,lessVoid,3,5,512,98.299
fallback,vector,i32,128,ordered,lessVoid,3,6,512,98.387
fallback,vector,i32,128,ordered,lessVoid,5,6,512,108.400
fallback,vector,i32,128,ordered,lessVoid,4,6,512,73.723
fallback,vector,i32,128,ordered,lessTyped,3,0,512,98.068
fallback,vector,i32,128,ordered,lessTyped,4,0,512,66.951
fallback,vector,i32,128,ordered,lessTyped,5,0,512,105.615
fallback,vector,i32,128,ordered,lessTyped,5,1,512,109.861
fallback,vector,i32,128,ordered,lessTyped,3,1,512,106.684
fallback,vector,i32,128,ordered,lessTyped,4,1,512,66.559
fallback,vector,i32,128,ordered,lessTyped,4,2,512,66.898
fallback,vector,i32,128,ordered,lessTyped,5,2,512,98.057
fallback,vector,i32,128,ordered,lessTyped,3,2,512,120.359
fallback,vector,i32,128,ordered,lessTyped,3,3,512,99.373
fallback,vector,i32,128,ordered,lessTyped,4,3,512,67.299
fallback,vector,i32,128,ordered,lessTyped,5,3,512,99.514
fallback,vector,i32,128,ordered,lessTyped,4,4,512,70.727
fallback,vector,i32,128,ordered,lessTyped,3,4,512,109.951
fallback,vector,i32,128,ordered,lessTyped,5,4,512,111.162
fallback,vector,i32,128,ordered,lessTyped,5,5,512,110.682
fallback,vector,i32,128,ordered,lessTyped,4,5,512,74.863
fallback,vector,i32,128,ordered,lessTyped,3,5,512,99.775
fallback,vector,i32,128,ordered,lessTyped,3,6,512,99.855
fallback,vector,i32,128,ordered,lessTyped,5,6,512,114.525
fallback,vector,i32,128,ordered,lessTyped,4,6,512,93.340
fallback,vector,i32,128,ordered,greaterTyped,4,0,512,110.832
fallback,vector,i32,128,ordered,greaterTyped,5,0,512,154.701
fallback,vector,i32,128,ordered,greaterTyped,3,0,512,154.133
fallback,vector,i32,128,ordered,greaterTyped,4,1,512,99.535
fallback,vector,i32,128,ordered,greaterTyped,5,1,512,139.738
fallback,vector,i32,128,ordered,greaterTyped,3,1,512,154.543
fallback,vector,i32,128,ordered,greaterTyped,4,2,512,112.455
fallback,vector,i32,128,ordered,greaterTyped,3,2,512,154.959
fallback,vector,i32,128,ordered,greaterTyped,5,2,512,139.400
fallback,vector,i32,128,ordered,greaterTyped,5,3,512,144.453
fallback,vector,i32,128,ordered,greaterTyped,4,3,512,112.891
fallback,vector,i32,128,ordered,greaterTyped,3,3,512,152.836
fallback,vector,i32,128,ordered,greaterTyped,4,4,512,111.828
fallback,vector,i32,128,ordered,greaterTyped,5,4,512,138.025
fallback,vector,i32,128,ordered,greaterTyped,3,4,512,144.055
fallback,vector,i32,128,ordered,greaterTyped,5,5,512,151.945
fallback,vector,i32,128,ordered,greaterTyped,3,5,512,152.105
fallback,vector,i32,128,ordered,greaterTyped,4,5,512,109.217
fallback,vector,i32,128,ordered,greaterTyped,4,6,512,107.420
fallback,vector,i32,128,ordered,greaterTyped,3,6,512,145.428
fallback,vector,i32,128,ordered,greaterTyped,5,6,512,153.396
fallback,vector,i32,128,reverse,lessVoid,3,0,512,135.662
fallback,vector,i32,128,reverse,lessVoid,5,0,512,142.580
fallback,vector,i32,128,reverse,lessVoid,4,0,512,107.254
fallback,vector,i32,128,reverse,lessVoid,4,1,512,105.562
fallback,vector,i32,128,reverse,lessVoid,5,1,512,128.172
fallback,vector,i32,128,reverse,lessVoid,3,1,512,128.502
fallback,vector,i32,128,reverse,lessVoid,4,2,512,98.307
fallback,vector,i32,128,reverse,lessVoid,3,2,512,143.717
fallback,vector,i32,128,reverse,lessVoid,5,2,512,142.590
fallback,vector,i32,128,reverse,lessVoid,4,3,512,96.273
fallback,vector,i32,128,reverse,lessVoid,3,3,512,130.775
fallback,vector,i32,128,reverse,lessVoid,5,3,512,142.898
fallback,vector,i32,128,reverse,lessVoid,4,4,512,106.604
fallback,vector,i32,128,reverse,lessVoid,3,4,512,140.791
fallback,vector,i32,128,reverse,lessVoid,5,4,512,128.416
fallback,vector,i32,128,reverse,lessVoid,3,5,512,135.824
fallback,vector,i32,128,reverse,lessVoid,4,5,512,108.238
fallback,vector,i32,128,reverse,lessVoid,5,5,512,144.449
fallback,vector,i32,128,reverse,lessVoid,5,6,512,140.035
fallback,vector,i32,128,reverse,lessVoid,3,6,512,129.717
fallback,vector,i32,128,reverse,lessVoid,4,6,512,97.412
fallback,vector,i32,128,reverse,lessTyped,4,0,512,98.471
fallback,vector,i32,128,reverse,lessTyped,3,0,512,133.211
fallback,vector,i32,128,reverse,lessTyped,5,0,512,143.795
fallback,vector,i32,128,reverse,lessTyped,3,1,512,143.957
fallback,vector,i32,128,reverse,lessTyped,4,1,512,114.340
fallback,vector,i32,128,reverse,lessTyped,5,1,512,131.020
fallback,vector,i32,128,reverse,lessTyped,4,2,512,99.529
fallback,vector,i32,128,reverse,lessTyped,3,2,512,144.771
fallback,vector,i32,128,reverse,lessTyped,5,2,512,144.045
fallback,vector,i32,128,reverse,lessTyped,5,3,512,137.857
fallback,vector,i32,128,reverse,lessTyped,4,3,512,97.648
fallback,vector,i32,128,reverse,lessTyped,3,3,512,137.623
fallback,vector,i32,128,reverse,lessTyped,5,4,512,142.979
fallback,vector,i32,128,reverse,lessTyped,4,4,512,110.928
fallback,vector,i32,128,reverse,lessTyped,3,4,512,143.877
fallback,vector,i32,128,reverse,lessTyped,5,5,512,128.732
fallback,vector,i32,128,reverse,lessTyped,3,5,512,131.508
fallback,vector,i32,128,reverse,lessTyped,4,5,512,108.484
fallback,vector,i32,128,reverse,lessTyped,3,6,512,143.559
fallback,vector,i32,128,reverse,lessTyped,4,6,512,111.637
fallback,vector,i32,128,reverse,lessTyped,5,6,512,130.857
fallback,vector,i32,128,reverse,greaterTyped,5,0,512,77.223
fallback,vector,i32,128,reverse,greaterTyped,4,0,512,74.453
fallback,vector,i32,128,reverse,greaterTyped,3,0,512,69.984
fallback,vector,i32,128,reverse,greaterTyped,5,1,512,67.865
fallback,vector,i32,128,reverse,greaterTyped,4,1,512,68.715
fallback,vector,i32,128,reverse,greaterTyped,3,1,512,75.355
fallback,vector,i32,128,reverse,greaterTyped,3,2,512,76.898
fallback,vector,i32,128,reverse,greaterTyped,4,2,512,74.553
fallback,vector,i32,128,reverse,greaterTyped,5,2,512,76.576
fallback,vector,i32,128,reverse,greaterTyped,4,3,512,70.432
fallback,vector,i32,128,reverse,greaterTyped,5,3,512,94.588
fallback,vector,i32,128,reverse,greaterTyped,3,3,512,88.529
fallback,vector,i32,128,reverse,greaterTyped,3,4,512,70.559
fallback,vector,i32,128,reverse,greaterTyped,5,4,512,77.400
fallback,vector,i32,128,reverse,greaterTyped,4,4,512,74.789
fallback,vector,i32,128,reverse,greaterTyped,4,5,512,73.732
fallback,vector,i32,128,reverse,greaterTyped,3,5,512,68.355
fallback,vector,i32,128,reverse,greaterTyped,5,5,512,68.691
fallback,vector,i32,128,reverse,greaterTyped,4,6,512,74.068
fallback,vector,i32,128,reverse,greaterTyped,3,6,512,76.662
fallback,vector,i32,128,reverse,greaterTyped,5,6,512,79.754
fallback,vector,i32,128,nearly,lessVoid,4,0,512,193.002
fallback,vector,i32,128,nearly,lessVoid,5,0,512,209.285
fallback,vector,i32,128,nearly,lessVoid,3,0,512,193.115
fallback,vector,i32,128,nearly,lessVoid,5,1,512,192.363
fallback,vector,i32,128,nearly,lessVoid,4,1,512,171.387
fallback,vector,i32,128,nearly,lessVoid,3,1,512,192.869
fallback,vector,i32,128,nearly,lessVoid,3,2,512,200.602
fallback,vector,i32,128,nearly,lessVoid,4,2,512,191.875
fallback,vector,i32,128,nearly,lessVoid,5,2,512,214.039
fallback,vector,i32,128,nearly,lessVoid,4,3,512,176.031
fallback,vector,i32,128,nearly,lessVoid,5,3,512,190.082
fallback,vector,i32,128,nearly,lessVoid,3,3,512,201.006
fallback,vector,i32,128,nearly,lessVoid,5,4,512,193.785
fallback,vector,i32,128,nearly,lessVoid,3,4,512,189.654
fallback,vector,i32,128,nearly,lessVoid,4,4,512,188.400
fallback,vector,i32,128,nearly,lessVoid,5,5,512,214.514
fallback,vector,i32,128,nearly,lessVoid,4,5,512,187.820
fallback,vector,i32,128,nearly,lessVoid,3,5,512,195.213
fallback,vector,i32,128,nearly,lessVoid,5,6,512,192.412
fallback,vector,i32,128,nearly,lessVoid,4,6,512,170.324
fallback,vector,i32,128,nearly,lessVoid,3,6,512,193.361
fallback,vector,i32,128,nearly,lessTyped,4,0,512,174.807
fallback,vector,i32,128,nearly,lessTyped,3,0,512,191.477
fallback,vector,i32,128,nearly,lessTyped,5,0,512,193.338
fallback,vector,i32,128,nearly,lessTyped,3,1,512,191.998
fallback,vector,i32,128,nearly,lessTyped,4,1,512,169.600
fallback,vector,i32,128,nearly,lessTyped,5,1,512,211.408
fallback,vector,i32,128,nearly,lessTyped,3,2,512,213.680
fallback,vector,i32,128,nearly,lessTyped,4,2,512,185.775
fallback,vector,i32,128,nearly,lessTyped,5,2,512,191.660
fallback,vector,i32,128,nearly,lessTyped,3,3,512,191.758
fallback,vector,i32,128,nearly,lessTyped,4,3,512,169.764
fallback,vector,i32,128,nearly,lessTyped,5,3,512,191.959
fallback,vector,i32,128,nearly,lessTyped,5,4,512,195.869
fallback,vector,i32,128,nearly,lessTyped,4,4,512,188.717
fallback,vector,i32,128,nearly,lessTyped,3,4,512,214.031
fallback,vector,i32,128,nearly,lessTyped,3,5,512,200.436
fallback,vector,i32,128,nearly,lessTyped,5,5,512,191.932
fallback,vector,i32,128,nearly,lessTyped,4,5,512,169.197
fallback,vector,i32,128,nearly,lessTyped,5,6,512,190.721
fallback,vector,i32,128,nearly,lessTyped,3,6,512,190.326
fallback,vector,i32,128,nearly,lessTyped,4,6,512,186.664
fallback,vector,i32,128,nearly,greaterTyped,5,0,512,249.027
fallback,vector,i32,128,nearly,greaterTyped,4,0,512,187.203
fallback,vector,i32,128,nearly,greaterTyped,3,0,512,232.418
fallback,vector,i32,128,nearly,greaterTyped,3,1,512,243.654
fallback,vector,i32,128,nearly,greaterTyped,4,1,512,190.129
fallback,vector,i32,128,nearly,greaterTyped,5,1,512,241.859
fallback,vector,i32,128,nearly,greaterTyped,5,2,512,227.223
fallback,vector,i32,128,nearly,greaterTyped,3,2,512,246.092
fallback,vector,i32,128,nearly,greaterTyped,4,2,512,186.027
fallback,vector,i32,128,nearly,greaterTyped,4,3,512,168.422
fallback,vector,i32,128,nearly,greaterTyped,3,3,512,241.957
fallback,vector,i32,128,nearly,greaterTyped,5,3,512,244.459
fallback,vector,i32,128,nearly,greaterTyped,3,4,512,231.355
fallback,vector,i32,128,nearly,greaterTyped,4,4,512,173.236
fallback,vector,i32,128,nearly,greaterTyped,5,4,512,242.605
fallback,vector,i32,128,nearly,greaterTyped,3,5,512,240.230
fallback,vector,i32,128,nearly,greaterTyped,4,5,512,167.957
fallback,vector,i32,128,nearly,greaterTyped,5,5,512,244.951
fallback,vector,i32,128,nearly,greaterTyped,4,6,512,185.529
fallback,vector,i32,128,nearly,greaterTyped,5,6,512,229.670
fallback,vector,i32,128,nearly,greaterTyped,3,6,512,228.357
fallback,vector,i32,512,full,lessVoid,3,0,503,1990.807
fallback,vector,i32,512,full,lessVoid,4,0,454,2205.932
fallback,vector,i32,512,full,lessVoid,5,0,478,2096.303
fallback,vector,i32,512,full,lessVoid,4,1,449,2230.136
fallback,vector,i32,512,full,lessVoid,5,1,470,2131.638
fallback,vector,i32,512,full,lessVoid,3,1,465,2150.940
fallback,vector,i32,512,full,lessVoid,5,2,465,2154.095
fallback,vector,i32,512,full,lessVoid,3,2,475,2107.802
fallback,vector,i32,512,full,lessVoid,4,2,442,2266.762
fallback,vector,i32,512,full,lessVoid,3,3,471,2123.153
fallback,vector,i32,512,full,lessVoid,5,3,454,2207.214
fallback,vector,i32,512,full,lessVoid,4,3,457,2188.897
fallback,vector,i32,512,full,lessVoid,5,4,465,2151.495
fallback,vector,i32,512,full,lessVoid,4,4,448,2235.027
fallback,vector,i32,512,full,lessVoid,3,4,461,2170.716
fallback,vector,i32,512,full,lessVoid,5,5,463,2161.445
fallback,vector,i32,512,full,lessVoid,4,5,458,2188.044
fallback,vector,i32,512,full,lessVoid,3,5,464,2155.636
fallback,vector,i32,512,full,lessVoid,4,6,444,2253.383
fallback,vector,i32,512,full,lessVoid,3,6,476,2103.540
fallback,vector,i32,512,full,lessVoid,5,6,468,2137.201
fallback,vector,i32,512,full,lessTyped,3,0,484,2069.211
fallback,vector,i32,512,full,lessTyped,5,0,491,2038.605
fallback,vector,i32,512,full,lessTyped,4,0,471,2123.582
fallback,vector,i32,512,full,lessTyped,5,1,494,2025.126
fallback,vector,i32,512,full,lessTyped,3,1,496,2017.649
fallback,vector,i32,512,full,lessTyped,4,1,471,2123.510
fallback,vector,i32,512,full,lessTyped,5,2,493,2029.231
fallback,vector,i32,512,full,lessTyped,4,2,477,2099.069
fallback,vector,i32,512,full,lessTyped,3,2,493,2029.154
fallback,vector,i32,512,full,lessTyped,5,3,492,2036.258
fallback,vector,i32,512,full,lessTyped,4,3,439,2280.412
fallback,vector,i32,512,full,lessTyped,3,3,490,2041.408
fallback,vector,i32,512,full,lessTyped,4,4,482,2078.585
fallback,vector,i32,512,full,lessTyped,5,4,485,2063.047
fallback,vector,i32,512,full,lessTyped,3,4,495,2020.970
fallback,vector,i32,512,full,lessTyped,4,5,474,2111.637
fallback,vector,i32,512,full,lessTyped,5,5,491,2039.849
fallback,vector,i32,512,full,lessTyped,3,5,495,2022.622
fallback,vector,i32,512,full,lessTyped,4,6,450,2224.429
fallback,vector,i32,512,full,lessTyped,5,6,497,2014.664
fallback,vector,i32,512,full,lessTyped,3,6,491,2040.130
fallback,vector,i32,512,full,greaterTyped,5,0,410,2439.622
fallback,vector,i32,512,full,greaterTyped,3,0,405,2471.484
fallback,vector,i32,512,full,greaterTyped,4,0,441,2270.036
fallback,vector,i32,512,full,greaterTyped,5,1,416,2404.538
fallback,vector,i32,512,full,greaterTyped,4,1,452,2212.858
fallback,vector,i32,512,full,greaterTyped,3,1,412,2431.354
fallback,vector,i32,512,full,greaterTyped,4,2,453,2211.927
fallback,vector,i32,512,full,greaterTyped,3,2,410,2442.910
fallback,vector,i32,512,full,greaterTyped,5,2,411,2435.628
fallback,vector,i32,512,full,greaterTyped,4,3,449,2230.601
fallback,vector,i32,512,full,greaterTyped,5,3,397,2523.615
fallback,vector,i32,512,full,greaterTyped,3,3,412,2432.857
fallback,vector,i32,512,full,greaterTyped,4,4,439,2282.738
fallback,vector,i32,512,full,greaterTyped,3,4,416,2409.053
fallback,vector,i32,512,full,greaterTyped,5,4,413,2425.024
fallback,vector,i32,512,full,greaterTyped,4,5,455,2201.848
fallback,vector,i32,512,full,greaterTyped,5,5,413,2424.012
fallback,vector,i32,512,full,greaterTyped,3,5,411,2433.820
fallback,vector,i32,512,full,greaterTyped,3,6,391,2562.125
fallback,vector,i32,512,full,greaterTyped,5,6,411,2436.238
fallback,vector,i32,512,full,greaterTyped,4,6,451,2221.368
pipeline,vector,i32,512,full,lessVoid,1,0,420,2384.812
pipeline,vector,i32,512,full,lessVoid,0,0,413,2422.215
pipeline,vector,i32,512,full,lessVoid,2,0,431,2324.845
pipeline,vector,i32,512,full,lessVoid,6,0,422,2372.318
pipeline,vector,i32,512,full,lessVoid,0,1,424,2359.189
pipeline,vector,i32,512,full,lessVoid,1,1,426,2350.462
pipeline,vector,i32,512,full,lessVoid,6,1,425,2356.579
pipeline,vector,i32,512,full,lessVoid,2,1,434,2305.212
pipeline,vector,i32,512,full,lessVoid,1,2,416,2409.055
pipeline,vector,i32,512,full,lessVoid,6,2,413,2425.954
pipeline,vector,i32,512,full,lessVoid,2,2,435,2299.531
pipeline,vector,i32,512,full,lessVoid,0,2,414,2420.684
pipeline,vector,i32,512,full,lessVoid,0,3,422,2372.235
pipeline,vector,i32,512,full,lessVoid,1,3,423,2368.243
pipeline,vector,i32,512,full,lessVoid,2,3,427,2342.328
pipeline,vector,i32,512,full,lessVoid,6,3,414,2417.254
pipeline,vector,i32,512,full,lessVoid,2,4,414,2418.553
pipeline,vector,i32,512,full,lessVoid,6,4,402,2488.386
pipeline,vector,i32,512,full,lessVoid,0,4,412,2428.068
pipeline,vector,i32,512,full,lessVoid,1,4,416,2405.139
pipeline,vector,i32,512,full,lessVoid,0,5,414,2420.773
pipeline,vector,i32,512,full,lessVoid,2,5,426,2352.545
pipeline,vector,i32,512,full,lessVoid,1,5,414,2415.655
pipeline,vector,i32,512,full,lessVoid,6,5,416,2407.438
pipeline,vector,i32,512,full,lessVoid,2,6,425,2357.085
pipeline,vector,i32,512,full,lessVoid,6,6,396,2527.588
pipeline,vector,i32,512,full,lessVoid,1,6,416,2407.526
pipeline,vector,i32,512,full,lessVoid,0,6,414,2419.785
pipeline,vector,i32,512,full,greaterTyped,1,0,379,2638.551
pipeline,vector,i32,512,full,greaterTyped,6,0,372,2692.304
pipeline,vector,i32,512,full,greaterTyped,0,0,374,2677.040
pipeline,vector,i32,512,full,greaterTyped,2,0,429,2336.054
pipeline,vector,i32,512,full,greaterTyped,0,1,382,2621.984
pipeline,vector,i32,512,full,greaterTyped,6,1,372,2692.438
pipeline,vector,i32,512,full,greaterTyped,2,1,410,2440.476
pipeline,vector,i32,512,full,greaterTyped,1,1,374,2675.439
pipeline,vector,i32,512,full,greaterTyped,2,2,430,2328.014
pipeline,vector,i32,512,full,greaterTyped,6,2,375,2672.803
pipeline,vector,i32,512,full,greaterTyped,1,2,382,2622.199
pipeline,vector,i32,512,full,greaterTyped,0,2,379,2639.945
pipeline,vector,i32,512,full,greaterTyped,2,3,425,2354.927
pipeline,vector,i32,512,full,greaterTyped,0,3,377,2656.390
pipeline,vector,i32,512,full,greaterTyped,6,3,378,2645.622
pipeline,vector,i32,512,full,greaterTyped,1,3,379,2641.710
pipeline,vector,i32,512,full,greaterTyped,2,4,422,2372.237
pipeline,vector,i32,512,full,greaterTyped,1,4,371,2696.105
pipeline,vector,i32,512,full,greaterTyped,0,4,380,2637.100
pipeline,vector,i32,512,full,greaterTyped,6,4,379,2644.818
pipeline,vector,i32,512,full,greaterTyped,6,5,379,2643.673
pipeline,vector,i32,512,full,greaterTyped,1,5,379,2642.929
pipeline,vector,i32,512,full,greaterTyped,2,5,425,2354.064
pipeline,vector,i32,512,full,greaterTyped,0,5,379,2640.639
pipeline,vector,i32,512,full,greaterTyped,0,6,380,2634.655
pipeline,vector,i32,512,full,greaterTyped,1,6,367,2730.025
pipeline,vector,i32,512,full,greaterTyped,2,6,401,2493.870
pipeline,vector,i32,512,full,greaterTyped,6,6,372,2691.032
fallback,vector,i32,512,bits22,lessVoid,3,0,463,2163.244
fallback,vector,i32,512,bits22,lessVoid,5,0,453,2210.634
fallback,vector,i32,512,bits22,lessVoid,4,0,446,2245.626
fallback,vector,i32,512,bits22,lessVoid,5,1,451,2219.780
fallback,vector,i32,512,bits22,lessVoid,3,1,454,2203.753
fallback,vector,i32,512,bits22,lessVoid,4,1,461,2171.837
fallback,vector,i32,512,bits22,lessVoid,5,2,451,2218.415
fallback,vector,i32,512,bits22,lessVoid,3,2,452,2213.305
fallback,vector,i32,512,bits22,lessVoid,4,2,453,2209.355
fallback,vector,i32,512,bits22,lessVoid,5,3,451,2218.308
fallback,vector,i32,512,bits22,lessVoid,4,3,430,2326.214
fallback,vector,i32,512,bits22,lessVoid,3,3,462,2164.781
fallback,vector,i32,512,bits22,lessVoid,4,4,452,2214.354
fallback,vector,i32,512,bits22,lessVoid,5,4,453,2211.720
fallback,vector,i32,512,bits22,lessVoid,3,4,449,2229.608
fallback,vector,i32,512,bits22,lessVoid,3,5,454,2202.837
fallback,vector,i32,512,bits22,lessVoid,5,5,464,2155.256
fallback,vector,i32,512,bits22,lessVoid,4,5,449,2228.728
fallback,vector,i32,512,bits22,lessVoid,5,6,432,2318.292
fallback,vector,i32,512,bits22,lessVoid,4,6,460,2179.133
fallback,vector,i32,512,bits22,lessVoid,3,6,452,2217.489
fallback,vector,i32,512,bits22,lessTyped,3,0,452,2215.394
fallback,vector,i32,512,bits22,lessTyped,4,0,453,2209.620
fallback,vector,i32,512,bits22,lessTyped,5,0,435,2303.724
fallback,vector,i32,512,bits22,lessTyped,4,1,438,2284.817
fallback,vector,i32,512,bits22,lessTyped,5,1,451,2217.838
fallback,vector,i32,512,bits22,lessTyped,3,1,457,2192.204
fallback,vector,i32,512,bits22,lessTyped,5,2,459,2182.473
fallback,vector,i32,512,bits22,lessTyped,3,2,454,2206.958
fallback,vector,i32,512,bits22,lessTyped,4,2,451,2220.991
fallback,vector,i32,512,bits22,lessTyped,5,3,452,2214.235
fallback,vector,i32,512,bits22,lessTyped,3,3,448,2235.208
fallback,vector,i32,512,bits22,lessTyped,4,3,452,2213.569
fallback,vector,i32,512,bits22,lessTyped,4,4,459,2180.549
fallback,vector,i32,512,bits22,lessTyped,5,4,450,2225.547
fallback,vector,i32,512,bits22,lessTyped,3,4,454,2207.218
fallback,vector,i32,512,bits22,lessTyped,4,5,453,2208.603
fallback,vector,i32,512,bits22,lessTyped,5,5,466,2147.822
fallback,vector,i32,512,bits22,lessTyped,3,5,453,2207.596
fallback,vector,i32,512,bits22,lessTyped,3,6,436,2295.794
fallback,vector,i32,512,bits22,lessTyped,4,6,458,2188.279
fallback,vector,i32,512,bits22,lessTyped,5,6,454,2206.414
fallback,vector,i32,512,bits22,greaterTyped,3,0,439,2279.323
fallback,vector,i32,512,bits22,greaterTyped,5,0,435,2303.729
fallback,vector,i32,512,bits22,greaterTyped,4,0,450,2226.867
fallback,vector,i32,512,bits22,greaterTyped,3,1,444,2256.764
fallback,vector,i32,512,bits22,greaterTyped,4,1,450,2225.920
fallback,vector,i32,512,bits22,greaterTyped,5,1,466,2148.232
fallback,vector,i32,512,bits22,greaterTyped,4,2,464,2156.509
fallback,vector,i32,512,bits22,greaterTyped,5,2,472,2119.297
fallback,vector,i32,512,bits22,greaterTyped,3,2,473,2116.023
fallback,vector,i32,512,bits22,greaterTyped,4,3,469,2133.009
fallback,vector,i32,512,bits22,greaterTyped,3,3,451,2219.976
fallback,vector,i32,512,bits22,greaterTyped,5,3,479,2089.678
fallback,vector,i32,512,bits22,greaterTyped,4,4,470,2131.745
fallback,vector,i32,512,bits22,greaterTyped,3,4,470,2127.902
fallback,vector,i32,512,bits22,greaterTyped,5,4,460,2175.743
fallback,vector,i32,512,bits22,greaterTyped,3,5,447,2239.843
fallback,vector,i32,512,bits22,greaterTyped,5,5,454,2206.315
fallback,vector,i32,512,bits22,greaterTyped,4,5,459,2181.540
fallback,vector,i32,512,bits22,greaterTyped,4,6,459,2180.477
fallback,vector,i32,512,bits22,greaterTyped,3,6,461,2171.551
fallback,vector,i32,512,bits22,greaterTyped,5,6,452,2215.334
pipeline,vector,i32,512,bits22,lessVoid,1,0,415,2410.643
pipeline,vector,i32,512,bits22,lessVoid,2,0,385,2602.709
pipeline,vector,i32,512,bits22,lessVoid,6,0,416,2404.041
pipeline,vector,i32,512,bits22,lessVoid,0,0,416,2404.565
pipeline,vector,i32,512,bits22,lessVoid,0,1,412,2431.658
pipeline,vector,i32,512,bits22,lessVoid,1,1,415,2410.224
pipeline,vector,i32,512,bits22,lessVoid,6,1,418,2393.251
pipeline,vector,i32,512,bits22,lessVoid,2,1,402,2493.478
pipeline,vector,i32,512,bits22,lessVoid,1,2,418,2394.452
pipeline,vector,i32,512,bits22,lessVoid,6,2,407,2461.828
pipeline,vector,i32,512,bits22,lessVoid,2,2,400,2505.210
pipeline,vector,i32,512,bits22,lessVoid,0,2,416,2405.952
pipeline,vector,i32,512,bits22,lessVoid,2,3,401,2497.294
pipeline,vector,i32,512,bits22,lessVoid,1,3,418,2395.045
pipeline,vector,i32,512,bits22,lessVoid,6,3,419,2386.742
pipeline,vector,i32,512,bits22,lessVoid,0,3,410,2444.517
pipeline,vector,i32,512,bits22,lessVoid,6,4,419,2389.017
pipeline,vector,i32,512,bits22,lessVoid,0,4,401,2497.312
pipeline,vector,i32,512,bits22,lessVoid,2,4,383,2613.149
pipeline,vector,i32,512,bits22,lessVoid,1,4,419,2388.432
pipeline,vector,i32,512,bits22,lessVoid,1,5,418,2394.440
pipeline,vector,i32,512,bits22,lessVoid,6,5,416,2406.166
pipeline,vector,i32,512,bits22,lessVoid,0,5,418,2394.732
pipeline,vector,i32,512,bits22,lessVoid,2,5,393,2546.542
pipeline,vector,i32,512,bits22,lessVoid,2,6,400,2500.410
pipeline,vector,i32,512,bits22,lessVoid,1,6,399,2511.296
pipeline,vector,i32,512,bits22,lessVoid,0,6,406,2466.126
pipeline,vector,i32,512,bits22,lessVoid,6,6,410,2444.212
pipeline,vector,i32,512,bits22,greaterTyped,2,0,417,2400.679
pipeline,vector,i32,512,bits22,greaterTyped,0,0,383,2618.042
pipeline,vector,i32,512,bits22,greaterTyped,1,0,339,2952.808
pipeline,vector,i32,512,bits22,greaterTyped,6,0,388,2579.448
pipeline,vector,i32,512,bits22,greaterTyped,1,1,377,2656.265
pipeline,vector,i32,512,bits22,greaterTyped,6,1,364,2748.486
pipeline,vector,i32,512,bits22,greaterTyped,0,1,378,2655.101
pipeline,vector,i32,512,bits22,greaterTyped,2,1,456,2194.910
pipeline,vector,i32,512,bits22,greaterTyped,2,2,467,2143.824
pipeline,vector,i32,512,bits22,greaterTyped,6,2,407,2461.442
pipeline,vector,i32,512,bits22,greaterTyped,0,2,427,2346.377
pipeline,vector,i32,512,bits22,greaterTyped,1,2,426,2351.066
pipeline,vector,i32,512,bits22,greaterTyped,0,3,427,2347.082
pipeline,vector,i32,512,bits22,greaterTyped,6,3,421,2377.791
pipeline,vector,i32,512,bits22,greaterTyped,1,3,398,2516.219
pipeline,vector,i32,512,bits22,greaterTyped,2,3,376,2666.439
pipeline,vector,i32,512,bits22,greaterTyped,2,4,379,2644.662
pipeline,vector,i32,512,bits22,greaterTyped,1,4,365,2745.534
pipeline,vector,i32,512,bits22,greaterTyped,6,4,361,2774.479
pipeline,vector,i32,512,bits22,greaterTyped,0,4,376,2660.657
pipeline,vector,i32,512,bits22,greaterTyped,2,5,365,2742.932
pipeline,vector,i32,512,bits22,greaterTyped,1,5,377,2656.244
pipeline,vector,i32,512,bits22,greaterTyped,0,5,376,2664.146
pipeline,vector,i32,512,bits22,greaterTyped,6,5,370,2705.403
pipeline,vector,i32,512,bits22,greaterTyped,2,6,370,2709.338
pipeline,vector,i32,512,bits22,greaterTyped,0,6,358,2797.131
pipeline,vector,i32,512,bits22,greaterTyped,6,6,374,2680.005
pipeline,vector,i32,512,bits22,greaterTyped,1,6,373,2683.515
fallback,vector,i32,512,gaps,lessVoid,3,0,445,2250.942
fallback,vector,i32,512,gaps,lessVoid,5,0,432,2317.431
fallback,vector,i32,512,gaps,lessVoid,4,0,406,2467.663
fallback,vector,i32,512,gaps,lessVoid,4,1,396,2526.816
fallback,vector,i32,512,gaps,lessVoid,5,1,387,2587.995
fallback,vector,i32,512,gaps,lessVoid,3,1,410,2443.395
fallback,vector,i32,512,gaps,lessVoid,4,2,388,2579.809
fallback,vector,i32,512,gaps,lessVoid,5,2,399,2506.466
fallback,vector,i32,512,gaps,lessVoid,3,2,403,2487.278
fallback,vector,i32,512,gaps,lessVoid,3,3,405,2471.911
fallback,vector,i32,512,gaps,lessVoid,5,3,401,2495.519
fallback,vector,i32,512,gaps,lessVoid,4,3,390,2564.731
fallback,vector,i32,512,gaps,lessVoid,3,4,392,2552.931
fallback,vector,i32,512,gaps,lessVoid,5,4,395,2533.752
fallback,vector,i32,512,gaps,lessVoid,4,4,388,2579.889
fallback,vector,i32,512,gaps,lessVoid,5,5,416,2408.529
fallback,vector,i32,512,gaps,lessVoid,4,5,396,2528.313
fallback,vector,i32,512,gaps,lessVoid,3,5,406,2463.192
fallback,vector,i32,512,gaps,lessVoid,5,6,399,2511.772
fallback,vector,i32,512,gaps,lessVoid,4,6,371,2697.569
fallback,vector,i32,512,gaps,lessVoid,3,6,409,2445.513
fallback,vector,i32,512,gaps,lessTyped,4,0,369,2715.797
fallback,vector,i32,512,gaps,lessTyped,3,0,402,2490.784
fallback,vector,i32,512,gaps,lessTyped,5,0,404,2475.658
fallback,vector,i32,512,gaps,lessTyped,3,1,395,2533.744
fallback,vector,i32,512,gaps,lessTyped,4,1,358,2794.905
fallback,vector,i32,512,gaps,lessTyped,5,1,390,2567.956
fallback,vector,i32,512,gaps,lessTyped,3,2,385,2601.943
fallback,vector,i32,512,gaps,lessTyped,5,2,387,2589.152
fallback,vector,i32,512,gaps,lessTyped,4,2,364,2754.577
fallback,vector,i32,512,gaps,lessTyped,5,3,395,2534.180
fallback,vector,i32,512,gaps,lessTyped,4,3,378,2647.474
fallback,vector,i32,512,gaps,lessTyped,3,3,437,2292.803
fallback,vector,i32,512,gaps,lessTyped,3,4,468,2138.705
fallback,vector,i32,512,gaps,lessTyped,5,4,446,2244.874
fallback,vector,i32,512,gaps,lessTyped,4,4,413,2424.143
fallback,vector,i32,512,gaps,lessTyped,3,5,400,2500.515
fallback,vector,i32,512,gaps,lessTyped,5,5,410,2439.800
fallback,vector,i32,512,gaps,lessTyped,4,5,408,2451.686
fallback,vector,i32,512,gaps,lessTyped,5,6,427,2342.098
fallback,vector,i32,512,gaps,lessTyped,4,6,497,2014.521
fallback,vector,i32,512,gaps,lessTyped,3,6,421,2376.689
fallback,vector,i32,512,gaps,greaterTyped,4,0,393,2546.763
fallback,vector,i32,512,gaps,greaterTyped,3,0,426,2351.819
fallback,vector,i32,512,gaps,greaterTyped,5,0,409,2450.472
fallback,vector,i32,512,gaps,greaterTyped,5,1,422,2374.718
fallback,vector,i32,512,gaps,greaterTyped,3,1,421,2380.646
fallback,vector,i32,512,gaps,greaterTyped,4,1,399,2511.817
fallback,vector,i32,512,gaps,greaterTyped,3,2,435,2299.766
fallback,vector,i32,512,gaps,greaterTyped,4,2,434,2308.555
fallback,vector,i32,512,gaps,greaterTyped,5,2,454,2204.749
fallback,vector,i32,512,gaps,greaterTyped,4,3,411,2435.625
fallback,vector,i32,512,gaps,greaterTyped,3,3,434,2309.620
fallback,vector,i32,512,gaps,greaterTyped,5,3,476,2101.290
fallback,vector,i32,512,gaps,greaterTyped,5,4,512,1937.590
fallback,vector,i32,512,gaps,greaterTyped,4,4,473,2116.186
fallback,vector,i32,512,gaps,greaterTyped,3,4,504,1985.950
fallback,vector,i32,512,gaps,greaterTyped,3,5,504,1986.593
fallback,vector,i32,512,gaps,greaterTyped,5,5,502,1993.440
fallback,vector,i32,512,gaps,greaterTyped,4,5,479,2089.503
fallback,vector,i32,512,gaps,greaterTyped,4,6,480,2087.238
fallback,vector,i32,512,gaps,greaterTyped,3,6,505,1981.505
fallback,vector,i32,512,gaps,greaterTyped,5,6,439,2281.795
pipeline,vector,i32,512,gaps,lessVoid,2,0,386,2591.306
pipeline,vector,i32,512,gaps,lessVoid,1,0,364,2747.253
pipeline,vector,i32,512,gaps,lessVoid,6,0,372,2692.320
pipeline,vector,i32,512,gaps,lessVoid,0,0,372,2689.987
pipeline,vector,i32,512,gaps,lessVoid,6,1,368,2718.413
pipeline,vector,i32,512,gaps,lessVoid,0,1,364,2748.168
pipeline,vector,i32,512,gaps,lessVoid,1,1,364,2752.066
pipeline,vector,i32,512,gaps,lessVoid,2,1,386,2596.490
pipeline,vector,i32,512,gaps,lessVoid,6,2,365,2742.225
pipeline,vector,i32,512,gaps,lessVoid,1,2,343,2915.697
pipeline,vector,i32,512,gaps,lessVoid,0,2,447,2240.664
pipeline,vector,i32,512,gaps,lessVoid,2,2,438,2284.610
pipeline,vector,i32,512,gaps,lessVoid,0,3,448,2232.225
pipeline,vector,i32,512,gaps,lessVoid,2,3,435,2303.908
pipeline,vector,i32,512,gaps,lessVoid,6,3,449,2230.140
pipeline,vector,i32,512,gaps,lessVoid,1,3,448,2233.154
pipeline,vector,i32,512,gaps,lessVoid,6,4,450,2223.249
pipeline,vector,i32,512,gaps,lessVoid,0,4,436,2293.954
pipeline,vector,i32,512,gaps,lessVoid,1,4,436,2295.571
pipeline,vector,i32,512,gaps,lessVoid,2,4,354,2828.624
pipeline,vector,i32,512,gaps,lessVoid,1,5,381,2630.911
pipeline,vector,i32,512,gaps,lessVoid,0,5,396,2525.879
pipeline,vector,i32,512,gaps,lessVoid,6,5,385,2597.512
pipeline,vector,i32,512,gaps,lessVoid,2,5,339,2954.758
pipeline,vector,i32,512,gaps,lessVoid,1,6,357,2802.294
pipeline,vector,i32,512,gaps,lessVoid,0,6,358,2793.304
pipeline,vector,i32,512,gaps,lessVoid,6,6,363,2760.686
pipeline,vector,i32,512,gaps,lessVoid,2,6,353,2836.037
pipeline,vector,i32,512,gaps,greaterTyped,6,0,397,2523.091
pipeline,vector,i32,512,gaps,greaterTyped,2,0,372,2691.524
pipeline,vector,i32,512,gaps,greaterTyped,1,0,384,2608.750
pipeline,vector,i32,512,gaps,greaterTyped,0,0,384,2607.596
pipeline,vector,i32,512,gaps,greaterTyped,2,1,372,2689.403
pipeline,vector,i32,512,gaps,greaterTyped,1,1,388,2579.686
pipeline,vector,i32,512,gaps,greaterTyped,0,1,405,2470.847
pipeline,vector,i32,512,gaps,greaterTyped,6,1,394,2539.855
pipeline,vector,i32,512,gaps,greaterTyped,6,2,408,2452.941
pipeline,vector,i32,512,gaps,greaterTyped,2,2,372,2692.433
pipeline,vector,i32,512,gaps,greaterTyped,1,2,392,2551.431
pipeline,vector,i32,512,gaps,greaterTyped,0,2,396,2528.722
pipeline,vector,i32,512,gaps,greaterTyped,2,3,384,2607.008
pipeline,vector,i32,512,gaps,greaterTyped,1,3,395,2535.134
pipeline,vector,i32,512,gaps,greaterTyped,6,3,392,2555.931
pipeline,vector,i32,512,gaps,greaterTyped,0,3,394,2539.746
pipeline,vector,i32,512,gaps,greaterTyped,1,4,395,2536.154
pipeline,vector,i32,512,gaps,greaterTyped,2,4,376,2663.457
pipeline,vector,i32,512,gaps,greaterTyped,0,4,397,2521.927
pipeline,vector,i32,512,gaps,greaterTyped,6,4,380,2635.750
pipeline,vector,i32,512,gaps,greaterTyped,6,5,381,2630.349
pipeline,vector,i32,512,gaps,greaterTyped,2,5,373,2683.879
pipeline,vector,i32,512,gaps,greaterTyped,0,5,381,2627.609
pipeline,vector,i32,512,gaps,greaterTyped,1,5,384,2606.023
pipeline,vector,i32,512,gaps,greaterTyped,1,6,389,2576.257
pipeline,vector,i32,512,gaps,greaterTyped,0,6,383,2616.185
pipeline,vector,i32,512,gaps,greaterTyped,2,6,373,2680.976
pipeline,vector,i32,512,gaps,greaterTyped,6,6,375,2667.683
fallback,vector,i32,512,ordered,lessVoid,5,0,512,489.822
fallback,vector,i32,512,ordered,lessVoid,4,0,512,330.088
fallback,vector,i32,512,ordered,lessVoid,3,0,512,467.127
fallback,vector,i32,512,ordered,lessVoid,5,1,512,478.514
fallback,vector,i32,512,ordered,lessVoid,4,1,512,337.658
fallback,vector,i32,512,ordered,lessVoid,3,1,512,454.355
fallback,vector,i32,512,ordered,lessVoid,3,2,512,466.633
fallback,vector,i32,512,ordered,lessVoid,5,2,512,467.043
fallback,vector,i32,512,ordered,lessVoid,4,2,512,314.779
fallback,vector,i32,512,ordered,lessVoid,3,3,512,463.943
fallback,vector,i32,512,ordered,lessVoid,5,3,512,466.305
fallback,vector,i32,512,ordered,lessVoid,4,3,512,327.625
fallback,vector,i32,512,ordered,lessVoid,3,4,512,462.484
fallback,vector,i32,512,ordered,lessVoid,5,4,512,465.566
fallback,vector,i32,512,ordered,lessVoid,4,4,512,326.820
fallback,vector,i32,512,ordered,lessVoid,5,5,512,436.465
fallback,vector,i32,512,ordered,lessVoid,3,5,512,473.650
fallback,vector,i32,512,ordered,lessVoid,4,5,512,326.010
fallback,vector,i32,512,ordered,lessVoid,4,6,512,344.406
fallback,vector,i32,512,ordered,lessVoid,3,6,512,455.807
fallback,vector,i32,512,ordered,lessVoid,5,6,512,468.748
fallback,vector,i32,512,ordered,lessTyped,5,0,512,469.650
fallback,vector,i32,512,ordered,lessTyped,3,0,512,466.066
fallback,vector,i32,512,ordered,lessTyped,4,0,512,326.988
fallback,vector,i32,512,ordered,lessTyped,3,1,512,466.146
fallback,vector,i32,512,ordered,lessTyped,4,1,512,326.512
fallback,vector,i32,512,ordered,lessTyped,5,1,512,468.248
fallback,vector,i32,512,ordered,lessTyped,3,2,512,465.316
fallback,vector,i32,512,ordered,lessTyped,4,2,512,327.223
fallback,vector,i32,512,ordered,lessTyped,5,2,512,460.373
fallback,vector,i32,512,ordered,lessTyped,3,3,512,472.645
fallback,vector,i32,512,ordered,lessTyped,4,3,512,325.521
fallback,vector,i32,512,ordered,lessTyped,5,3,512,471.836
fallback,vector,i32,512,ordered,lessTyped,4,4,512,321.047
fallback,vector,i32,512,ordered,lessTyped,3,4,512,464.367
fallback,vector,i32,512,ordered,lessTyped,5,4,512,469.561
fallback,vector,i32,512,ordered,lessTyped,3,5,512,486.402
fallback,vector,i32,512,ordered,lessTyped,4,5,512,325.432
fallback,vector,i32,512,ordered,lessTyped,5,5,512,472.656
fallback,vector,i32,512,ordered,lessTyped,5,6,512,471.100
fallback,vector,i32,512,ordered,lessTyped,4,6,512,335.445
fallback,vector,i32,512,ordered,lessTyped,3,6,512,489.252
fallback,vector,i32,512,ordered,greaterTyped,4,0,512,508.057
fallback,vector,i32,512,ordered,greaterTyped,5,0,512,619.480
fallback,vector,i32,512,ordered,greaterTyped,3,0,512,596.342
fallback,vector,i32,512,ordered,greaterTyped,5,1,512,607.102
fallback,vector,i32,512,ordered,greaterTyped,4,1,512,487.141
fallback,vector,i32,512,ordered,greaterTyped,3,1,512,611.818
fallback,vector,i32,512,ordered,greaterTyped,3,2,512,668.705
fallback,vector,i32,512,ordered,greaterTyped,5,2,512,518.875
fallback,vector,i32,512,ordered,greaterTyped,4,2,512,392.664
fallback,vector,i32,512,ordered,greaterTyped,3,3,512,528.809
fallback,vector,i32,512,ordered,greaterTyped,5,3,512,522.539
fallback,vector,i32,512,ordered,greaterTyped,4,3,512,399.822
fallback,vector,i32,512,ordered,greaterTyped,3,4,512,529.055
fallback,vector,i32,512,ordered,greaterTyped,5,4,512,525.066
fallback,vector,i32,512,ordered,greaterTyped,4,4,512,415.453
fallback,vector,i32,512,ordered,greaterTyped,3,5,512,549.072
fallback,vector,i32,512,ordered,greaterTyped,4,5,512,402.018
fallback,vector,i32,512,ordered,greaterTyped,5,5,512,508.385
fallback,vector,i32,512,ordered,greaterTyped,3,6,512,520.766
fallback,vector,i32,512,ordered,greaterTyped,4,6,512,450.920
fallback,vector,i32,512,ordered,greaterTyped,5,6,512,521.902
fallback,vector,i32,512,reverse,lessVoid,5,0,512,516.678
fallback,vector,i32,512,reverse,lessVoid,4,0,512,384.912
fallback,vector,i32,512,reverse,lessVoid,3,0,512,512.051
fallback,vector,i32,512,reverse,lessVoid,5,1,512,513.354
fallback,vector,i32,512,reverse,lessVoid,4,1,512,387.604
fallback,vector,i32,512,reverse,lessVoid,3,1,512,510.752
fallback,vector,i32,512,reverse,lessVoid,4,2,512,411.943
fallback,vector,i32,512,reverse,lessVoid,3,2,512,520.404
fallback,vector,i32,512,reverse,lessVoid,5,2,512,511.230
fallback,vector,i32,512,reverse,lessVoid,4,3,512,386.316
fallback,vector,i32,512,reverse,lessVoid,5,3,512,509.996
fallback,vector,i32,512,reverse,lessVoid,3,3,512,509.529
fallback,vector,i32,512,reverse,lessVoid,3,4,512,521.164
fallback,vector,i32,512,reverse,lessVoid,4,4,512,422.762
fallback,vector,i32,512,reverse,lessVoid,5,4,512,514.332
fallback,vector,i32,512,reverse,lessVoid,5,5,512,519.777
fallback,vector,i32,512,reverse,lessVoid,3,5,512,567.693
fallback,vector,i32,512,reverse,lessVoid,4,5,512,452.871
fallback,vector,i32,512,reverse,lessVoid,4,6,512,450.271
fallback,vector,i32,512,reverse,lessVoid,3,6,512,604.158
fallback,vector,i32,512,reverse,lessVoid,5,6,512,596.016
fallback,vector,i32,512,reverse,lessTyped,5,0,512,542.641
fallback,vector,i32,512,reverse,lessTyped,3,0,512,563.227
fallback,vector,i32,512,reverse,lessTyped,4,0,512,447.264
fallback,vector,i32,512,reverse,lessTyped,3,1,512,616.465
fallback,vector,i32,512,reverse,lessTyped,4,1,512,471.031
fallback,vector,i32,512,reverse,lessTyped,5,1,512,616.762
fallback,vector,i32,512,reverse,lessTyped,3,2,512,571.414
fallback,vector,i32,512,reverse,lessTyped,5,2,512,584.127
fallback,vector,i32,512,reverse,lessTyped,4,2,512,443.191
fallback,vector,i32,512,reverse,lessTyped,5,3,512,607.514
fallback,vector,i32,512,reverse,lessTyped,4,3,512,472.096
fallback,vector,i32,512,reverse,lessTyped,3,3,512,592.234
fallback,vector,i32,512,reverse,lessTyped,3,4,512,540.535
fallback,vector,i32,512,reverse,lessTyped,4,4,512,408.779
fallback,vector,i32,512,reverse,lessTyped,5,4,512,548.260
fallback,vector,i32,512,reverse,lessTyped,5,5,512,598.076
fallback,vector,i32,512,reverse,lessTyped,3,5,512,603.107
fallback,vector,i32,512,reverse,lessTyped,4,5,512,458.240
fallback,vector,i32,512,reverse,lessTyped,4,6,512,454.904
fallback,vector,i32,512,reverse,lessTyped,3,6,512,643.576
fallback,vector,i32,512,reverse,lessTyped,5,6,512,562.832
fallback,vector,i32,512,reverse,greaterTyped,4,0,512,369.244
fallback,vector,i32,512,reverse,greaterTyped,3,0,512,325.033
fallback,vector,i32,512,reverse,greaterTyped,5,0,512,323.484
fallback,vector,i32,512,reverse,greaterTyped,3,1,512,325.357
fallback,vector,i32,512,reverse,greaterTyped,5,1,512,327.234
fallback,vector,i32,512,reverse,greaterTyped,4,1,512,325.852
fallback,vector,i32,512,reverse,greaterTyped,5,2,512,340.420
fallback,vector,i32,512,reverse,greaterTyped,4,2,512,315.838
fallback,vector,i32,512,reverse,greaterTyped,3,2,512,316.496
fallback,vector,i32,512,reverse,greaterTyped,3,3,512,316.082
fallback,vector,i32,512,reverse,greaterTyped,5,3,512,316.164
fallback,vector,i32,512,reverse,greaterTyped,4,3,512,316.570
fallback,vector,i32,512,reverse,greaterTyped,5,4,512,331.949
fallback,vector,i32,512,reverse,greaterTyped,3,4,512,316.811
fallback,vector,i32,512,reverse,greaterTyped,4,4,512,319.662
fallback,vector,i32,512,reverse,greaterTyped,5,5,512,340.178
fallback,vector,i32,512,reverse,greaterTyped,4,5,512,328.211
fallback,vector,i32,512,reverse,greaterTyped,3,5,512,318.357
fallback,vector,i32,512,reverse,greaterTyped,4,6,512,328.205
fallback,vector,i32,512,reverse,greaterTyped,5,6,512,333.822
fallback,vector,i32,512,reverse,greaterTyped,3,6,512,328.613
fallback,vector,i32,512,nearly,lessVoid,4,0,512,1144.117
fallback,vector,i32,512,nearly,lessVoid,3,0,512,1306.471
fallback,vector,i32,512,nearly,lessVoid,5,0,512,1308.369
fallback,vector,i32,512,nearly,lessVoid,5,1,512,1285.477
fallback,vector,i32,512,nearly,lessVoid,4,1,512,1163.492
fallback,vector,i32,512,nearly,lessVoid,3,1,512,1289.217
fallback,vector,i32,512,nearly,lessVoid,5,2,512,1332.836
fallback,vector,i32,512,nearly,lessVoid,4,2,512,1154.525
fallback,vector,i32,512,nearly,lessVoid,3,2,512,1257.320
fallback,vector,i32,512,nearly,lessVoid,5,3,512,1248.377
fallback,vector,i32,512,nearly,lessVoid,4,3,512,1121.914
fallback,vector,i32,512,nearly,lessVoid,3,3,512,1256.760
fallback,vector,i32,512,nearly,lessVoid,5,4,512,1254.795
fallback,vector,i32,512,nearly,lessVoid,3,4,512,1298.088
fallback,vector,i32,512,nearly,lessVoid,4,4,512,1146.012
fallback,vector,i32,512,nearly,lessVoid,4,5,512,1131.570
fallback,vector,i32,512,nearly,lessVoid,3,5,512,1321.281
fallback,vector,i32,512,nearly,lessVoid,5,5,512,1249.346
fallback,vector,i32,512,nearly,lessVoid,4,6,512,1220.281
fallback,vector,i32,512,nearly,lessVoid,5,6,512,1114.273
fallback,vector,i32,512,nearly,lessVoid,3,6,512,1100.184
fallback,vector,i32,512,nearly,lessTyped,5,0,512,1144.779
fallback,vector,i32,512,nearly,lessTyped,4,0,512,1046.629
fallback,vector,i32,512,nearly,lessTyped,3,0,512,1156.135
fallback,vector,i32,512,nearly,lessTyped,3,1,512,1145.053
fallback,vector,i32,512,nearly,lessTyped,5,1,512,1199.990
fallback,vector,i32,512,nearly,lessTyped,4,1,512,1034.832
fallback,vector,i32,512,nearly,lessTyped,3,2,512,1216.574
fallback,vector,i32,512,nearly,lessTyped,4,2,512,1128.342
fallback,vector,i32,512,nearly,lessTyped,5,2,512,1229.174
fallback,vector,i32,512,nearly,lessTyped,3,3,512,1160.795
fallback,vector,i32,512,nearly,lessTyped,5,3,512,1252.764
fallback,vector,i32,512,nearly,lessTyped,4,3,512,1142.088
fallback,vector,i32,512,nearly,lessTyped,3,4,512,1262.363
fallback,vector,i32,512,nearly,lessTyped,5,4,512,1255.381
fallback,vector,i32,512,nearly,lessTyped,4,4,512,1167.391
fallback,vector,i32,512,nearly,lessTyped,4,5,512,1214.104
fallback,vector,i32,512,nearly,lessTyped,5,5,512,1292.727
fallback,vector,i32,512,nearly,lessTyped,3,5,512,1264.162
fallback,vector,i32,512,nearly,lessTyped,5,6,512,1264.008
fallback,vector,i32,512,nearly,lessTyped,4,6,512,1174.225
fallback,vector,i32,512,nearly,lessTyped,3,6,512,1266.604
fallback,vector,i32,512,nearly,greaterTyped,4,0,512,1282.148
fallback,vector,i32,512,nearly,greaterTyped,3,0,512,1562.195
fallback,vector,i32,512,nearly,greaterTyped,5,0,512,1538.631
fallback,vector,i32,512,nearly,greaterTyped,3,1,512,1541.422
fallback,vector,i32,512,nearly,greaterTyped,4,1,512,1325.609
fallback,vector,i32,512,nearly,greaterTyped,5,1,512,1544.691
fallback,vector,i32,512,nearly,greaterTyped,4,2,512,1392.258
fallback,vector,i32,512,nearly,greaterTyped,5,2,512,1549.232
fallback,vector,i32,512,nearly,greaterTyped,3,2,512,1586.414
fallback,vector,i32,512,nearly,greaterTyped,3,3,512,1565.258
fallback,vector,i32,512,nearly,greaterTyped,5,3,512,1624.090
fallback,vector,i32,512,nearly,greaterTyped,4,3,512,1408.039
fallback,vector,i32,512,nearly,greaterTyped,4,4,512,1359.941
fallback,vector,i32,512,nearly,greaterTyped,5,4,512,1624.119
fallback,vector,i32,512,nearly,greaterTyped,3,4,512,1637.439
fallback,vector,i32,512,nearly,greaterTyped,4,5,512,1377.357
fallback,vector,i32,512,nearly,greaterTyped,5,5,512,1508.711
fallback,vector,i32,512,nearly,greaterTyped,3,5,512,1361.902
fallback,vector,i32,512,nearly,greaterTyped,3,6,512,1354.643
fallback,vector,i32,512,nearly,greaterTyped,5,6,512,1353.506
fallback,vector,i32,512,nearly,greaterTyped,4,6,512,1237.398
fallback,vector,i32,4096,full,lessVoid,4,0,36,28479.194
fallback,vector,i32,4096,full,lessVoid,5,0,29,35478.310
fallback,vector,i32,4096,full,lessVoid,3,0,36,28574.028
fallback,vector,i32,4096,full,lessVoid,4,1,14,73508.857
fallback,vector,i32,4096,full,lessVoid,5,1,35,29134.543
fallback,vector,i32,4096,full,lessVoid,3,1,34,29513.500
fallback,vector,i32,4096,full,lessVoid,4,2,18,56937.500
fallback,vector,i32,4096,full,lessVoid,3,2,26,39325.308
fallback,vector,i32,4096,full,lessVoid,5,2,35,29133.400
fallback,vector,i32,4096,full,lessVoid,3,3,28,35845.214
fallback,vector,i32,4096,full,lessVoid,4,3,20,51885.350
fallback,vector,i32,4096,full,lessVoid,5,3,34,30031.794
fallback,vector,i32,4096,full,lessVoid,3,4,34,29522.118
fallback,vector,i32,4096,full,lessVoid,5,4,35,29219.000
fallback,vector,i32,4096,full,lessVoid,4,4,27,38077.185
fallback,vector,i32,4096,full,lessVoid,3,5,33,31400.303
fallback,vector,i32,4096,full,lessVoid,5,5,29,34528.793
fallback,vector,i32,4096,full,lessVoid,4,5,14,73657.714
fallback,vector,i32,4096,full,lessVoid,3,6,34,29591.882
fallback,vector,i32,4096,full,lessVoid,4,6,17,59759.941
fallback,vector,i32,4096,full,lessVoid,5,6,36,28437.528
fallback,vector,i32,4096,full,lessTyped,3,0,36,28240.778
fallback,vector,i32,4096,full,lessTyped,4,0,30,34191.633
fallback,vector,i32,4096,full,lessTyped,5,0,36,28178.167
fallback,vector,i32,4096,full,lessTyped,3,1,38,26530.684
fallback,vector,i32,4096,full,lessTyped,5,1,36,28337.944
fallback,vector,i32,4096,full,lessTyped,4,1,30,34274.867
fallback,vector,i32,4096,full,lessTyped,4,2,31,32559.065
fallback,vector,i32,4096,full,lessTyped,5,2,41,24934.976
fallback,vector,i32,4096,full,lessTyped,3,2,39,25773.487
fallback,vector,i32,4096,full,lessTyped,4,3,33,30739.848
fallback,vector,i32,4096,full,lessTyped,3,3,39,25657.077
fallback,vector,i32,4096,full,lessTyped,5,3,37,27105.838
fallback,vector,i32,4096,full,lessTyped,3,4,35,28759.543
fallback,vector,i32,4096,full,lessTyped,5,4,39,25795.923
fallback,vector,i32,4096,full,lessTyped,4,4,31,33029.806
fallback,vector,i32,4096,full,lessTyped,3,5,36,28284.722
fallback,vector,i32,4096,full,lessTyped,4,5,30,33794.433
fallback,vector,i32,4096,full,lessTyped,5,5,37,27640.838
fallback,vector,i32,4096,full,lessTyped,5,6,35,28697.686
fallback,vector,i32,4096,full,lessTyped,4,6,30,33729.200
fallback,vector,i32,4096,full,lessTyped,3,6,39,26240.462
fallback,vector,i32,4096,full,greaterTyped,5,0,40,25115.650
fallback,vector,i32,4096,full,greaterTyped,3,0,42,24090.310
fallback,vector,i32,4096,full,greaterTyped,4,0,20,50464.550
fallback,vector,i32,4096,full,greaterTyped,4,1,25,40130.080
fallback,vector,i32,4096,full,greaterTyped,5,1,39,26157.051
fallback,vector,i32,4096,full,greaterTyped,3,1,40,25159.400
fallback,vector,i32,4096,full,greaterTyped,4,2,31,32786.290
fallback,vector,i32,4096,full,greaterTyped,3,2,42,24141.857
fallback,vector,i32,4096,full,greaterTyped,5,2,47,21459.277
fallback,vector,i32,4096,full,greaterTyped,4,3,38,26424.368
fallback,vector,i32,4096,full,greaterTyped,5,3,43,23352.651
fallback,vector,i32,4096,full,greaterTyped,3,3,41,24884.098
fallback,vector,i32,4096,full,greaterTyped,5,4,41,24848.561
fallback,vector,i32,4096,full,greaterTyped,3,4,44,22821.000
fallback,vector,i32,4096,full,greaterTyped,4,4,24,43000.042
fallback,vector,i32,4096,full,greaterTyped,5,5,43,23454.326
fallback,vector,i32,4096,full,greaterTyped,3,5,43,23502.953
fallback,vector,i32,4096,full,greaterTyped,4,5,28,36726.107
fallback,vector,i32,4096,full,greaterTyped,3,6,46,21885.761
fallback,vector,i32,4096,full,greaterTyped,5,6,46,22116.000
fallback,vector,i32,4096,full,greaterTyped,4,6,27,37191.444
pipeline,vector,i32,4096,full,lessVoid,1,0,83,12052.663
pipeline,vector,i32,4096,full,lessVoid,2,0,83,12072.313
pipeline,vector,i32,4096,full,lessVoid,6,0,83,12159.614
pipeline,vector,i32,4096,full,lessVoid,0,0,84,11986.583
pipeline,vector,i32,4096,full,lessVoid,2,1,85,11877.424
pipeline,vector,i32,4096,full,lessVoid,6,1,82,12330.378
pipeline,vector,i32,4096,full,lessVoid,1,1,84,12015.345
pipeline,vector,i32,4096,full,lessVoid,0,1,86,11683.616
pipeline,vector,i32,4096,full,lessVoid,0,2,84,11924.571
pipeline,vector,i32,4096,full,lessVoid,1,2,83,12056.687
pipeline,vector,i32,4096,full,lessVoid,6,2,82,12280.500
pipeline,vector,i32,4096,full,lessVoid,2,2,83,12088.301
pipeline,vector,i32,4096,full,lessVoid,2,3,83,12053.723
pipeline,vector,i32,4096,full,lessVoid,6,3,82,12238.817
pipeline,vector,i32,4096,full,lessVoid,0,3,84,11914.167
pipeline,vector,i32,4096,full,lessVoid,1,3,83,12101.458
pipeline,vector,i32,4096,full,lessVoid,2,4,81,12468.580
pipeline,vector,i32,4096,full,lessVoid,1,4,83,12179.687
pipeline,vector,i32,4096,full,lessVoid,0,4,81,12381.679
pipeline,vector,i32,4096,full,lessVoid,6,4,83,12163.108
pipeline,vector,i32,4096,full,lessVoid,0,5,83,12160.096
pipeline,vector,i32,4096,full,lessVoid,6,5,83,12131.530
pipeline,vector,i32,4096,full,lessVoid,1,5,83,12077.819
pipeline,vector,i32,4096,full,lessVoid,2,5,83,12074.301
pipeline,vector,i32,4096,full,lessVoid,2,6,82,12228.146
pipeline,vector,i32,4096,full,lessVoid,0,6,83,12183.217
pipeline,vector,i32,4096,full,lessVoid,1,6,79,12773.190
pipeline,vector,i32,4096,full,lessVoid,6,6,95,10563.589
pipeline,vector,i32,4096,full,greaterTyped,6,0,88,11427.545
pipeline,vector,i32,4096,full,greaterTyped,2,0,88,11458.409
pipeline,vector,i32,4096,full,greaterTyped,0,0,89,11320.742
pipeline,vector,i32,4096,full,greaterTyped,1,0,88,11480.125
pipeline,vector,i32,4096,full,greaterTyped,6,1,81,12385.296
pipeline,vector,i32,4096,full,greaterTyped,2,1,84,11969.286
pipeline,vector,i32,4096,full,greaterTyped,1,1,84,12000.988
pipeline,vector,i32,4096,full,greaterTyped,0,1,85,11827.918
pipeline,vector,i32,4096,full,greaterTyped,0,2,83,12144.602
pipeline,vector,i32,4096,full,greaterTyped,6,2,82,12317.610
pipeline,vector,i32,4096,full,greaterTyped,1,2,81,12368.333
pipeline,vector,i32,4096,full,greaterTyped,2,2,82,12311.512
pipeline,vector,i32,4096,full,greaterTyped,2,3,87,11535.483
pipeline,vector,i32,4096,full,greaterTyped,0,3,86,11634.186
pipeline,vector,i32,4096,full,greaterTyped,6,3,83,12108.940
pipeline,vector,i32,4096,full,greaterTyped,1,3,84,11987.607
pipeline,vector,i32,4096,full,greaterTyped,6,4,89,11279.022
pipeline,vector,i32,4096,full,greaterTyped,1,4,95,10550.811
pipeline,vector,i32,4096,full,greaterTyped,0,4,92,10933.380
pipeline,vector,i32,4096,full,greaterTyped,2,4,87,11570.425
pipeline,vector,i32,4096,full,greaterTyped,1,5,88,11443.682
pipeline,vector,i32,4096,full,greaterTyped,6,5,83,12091.807
pipeline,vector,i32,4096,full,greaterTyped,2,5,86,11752.442
pipeline,vector,i32,4096,full,greaterTyped,0,5,88,11408.670
pipeline,vector,i32,4096,full,greaterTyped,6,6,86,11680.256
pipeline,vector,i32,4096,full,greaterTyped,2,6,83,12125.036
pipeline,vector,i32,4096,full,greaterTyped,1,6,80,12597.438
pipeline,vector,i32,4096,full,greaterTyped,0,6,91,11099.352
fallback,vector,i32,4096,bits22,lessVoid,5,0,41,24917.659
fallback,vector,i32,4096,bits22,lessVoid,3,0,38,26524.053
fallback,vector,i32,4096,bits22,lessVoid,4,0,23,44856.870
fallback,vector,i32,4096,bits22,lessVoid,3,1,43,23674.512
fallback,vector,i32,4096,bits22,lessVoid,5,1,32,31531.312
fallback,vector,i32,4096,bits22,lessVoid,4,1,17,61014.824
fallback,vector,i32,4096,bits22,lessVoid,4,2,21,49730.048
fallback,vector,i32,4096,bits22,lessVoid,5,2,36,27935.167
fallback,vector,i32,4096,bits22,lessVoid,3,2,38,26649.053
fallback,vector,i32,4096,bits22,lessVoid,4,3,19,52765.263
fallback,vector,i32,4096,bits22,lessVoid,3,3,34,29796.559
fallback,vector,i32,4096,bits22,lessVoid,5,3,39,26195.487
fallback,vector,i32,4096,bits22,lessVoid,5,4,41,24554.854
fallback,vector,i32,4096,bits22,lessVoid,3,4,42,23835.381
fallback,vector,i32,4096,bits22,lessVoid,4,4,17,59262.235
fallback,vector,i32,4096,bits22,lessVoid,5,5,30,34000.033
fallback,vector,i32,4096,bits22,lessVoid,3,5,39,25929.410
fallback,vector,i32,4096,bits22,lessVoid,4,5,35,29134.543
fallback,vector,i32,4096,bits22,lessVoid,4,6,36,28399.333
fallback,vector,i32,4096,bits22,lessVoid,5,6,35,28673.829
fallback,vector,i32,4096,bits22,lessVoid,3,6,37,27692.568
fallback,vector,i32,4096,bits22,lessTyped,4,0,35,29035.743
fallback,vector,i32,4096,bits22,lessTyped,3,0,32,31770.812
fallback,vector,i32,4096,bits22,lessTyped,5,0,39,26132.359
fallback,vector,i32,4096,bits22,lessTyped,5,1,41,24737.878
fallback,vector,i32,4096,bits22,lessTyped,4,1,16,62601.562
fallback,vector,i32,4096,bits22,lessTyped,3,1,37,27163.351
fallback,vector,i32,4096,bits22,lessTyped,4,2,19,55153.526
fallback,vector,i32,4096,bits22,lessTyped,5,2,42,24188.548
fallback,vector,i32,4096,bits22,lessTyped,3,2,42,24351.214
fallback,vector,i32,4096,bits22,lessTyped,3,3,41,24417.634
fallback,vector,i32,4096,bits22,lessTyped,4,3,19,53712.842
fallback,vector,i32,4096,bits22,lessTyped,5,3,28,35747.000
fallback,vector,i32,4096,bits22,lessTyped,3,4,36,28187.472
fallback,vector,i32,4096,bits22,lessTyped,5,4,37,27150.784
fallback,vector,i32,4096,bits22,lessTyped,4,4,24,41848.958
fallback,vector,i32,4096,bits22,lessTyped,4,5,27,37696.037
fallback,vector,i32,4096,bits22,lessTyped,5,5,41,24573.317
fallback,vector,i32,4096,bits22,lessTyped,3,5,39,26255.385
fallback,vector,i32,4096,bits22,lessTyped,5,6,41,24477.659
fallback,vector,i32,4096,bits22,lessTyped,4,6,37,27260.108
fallback,vector,i32,4096,bits22,lessTyped,3,6,34,29807.676
fallback,vector,i32,4096,bits22,greaterTyped,5,0,40,25150.000
fallback,vector,i32,4096,bits22,greaterTyped,3,0,41,24936.000
fallback,vector,i32,4096,bits22,greaterTyped,4,0,35,28807.086
fallback,vector,i32,4096,bits22,greaterTyped,5,1,44,23077.750
fallback,vector,i32,4096,bits22,greaterTyped,4,1,34,29651.971
fallback,vector,i32,4096,bits22,greaterTyped,3,1,40,25317.700
fallback,vector,i32,4096,bits22,greaterTyped,3,2,39,25663.462
fallback,vector,i32,4096,bits22,greaterTyped,4,2,34,29832.147
fallback,vector,i32,4096,bits22,greaterTyped,5,2,40,25210.500
fallback,vector,i32,4096,bits22,greaterTyped,4,3,24,42543.417
fallback,vector,i32,4096,bits22,greaterTyped,5,3,38,26767.553
fallback,vector,i32,4096,bits22,greaterTyped,3,3,40,25672.800
fallback,vector,i32,4096,bits22,greaterTyped,4,4,33,30929.242
fallback,vector,i32,4096,bits22,greaterTyped,5,4,40,25636.475
fallback,vector,i32,4096,bits22,greaterTyped,3,4,40,25256.225
fallback,vector,i32,4096,bits22,greaterTyped,4,5,35,28811.914
fallback,vector,i32,4096,bits22,greaterTyped,5,5,40,25105.200
fallback,vector,i32,4096,bits22,greaterTyped,3,5,40,25613.525
fallback,vector,i32,4096,bits22,greaterTyped,4,6,35,28789.371
fallback,vector,i32,4096,bits22,greaterTyped,5,6,36,28032.417
fallback,vector,i32,4096,bits22,greaterTyped,3,6,41,24722.537
pipeline,vector,i32,4096,bits22,lessVoid,2,0,115,8740.226
pipeline,vector,i32,4096,bits22,lessVoid,1,0,116,8644.405
pipeline,vector,i32,4096,bits22,lessVoid,0,0,130,7755.362
pipeline,vector,i32,4096,bits22,lessVoid,6,0,119,8404.731
pipeline,vector,i32,4096,bits22,lessVoid,6,1,115,8765.609
pipeline,vector,i32,4096,bits22,lessVoid,1,1,115,8747.104
pipeline,vector,i32,4096,bits22,lessVoid,0,1,116,8622.526
pipeline,vector,i32,4096,bits22,lessVoid,2,1,117,8551.966
pipeline,vector,i32,4096,bits22,lessVoid,0,2,114,8864.412
pipeline,vector,i32,4096,bits22,lessVoid,6,2,113,8912.186
pipeline,vector,i32,4096,bits22,lessVoid,2,2,113,8879.035
pipeline,vector,i32,4096,bits22,lessVoid,1,2,113,8896.381
pipeline,vector,i32,4096,bits22,lessVoid,2,3,113,8897.858
pipeline,vector,i32,4096,bits22,lessVoid,6,3,114,8846.184
pipeline,vector,i32,4096,bits22,lessVoid,1,3,113,8860.602
pipeline,vector,i32,4096,bits22,lessVoid,0,3,113,8900.805
pipeline,vector,i32,4096,bits22,lessVoid,1,4,109,9186.954
pipeline,vector,i32,4096,bits22,lessVoid,2,4,113,8942.841
pipeline,vector,i32,4096,bits22,lessVoid,0,4,112,8940.071
pipeline,vector,i32,4096,bits22,lessVoid,6,4,112,9018.205
pipeline,vector,i32,4096,bits22,lessVoid,2,5,111,9070.541
pipeline,vector,i32,4096,bits22,lessVoid,0,5,110,9126.509
pipeline,vector,i32,4096,bits22,lessVoid,6,5,111,9064.189
pipeline,vector,i32,4096,bits22,lessVoid,1,5,107,9417.841
pipeline,vector,i32,4096,bits22,lessVoid,2,6,113,8914.832
pipeline,vector,i32,4096,bits22,lessVoid,1,6,112,8964.661
pipeline,vector,i32,4096,bits22,lessVoid,0,6,111,9054.009
pipeline,vector,i32,4096,bits22,lessVoid,6,6,114,8806.325
pipeline,vector,i32,4096,bits22,greaterTyped,2,0,107,9387.084
pipeline,vector,i32,4096,bits22,greaterTyped,6,0,107,9427.944
pipeline,vector,i32,4096,bits22,greaterTyped,1,0,106,9481.915
pipeline,vector,i32,4096,bits22,greaterTyped,0,0,112,8963.188
pipeline,vector,i32,4096,bits22,greaterTyped,0,1,112,9009.982
pipeline,vector,i32,4096,bits22,greaterTyped,2,1,109,9245.046
pipeline,vector,i32,4096,bits22,greaterTyped,6,1,110,9143.973
pipeline,vector,i32,4096,bits22,greaterTyped,1,1,118,8503.153
pipeline,vector,i32,4096,bits22,greaterTyped,2,2,132,7626.606
pipeline,vector,i32,4096,bits22,greaterTyped,0,2,111,9083.333
pipeline,vector,i32,4096,bits22,greaterTyped,1,2,112,8980.688
pipeline,vector,i32,4096,bits22,greaterTyped,6,2,113,8858.814
pipeline,vector,i32,4096,bits22,greaterTyped,0,3,110,9118.573
pipeline,vector,i32,4096,bits22,greaterTyped,6,3,113,8859.531
pipeline,vector,i32,4096,bits22,greaterTyped,2,3,112,8934.884
pipeline,vector,i32,4096,bits22,greaterTyped,1,3,111,9052.216
pipeline,vector,i32,4096,bits22,greaterTyped,1,4,113,8864.655
pipeline,vector,i32,4096,bits22,greaterTyped,2,4,113,8886.425
pipeline,vector,i32,4096,bits22,greaterTyped,0,4,113,8870.973
pipeline,vector,i32,4096,bits22,greaterTyped,6,4,114,8815.430
pipeline,vector,i32,4096,bits22,greaterTyped,1,5,115,8745.661
pipeline,vector,i32,4096,bits22,greaterTyped,6,5,113,8884.177
pipeline,vector,i32,4096,bits22,greaterTyped,0,5,112,8966.152
pipeline,vector,i32,4096,bits22,greaterTyped,2,5,111,9061.198
pipeline,vector,i32,4096,bits22,greaterTyped,1,6,113,8849.938
pipeline,vector,i32,4096,bits22,greaterTyped,0,6,114,8820.500
pipeline,vector,i32,4096,bits22,greaterTyped,2,6,113,8902.292
pipeline,vector,i32,4096,bits22,greaterTyped,6,6,113,8855.071
fallback,vector,i32,4096,gaps,lessVoid,4,0,41,24733.732
fallback,vector,i32,4096,gaps,lessVoid,5,0,44,22746.159
fallback,vector,i32,4096,gaps,lessVoid,3,0,45,22405.511
fallback,vector,i32,4096,gaps,lessVoid,5,1,45,22304.622
fallback,vector,i32,4096,gaps,lessVoid,4,1,44,23158.068
fallback,vector,i32,4096,gaps,lessVoid,3,1,47,21597.532
fallback,vector,i32,4096,gaps,lessVoid,5,2,47,21545.213
fallback,vector,i32,4096,gaps,lessVoid,3,2,45,22423.978
fallback,vector,i32,4096,gaps,lessVoid,4,2,28,36409.250
fallback,vector,i32,4096,gaps,lessVoid,5,3,46,21922.043
fallback,vector,i32,4096,gaps,lessVoid,4,3,52,19298.058
fallback,vector,i32,4096,gaps,lessVoid,3,3,53,18932.415
fallback,vector,i32,4096,gaps,lessVoid,5,4,53,18938.660
fallback,vector,i32,4096,gaps,lessVoid,3,4,53,18923.679
fallback,vector,i32,4096,gaps,lessVoid,4,4,53,19182.358
fallback,vector,i32,4096,gaps,lessVoid,4,5,53,19226.396
fallback,vector,i32,4096,gaps,lessVoid,3,5,53,18953.623
fallback,vector,i32,4096,gaps,lessVoid,5,5,45,22469.422
fallback,vector,i32,4096,gaps,lessVoid,3,6,45,22292.556
fallback,vector,i32,4096,gaps,lessVoid,5,6,45,22325.822
fallback,vector,i32,4096,gaps,lessVoid,4,6,25,41324.960
fallback,vector,i32,4096,gaps,lessTyped,5,0,39,25849.308
fallback,vector,i32,4096,gaps,lessTyped,3,0,44,22757.591
fallback,vector,i32,4096,gaps,lessTyped,4,0,45,22319.489
fallback,vector,i32,4096,gaps,lessTyped,3,1,44,22739.614
fallback,vector,i32,4096,gaps,lessTyped,5,1,45,22570.333
fallback,vector,i32,4096,gaps,lessTyped,4,1,46,21846.848
fallback,vector,i32,4096,gaps,lessTyped,4,2,46,22004.500
fallback,vector,i32,4096,gaps,lessTyped,5,2,45,22556.533
fallback,vector,i32,4096,gaps,lessTyped,3,2,40,25182.325
fallback,vector,i32,4096,gaps,lessTyped,3,3,45,22281.467
fallback,vector,i32,4096,gaps,lessTyped,4,3,38,26762.079
fallback,vector,i32,4096,gaps,lessTyped,5,3,44,22960.341
fallback,vector,i32,4096,gaps,lessTyped,3,4,46,22130.348
fallback,vector,i32,4096,gaps,lessTyped,4,4,46,22167.565
fallback,vector,i32,4096,gaps,lessTyped,5,4,45,22323.133
fallback,vector,i32,4096,gaps,lessTyped,4,5,47,21699.468
fallback,vector,i32,4096,gaps,lessTyped,5,5,42,24134.952
fallback,vector,i32,4096,gaps,lessTyped,3,5,45,22474.000
fallback,vector,i32,4096,gaps,lessTyped,4,6,28,35938.929
fallback,vector,i32,4096,gaps,lessTyped,5,6,45,22522.178
fallback,vector,i32,4096,gaps,lessTyped,3,6,45,22554.711
fallback,vector,i32,4096,gaps,greaterTyped,3,0,48,20980.875
fallback,vector,i32,4096,gaps,greaterTyped,4,0,39,25946.564
fallback,vector,i32,4096,gaps,greaterTyped,5,0,53,19128.887
fallback,vector,i32,4096,gaps,greaterTyped,3,1,55,18310.582
fallback,vector,i32,4096,gaps,greaterTyped,5,1,55,18478.018
fallback,vector,i32,4096,gaps,greaterTyped,4,1,55,18247.691
fallback,vector,i32,4096,gaps,greaterTyped,4,2,55,18214.345
fallback,vector,i32,4096,gaps,greaterTyped,5,2,56,18120.429
fallback,vector,i32,4096,gaps,greaterTyped,3,2,54,18703.037
fallback,vector,i32,4096,gaps,greaterTyped,3,3,53,18884.415
fallback,vector,i32,4096,gaps,greaterTyped,4,3,53,18996.057
fallback,vector,i32,4096,gaps,greaterTyped,5,3,47,21554.915
fallback,vector,i32,4096,gaps,greaterTyped,5,4,47,21492.915
fallback,vector,i32,4096,gaps,greaterTyped,3,4,49,20691.347
fallback,vector,i32,4096,gaps,greaterTyped,4,4,35,28664.286
fallback,vector,i32,4096,gaps,greaterTyped,3,5,46,22164.913
fallback,vector,i32,4096,gaps,greaterTyped,4,5,45,22564.800
fallback,vector,i32,4096,gaps,greaterTyped,5,5,48,21140.604
fallback,vector,i32,4096,gaps,greaterTyped,5,6,48,20974.833
fallback,vector,i32,4096,gaps,greaterTyped,3,6,47,21442.340
fallback,vector,i32,4096,gaps,greaterTyped,4,6,45,22569.444
pipeline,vector,i32,4096,gaps,lessVoid,6,0,52,19408.635
pipeline,vector,i32,4096,gaps,lessVoid,0,0,52,19370.154
pipeline,vector,i32,4096,gaps,lessVoid,1,0,56,18060.286
pipeline,vector,i32,4096,gaps,lessVoid,2,0,51,19767.255
pipeline,vector,i32,4096,gaps,lessVoid,6,1,50,20157.420
pipeline,vector,i32,4096,gaps,lessVoid,0,1,49,20728.735
pipeline,vector,i32,4096,gaps,lessVoid,1,1,58,17443.276
pipeline,vector,i32,4096,gaps,lessVoid,2,1,56,17892.893
pipeline,vector,i32,4096,gaps,lessVoid,0,2,57,17806.228
pipeline,vector,i32,4096,gaps,lessVoid,2,2,59,17122.136
pipeline,vector,i32,4096,gaps,lessVoid,6,2,56,18066.268
pipeline,vector,i32,4096,gaps,lessVoid,1,2,54,18791.630
pipeline,vector,i32,4096,gaps,lessVoid,0,3,49,20579.939
pipeline,vector,i32,4096,gaps,lessVoid,6,3,51,19762.275
pipeline,vector,i32,4096,gaps,lessVoid,1,3,51,19674.804
pipeline,vector,i32,4096,gaps,lessVoid,2,3,49,20488.082
pipeline,vector,i32,4096,gaps,lessVoid,6,4,50,20110.820
pipeline,vector,i32,4096,gaps,lessVoid,2,4,56,18081.143
pipeline,vector,i32,4096,gaps,lessVoid,0,4,55,18282.545
pipeline,vector,i32,4096,gaps,lessVoid,1,4,58,17318.276
pipeline,vector,i32,4096,gaps,lessVoid,6,5,59,17206.220
pipeline,vector,i32,4096,gaps,lessVoid,1,5,52,19427.885
pipeline,vector,i32,4096,gaps,lessVoid,0,5,48,20855.875
pipeline,vector,i32,4096,gaps,lessVoid,2,5,57,17637.439
pipeline,vector,i32,4096,gaps,lessVoid,2,6,59,17104.508
pipeline,vector,i32,4096,gaps,lessVoid,6,6,52,19301.269
pipeline,vector,i32,4096,gaps,lessVoid,0,6,47,21582.447
pipeline,vector,i32,4096,gaps,lessVoid,1,6,48,20922.729
pipeline,vector,i32,4096,gaps,greaterTyped,0,0,58,17372.276
pipeline,vector,i32,4096,gaps,greaterTyped,6,0,59,17089.000
pipeline,vector,i32,4096,gaps,greaterTyped,1,0,55,18187.836
pipeline,vector,i32,4096,gaps,greaterTyped,2,0,50,20045.020
pipeline,vector,i32,4096,gaps,greaterTyped,0,1,51,19761.451
pipeline,vector,i32,4096,gaps,greaterTyped,6,1,50,20224.080
pipeline,vector,i32,4096,gaps,greaterTyped,2,1,54,18686.722
pipeline,vector,i32,4096,gaps,greaterTyped,1,1,50,20084.920
pipeline,vector,i32,4096,gaps,greaterTyped,1,2,51,19671.529
pipeline,vector,i32,4096,gaps,greaterTyped,2,2,50,20142.500
pipeline,vector,i32,4096,gaps,greaterTyped,0,2,49,20482.184
pipeline,vector,i32,4096,gaps,greaterTyped,6,2,52,19419.077
pipeline,vector,i32,4096,gaps,greaterTyped,0,3,53,19180.057
pipeline,vector,i32,4096,gaps,greaterTyped,2,3,49,20493.265
pipeline,vector,i32,4096,gaps,greaterTyped,1,3,50,20084.100
pipeline,vector,i32,4096,gaps,greaterTyped,6,3,50,20025.840
pipeline,vector,i32,4096,gaps,greaterTyped,0,4,52,19338.154
pipeline,vector,i32,4096,gaps,greaterTyped,6,4,51,19737.706
pipeline,vector,i32,4096,gaps,greaterTyped,2,4,50,20092.500
pipeline,vector,i32,4096,gaps,greaterTyped,1,4,51,19995.961
pipeline,vector,i32,4096,gaps,greaterTyped,0,5,52,19517.596
pipeline,vector,i32,4096,gaps,greaterTyped,1,5,51,19635.667
pipeline,vector,i32,4096,gaps,greaterTyped,6,5,52,19435.827
pipeline,vector,i32,4096,gaps,greaterTyped,2,5,51,19973.784
pipeline,vector,i32,4096,gaps,greaterTyped,0,6,51,19696.863
pipeline,vector,i32,4096,gaps,greaterTyped,6,6,51,19856.294
pipeline,vector,i32,4096,gaps,greaterTyped,2,6,52,19512.827
pipeline,vector,i32,4096,gaps,greaterTyped,1,6,50,20021.640
fallback,vector,i32,4096,ordered,lessVoid,4,0,512,1931.725
fallback,vector,i32,4096,ordered,lessVoid,3,0,351,2853.399
fallback,vector,i32,4096,ordered,lessVoid,5,0,351,2855.416
fallback,vector,i32,4096,ordered,lessVoid,5,1,338,2966.373
fallback,vector,i32,4096,ordered,lessVoid,4,1,499,2006.176
fallback,vector,i32,4096,ordered,lessVoid,3,1,325,3086.418
fallback,vector,i32,4096,ordered,lessVoid,5,2,306,3272.183
fallback,vector,i32,4096,ordered,lessVoid,3,2,307,3259.658
fallback,vector,i32,4096,ordered,lessVoid,4,2,458,2185.367
fallback,vector,i32,4096,ordered,lessVoid,3,3,312,3210.734
fallback,vector,i32,4096,ordered,lessVoid,4,3,455,2201.479
fallback,vector,i32,4096,ordered,lessVoid,5,3,337,2971.807
fallback,vector,i32,4096,ordered,lessVoid,5,4,353,2836.567
fallback,vector,i32,4096,ordered,lessVoid,4,4,512,1944.764
fallback,vector,i32,4096,ordered,lessVoid,3,4,318,3146.494
fallback,vector,i32,4096,ordered,lessVoid,3,5,325,3077.591
fallback,vector,i32,4096,ordered,lessVoid,4,5,510,1962.184
fallback,vector,i32,4096,ordered,lessVoid,5,5,343,2923.580
fallback,vector,i32,4096,ordered,lessVoid,3,6,334,2996.401
fallback,vector,i32,4096,ordered,lessVoid,5,6,347,2882.441
fallback,vector,i32,4096,ordered,lessVoid,4,6,500,2000.996
fallback,vector,i32,4096,ordered,lessTyped,4,0,497,2014.247
fallback,vector,i32,4096,ordered,lessTyped,5,0,340,2942.050
fallback,vector,i32,4096,ordered,lessTyped,3,0,339,2951.298
fallback,vector,i32,4096,ordered,lessTyped,5,1,337,2968.214
fallback,vector,i32,4096,ordered,lessTyped,3,1,306,3271.912
fallback,vector,i32,4096,ordered,lessTyped,4,1,420,2382.621
fallback,vector,i32,4096,ordered,lessTyped,3,2,294,3411.296
fallback,vector,i32,4096,ordered,lessTyped,4,2,456,2194.636
fallback,vector,i32,4096,ordered,lessTyped,5,2,351,2856.479
fallback,vector,i32,4096,ordered,lessTyped,3,3,330,3035.491
fallback,vector,i32,4096,ordered,lessTyped,5,3,312,3209.679
fallback,vector,i32,4096,ordered,lessTyped,4,3,429,2334.037
fallback,vector,i32,4096,ordered,lessTyped,3,4,358,2799.570
fallback,vector,i32,4096,ordered,lessTyped,5,4,329,3042.678
fallback,vector,i32,4096,ordered,lessTyped,4,4,493,2031.454
fallback,vector,i32,4096,ordered,lessTyped,3,5,357,2807.661
fallback,vector,i32,4096,ordered,lessTyped,5,5,348,2875.213
fallback,vector,i32,4096,ordered,lessTyped,4,5,512,1879.641
fallback,vector,i32,4096,ordered,lessTyped,3,6,356,2813.183
fallback,vector,i32,4096,ordered,lessTyped,5,6,358,2794.916
fallback,vector,i32,4096,ordered,lessTyped,4,6,512,1869.768
fallback,vector,i32,4096,ordered,greaterTyped,4,0,336,2984.140
fallback,vector,i32,4096,ordered,greaterTyped,5,0,237,4224.523
fallback,vector,i32,4096,ordered,greaterTyped,3,0,258,3883.547
fallback,vector,i32,4096,ordered,greaterTyped,5,1,260,3850.154
fallback,vector,i32,4096,ordered,greaterTyped,3,1,237,4221.688
fallback,vector,i32,4096,ordered,greaterTyped,4,1,323,3102.678
fallback,vector,i32,4096,ordered,greaterTyped,5,2,233,4297.918
fallback,vector,i32,4096,ordered,greaterTyped,4,2,325,3082.975
fallback,vector,i32,4096,ordered,greaterTyped,3,2,231,4337.485
fallback,vector,i32,4096,ordered,greaterTyped,5,3,241,4154.896
fallback,vector,i32,4096,ordered,greaterTyped,3,3,279,3585.548
fallback,vector,i32,4096,ordered,greaterTyped,4,3,364,2753.448
fallback,vector,i32,4096,ordered,greaterTyped,3,4,267,3756.727
fallback,vector,i32,4096,ordered,greaterTyped,5,4,260,3851.292
fallback,vector,i32,4096,ordered,greaterTyped,4,4,355,2822.172
fallback,vector,i32,4096,ordered,greaterTyped,5,5,265,3785.830
fallback,vector,i32,4096,ordered,greaterTyped,4,5,354,2828.850
fallback,vector,i32,4096,ordered,greaterTyped,3,5,261,3845.149
fallback,vector,i32,4096,ordered,greaterTyped,5,6,246,4070.589
fallback,vector,i32,4096,ordered,greaterTyped,3,6,238,4202.748
fallback,vector,i32,4096,ordered,greaterTyped,4,6,310,3234.823
fallback,vector,i32,4096,reverse,lessVoid,4,0,319,3135.596
fallback,vector,i32,4096,reverse,lessVoid,5,0,229,4381.581
fallback,vector,i32,4096,reverse,lessVoid,3,0,244,4107.758
fallback,vector,i32,4096,reverse,lessVoid,4,1,330,3034.503
fallback,vector,i32,4096,reverse,lessVoid,3,1,245,4095.592
fallback,vector,i32,4096,reverse,lessVoid,5,1,250,4012.864
fallback,vector,i32,4096,reverse,lessVoid,5,2,277,3614.928
fallback,vector,i32,4096,reverse,lessVoid,4,2,340,2941.406
fallback,vector,i32,4096,reverse,lessVoid,3,2,264,3797.527
fallback,vector,i32,4096,reverse,lessVoid,5,3,259,3874.201
fallback,vector,i32,4096,reverse,lessVoid,4,3,341,2935.604
fallback,vector,i32,4096,reverse,lessVoid,3,3,256,3913.082
fallback,vector,i32,4096,reverse,lessVoid,5,4,261,3845.644
fallback,vector,i32,4096,reverse,lessVoid,4,4,346,2893.962
fallback,vector,i32,4096,reverse,lessVoid,3,4,243,4131.169
fallback,vector,i32,4096,reverse,lessVoid,4,5,332,3020.587
fallback,vector,i32,4096,reverse,lessVoid,5,5,246,4075.187
fallback,vector,i32,4096,reverse,lessVoid,3,5,241,4161.660
fallback,vector,i32,4096,reverse,lessVoid,3,6,245,4088.135
fallback,vector,i32,4096,reverse,lessVoid,4,6,333,3010.628
fallback,vector,i32,4096,reverse,lessVoid,5,6,246,4080.447
fallback,vector,i32,4096,reverse,lessTyped,3,0,246,4074.850
fallback,vector,i32,4096,reverse,lessTyped,4,0,333,3009.787
fallback,vector,i32,4096,reverse,lessTyped,5,0,245,4087.767
fallback,vector,i32,4096,reverse,lessTyped,4,1,331,3029.843
fallback,vector,i32,4096,reverse,lessTyped,3,1,241,4150.402
fallback,vector,i32,4096,reverse,lessTyped,5,1,244,4109.123
fallback,vector,i32,4096,reverse,lessTyped,4,2,325,3085.255
fallback,vector,i32,4096,reverse,lessTyped,5,2,244,4105.180
fallback,vector,i32,4096,reverse,lessTyped,3,2,264,3800.530
fallback,vector,i32,4096,reverse,lessTyped,5,3,256,3917.652
fallback,vector,i32,4096,reverse,lessTyped,4,3,339,2955.655
fallback,vector,i32,4096,reverse,lessTyped,3,3,246,4079.776
fallback,vector,i32,4096,reverse,lessTyped,4,4,329,3039.903
fallback,vector,i32,4096,reverse,lessTyped,5,4,244,4108.971
fallback,vector,i32,4096,reverse,lessTyped,3,4,246,4066.890
fallback,vector,i32,4096,reverse,lessTyped,3,5,248,4047.577
fallback,vector,i32,4096,reverse,lessTyped,5,5,248,4042.685
fallback,vector,i32,4096,reverse,lessTyped,4,5,334,3000.278
fallback,vector,i32,4096,reverse,lessTyped,3,6,257,3893.000
fallback,vector,i32,4096,reverse,lessTyped,4,6,328,3054.869
fallback,vector,i32,4096,reverse,lessTyped,5,6,244,4107.959
fallback,vector,i32,4096,reverse,greaterTyped,3,0,469,2133.797
fallback,vector,i32,4096,reverse,greaterTyped,5,0,466,2146.071
fallback,vector,i32,4096,reverse,greaterTyped,4,0,459,2178.743
fallback,vector,i32,4096,reverse,greaterTyped,5,1,465,2154.297
fallback,vector,i32,4096,reverse,greaterTyped,4,1,466,2149.232
fallback,vector,i32,4096,reverse,greaterTyped,3,1,463,2161.177
fallback,vector,i32,4096,reverse,greaterTyped,3,2,467,2143.837
fallback,vector,i32,4096,reverse,greaterTyped,4,2,467,2145.165
fallback,vector,i32,4096,reverse,greaterTyped,5,2,502,1993.271
fallback,vector,i32,4096,reverse,greaterTyped,4,3,477,2098.964
fallback,vector,i32,4096,reverse,greaterTyped,3,3,485,2062.293
fallback,vector,i32,4096,reverse,greaterTyped,5,3,485,2064.872
fallback,vector,i32,4096,reverse,greaterTyped,4,4,466,2150.043
fallback,vector,i32,4096,reverse,greaterTyped,5,4,468,2140.938
fallback,vector,i32,4096,reverse,greaterTyped,3,4,467,2143.782
fallback,vector,i32,4096,reverse,greaterTyped,4,5,467,2142.914
fallback,vector,i32,4096,reverse,greaterTyped,5,5,429,2331.972
fallback,vector,i32,4096,reverse,greaterTyped,3,5,474,2109.715
fallback,vector,i32,4096,reverse,greaterTyped,3,6,468,2140.280
fallback,vector,i32,4096,reverse,greaterTyped,4,6,455,2198.237
fallback,vector,i32,4096,reverse,greaterTyped,5,6,492,2035.567
fallback,vector,i32,4096,nearly,lessVoid,4,0,84,11909.238
fallback,vector,i32,4096,nearly,lessVoid,3,0,79,12801.696
fallback,vector,i32,4096,nearly,lessVoid,5,0,79,12687.747
fallback,vector,i32,4096,nearly,lessVoid,3,1,79,12738.886
fallback,vector,i32,4096,nearly,lessVoid,5,1,78,12940.679
fallback,vector,i32,4096,nearly,lessVoid,4,1,85,11874.482
fallback,vector,i32,4096,nearly,lessVoid,3,2,79,12768.456
fallback,vector,i32,4096,nearly,lessVoid,4,2,81,12450.568
fallback,vector,i32,4096,nearly,lessVoid,5,2,77,13094.117
fallback,vector,i32,4096,nearly,lessVoid,4,3,86,11713.221
fallback,vector,i32,4096,nearly,lessVoid,5,3,82,12348.061
fallback,vector,i32,4096,nearly,lessVoid,3,3,86,11636.151
fallback,vector,i32,4096,nearly,lessVoid,5,4,78,12942.333
fallback,vector,i32,4096,nearly,lessVoid,3,4,81,12359.099
fallback,vector,i32,4096,nearly,lessVoid,4,4,85,11864.200
fallback,vector,i32,4096,nearly,lessVoid,4,5,84,11959.357
fallback,vector,i32,4096,nearly,lessVoid,3,5,79,12665.051
fallback,vector,i32,4096,nearly,lessVoid,5,5,80,12637.500
fallback,vector,i32,4096,nearly,lessVoid,3,6,80,12653.100
fallback,vector,i32,4096,nearly,lessVoid,4,6,86,11737.895
fallback,vector,i32,4096,nearly,lessVoid,5,6,78,12859.538
fallback,vector,i32,4096,nearly,lessTyped,5,0,80,12652.062
fallback,vector,i32,4096,nearly,lessTyped,4,0,85,11847.024
fallback,vector,i32,4096,nearly,lessTyped,3,0,79,12760.506
fallback,vector,i32,4096,nearly,lessTyped,3,1,78,12866.449
fallback,vector,i32,4096,nearly,lessTyped,5,1,79,12669.291
fallback,vector,i32,4096,nearly,lessTyped,4,1,85,11780.835
fallback,vector,i32,4096,nearly,lessTyped,3,2,79,12680.367
fallback,vector,i32,4096,nearly,lessTyped,4,2,82,12261.171
fallback,vector,i32,4096,nearly,lessTyped,5,2,79,12794.810
fallback,vector,i32,4096,nearly,lessTyped,5,3,80,12585.925
fallback,vector,i32,4096,nearly,lessTyped,4,3,84,11985.619
fallback,vector,i32,4096,nearly,lessTyped,3,3,79,12804.810
fallback,vector,i32,4096,nearly,lessTyped,4,4,85,11811.812
fallback,vector,i32,4096,nearly,lessTyped,3,4,80,12578.125
fallback,vector,i32,4096,nearly,lessTyped,5,4,80,12679.175
fallback,vector,i32,4096,nearly,lessTyped,5,5,82,12304.988
fallback,vector,i32,4096,nearly,lessTyped,3,5,91,10992.670
fallback,vector,i32,4096,nearly,lessTyped,4,5,83,12155.084
fallback,vector,i32,4096,nearly,lessTyped,4,6,85,12008.753
fallback,vector,i32,4096,nearly,lessTyped,3,6,77,13004.286
fallback,vector,i32,4096,nearly,lessTyped,5,6,77,13136.390
fallback,vector,i32,4096,nearly,greaterTyped,5,0,46,21936.565
fallback,vector,i32,4096,nearly,greaterTyped,3,0,46,21757.239
fallback,vector,i32,4096,nearly,greaterTyped,4,0,54,18657.444
fallback,vector,i32,4096,nearly,greaterTyped,5,1,45,22223.200
fallback,vector,i32,4096,nearly,greaterTyped,4,1,53,19132.849
fallback,vector,i32,4096,nearly,greaterTyped,3,1,46,22140.457
fallback,vector,i32,4096,nearly,greaterTyped,5,2,45,22256.578
fallback,vector,i32,4096,nearly,greaterTyped,4,2,48,21155.438
fallback,vector,i32,4096,nearly,greaterTyped,3,2,46,22007.174
fallback,vector,i32,4096,nearly,greaterTyped,5,3,46,22011.739
fallback,vector,i32,4096,nearly,greaterTyped,3,3,46,22187.565
fallback,vector,i32,4096,nearly,greaterTyped,4,3,52,19322.077
fallback,vector,i32,4096,nearly,greaterTyped,3,4,45,22384.289
fallback,vector,i32,4096,nearly,greaterTyped,5,4,45,22364.778
fallback,vector,i32,4096,nearly,greaterTyped,4,4,52,19577.731
fallback,vector,i32,4096,nearly,greaterTyped,4,5,52,19387.019
fallback,vector,i32,4096,nearly,greaterTyped,5,5,46,21957.457
fallback,vector,i32,4096,nearly,greaterTyped,3,5,45,22562.044
fallback,vector,i32,4096,nearly,greaterTyped,5,6,44,23111.705
fallback,vector,i32,4096,nearly,greaterTyped,4,6,54,18780.056
fallback,vector,i32,4096,nearly,greaterTyped,3,6,45,22295.400
fallback,vector,i32,1000000,full,lessVoid,5,0,1,38958208.000
fallback,vector,i32,1000000,full,lessVoid,3,0,1,39019792.000
fallback,vector,i32,1000000,full,lessVoid,4,0,1,39825708.000
fallback,vector,i32,1000000,full,lessVoid,4,1,1,39737584.000
fallback,vector,i32,1000000,full,lessVoid,5,1,1,39007708.000
fallback,vector,i32,1000000,full,lessVoid,3,1,1,39209583.000
fallback,vector,i32,1000000,full,lessVoid,3,2,1,39678958.000
fallback,vector,i32,1000000,full,lessVoid,4,2,1,39968959.000
fallback,vector,i32,1000000,full,lessVoid,5,2,1,39270458.000
fallback,vector,i32,1000000,full,lessVoid,5,3,1,39249000.000
fallback,vector,i32,1000000,full,lessVoid,4,3,1,40017709.000
fallback,vector,i32,1000000,full,lessVoid,3,3,1,39100334.000
fallback,vector,i32,1000000,full,lessVoid,4,4,1,39819958.000
fallback,vector,i32,1000000,full,lessVoid,3,4,1,39832167.000
fallback,vector,i32,1000000,full,lessVoid,5,4,1,42452875.000
fallback,vector,i32,1000000,full,lessVoid,4,5,1,40896375.000
fallback,vector,i32,1000000,full,lessVoid,3,5,1,39675416.000
fallback,vector,i32,1000000,full,lessVoid,5,5,1,40594125.000
fallback,vector,i32,1000000,full,lessVoid,4,6,1,40919791.000
fallback,vector,i32,1000000,full,lessVoid,3,6,1,40145125.000
fallback,vector,i32,1000000,full,lessVoid,5,6,1,40962292.000
fallback,vector,i32,1000000,full,lessTyped,5,0,1,39703417.000
fallback,vector,i32,1000000,full,lessTyped,3,0,1,39046292.000
fallback,vector,i32,1000000,full,lessTyped,4,0,1,39910292.000
fallback,vector,i32,1000000,full,lessTyped,5,1,1,38988417.000
fallback,vector,i32,1000000,full,lessTyped,3,1,1,39020708.000
fallback,vector,i32,1000000,full,lessTyped,4,1,1,39897333.000
fallback,vector,i32,1000000,full,lessTyped,3,2,1,39197167.000
fallback,vector,i32,1000000,full,lessTyped,4,2,1,39956500.000
fallback,vector,i32,1000000,full,lessTyped,5,2,1,39197500.000
fallback,vector,i32,1000000,full,lessTyped,4,3,1,39896542.000
fallback,vector,i32,1000000,full,lessTyped,5,3,1,39046917.000
fallback,vector,i32,1000000,full,lessTyped,3,3,1,39084041.000
fallback,vector,i32,1000000,full,lessTyped,4,4,1,39795417.000
fallback,vector,i32,1000000,full,lessTyped,3,4,1,39123042.000
fallback,vector,i32,1000000,full,lessTyped,5,4,1,39037291.000
fallback,vector,i32,1000000,full,lessTyped,4,5,1,39811209.000
fallback,vector,i32,1000000,full,lessTyped,3,5,1,39024583.000
fallback,vector,i32,1000000,full,lessTyped,5,5,1,39009917.000
fallback,vector,i32,1000000,full,lessTyped,3,6,1,39528209.000
fallback,vector,i32,1000000,full,lessTyped,5,6,1,43114417.000
fallback,vector,i32,1000000,full,lessTyped,4,6,1,40219709.000
fallback,vector,i32,1000000,full,greaterTyped,3,0,1,13855000.000
fallback,vector,i32,1000000,full,greaterTyped,5,0,1,14056667.000
fallback,vector,i32,1000000,full,greaterTyped,4,0,1,39902042.000
fallback,vector,i32,1000000,full,greaterTyped,5,1,1,14049416.000
fallback,vector,i32,1000000,full,greaterTyped,4,1,1,39703625.000
fallback,vector,i32,1000000,full,greaterTyped,3,1,1,13533292.000
fallback,vector,i32,1000000,full,greaterTyped,3,2,1,13682083.000
fallback,vector,i32,1000000,full,greaterTyped,5,2,1,13777584.000
fallback,vector,i32,1000000,full,greaterTyped,4,2,1,39658250.000
fallback,vector,i32,1000000,full,greaterTyped,3,3,1,13465750.000
fallback,vector,i32,1000000,full,greaterTyped,5,3,1,13813708.000
fallback,vector,i32,1000000,full,greaterTyped,4,3,1,39623666.000
fallback,vector,i32,1000000,full,greaterTyped,3,4,1,13530917.000
fallback,vector,i32,1000000,full,greaterTyped,5,4,1,13517583.000
fallback,vector,i32,1000000,full,greaterTyped,4,4,1,39865750.000
fallback,vector,i32,1000000,full,greaterTyped,4,5,1,39667083.000
fallback,vector,i32,1000000,full,greaterTyped,3,5,1,13921959.000
fallback,vector,i32,1000000,full,greaterTyped,5,5,1,13896875.000
fallback,vector,i32,1000000,full,greaterTyped,4,6,1,40221792.000
fallback,vector,i32,1000000,full,greaterTyped,5,6,1,14045583.000
fallback,vector,i32,1000000,full,greaterTyped,3,6,1,14263208.000
pipeline,vector,i32,1000000,full,lessVoid,6,0,1,3771625.000
pipeline,vector,i32,1000000,full,lessVoid,2,0,1,3742250.000
pipeline,vector,i32,1000000,full,lessVoid,1,0,1,3739959.000
pipeline,vector,i32,1000000,full,lessVoid,0,0,1,3695583.000
pipeline,vector,i32,1000000,full,lessVoid,1,1,1,3746917.000
pipeline,vector,i32,1000000,full,lessVoid,2,1,1,3774917.000
pipeline,vector,i32,1000000,full,lessVoid,0,1,1,3738500.000
pipeline,vector,i32,1000000,full,lessVoid,6,1,1,3777334.000
pipeline,vector,i32,1000000,full,lessVoid,6,2,1,3763334.000
pipeline,vector,i32,1000000,full,lessVoid,2,2,1,3783375.000
pipeline,vector,i32,1000000,full,lessVoid,0,2,1,3810917.000
pipeline,vector,i32,1000000,full,lessVoid,1,2,1,3760458.000
pipeline,vector,i32,1000000,full,lessVoid,6,3,1,3802041.000
pipeline,vector,i32,1000000,full,lessVoid,0,3,1,3690417.000
pipeline,vector,i32,1000000,full,lessVoid,2,3,1,3793292.000
pipeline,vector,i32,1000000,full,lessVoid,1,3,1,3791875.000
pipeline,vector,i32,1000000,full,lessVoid,1,4,1,3777250.000
pipeline,vector,i32,1000000,full,lessVoid,2,4,1,3769125.000
pipeline,vector,i32,1000000,full,lessVoid,6,4,1,3738875.000
pipeline,vector,i32,1000000,full,lessVoid,0,4,1,3748167.000
pipeline,vector,i32,1000000,full,lessVoid,2,5,1,3805125.000
pipeline,vector,i32,1000000,full,lessVoid,0,5,1,3821834.000
pipeline,vector,i32,1000000,full,lessVoid,1,5,1,3757500.000
pipeline,vector,i32,1000000,full,lessVoid,6,5,1,3782416.000
pipeline,vector,i32,1000000,full,lessVoid,2,6,1,3804167.000
pipeline,vector,i32,1000000,full,lessVoid,0,6,1,3738750.000
pipeline,vector,i32,1000000,full,lessVoid,1,6,1,3754666.000
pipeline,vector,i32,1000000,full,lessVoid,6,6,1,3745833.000
pipeline,vector,i32,1000000,full,greaterTyped,1,0,1,3654833.000
pipeline,vector,i32,1000000,full,greaterTyped,6,0,1,3611666.000
pipeline,vector,i32,1000000,full,greaterTyped,0,0,1,3609666.000
pipeline,vector,i32,1000000,full,greaterTyped,2,0,1,3667916.000
pipeline,vector,i32,1000000,full,greaterTyped,0,1,1,3662250.000
pipeline,vector,i32,1000000,full,greaterTyped,2,1,1,3667125.000
pipeline,vector,i32,1000000,full,greaterTyped,6,1,1,3702125.000
pipeline,vector,i32,1000000,full,greaterTyped,1,1,1,3690334.000
pipeline,vector,i32,1000000,full,greaterTyped,6,2,1,3814125.000
pipeline,vector,i32,1000000,full,greaterTyped,0,2,1,3664208.000
pipeline,vector,i32,1000000,full,greaterTyped,2,2,1,3759875.000
pipeline,vector,i32,1000000,full,greaterTyped,1,2,1,3798542.000
pipeline,vector,i32,1000000,full,greaterTyped,1,3,1,3764958.000
pipeline,vector,i32,1000000,full,greaterTyped,6,3,1,3762792.000
pipeline,vector,i32,1000000,full,greaterTyped,0,3,1,3761458.000
pipeline,vector,i32,1000000,full,greaterTyped,2,3,1,3759167.000
pipeline,vector,i32,1000000,full,greaterTyped,0,4,1,3753083.000
pipeline,vector,i32,1000000,full,greaterTyped,1,4,1,3801875.000
pipeline,vector,i32,1000000,full,greaterTyped,6,4,1,3772625.000
pipeline,vector,i32,1000000,full,greaterTyped,2,4,1,3794708.000
pipeline,vector,i32,1000000,full,greaterTyped,6,5,1,3790208.000
pipeline,vector,i32,1000000,full,greaterTyped,2,5,1,3768250.000
pipeline,vector,i32,1000000,full,greaterTyped,0,5,1,3729000.000
pipeline,vector,i32,1000000,full,greaterTyped,1,5,1,3753709.000
pipeline,vector,i32,1000000,full,greaterTyped,1,6,1,3760667.000
pipeline,vector,i32,1000000,full,greaterTyped,0,6,1,3757417.000
pipeline,vector,i32,1000000,full,greaterTyped,6,6,1,3779959.000
pipeline,vector,i32,1000000,full,greaterTyped,2,6,1,3744167.000
fallback,vector,i32,1000000,bits22,lessVoid,5,0,1,41980833.000
fallback,vector,i32,1000000,bits22,lessVoid,4,0,1,39747583.000
fallback,vector,i32,1000000,bits22,lessVoid,3,0,1,39337750.000
fallback,vector,i32,1000000,bits22,lessVoid,4,1,1,40025208.000
fallback,vector,i32,1000000,bits22,lessVoid,5,1,1,39045542.000
fallback,vector,i32,1000000,bits22,lessVoid,3,1,1,38905583.000
fallback,vector,i32,1000000,bits22,lessVoid,5,2,1,39784542.000
fallback,vector,i32,1000000,bits22,lessVoid,4,2,1,40312292.000
fallback,vector,i32,1000000,bits22,lessVoid,3,2,1,39064791.000
fallback,vector,i32,1000000,bits22,lessVoid,3,3,1,39776625.000
fallback,vector,i32,1000000,bits22,lessVoid,5,3,1,40434500.000
fallback,vector,i32,1000000,bits22,lessVoid,4,3,1,40371542.000
fallback,vector,i32,1000000,bits22,lessVoid,5,4,1,39108834.000
fallback,vector,i32,1000000,bits22,lessVoid,3,4,1,39024125.000
fallback,vector,i32,1000000,bits22,lessVoid,4,4,1,39978708.000
fallback,vector,i32,1000000,bits22,lessVoid,3,5,1,39661792.000
fallback,vector,i32,1000000,bits22,lessVoid,5,5,1,39316708.000
fallback,vector,i32,1000000,bits22,lessVoid,4,5,1,41308208.000
fallback,vector,i32,1000000,bits22,lessVoid,3,6,1,40033583.000
fallback,vector,i32,1000000,bits22,lessVoid,5,6,1,39221625.000
fallback,vector,i32,1000000,bits22,lessVoid,4,6,1,40376625.000
fallback,vector,i32,1000000,bits22,lessTyped,3,0,1,39528375.000
fallback,vector,i32,1000000,bits22,lessTyped,5,0,1,39104916.000
fallback,vector,i32,1000000,bits22,lessTyped,4,0,1,40189625.000
fallback,vector,i32,1000000,bits22,lessTyped,4,1,1,41055416.000
fallback,vector,i32,1000000,bits22,lessTyped,3,1,1,39193875.000
fallback,vector,i32,1000000,bits22,lessTyped,5,1,1,39148125.000
fallback,vector,i32,1000000,bits22,lessTyped,4,2,1,40676542.000
fallback,vector,i32,1000000,bits22,lessTyped,5,2,1,39664625.000
fallback,vector,i32,1000000,bits22,lessTyped,3,2,1,39268333.000
fallback,vector,i32,1000000,bits22,lessTyped,3,3,1,39733958.000
fallback,vector,i32,1000000,bits22,lessTyped,4,3,1,41035875.000
fallback,vector,i32,1000000,bits22,lessTyped,5,3,1,39284209.000
fallback,vector,i32,1000000,bits22,lessTyped,4,4,1,39876292.000
fallback,vector,i32,1000000,bits22,lessTyped,3,4,1,39093417.000
fallback,vector,i32,1000000,bits22,lessTyped,5,4,1,39064500.000
fallback,vector,i32,1000000,bits22,lessTyped,3,5,1,39358250.000
fallback,vector,i32,1000000,bits22,lessTyped,5,5,1,38964375.000
fallback,vector,i32,1000000,bits22,lessTyped,4,5,1,39921334.000
fallback,vector,i32,1000000,bits22,lessTyped,4,6,1,40319833.000
fallback,vector,i32,1000000,bits22,lessTyped,3,6,1,39252917.000
fallback,vector,i32,1000000,bits22,lessTyped,5,6,1,39178917.000
fallback,vector,i32,1000000,bits22,greaterTyped,5,0,1,14000792.000
fallback,vector,i32,1000000,bits22,greaterTyped,4,0,1,39699292.000
fallback,vector,i32,1000000,bits22,greaterTyped,3,0,1,14107250.000
fallback,vector,i32,1000000,bits22,greaterTyped,3,1,1,13847584.000
fallback,vector,i32,1000000,bits22,greaterTyped,4,1,1,40361583.000
fallback,vector,i32,1000000,bits22,greaterTyped,5,1,1,13768834.000
fallback,vector,i32,1000000,bits22,greaterTyped,3,2,1,13776791.000
fallback,vector,i32,1000000,bits22,greaterTyped,5,2,1,13653459.000
fallback,vector,i32,1000000,bits22,greaterTyped,4,2,1,39945125.000
fallback,vector,i32,1000000,bits22,greaterTyped,3,3,1,13952083.000
fallback,vector,i32,1000000,bits22,greaterTyped,4,3,1,40256875.000
fallback,vector,i32,1000000,bits22,greaterTyped,5,3,1,13807625.000
fallback,vector,i32,1000000,bits22,greaterTyped,5,4,1,14063708.000
fallback,vector,i32,1000000,bits22,greaterTyped,4,4,1,39936084.000
fallback,vector,i32,1000000,bits22,greaterTyped,3,4,1,13692875.000
fallback,vector,i32,1000000,bits22,greaterTyped,3,5,1,13952417.000
fallback,vector,i32,1000000,bits22,greaterTyped,4,5,1,39610166.000
fallback,vector,i32,1000000,bits22,greaterTyped,5,5,1,14044916.000
fallback,vector,i32,1000000,bits22,greaterTyped,3,6,1,14093083.000
fallback,vector,i32,1000000,bits22,greaterTyped,4,6,1,39681959.000
fallback,vector,i32,1000000,bits22,greaterTyped,5,6,1,13474750.000
pipeline,vector,i32,1000000,bits22,lessVoid,2,0,1,3010542.000
pipeline,vector,i32,1000000,bits22,lessVoid,0,0,1,2899833.000
pipeline,vector,i32,1000000,bits22,lessVoid,1,0,1,3000250.000
pipeline,vector,i32,1000000,bits22,lessVoid,6,0,1,2946792.000
pipeline,vector,i32,1000000,bits22,lessVoid,1,1,1,2991375.000
pipeline,vector,i32,1000000,bits22,lessVoid,2,1,1,2986208.000
pipeline,vector,i32,1000000,bits22,lessVoid,0,1,1,2979500.000
pipeline,vector,i32,1000000,bits22,lessVoid,6,1,1,2969833.000
pipeline,vector,i32,1000000,bits22,lessVoid,2,2,1,2972459.000
pipeline,vector,i32,1000000,bits22,lessVoid,0,2,1,3006459.000
pipeline,vector,i32,1000000,bits22,lessVoid,1,2,1,2995375.000
pipeline,vector,i32,1000000,bits22,lessVoid,6,2,1,2993708.000
pipeline,vector,i32,1000000,bits22,lessVoid,2,3,1,3028666.000
pipeline,vector,i32,1000000,bits22,lessVoid,1,3,1,2989708.000
pipeline,vector,i32,1000000,bits22,lessVoid,0,3,1,3030000.000
pipeline,vector,i32,1000000,bits22,lessVoid,6,3,1,2972334.000
pipeline,vector,i32,1000000,bits22,lessVoid,2,4,1,2997917.000
pipeline,vector,i32,1000000,bits22,lessVoid,0,4,1,3007583.000
pipeline,vector,i32,1000000,bits22,lessVoid,6,4,1,3040292.000
pipeline,vector,i32,1000000,bits22,lessVoid,1,4,1,2955042.000
pipeline,vector,i32,1000000,bits22,lessVoid,0,5,1,3001166.000
pipeline,vector,i32,1000000,bits22,lessVoid,1,5,1,3007875.000
pipeline,vector,i32,1000000,bits22,lessVoid,2,5,1,3019833.000
pipeline,vector,i32,1000000,bits22,lessVoid,6,5,1,2951500.000
pipeline,vector,i32,1000000,bits22,lessVoid,0,6,1,2967750.000
pipeline,vector,i32,1000000,bits22,lessVoid,1,6,1,2994542.000
pipeline,vector,i32,1000000,bits22,lessVoid,2,6,1,3014917.000
pipeline,vector,i32,1000000,bits22,lessVoid,6,6,1,2960416.000
pipeline,vector,i32,1000000,bits22,greaterTyped,6,0,1,3074500.000
pipeline,vector,i32,1000000,bits22,greaterTyped,2,0,1,3017708.000
pipeline,vector,i32,1000000,bits22,greaterTyped,0,0,1,2867041.000
pipeline,vector,i32,1000000,bits22,greaterTyped,1,0,1,2972458.000
pipeline,vector,i32,1000000,bits22,greaterTyped,1,1,1,2940750.000
pipeline,vector,i32,1000000,bits22,greaterTyped,6,1,1,2879708.000
pipeline,vector,i32,1000000,bits22,greaterTyped,0,1,1,2917125.000
pipeline,vector,i32,1000000,bits22,greaterTyped,2,1,1,2943667.000
pipeline,vector,i32,1000000,bits22,greaterTyped,0,2,1,2936500.000
pipeline,vector,i32,1000000,bits22,greaterTyped,6,2,1,3081416.000
pipeline,vector,i32,1000000,bits22,greaterTyped,2,2,1,2957250.000
pipeline,vector,i32,1000000,bits22,greaterTyped,1,2,1,2978791.000
pipeline,vector,i32,1000000,bits22,greaterTyped,6,3,1,2956208.000
pipeline,vector,i32,1000000,bits22,greaterTyped,0,3,1,2923667.000
pipeline,vector,i32,1000000,bits22,greaterTyped,2,3,1,3005917.000
pipeline,vector,i32,1000000,bits22,greaterTyped,1,3,1,2958375.000
pipeline,vector,i32,1000000,bits22,greaterTyped,6,4,1,2880416.000
pipeline,vector,i32,1000000,bits22,greaterTyped,0,4,1,3005500.000
pipeline,vector,i32,1000000,bits22,greaterTyped,1,4,1,2874709.000
pipeline,vector,i32,1000000,bits22,greaterTyped,2,4,1,3085833.000
pipeline,vector,i32,1000000,bits22,greaterTyped,1,5,1,3020500.000
pipeline,vector,i32,1000000,bits22,greaterTyped,2,5,1,2888208.000
pipeline,vector,i32,1000000,bits22,greaterTyped,6,5,1,2957833.000
pipeline,vector,i32,1000000,bits22,greaterTyped,0,5,1,2967542.000
pipeline,vector,i32,1000000,bits22,greaterTyped,6,6,1,2973292.000
pipeline,vector,i32,1000000,bits22,greaterTyped,1,6,1,2975042.000
pipeline,vector,i32,1000000,bits22,greaterTyped,0,6,1,2980916.000
pipeline,vector,i32,1000000,bits22,greaterTyped,2,6,1,2940125.000
fallback,vector,i32,1000000,gaps,lessVoid,4,0,1,17129875.000
fallback,vector,i32,1000000,gaps,lessVoid,5,0,1,16808125.000
fallback,vector,i32,1000000,gaps,lessVoid,3,0,1,17012792.000
fallback,vector,i32,1000000,gaps,lessVoid,3,1,1,17089833.000
fallback,vector,i32,1000000,gaps,lessVoid,5,1,1,17051917.000
fallback,vector,i32,1000000,gaps,lessVoid,4,1,1,17328917.000
fallback,vector,i32,1000000,gaps,lessVoid,3,2,1,16956667.000
fallback,vector,i32,1000000,gaps,lessVoid,5,2,1,16993000.000
fallback,vector,i32,1000000,gaps,lessVoid,4,2,1,17120167.000
fallback,vector,i32,1000000,gaps,lessVoid,4,3,1,17081459.000
fallback,vector,i32,1000000,gaps,lessVoid,5,3,1,16986667.000
fallback,vector,i32,1000000,gaps,lessVoid,3,3,1,17269375.000
fallback,vector,i32,1000000,gaps,lessVoid,4,4,1,17325209.000
fallback,vector,i32,1000000,gaps,lessVoid,5,4,1,17175459.000
fallback,vector,i32,1000000,gaps,lessVoid,3,4,1,17128542.000
fallback,vector,i32,1000000,gaps,lessVoid,3,5,1,17294834.000
fallback,vector,i32,1000000,gaps,lessVoid,5,5,1,17294875.000
fallback,vector,i32,1000000,gaps,lessVoid,4,5,1,17491042.000
fallback,vector,i32,1000000,gaps,lessVoid,5,6,1,17342625.000
fallback,vector,i32,1000000,gaps,lessVoid,3,6,1,17384833.000
fallback,vector,i32,1000000,gaps,lessVoid,4,6,1,17265209.000
fallback,vector,i32,1000000,gaps,lessTyped,4,0,1,17567250.000
fallback,vector,i32,1000000,gaps,lessTyped,3,0,1,17013208.000
fallback,vector,i32,1000000,gaps,lessTyped,5,0,1,17339042.000
fallback,vector,i32,1000000,gaps,lessTyped,4,1,1,17439875.000
fallback,vector,i32,1000000,gaps,lessTyped,3,1,1,16999792.000
fallback,vector,i32,1000000,gaps,lessTyped,5,1,1,17588542.000
fallback,vector,i32,1000000,gaps,lessTyped,3,2,1,17555875.000
fallback,vector,i32,1000000,gaps,lessTyped,5,2,1,16983584.000
fallback,vector,i32,1000000,gaps,lessTyped,4,2,1,16932084.000
fallback,vector,i32,1000000,gaps,lessTyped,3,3,1,17023792.000
fallback,vector,i32,1000000,gaps,lessTyped,5,3,1,17160250.000
fallback,vector,i32,1000000,gaps,lessTyped,4,3,1,17107875.000
fallback,vector,i32,1000000,gaps,lessTyped,3,4,1,16839916.000
fallback,vector,i32,1000000,gaps,lessTyped,5,4,1,17126916.000
fallback,vector,i32,1000000,gaps,lessTyped,4,4,1,17114416.000
fallback,vector,i32,1000000,gaps,lessTyped,4,5,1,17078083.000
fallback,vector,i32,1000000,gaps,lessTyped,3,5,1,16888542.000
fallback,vector,i32,1000000,gaps,lessTyped,5,5,1,16975625.000
fallback,vector,i32,1000000,gaps,lessTyped,3,6,1,17098125.000
fallback,vector,i32,1000000,gaps,lessTyped,5,6,1,17008083.000
fallback,vector,i32,1000000,gaps,lessTyped,4,6,1,17090208.000
fallback,vector,i32,1000000,gaps,greaterTyped,4,0,1,16936708.000
fallback,vector,i32,1000000,gaps,greaterTyped,3,0,1,5094250.000
fallback,vector,i32,1000000,gaps,greaterTyped,5,0,1,5121542.000
fallback,vector,i32,1000000,gaps,greaterTyped,5,1,1,5116750.000
fallback,vector,i32,1000000,gaps,greaterTyped,3,1,1,5099209.000
fallback,vector,i32,1000000,gaps,greaterTyped,4,1,1,16985042.000
fallback,vector,i32,1000000,gaps,greaterTyped,5,2,1,4899708.000
fallback,vector,i32,1000000,gaps,greaterTyped,3,2,1,5012584.000
fallback,vector,i32,1000000,gaps,greaterTyped,4,2,1,16944625.000
fallback,vector,i32,1000000,gaps,greaterTyped,5,3,1,4952500.000
fallback,vector,i32,1000000,gaps,greaterTyped,3,3,1,5089917.000
fallback,vector,i32,1000000,gaps,greaterTyped,4,3,1,16911833.000
fallback,vector,i32,1000000,gaps,greaterTyped,3,4,1,5008500.000
fallback,vector,i32,1000000,gaps,greaterTyped,4,4,1,16882041.000
fallback,vector,i32,1000000,gaps,greaterTyped,5,4,1,4969583.000
fallback,vector,i32,1000000,gaps,greaterTyped,3,5,1,4940833.000
fallback,vector,i32,1000000,gaps,greaterTyped,5,5,1,5078083.000
fallback,vector,i32,1000000,gaps,greaterTyped,4,5,1,16969459.000
fallback,vector,i32,1000000,gaps,greaterTyped,3,6,1,5072000.000
fallback,vector,i32,1000000,gaps,greaterTyped,4,6,1,16919292.000
fallback,vector,i32,1000000,gaps,greaterTyped,5,6,1,4971708.000
pipeline,vector,i32,1000000,gaps,lessVoid,1,0,1,3959750.000
pipeline,vector,i32,1000000,gaps,lessVoid,2,0,1,3976500.000
pipeline,vector,i32,1000000,gaps,lessVoid,6,0,1,3906833.000
pipeline,vector,i32,1000000,gaps,lessVoid,0,0,1,3698791.000
pipeline,vector,i32,1000000,gaps,lessVoid,1,1,1,3881875.000
pipeline,vector,i32,1000000,gaps,lessVoid,0,1,1,3686334.000
pipeline,vector,i32,1000000,gaps,lessVoid,2,1,1,3882625.000
pipeline,vector,i32,1000000,gaps,lessVoid,6,1,1,3868792.000
pipeline,vector,i32,1000000,gaps,lessVoid,6,2,1,3904750.000
pipeline,vector,i32,1000000,gaps,lessVoid,0,2,1,3595084.000
pipeline,vector,i32,1000000,gaps,lessVoid,2,2,1,3929583.000
pipeline,vector,i32,1000000,gaps,lessVoid,1,2,1,3908917.000
pipeline,vector,i32,1000000,gaps,lessVoid,0,3,1,3229917.000
pipeline,vector,i32,1000000,gaps,lessVoid,2,3,1,3904375.000
pipeline,vector,i32,1000000,gaps,lessVoid,6,3,1,3935166.000
pipeline,vector,i32,1000000,gaps,lessVoid,1,3,1,3845125.000
pipeline,vector,i32,1000000,gaps,lessVoid,2,4,1,3952792.000
pipeline,vector,i32,1000000,gaps,lessVoid,6,4,1,3808375.000
pipeline,vector,i32,1000000,gaps,lessVoid,1,4,1,3834417.000
pipeline,vector,i32,1000000,gaps,lessVoid,0,4,1,3307291.000
pipeline,vector,i32,1000000,gaps,lessVoid,6,5,1,3885500.000
pipeline,vector,i32,1000000,gaps,lessVoid,1,5,1,3852375.000
pipeline,vector,i32,1000000,gaps,lessVoid,0,5,1,3632834.000
pipeline,vector,i32,1000000,gaps,lessVoid,2,5,1,3900500.000
pipeline,vector,i32,1000000,gaps,lessVoid,0,6,1,3675917.000
pipeline,vector,i32,1000000,gaps,lessVoid,2,6,1,3900958.000
pipeline,vector,i32,1000000,gaps,lessVoid,1,6,1,3975125.000
pipeline,vector,i32,1000000,gaps,lessVoid,6,6,1,3894083.000
pipeline,vector,i32,1000000,gaps,greaterTyped,6,0,1,3980125.000
pipeline,vector,i32,1000000,gaps,greaterTyped,2,0,1,4019292.000
pipeline,vector,i32,1000000,gaps,greaterTyped,0,0,1,3889083.000
pipeline,vector,i32,1000000,gaps,greaterTyped,1,0,1,3964250.000
pipeline,vector,i32,1000000,gaps,greaterTyped,0,1,1,3892209.000
pipeline,vector,i32,1000000,gaps,greaterTyped,2,1,1,3967042.000
pipeline,vector,i32,1000000,gaps,greaterTyped,6,1,1,3941167.000
pipeline,vector,i32,1000000,gaps,greaterTyped,1,1,1,3992250.000
pipeline,vector,i32,1000000,gaps,greaterTyped,1,2,1,3928833.000
pipeline,vector,i32,1000000,gaps,greaterTyped,2,2,1,3943542.000
pipeline,vector,i32,1000000,gaps,greaterTyped,6,2,1,3982125.000
pipeline,vector,i32,1000000,gaps,greaterTyped,0,2,1,3914625.000
pipeline,vector,i32,1000000,gaps,greaterTyped,2,3,1,4083875.000
pipeline,vector,i32,1000000,gaps,greaterTyped,6,3,1,4442333.000
pipeline,vector,i32,1000000,gaps,greaterTyped,0,3,1,4000166.000
pipeline,vector,i32,1000000,gaps,greaterTyped,1,3,1,3904375.000
pipeline,vector,i32,1000000,gaps,greaterTyped,2,4,1,3929708.000
pipeline,vector,i32,1000000,gaps,greaterTyped,6,4,1,3935500.000
pipeline,vector,i32,1000000,gaps,greaterTyped,0,4,1,3955792.000
pipeline,vector,i32,1000000,gaps,greaterTyped,1,4,1,3975209.000
pipeline,vector,i32,1000000,gaps,greaterTyped,2,5,1,3977291.000
pipeline,vector,i32,1000000,gaps,greaterTyped,0,5,1,3865916.000
pipeline,vector,i32,1000000,gaps,greaterTyped,1,5,1,3977375.000
pipeline,vector,i32,1000000,gaps,greaterTyped,6,5,1,3951625.000
pipeline,vector,i32,1000000,gaps,greaterTyped,1,6,1,3993500.000
pipeline,vector,i32,1000000,gaps,greaterTyped,6,6,1,3963833.000
pipeline,vector,i32,1000000,gaps,greaterTyped,2,6,1,3947167.000
pipeline,vector,i32,1000000,gaps,greaterTyped,0,6,1,3904792.000
fallback,vector,i32,1000000,ordered,lessVoid,3,0,2,706041.000
fallback,vector,i32,1000000,ordered,lessVoid,4,0,3,481930.333
fallback,vector,i32,1000000,ordered,lessVoid,5,0,2,699291.500
fallback,vector,i32,1000000,ordered,lessVoid,5,1,2,709146.500
fallback,vector,i32,1000000,ordered,lessVoid,3,1,2,699937.000
fallback,vector,i32,1000000,ordered,lessVoid,4,1,3,482680.667
fallback,vector,i32,1000000,ordered,lessVoid,5,2,2,684271.000
fallback,vector,i32,1000000,ordered,lessVoid,4,2,3,448569.333
fallback,vector,i32,1000000,ordered,lessVoid,3,2,2,672146.000
fallback,vector,i32,1000000,ordered,lessVoid,3,3,2,665333.500
fallback,vector,i32,1000000,ordered,lessVoid,4,3,2,508979.000
fallback,vector,i32,1000000,ordered,lessVoid,5,3,2,688291.500
fallback,vector,i32,1000000,ordered,lessVoid,3,4,2,683479.500
fallback,vector,i32,1000000,ordered,lessVoid,5,4,2,665083.000
fallback,vector,i32,1000000,ordered,lessVoid,4,4,3,461736.000
fallback,vector,i32,1000000,ordered,lessVoid,5,5,2,715729.000
fallback,vector,i32,1000000,ordered,lessVoid,4,5,3,463847.333
fallback,vector,i32,1000000,ordered,lessVoid,3,5,2,665187.500
fallback,vector,i32,1000000,ordered,lessVoid,5,6,2,675895.500
fallback,vector,i32,1000000,ordered,lessVoid,3,6,2,735750.000
fallback,vector,i32,1000000,ordered,lessVoid,4,6,3,463514.333
fallback,vector,i32,1000000,ordered,lessTyped,4,0,3,472874.667
fallback,vector,i32,1000000,ordered,lessTyped,5,0,2,678645.500
fallback,vector,i32,1000000,ordered,lessTyped,3,0,2,697791.500
fallback,vector,i32,1000000,ordered,lessTyped,5,1,2,706437.500
fallback,vector,i32,1000000,ordered,lessTyped,4,1,3,474986.000
fallback,vector,i32,1000000,ordered,lessTyped,3,1,2,700521.500
fallback,vector,i32,1000000,ordered,lessTyped,5,2,2,680000.000
fallback,vector,i32,1000000,ordered,lessTyped,3,2,2,706999.500
fallback,vector,i32,1000000,ordered,lessTyped,4,2,3,471889.000
fallback,vector,i32,1000000,ordered,lessTyped,5,3,2,690395.500
fallback,vector,i32,1000000,ordered,lessTyped,4,3,3,470027.667
fallback,vector,i32,1000000,ordered,lessTyped,3,3,2,683666.500
fallback,vector,i32,1000000,ordered,lessTyped,4,4,3,448458.333
fallback,vector,i32,1000000,ordered,lessTyped,5,4,2,665166.500
fallback,vector,i32,1000000,ordered,lessTyped,3,4,2,676604.500
fallback,vector,i32,1000000,ordered,lessTyped,4,5,3,470930.667
fallback,vector,i32,1000000,ordered,lessTyped,5,5,2,673375.000
fallback,vector,i32,1000000,ordered,lessTyped,3,5,2,668895.500
fallback,vector,i32,1000000,ordered,lessTyped,4,6,3,464041.333
fallback,vector,i32,1000000,ordered,lessTyped,5,6,2,698854.000
fallback,vector,i32,1000000,ordered,lessTyped,3,6,2,702708.000
fallback,vector,i32,1000000,ordered,greaterTyped,5,0,2,926083.500
fallback,vector,i32,1000000,ordered,greaterTyped,4,0,2,613770.500
fallback,vector,i32,1000000,ordered,greaterTyped,3,0,2,880771.000
fallback,vector,i32,1000000,ordered,greaterTyped,4,1,2,627604.000
fallback,vector,i32,1000000,ordered,greaterTyped,3,1,2,910354.000
fallback,vector,i32,1000000,ordered,greaterTyped,5,1,2,903438.000
fallback,vector,i32,1000000,ordered,greaterTyped,5,2,2,863603.500
fallback,vector,i32,1000000,ordered,greaterTyped,3,2,2,885187.500
fallback,vector,i32,1000000,ordered,greaterTyped,4,2,2,621833.000
fallback,vector,i32,1000000,ordered,greaterTyped,3,3,2,907187.500
fallback,vector,i32,1000000,ordered,greaterTyped,5,3,2,883375.000
fallback,vector,i32,1000000,ordered,greaterTyped,4,3,2,614521.000
fallback,vector,i32,1000000,ordered,greaterTyped,4,4,2,661583.500
fallback,vector,i32,1000000,ordered,greaterTyped,3,4,2,861792.000
fallback,vector,i32,1000000,ordered,greaterTyped,5,4,2,905666.500
fallback,vector,i32,1000000,ordered,greaterTyped,4,5,2,660312.500
fallback,vector,i32,1000000,ordered,greaterTyped,5,5,2,922146.000
fallback,vector,i32,1000000,ordered,greaterTyped,3,5,2,915000.000
fallback,vector,i32,1000000,ordered,greaterTyped,5,6,2,912770.500
fallback,vector,i32,1000000,ordered,greaterTyped,4,6,2,677708.500
fallback,vector,i32,1000000,ordered,greaterTyped,3,6,2,874062.500
pipeline,vector,i32,1000000,ordered,lessVoid,6,0,5,242366.600
pipeline,vector,i32,1000000,ordered,lessVoid,0,0,5,244691.800
pipeline,vector,i32,1000000,ordered,lessVoid,1,0,5,239183.200
pipeline,vector,i32,1000000,ordered,lessVoid,2,0,5,224650.400
pipeline,vector,i32,1000000,ordered,lessVoid,0,1,5,231641.600
pipeline,vector,i32,1000000,ordered,lessVoid,6,1,5,226200.200
pipeline,vector,i32,1000000,ordered,lessVoid,1,1,5,227400.000
pipeline,vector,i32,1000000,ordered,lessVoid,2,1,5,229258.400
pipeline,vector,i32,1000000,ordered,lessVoid,0,2,5,228091.600
pipeline,vector,i32,1000000,ordered,lessVoid,6,2,5,233091.400
pipeline,vector,i32,1000000,ordered,lessVoid,2,2,5,234591.800
pipeline,vector,i32,1000000,ordered,lessVoid,1,2,5,231433.200
pipeline,vector,i32,1000000,ordered,lessVoid,6,3,5,223466.400
pipeline,vector,i32,1000000,ordered,lessVoid,0,3,5,230383.600
pipeline,vector,i32,1000000,ordered,lessVoid,1,3,5,239350.000
pipeline,vector,i32,1000000,ordered,lessVoid,2,3,5,222591.600
pipeline,vector,i32,1000000,ordered,lessVoid,6,4,5,232700.000
pipeline,vector,i32,1000000,ordered,lessVoid,1,4,5,226291.600
pipeline,vector,i32,1000000,ordered,lessVoid,2,4,5,237558.200
pipeline,vector,i32,1000000,ordered,lessVoid,0,4,5,223542.000
pipeline,vector,i32,1000000,ordered,lessVoid,2,5,5,232591.600
pipeline,vector,i32,1000000,ordered,lessVoid,6,5,5,236633.200
pipeline,vector,i32,1000000,ordered,lessVoid,0,5,5,222141.800
pipeline,vector,i32,1000000,ordered,lessVoid,1,5,5,227233.400
pipeline,vector,i32,1000000,ordered,lessVoid,0,6,5,230858.400
pipeline,vector,i32,1000000,ordered,lessVoid,1,6,5,243741.800
pipeline,vector,i32,1000000,ordered,lessVoid,2,6,5,245875.000
pipeline,vector,i32,1000000,ordered,lessVoid,6,6,5,244825.200
pipeline,vector,i32,1000000,ordered,greaterTyped,6,0,4,281978.750
pipeline,vector,i32,1000000,ordered,greaterTyped,2,0,4,304625.000
pipeline,vector,i32,1000000,ordered,greaterTyped,0,0,4,296937.500
pipeline,vector,i32,1000000,ordered,greaterTyped,1,0,4,303583.250
pipeline,vector,i32,1000000,ordered,greaterTyped,1,1,4,279458.500
pipeline,vector,i32,1000000,ordered,greaterTyped,6,1,4,279770.750
pipeline,vector,i32,1000000,ordered,greaterTyped,2,1,4,292916.250
pipeline,vector,i32,1000000,ordered,greaterTyped,0,1,4,303146.250
pipeline,vector,i32,1000000,ordered,greaterTyped,6,2,4,293062.750
pipeline,vector,i32,1000000,ordered,greaterTyped,1,2,4,282364.500
pipeline,vector,i32,1000000,ordered,greaterTyped,2,2,4,292021.000
pipeline,vector,i32,1000000,ordered,greaterTyped,0,2,4,292312.750
pipeline,vector,i32,1000000,ordered,greaterTyped,1,3,2,502624.500
pipeline,vector,i32,1000000,ordered,greaterTyped,6,3,4,290281.500
pipeline,vector,i32,1000000,ordered,greaterTyped,0,3,2,554750.000
pipeline,vector,i32,1000000,ordered,greaterTyped,2,3,4,280614.750
pipeline,vector,i32,1000000,ordered,greaterTyped,2,4,4,282104.500
pipeline,vector,i32,1000000,ordered,greaterTyped,0,4,4,287125.000
pipeline,vector,i32,1000000,ordered,greaterTyped,6,4,4,284166.500
pipeline,vector,i32,1000000,ordered,greaterTyped,1,4,4,297666.750
pipeline,vector,i32,1000000,ordered,greaterTyped,6,5,4,279771.250
pipeline,vector,i32,1000000,ordered,greaterTyped,1,5,4,278093.750
pipeline,vector,i32,1000000,ordered,greaterTyped,2,5,4,290083.000
pipeline,vector,i32,1000000,ordered,greaterTyped,0,5,4,303072.750
pipeline,vector,i32,1000000,ordered,greaterTyped,6,6,4,290396.250
pipeline,vector,i32,1000000,ordered,greaterTyped,0,6,4,296458.250
pipeline,vector,i32,1000000,ordered,greaterTyped,2,6,4,299781.500
pipeline,vector,i32,1000000,ordered,greaterTyped,1,6,4,292562.500
fallback,vector,i32,1000000,reverse,lessVoid,3,0,2,886208.500
fallback,vector,i32,1000000,reverse,lessVoid,5,0,2,883167.000
fallback,vector,i32,1000000,reverse,lessVoid,4,0,2,659666.500
fallback,vector,i32,1000000,reverse,lessVoid,3,1,2,892667.000
fallback,vector,i32,1000000,reverse,lessVoid,4,1,2,663958.500
fallback,vector,i32,1000000,reverse,lessVoid,5,1,2,899166.500
fallback,vector,i32,1000000,reverse,lessVoid,5,2,2,904145.500
fallback,vector,i32,1000000,reverse,lessVoid,4,2,2,659500.000
fallback,vector,i32,1000000,reverse,lessVoid,3,2,2,895895.500
fallback,vector,i32,1000000,reverse,lessVoid,5,3,2,894333.500
fallback,vector,i32,1000000,reverse,lessVoid,3,3,2,916125.000
fallback,vector,i32,1000000,reverse,lessVoid,4,3,2,670271.000
fallback,vector,i32,1000000,reverse,lessVoid,4,4,2,657417.000
fallback,vector,i32,1000000,reverse,lessVoid,3,4,2,895917.000
fallback,vector,i32,1000000,reverse,lessVoid,5,4,2,884604.000
fallback,vector,i32,1000000,reverse,lessVoid,5,5,2,895250.000
fallback,vector,i32,1000000,reverse,lessVoid,3,5,2,897520.500
fallback,vector,i32,1000000,reverse,lessVoid,4,5,2,668062.500
fallback,vector,i32,1000000,reverse,lessVoid,4,6,2,662167.000
fallback,vector,i32,1000000,reverse,lessVoid,5,6,2,892708.500
fallback,vector,i32,1000000,reverse,lessVoid,3,6,2,895624.500
fallback,vector,i32,1000000,reverse,lessTyped,5,0,2,889458.500
fallback,vector,i32,1000000,reverse,lessTyped,4,0,2,676083.000
fallback,vector,i32,1000000,reverse,lessTyped,3,0,2,906000.000
fallback,vector,i32,1000000,reverse,lessTyped,4,1,2,616250.000
fallback,vector,i32,1000000,reverse,lessTyped,3,1,2,844854.000
fallback,vector,i32,1000000,reverse,lessTyped,5,1,2,845083.000
fallback,vector,i32,1000000,reverse,lessTyped,4,2,2,738833.500
fallback,vector,i32,1000000,reverse,lessTyped,3,2,2,862062.500
fallback,vector,i32,1000000,reverse,lessTyped,5,2,2,852188.000
fallback,vector,i32,1000000,reverse,lessTyped,3,3,2,867937.500
fallback,vector,i32,1000000,reverse,lessTyped,4,3,2,652750.000
fallback,vector,i32,1000000,reverse,lessTyped,5,3,2,877229.500
fallback,vector,i32,1000000,reverse,lessTyped,5,4,2,856542.000
fallback,vector,i32,1000000,reverse,lessTyped,4,4,2,630562.500
fallback,vector,i32,1000000,reverse,lessTyped,3,4,2,859896.000
fallback,vector,i32,1000000,reverse,lessTyped,4,5,2,635542.000
fallback,vector,i32,1000000,reverse,lessTyped,5,5,2,869625.000
fallback,vector,i32,1000000,reverse,lessTyped,3,5,2,873854.500
fallback,vector,i32,1000000,reverse,lessTyped,5,6,2,853666.500
fallback,vector,i32,1000000,reverse,lessTyped,4,6,2,641208.500
fallback,vector,i32,1000000,reverse,lessTyped,3,6,2,847604.000
fallback,vector,i32,1000000,reverse,greaterTyped,5,0,3,453680.667
fallback,vector,i32,1000000,reverse,greaterTyped,4,0,3,469361.333
fallback,vector,i32,1000000,reverse,greaterTyped,3,0,3,468139.000
fallback,vector,i32,1000000,reverse,greaterTyped,5,1,3,466513.667
fallback,vector,i32,1000000,reverse,greaterTyped,4,1,3,470986.000
fallback,vector,i32,1000000,reverse,greaterTyped,3,1,3,471319.333
fallback,vector,i32,1000000,reverse,greaterTyped,5,2,3,473625.333
fallback,vector,i32,1000000,reverse,greaterTyped,4,2,3,472638.667
fallback,vector,i32,1000000,reverse,greaterTyped,3,2,3,472638.333
fallback,vector,i32,1000000,reverse,greaterTyped,5,3,2,507416.500
fallback,vector,i32,1000000,reverse,greaterTyped,3,3,3,471139.000
fallback,vector,i32,1000000,reverse,greaterTyped,4,3,3,471861.333
fallback,vector,i32,1000000,reverse,greaterTyped,4,4,3,477777.667
fallback,vector,i32,1000000,reverse,greaterTyped,3,4,3,477625.000
fallback,vector,i32,1000000,reverse,greaterTyped,5,4,3,477389.000
fallback,vector,i32,1000000,reverse,greaterTyped,4,5,3,479402.667
fallback,vector,i32,1000000,reverse,greaterTyped,3,5,3,482611.333
fallback,vector,i32,1000000,reverse,greaterTyped,5,5,3,475639.000
fallback,vector,i32,1000000,reverse,greaterTyped,3,6,3,479388.333
fallback,vector,i32,1000000,reverse,greaterTyped,4,6,3,480958.667
fallback,vector,i32,1000000,reverse,greaterTyped,5,6,3,481777.667
pipeline,vector,i32,1000000,reverse,lessVoid,0,0,4,314719.000
pipeline,vector,i32,1000000,reverse,lessVoid,2,0,4,299301.750
pipeline,vector,i32,1000000,reverse,lessVoid,6,0,4,309604.000
pipeline,vector,i32,1000000,reverse,lessVoid,1,0,4,278833.500
pipeline,vector,i32,1000000,reverse,lessVoid,0,1,4,281802.250
pipeline,vector,i32,1000000,reverse,lessVoid,1,1,4,287885.500
pipeline,vector,i32,1000000,reverse,lessVoid,6,1,4,286291.250
pipeline,vector,i32,1000000,reverse,lessVoid,2,1,4,285968.750
pipeline,vector,i32,1000000,reverse,lessVoid,0,2,4,300552.000
pipeline,vector,i32,1000000,reverse,lessVoid,1,2,4,290791.500
pipeline,vector,i32,1000000,reverse,lessVoid,2,2,4,309697.750
pipeline,vector,i32,1000000,reverse,lessVoid,6,2,4,295250.000
pipeline,vector,i32,1000000,reverse,lessVoid,0,3,4,296896.000
pipeline,vector,i32,1000000,reverse,lessVoid,6,3,4,307020.750
pipeline,vector,i32,1000000,reverse,lessVoid,2,3,4,294593.750
pipeline,vector,i32,1000000,reverse,lessVoid,1,3,4,304708.250
pipeline,vector,i32,1000000,reverse,lessVoid,2,4,4,296542.000
pipeline,vector,i32,1000000,reverse,lessVoid,0,4,4,301010.500
pipeline,vector,i32,1000000,reverse,lessVoid,1,4,4,294156.000
pipeline,vector,i32,1000000,reverse,lessVoid,6,4,4,300396.000
pipeline,vector,i32,1000000,reverse,lessVoid,2,5,4,295947.750
pipeline,vector,i32,1000000,reverse,lessVoid,0,5,4,304521.000
pipeline,vector,i32,1000000,reverse,lessVoid,1,5,4,294375.000
pipeline,vector,i32,1000000,reverse,lessVoid,6,5,4,300989.750
pipeline,vector,i32,1000000,reverse,lessVoid,6,6,4,302427.000
pipeline,vector,i32,1000000,reverse,lessVoid,1,6,2,543729.000
pipeline,vector,i32,1000000,reverse,lessVoid,0,6,4,273645.500
pipeline,vector,i32,1000000,reverse,lessVoid,2,6,4,273885.750
pipeline,vector,i32,1000000,reverse,greaterTyped,0,0,5,229275.000
pipeline,vector,i32,1000000,reverse,greaterTyped,2,0,5,231383.200
pipeline,vector,i32,1000000,reverse,greaterTyped,1,0,5,222799.800
pipeline,vector,i32,1000000,reverse,greaterTyped,6,0,5,233125.000
pipeline,vector,i32,1000000,reverse,greaterTyped,2,1,5,234908.000
pipeline,vector,i32,1000000,reverse,greaterTyped,0,1,5,230424.800
pipeline,vector,i32,1000000,reverse,greaterTyped,1,1,5,227891.400
pipeline,vector,i32,1000000,reverse,greaterTyped,6,1,5,222875.000
pipeline,vector,i32,1000000,reverse,greaterTyped,2,2,5,229025.200
pipeline,vector,i32,1000000,reverse,greaterTyped,6,2,5,243350.200
pipeline,vector,i32,1000000,reverse,greaterTyped,1,2,5,235508.400
pipeline,vector,i32,1000000,reverse,greaterTyped,0,2,5,222683.200
pipeline,vector,i32,1000000,reverse,greaterTyped,0,3,5,225841.600
pipeline,vector,i32,1000000,reverse,greaterTyped,2,3,5,239883.400
pipeline,vector,i32,1000000,reverse,greaterTyped,6,3,4,253031.250
pipeline,vector,i32,1000000,reverse,greaterTyped,1,3,5,246600.200
pipeline,vector,i32,1000000,reverse,greaterTyped,1,4,5,247033.200
pipeline,vector,i32,1000000,reverse,greaterTyped,2,4,5,245191.600
pipeline,vector,i32,1000000,reverse,greaterTyped,0,4,5,235433.200
pipeline,vector,i32,1000000,reverse,greaterTyped,6,4,5,222141.600
pipeline,vector,i32,1000000,reverse,greaterTyped,2,5,5,223033.600
pipeline,vector,i32,1000000,reverse,greaterTyped,6,5,5,236025.200
pipeline,vector,i32,1000000,reverse,greaterTyped,1,5,5,242158.200
pipeline,vector,i32,1000000,reverse,greaterTyped,0,5,5,242799.800
pipeline,vector,i32,1000000,reverse,greaterTyped,2,6,5,243558.200
pipeline,vector,i32,1000000,reverse,greaterTyped,0,6,5,238450.000
pipeline,vector,i32,1000000,reverse,greaterTyped,6,6,5,236833.400
pipeline,vector,i32,1000000,reverse,greaterTyped,1,6,5,236108.400
fallback,vector,i32,1000000,nearly,lessVoid,3,0,1,5840458.000
fallback,vector,i32,1000000,nearly,lessVoid,5,0,1,5926083.000
fallback,vector,i32,1000000,nearly,lessVoid,4,0,1,5989125.000
fallback,vector,i32,1000000,nearly,lessVoid,4,1,1,6012125.000
fallback,vector,i32,1000000,nearly,lessVoid,5,1,1,5865417.000
fallback,vector,i32,1000000,nearly,lessVoid,3,1,1,5913833.000
fallback,vector,i32,1000000,nearly,lessVoid,3,2,1,5855791.000
fallback,vector,i32,1000000,nearly,lessVoid,5,2,1,5869083.000
fallback,vector,i32,1000000,nearly,lessVoid,4,2,1,5944083.000
fallback,vector,i32,1000000,nearly,lessVoid,4,3,1,6010458.000
fallback,vector,i32,1000000,nearly,lessVoid,3,3,1,5987000.000
fallback,vector,i32,1000000,nearly,lessVoid,5,3,1,5904208.000
fallback,vector,i32,1000000,nearly,lessVoid,4,4,1,5971000.000
fallback,vector,i32,1000000,nearly,lessVoid,5,4,1,5921625.000
fallback,vector,i32,1000000,nearly,lessVoid,3,4,1,6052542.000
fallback,vector,i32,1000000,nearly,lessVoid,5,5,1,5842000.000
fallback,vector,i32,1000000,nearly,lessVoid,3,5,1,5868625.000
fallback,vector,i32,1000000,nearly,lessVoid,4,5,1,6103375.000
fallback,vector,i32,1000000,nearly,lessVoid,4,6,1,5972000.000
fallback,vector,i32,1000000,nearly,lessVoid,5,6,1,5948291.000
fallback,vector,i32,1000000,nearly,lessVoid,3,6,1,5867917.000
fallback,vector,i32,1000000,nearly,lessTyped,4,0,1,6064750.000
fallback,vector,i32,1000000,nearly,lessTyped,3,0,1,5982000.000
fallback,vector,i32,1000000,nearly,lessTyped,5,0,1,5886750.000
fallback,vector,i32,1000000,nearly,lessTyped,5,1,1,5907375.000
fallback,vector,i32,1000000,nearly,lessTyped,4,1,1,5999167.000
fallback,vector,i32,1000000,nearly,lessTyped,3,1,1,6003041.000
fallback,vector,i32,1000000,nearly,lessTyped,4,2,1,5946750.000
fallback,vector,i32,1000000,nearly,lessTyped,5,2,1,5864708.000
fallback,vector,i32,1000000,nearly,lessTyped,3,2,1,5955209.000
fallback,vector,i32,1000000,nearly,lessTyped,3,3,1,5858917.000
fallback,vector,i32,1000000,nearly,lessTyped,5,3,1,5842958.000
fallback,vector,i32,1000000,nearly,lessTyped,4,3,1,6059375.000
fallback,vector,i32,1000000,nearly,lessTyped,4,4,1,6046875.000
fallback,vector,i32,1000000,nearly,lessTyped,3,4,1,5894583.000
fallback,vector,i32,1000000,nearly,lessTyped,5,4,1,5809500.000
fallback,vector,i32,1000000,nearly,lessTyped,3,5,1,5880958.000
fallback,vector,i32,1000000,nearly,lessTyped,4,5,1,6085417.000
fallback,vector,i32,1000000,nearly,lessTyped,5,5,1,5877459.000
fallback,vector,i32,1000000,nearly,lessTyped,4,6,1,5938584.000
fallback,vector,i32,1000000,nearly,lessTyped,5,6,1,5958166.000
fallback,vector,i32,1000000,nearly,lessTyped,3,6,1,5867167.000
fallback,vector,i32,1000000,nearly,greaterTyped,5,0,1,11006500.000
fallback,vector,i32,1000000,nearly,greaterTyped,4,0,1,12231292.000
fallback,vector,i32,1000000,nearly,greaterTyped,3,0,1,10941209.000
fallback,vector,i32,1000000,nearly,greaterTyped,5,1,1,10671584.000
fallback,vector,i32,1000000,nearly,greaterTyped,4,1,1,12281625.000
fallback,vector,i32,1000000,nearly,greaterTyped,3,1,1,11064417.000
fallback,vector,i32,1000000,nearly,greaterTyped,4,2,1,12178334.000
fallback,vector,i32,1000000,nearly,greaterTyped,5,2,1,11142833.000
fallback,vector,i32,1000000,nearly,greaterTyped,3,2,1,10893083.000
fallback,vector,i32,1000000,nearly,greaterTyped,3,3,1,10834917.000
fallback,vector,i32,1000000,nearly,greaterTyped,4,3,1,12279792.000
fallback,vector,i32,1000000,nearly,greaterTyped,5,3,1,11047667.000
fallback,vector,i32,1000000,nearly,greaterTyped,4,4,1,12274792.000
fallback,vector,i32,1000000,nearly,greaterTyped,5,4,1,11148292.000
fallback,vector,i32,1000000,nearly,greaterTyped,3,4,1,11345083.000
fallback,vector,i32,1000000,nearly,greaterTyped,4,5,1,12326250.000
fallback,vector,i32,1000000,nearly,greaterTyped,3,5,1,10757083.000
fallback,vector,i32,1000000,nearly,greaterTyped,5,5,1,10932083.000
fallback,vector,i32,1000000,nearly,greaterTyped,3,6,1,10956625.000
fallback,vector,i32,1000000,nearly,greaterTyped,4,6,1,12398000.000
fallback,vector,i32,1000000,nearly,greaterTyped,5,6,1,10817500.000
pipeline,vector,i32,1000000,nearly,lessVoid,1,0,1,2882292.000
pipeline,vector,i32,1000000,nearly,lessVoid,0,0,1,2715416.000
pipeline,vector,i32,1000000,nearly,lessVoid,6,0,1,3050000.000
pipeline,vector,i32,1000000,nearly,lessVoid,2,0,1,2825458.000
pipeline,vector,i32,1000000,nearly,lessVoid,2,1,1,2838625.000
pipeline,vector,i32,1000000,nearly,lessVoid,1,1,1,3181542.000
pipeline,vector,i32,1000000,nearly,lessVoid,6,1,1,2833167.000
pipeline,vector,i32,1000000,nearly,lessVoid,0,1,1,2737083.000
pipeline,vector,i32,1000000,nearly,lessVoid,2,2,1,2653416.000
pipeline,vector,i32,1000000,nearly,lessVoid,1,2,1,2858667.000
pipeline,vector,i32,1000000,nearly,lessVoid,6,2,1,2800750.000
pipeline,vector,i32,1000000,nearly,lessVoid,0,2,1,2883166.000
pipeline,vector,i32,1000000,nearly,lessVoid,0,3,1,2778416.000
pipeline,vector,i32,1000000,nearly,lessVoid,2,3,1,2753042.000
pipeline,vector,i32,1000000,nearly,lessVoid,1,3,1,2869458.000
pipeline,vector,i32,1000000,nearly,lessVoid,6,3,1,2953125.000
pipeline,vector,i32,1000000,nearly,lessVoid,1,4,1,2916500.000
pipeline,vector,i32,1000000,nearly,lessVoid,6,4,1,2898792.000
pipeline,vector,i32,1000000,nearly,lessVoid,0,4,1,2751958.000
pipeline,vector,i32,1000000,nearly,lessVoid,2,4,1,2969583.000
pipeline,vector,i32,1000000,nearly,lessVoid,2,5,1,2866417.000
pipeline,vector,i32,1000000,nearly,lessVoid,6,5,1,2876333.000
pipeline,vector,i32,1000000,nearly,lessVoid,1,5,1,2847125.000
pipeline,vector,i32,1000000,nearly,lessVoid,0,5,1,2832333.000
pipeline,vector,i32,1000000,nearly,lessVoid,6,6,1,2930333.000
pipeline,vector,i32,1000000,nearly,lessVoid,2,6,1,2791750.000
pipeline,vector,i32,1000000,nearly,lessVoid,1,6,1,2917500.000
pipeline,vector,i32,1000000,nearly,lessVoid,0,6,1,2817875.000
pipeline,vector,i32,1000000,nearly,greaterTyped,2,0,1,2816333.000
pipeline,vector,i32,1000000,nearly,greaterTyped,6,0,1,2959125.000
pipeline,vector,i32,1000000,nearly,greaterTyped,1,0,1,2777834.000
pipeline,vector,i32,1000000,nearly,greaterTyped,0,0,1,2864833.000
pipeline,vector,i32,1000000,nearly,greaterTyped,6,1,1,2952834.000
pipeline,vector,i32,1000000,nearly,greaterTyped,1,1,1,2779500.000
pipeline,vector,i32,1000000,nearly,greaterTyped,0,1,1,2860666.000
pipeline,vector,i32,1000000,nearly,greaterTyped,2,1,1,2845625.000
pipeline,vector,i32,1000000,nearly,greaterTyped,0,2,1,2905958.000
pipeline,vector,i32,1000000,nearly,greaterTyped,1,2,1,2700375.000
pipeline,vector,i32,1000000,nearly,greaterTyped,6,2,1,2809375.000
pipeline,vector,i32,1000000,nearly,greaterTyped,2,2,1,2923542.000
pipeline,vector,i32,1000000,nearly,greaterTyped,1,3,1,3004333.000
pipeline,vector,i32,1000000,nearly,greaterTyped,0,3,1,2691250.000
pipeline,vector,i32,1000000,nearly,greaterTyped,2,3,1,2800583.000
pipeline,vector,i32,1000000,nearly,greaterTyped,6,3,1,2969666.000
pipeline,vector,i32,1000000,nearly,greaterTyped,0,4,1,2739416.000
pipeline,vector,i32,1000000,nearly,greaterTyped,1,4,1,2797500.000
pipeline,vector,i32,1000000,nearly,greaterTyped,2,4,1,2788459.000
pipeline,vector,i32,1000000,nearly,greaterTyped,6,4,1,2884500.000
pipeline,vector,i32,1000000,nearly,greaterTyped,2,5,1,2807042.000
pipeline,vector,i32,1000000,nearly,greaterTyped,1,5,1,2807667.000
pipeline,vector,i32,1000000,nearly,greaterTyped,6,5,1,2898167.000
pipeline,vector,i32,1000000,nearly,greaterTyped,0,5,1,2782750.000
pipeline,vector,i32,1000000,nearly,greaterTyped,1,6,1,2771666.000
pipeline,vector,i32,1000000,nearly,greaterTyped,0,6,1,2842166.000
pipeline,vector,i32,1000000,nearly,greaterTyped,6,6,1,3038459.000
pipeline,vector,i32,1000000,nearly,greaterTyped,2,6,1,2807083.000
pipeline,array,i32,65536,full,lessVoid,6,0,5,248508.200
pipeline,array,i32,65536,full,lessVoid,0,0,1,2098292.000
pipeline,array,i32,65536,full,lessVoid,2,0,5,204433.400
pipeline,array,i32,65536,full,lessVoid,1,0,5,212674.800
pipeline,array,i32,65536,full,lessVoid,1,1,5,209725.200
pipeline,array,i32,65536,full,lessVoid,2,1,5,209467.000
pipeline,array,i32,65536,full,lessVoid,0,1,1,2115458.000
pipeline,array,i32,65536,full,lessVoid,6,1,5,236375.200
pipeline,array,i32,65536,full,lessVoid,0,2,1,2058333.000
pipeline,array,i32,65536,full,lessVoid,1,2,5,201408.800
pipeline,array,i32,65536,full,lessVoid,6,2,5,230733.400
pipeline,array,i32,65536,full,lessVoid,2,2,5,238233.400
pipeline,array,i32,65536,full,lessVoid,2,3,5,234675.000
pipeline,array,i32,65536,full,lessVoid,6,3,5,208166.600
pipeline,array,i32,65536,full,lessVoid,0,3,1,2089500.000
pipeline,array,i32,65536,full,lessVoid,1,3,5,219274.800
pipeline,array,i32,65536,full,lessVoid,1,4,5,222366.600
pipeline,array,i32,65536,full,lessVoid,6,4,5,201241.800
pipeline,array,i32,65536,full,lessVoid,0,4,1,2104958.000
pipeline,array,i32,65536,full,lessVoid,2,4,5,236366.800
pipeline,array,i32,65536,full,lessVoid,2,5,5,225516.800
pipeline,array,i32,65536,full,lessVoid,0,5,1,2102000.000
pipeline,array,i32,65536,full,lessVoid,6,5,5,248975.000
pipeline,array,i32,65536,full,lessVoid,1,5,5,220075.200
pipeline,array,i32,65536,full,lessVoid,6,6,4,250750.000
pipeline,array,i32,65536,full,lessVoid,1,6,5,226258.400
pipeline,array,i32,65536,full,lessVoid,2,6,5,218666.600
pipeline,array,i32,65536,full,lessVoid,0,6,1,2055250.000
pipeline,array,i32,65536,full,greaterTyped,0,0,2,794875.000
pipeline,array,i32,65536,full,greaterTyped,2,0,5,213633.200
pipeline,array,i32,65536,full,greaterTyped,6,0,5,212074.800
pipeline,array,i32,65536,full,greaterTyped,1,0,5,236175.200
pipeline,array,i32,65536,full,greaterTyped,6,1,5,233875.200
pipeline,array,i32,65536,full,greaterTyped,1,1,5,201616.800
pipeline,array,i32,65536,full,greaterTyped,2,1,5,211725.200
pipeline,array,i32,65536,full,greaterTyped,0,1,2,820083.000
pipeline,array,i32,65536,full,greaterTyped,2,2,5,203241.600
pipeline,array,i32,65536,full,greaterTyped,1,2,6,195458.167
pipeline,array,i32,65536,full,greaterTyped,6,2,6,194548.833
pipeline,array,i32,65536,full,greaterTyped,0,2,2,831895.500
pipeline,array,i32,65536,full,greaterTyped,1,3,5,239425.000
pipeline,array,i32,65536,full,greaterTyped,6,3,5,200991.400
pipeline,array,i32,65536,full,greaterTyped,2,3,5,212158.400
pipeline,array,i32,65536,full,greaterTyped,0,3,2,794999.500
pipeline,array,i32,65536,full,greaterTyped,6,4,5,212150.200
pipeline,array,i32,65536,full,greaterTyped,1,4,5,211149.800
pipeline,array,i32,65536,full,greaterTyped,2,4,5,203992.000
pipeline,array,i32,65536,full,greaterTyped,0,4,2,795520.500
pipeline,array,i32,65536,full,greaterTyped,0,5,2,765458.500
pipeline,array,i32,65536,full,greaterTyped,6,5,5,202858.400
pipeline,array,i32,65536,full,greaterTyped,1,5,5,201758.400
pipeline,array,i32,65536,full,greaterTyped,2,5,5,237883.200
pipeline,array,i32,65536,full,greaterTyped,6,6,6,194534.500
pipeline,array,i32,65536,full,greaterTyped,2,6,6,198597.333
pipeline,array,i32,65536,full,greaterTyped,1,6,5,200125.200
pipeline,array,i32,65536,full,greaterTyped,0,6,2,810625.000
pipeline,array,i32,65536,bits22,lessVoid,2,0,6,178722.167
pipeline,array,i32,65536,bits22,lessVoid,6,0,6,185590.000
pipeline,array,i32,65536,bits22,lessVoid,1,0,7,159327.429
pipeline,array,i32,65536,bits22,lessVoid,0,0,1,2097125.000
pipeline,array,i32,65536,bits22,lessVoid,2,1,6,181180.667
pipeline,array,i32,65536,bits22,lessVoid,0,1,1,2049291.000
pipeline,array,i32,65536,bits22,lessVoid,1,1,7,159202.143
pipeline,array,i32,65536,bits22,lessVoid,6,1,6,185403.000
pipeline,array,i32,65536,bits22,lessVoid,1,2,6,176597.500
pipeline,array,i32,65536,bits22,lessVoid,6,2,7,153172.571
pipeline,array,i32,65536,bits22,lessVoid,0,2,1,2141834.000
pipeline,array,i32,65536,bits22,lessVoid,2,2,7,163922.571
pipeline,array,i32,65536,bits22,lessVoid,1,3,6,175930.833
pipeline,array,i32,65536,bits22,lessVoid,6,3,5,212741.800
pipeline,array,i32,65536,bits22,lessVoid,0,3,1,2036208.000
pipeline,array,i32,65536,bits22,lessVoid,2,3,7,165934.571
pipeline,array,i32,65536,bits22,lessVoid,1,4,6,167305.500
pipeline,array,i32,65536,bits22,lessVoid,2,4,6,176354.000
pipeline,array,i32,65536,bits22,lessVoid,0,4,1,1944083.000
pipeline,array,i32,65536,bits22,lessVoid,6,4,5,210066.800
pipeline,array,i32,65536,bits22,lessVoid,2,5,6,176791.833
pipeline,array,i32,65536,bits22,lessVoid,6,5,7,153416.857
pipeline,array,i32,65536,bits22,lessVoid,1,5,6,167374.833
pipeline,array,i32,65536,bits22,lessVoid,0,5,1,2103125.000
pipeline,array,i32,65536,bits22,lessVoid,2,6,7,155279.857
pipeline,array,i32,65536,bits22,lessVoid,6,6,6,167902.667
pipeline,array,i32,65536,bits22,lessVoid,1,6,7,162535.714
pipeline,array,i32,65536,bits22,lessVoid,0,6,1,2029167.000
pipeline,array,i32,65536,bits22,greaterTyped,1,0,7,161482.143
pipeline,array,i32,65536,bits22,greaterTyped,0,0,2,784563.000
pipeline,array,i32,65536,bits22,greaterTyped,2,0,7,146767.857
pipeline,array,i32,65536,bits22,greaterTyped,6,0,7,147232.286
pipeline,array,i32,65536,bits22,greaterTyped,0,1,2,802291.500
pipeline,array,i32,65536,bits22,greaterTyped,6,1,7,151130.857
pipeline,array,i32,65536,bits22,greaterTyped,1,1,7,147541.857
pipeline,array,i32,65536,bits22,greaterTyped,2,1,7,163398.714
pipeline,array,i32,65536,bits22,greaterTyped,2,2,7,147434.571
pipeline,array,i32,65536,bits22,greaterTyped,0,2,2,780041.500
pipeline,array,i32,65536,bits22,greaterTyped,6,2,8,141932.125
pipeline,array,i32,65536,bits22,greaterTyped,1,2,7,145017.857
pipeline,array,i32,65536,bits22,greaterTyped,0,3,2,787396.000
pipeline,array,i32,65536,bits22,greaterTyped,6,3,7,148624.857
pipeline,array,i32,65536,bits22,greaterTyped,1,3,7,167910.714
pipeline,array,i32,65536,bits22,greaterTyped,2,3,7,166297.571
pipeline,array,i32,65536,bits22,greaterTyped,2,4,7,159267.857
pipeline,array,i32,65536,bits22,greaterTyped,1,4,6,167583.333
pipeline,array,i32,65536,bits22,greaterTyped,6,4,7,167351.000
pipeline,array,i32,65536,bits22,greaterTyped,0,4,2,807771.000
pipeline,array,i32,65536,bits22,greaterTyped,6,5,6,167756.667
pipeline,array,i32,65536,bits22,greaterTyped,0,5,2,768791.500
pipeline,array,i32,65536,bits22,greaterTyped,2,5,7,156386.714
pipeline,array,i32,65536,bits22,greaterTyped,1,5,8,135526.000
pipeline,array,i32,65536,bits22,greaterTyped,0,6,2,818104.500
pipeline,array,i32,65536,bits22,greaterTyped,1,6,7,144023.857
pipeline,array,i32,65536,bits22,greaterTyped,2,6,7,145690.571
pipeline,array,i32,65536,bits22,greaterTyped,6,6,8,139349.000
pipeline,array,i32,65536,gaps,lessVoid,1,0,4,296072.750
pipeline,array,i32,65536,gaps,lessVoid,6,0,4,283437.500
pipeline,array,i32,65536,gaps,lessVoid,0,0,1,1075375.000
pipeline,array,i32,65536,gaps,lessVoid,2,0,4,288958.500
pipeline,array,i32,65536,gaps,lessVoid,1,1,4,309979.250
pipeline,array,i32,65536,gaps,lessVoid,2,1,4,313094.000
pipeline,array,i32,65536,gaps,lessVoid,6,1,4,306906.500
pipeline,array,i32,65536,gaps,lessVoid,0,1,1,1058459.000
pipeline,array,i32,65536,gaps,lessVoid,0,2,1,1049834.000
pipeline,array,i32,65536,gaps,lessVoid,2,2,4,293979.500
pipeline,array,i32,65536,gaps,lessVoid,1,2,4,313073.000
pipeline,array,i32,65536,gaps,lessVoid,6,2,4,283813.000
pipeline,array,i32,65536,gaps,lessVoid,0,3,1,1087500.000
pipeline,array,i32,65536,gaps,lessVoid,6,3,4,301020.750
pipeline,array,i32,65536,gaps,lessVoid,1,3,4,297021.250
pipeline,array,i32,65536,gaps,lessVoid,2,3,4,276156.500
pipeline,array,i32,65536,gaps,lessVoid,1,4,4,301781.250
pipeline,array,i32,65536,gaps,lessVoid,6,4,4,296458.250
pipeline,array,i32,65536,gaps,lessVoid,2,4,4,306947.750
pipeline,array,i32,65536,gaps,lessVoid,0,4,1,1114666.000
pipeline,array,i32,65536,gaps,lessVoid,0,5,1,1041000.000
pipeline,array,i32,65536,gaps,lessVoid,6,5,4,293458.250
pipeline,array,i32,65536,gaps,lessVoid,1,5,4,296073.000
pipeline,array,i32,65536,gaps,lessVoid,2,5,4,287343.750
pipeline,array,i32,65536,gaps,lessVoid,6,6,4,301187.750
pipeline,array,i32,65536,gaps,lessVoid,1,6,4,284135.500
pipeline,array,i32,65536,gaps,lessVoid,0,6,1,1078667.000
pipeline,array,i32,65536,gaps,lessVoid,2,6,4,302749.750
pipeline,array,i32,65536,gaps,greaterTyped,2,0,4,263708.500
pipeline,array,i32,65536,gaps,greaterTyped,6,0,4,293281.250
pipeline,array,i32,65536,gaps,greaterTyped,1,0,4,275479.250
pipeline,array,i32,65536,gaps,greaterTyped,0,0,4,312562.500
pipeline,array,i32,65536,gaps,greaterTyped,0,1,4,304448.000
pipeline,array,i32,65536,gaps,greaterTyped,6,1,4,283385.500
pipeline,array,i32,65536,gaps,greaterTyped,1,1,4,290166.750
pipeline,array,i32,65536,gaps,greaterTyped,2,1,4,252156.000
pipeline,array,i32,65536,gaps,greaterTyped,1,2,4,272072.750
pipeline,array,i32,65536,gaps,greaterTyped,0,2,3,350347.667
pipeline,array,i32,65536,gaps,greaterTyped,6,2,4,250520.750
pipeline,array,i32,65536,gaps,greaterTyped,2,2,4,277489.500
pipeline,array,i32,65536,gaps,greaterTyped,2,3,4,259291.750
pipeline,array,i32,65536,gaps,greaterTyped,6,3,4,282124.750
pipeline,array,i32,65536,gaps,greaterTyped,0,3,4,303937.500
pipeline,array,i32,65536,gaps,greaterTyped,1,3,4,296041.750
pipeline,array,i32,65536,gaps,greaterTyped,1,4,4,265041.750
pipeline,array,i32,65536,gaps,greaterTyped,6,4,4,262437.250
pipeline,array,i32,65536,gaps,greaterTyped,0,4,4,316072.750
pipeline,array,i32,65536,gaps,greaterTyped,2,4,4,287167.000
pipeline,array,i32,65536,gaps,greaterTyped,2,5,4,267229.250
pipeline,array,i32,65536,gaps,greaterTyped,0,5,4,275094.000
pipeline,array,i32,65536,gaps,greaterTyped,1,5,4,279010.750
pipeline,array,i32,65536,gaps,greaterTyped,6,5,4,282447.750
pipeline,array,i32,65536,gaps,greaterTyped,6,6,4,278645.500
pipeline,array,i32,65536,gaps,greaterTyped,0,6,4,306896.000
pipeline,array,i32,65536,gaps,greaterTyped,1,6,5,229333.200
pipeline,array,i32,65536,gaps,greaterTyped,2,6,4,266833.250
fallback,vector,i64,128,full,lessVoid,4,0,512,355.795
fallback,vector,i64,128,full,lessVoid,5,0,512,357.586
fallback,vector,i64,128,full,lessVoid,3,0,512,350.650
fallback,vector,i64,128,full,lessVoid,3,1,512,354.744
fallback,vector,i64,128,full,lessVoid,5,1,512,357.992
fallback,vector,i64,128,full,lessVoid,4,1,512,337.150
fallback,vector,i64,128,full,lessVoid,4,2,512,337.807
fallback,vector,i64,128,full,lessVoid,5,2,512,443.193
fallback,vector,i64,128,full,lessVoid,3,2,512,390.939
fallback,vector,i64,128,full,lessVoid,3,3,512,364.688
fallback,vector,i64,128,full,lessVoid,5,3,512,349.455
fallback,vector,i64,128,full,lessVoid,4,3,512,380.205
fallback,vector,i64,128,full,lessVoid,3,4,512,368.244
fallback,vector,i64,128,full,lessVoid,4,4,512,357.096
fallback,vector,i64,128,full,lessVoid,5,4,512,377.510
fallback,vector,i64,128,full,lessVoid,4,5,512,366.789
fallback,vector,i64,128,full,lessVoid,5,5,512,390.793
fallback,vector,i64,128,full,lessVoid,3,5,512,355.062
fallback,vector,i64,128,full,lessVoid,5,6,512,382.910
fallback,vector,i64,128,full,lessVoid,3,6,512,359.621
fallback,vector,i64,128,full,lessVoid,4,6,512,383.953
fallback,vector,i64,128,full,lessTyped,3,0,512,380.936
fallback,vector,i64,128,full,lessTyped,4,0,512,362.391
fallback,vector,i64,128,full,lessTyped,5,0,512,375.730
fallback,vector,i64,128,full,lessTyped,3,1,512,405.109
fallback,vector,i64,128,full,lessTyped,4,1,512,339.934
fallback,vector,i64,128,full,lessTyped,5,1,512,387.283
fallback,vector,i64,128,full,lessTyped,5,2,512,387.615
fallback,vector,i64,128,full,lessTyped,3,2,512,381.764
fallback,vector,i64,128,full,lessTyped,4,2,512,339.699
fallback,vector,i64,128,full,lessTyped,5,3,512,366.695
fallback,vector,i64,128,full,lessTyped,4,3,512,340.484
fallback,vector,i64,128,full,lessTyped,3,3,512,382.742
fallback,vector,i64,128,full,lessTyped,4,4,512,367.258
fallback,vector,i64,128,full,lessTyped,5,4,512,375.561
fallback,vector,i64,128,full,lessTyped,3,4,512,382.414
fallback,vector,i64,128,full,lessTyped,5,5,512,381.256
fallback,vector,i64,128,full,lessTyped,3,5,512,370.844
fallback,vector,i64,128,full,lessTyped,4,5,512,358.152
fallback,vector,i64,128,full,lessTyped,3,6,512,392.984
fallback,vector,i64,128,full,lessTyped,5,6,512,396.723
fallback,vector,i64,128,full,lessTyped,4,6,512,404.553
fallback,vector,i64,128,full,greaterTyped,4,0,512,368.725
fallback,vector,i64,128,full,greaterTyped,3,0,512,432.934
fallback,vector,i64,128,full,greaterTyped,5,0,512,405.438
fallback,vector,i64,128,full,greaterTyped,3,1,512,403.568
fallback,vector,i64,128,full,greaterTyped,4,1,512,374.586
fallback,vector,i64,128,full,greaterTyped,5,1,512,467.201
fallback,vector,i64,128,full,greaterTyped,5,2,512,418.463
fallback,vector,i64,128,full,greaterTyped,3,2,512,426.684
fallback,vector,i64,128,full,greaterTyped,4,2,512,338.627
fallback,vector,i64,128,full,greaterTyped,5,3,512,456.373
fallback,vector,i64,128,full,greaterTyped,3,3,512,430.525
fallback,vector,i64,128,full,greaterTyped,4,3,512,368.088
fallback,vector,i64,128,full,greaterTyped,5,4,512,425.385
fallback,vector,i64,128,full,greaterTyped,4,4,512,352.352
fallback,vector,i64,128,full,greaterTyped,3,4,512,431.475
fallback,vector,i64,128,full,greaterTyped,5,5,512,458.002
fallback,vector,i64,128,full,greaterTyped,4,5,512,353.264
fallback,vector,i64,128,full,greaterTyped,3,5,512,448.896
fallback,vector,i64,128,full,greaterTyped,3,6,512,494.238
fallback,vector,i64,128,full,greaterTyped,4,6,512,358.398
fallback,vector,i64,128,full,greaterTyped,5,6,512,450.691
pipeline,vector,i64,128,full,lessVoid,0,0,512,347.920
pipeline,vector,i64,128,full,lessVoid,1,0,512,391.607
pipeline,vector,i64,128,full,lessVoid,2,0,512,346.602
pipeline,vector,i64,128,full,lessVoid,6,0,512,384.107
pipeline,vector,i64,128,full,lessVoid,0,1,512,372.158
pipeline,vector,i64,128,full,lessVoid,1,1,512,368.500
pipeline,vector,i64,128,full,lessVoid,2,1,512,372.479
pipeline,vector,i64,128,full,lessVoid,6,1,512,403.074
pipeline,vector,i64,128,full,lessVoid,0,2,512,385.178
pipeline,vector,i64,128,full,lessVoid,6,2,512,360.193
pipeline,vector,i64,128,full,lessVoid,1,2,512,389.889
pipeline,vector,i64,128,full,lessVoid,2,2,512,345.031
pipeline,vector,i64,128,full,lessVoid,6,3,512,380.705
pipeline,vector,i64,128,full,lessVoid,1,3,512,390.379
pipeline,vector,i64,128,full,lessVoid,2,3,512,352.125
pipeline,vector,i64,128,full,lessVoid,0,3,512,405.447
pipeline,vector,i64,128,full,lessVoid,1,4,512,373.531
pipeline,vector,i64,128,full,lessVoid,6,4,512,405.352
pipeline,vector,i64,128,full,lessVoid,0,4,512,371.906
pipeline,vector,i64,128,full,lessVoid,2,4,512,393.225
pipeline,vector,i64,128,full,lessVoid,2,5,512,354.986
pipeline,vector,i64,128,full,lessVoid,6,5,512,403.648
pipeline,vector,i64,128,full,lessVoid,1,5,512,389.488
pipeline,vector,i64,128,full,lessVoid,0,5,512,392.180
pipeline,vector,i64,128,full,lessVoid,1,6,512,402.107
pipeline,vector,i64,128,full,lessVoid,0,6,512,388.838
pipeline,vector,i64,128,full,lessVoid,2,6,512,383.707
pipeline,vector,i64,128,full,lessVoid,6,6,512,379.318
pipeline,vector,i64,128,full,greaterTyped,1,0,512,461.273
pipeline,vector,i64,128,full,greaterTyped,0,0,512,444.510
pipeline,vector,i64,128,full,greaterTyped,6,0,512,455.410
pipeline,vector,i64,128,full,greaterTyped,2,0,512,384.850
pipeline,vector,i64,128,full,greaterTyped,1,1,512,462.408
pipeline,vector,i64,128,full,greaterTyped,2,1,512,402.582
pipeline,vector,i64,128,full,greaterTyped,6,1,512,448.416
pipeline,vector,i64,128,full,greaterTyped,0,1,512,413.250
pipeline,vector,i64,128,full,greaterTyped,0,2,512,413.498
pipeline,vector,i64,128,full,greaterTyped,6,2,512,434.562
pipeline,vector,i64,128,full,greaterTyped,2,2,512,406.748
pipeline,vector,i64,128,full,greaterTyped,1,2,512,415.031
pipeline,vector,i64,128,full,greaterTyped,0,3,512,439.289
pipeline,vector,i64,128,full,greaterTyped,6,3,512,442.475
pipeline,vector,i64,128,full,greaterTyped,1,3,512,455.625
pipeline,vector,i64,128,full,greaterTyped,2,3,512,379.875
pipeline,vector,i64,128,full,greaterTyped,6,4,512,459.162
pipeline,vector,i64,128,full,greaterTyped,0,4,512,431.965
pipeline,vector,i64,128,full,greaterTyped,1,4,512,457.582
pipeline,vector,i64,128,full,greaterTyped,2,4,512,380.619
pipeline,vector,i64,128,full,greaterTyped,1,5,512,457.355
pipeline,vector,i64,128,full,greaterTyped,6,5,512,443.869
pipeline,vector,i64,128,full,greaterTyped,0,5,512,454.996
pipeline,vector,i64,128,full,greaterTyped,2,5,512,398.338
pipeline,vector,i64,128,full,greaterTyped,2,6,512,402.914
pipeline,vector,i64,128,full,greaterTyped,0,6,512,436.770
pipeline,vector,i64,128,full,greaterTyped,1,6,512,456.789
pipeline,vector,i64,128,full,greaterTyped,6,6,512,447.166
fallback,vector,i64,128,bits22,lessVoid,5,0,512,347.012
fallback,vector,i64,128,bits22,lessVoid,4,0,512,347.424
fallback,vector,i64,128,bits22,lessVoid,3,0,512,346.814
fallback,vector,i64,128,bits22,lessVoid,5,1,512,346.963
fallback,vector,i64,128,bits22,lessVoid,3,1,512,355.805
fallback,vector,i64,128,bits22,lessVoid,4,1,512,326.002
fallback,vector,i64,128,bits22,lessVoid,5,2,512,356.521
fallback,vector,i64,128,bits22,lessVoid,4,2,512,338.213
fallback,vector,i64,128,bits22,lessVoid,3,2,512,349.117
fallback,vector,i64,128,bits22,lessVoid,4,3,512,350.664
fallback,vector,i64,128,bits22,lessVoid,5,3,512,344.957
fallback,vector,i64,128,bits22,lessVoid,3,3,512,364.816
fallback,vector,i64,128,bits22,lessVoid,4,4,512,386.396
fallback,vector,i64,128,bits22,lessVoid,3,4,512,401.617
fallback,vector,i64,128,bits22,lessVoid,5,4,512,387.525
fallback,vector,i64,128,bits22,lessVoid,5,5,512,434.650
fallback,vector,i64,128,bits22,lessVoid,3,5,512,418.678
fallback,vector,i64,128,bits22,lessVoid,4,5,512,349.699
fallback,vector,i64,128,bits22,lessVoid,3,6,512,353.836
fallback,vector,i64,128,bits22,lessVoid,4,6,512,311.135
fallback,vector,i64,128,bits22,lessVoid,5,6,512,315.572
fallback,vector,i64,128,bits22,lessTyped,4,0,512,314.926
fallback,vector,i64,128,bits22,lessTyped,5,0,512,351.875
fallback,vector,i64,128,bits22,lessTyped,3,0,512,337.078
fallback,vector,i64,128,bits22,lessTyped,4,1,512,313.969
fallback,vector,i64,128,bits22,lessTyped,3,1,512,334.717
fallback,vector,i64,128,bits22,lessTyped,5,1,512,334.805
fallback,vector,i64,128,bits22,lessTyped,5,2,512,361.900
fallback,vector,i64,128,bits22,lessTyped,3,2,512,347.938
fallback,vector,i64,128,bits22,lessTyped,4,2,512,322.900
fallback,vector,i64,128,bits22,lessTyped,5,3,512,363.625
fallback,vector,i64,128,bits22,lessTyped,4,3,512,320.496
fallback,vector,i64,128,bits22,lessTyped,3,3,512,378.428
fallback,vector,i64,128,bits22,lessTyped,4,4,512,325.506
fallback,vector,i64,128,bits22,lessTyped,5,4,512,338.875
fallback,vector,i64,128,bits22,lessTyped,3,4,512,353.244
fallback,vector,i64,128,bits22,lessTyped,5,5,512,341.043
fallback,vector,i64,128,bits22,lessTyped,3,5,512,372.482
fallback,vector,i64,128,bits22,lessTyped,4,5,512,319.973
fallback,vector,i64,128,bits22,lessTyped,4,6,512,343.840
fallback,vector,i64,128,bits22,lessTyped,5,6,512,350.746
fallback,vector,i64,128,bits22,lessTyped,3,6,512,344.744
fallback,vector,i64,128,bits22,greaterTyped,4,0,512,337.971
fallback,vector,i64,128,bits22,greaterTyped,3,0,512,505.463
fallback,vector,i64,128,bits22,greaterTyped,5,0,512,492.859
fallback,vector,i64,128,bits22,greaterTyped,3,1,512,490.898
fallback,vector,i64,128,bits22,greaterTyped,5,1,512,516.514
fallback,vector,i64,128,bits22,greaterTyped,4,1,512,434.971
fallback,vector,i64,128,bits22,greaterTyped,3,2,512,503.588
fallback,vector,i64,128,bits22,greaterTyped,5,2,512,497.637
fallback,vector,i64,128,bits22,greaterTyped,4,2,512,412.844
fallback,vector,i64,128,bits22,greaterTyped,5,3,512,484.625
fallback,vector,i64,128,bits22,greaterTyped,3,3,512,500.971
fallback,vector,i64,128,bits22,greaterTyped,4,3,512,403.076
fallback,vector,i64,128,bits22,greaterTyped,4,4,512,403.725
fallback,vector,i64,128,bits22,greaterTyped,3,4,512,483.723
fallback,vector,i64,128,bits22,greaterTyped,5,4,512,464.494
fallback,vector,i64,128,bits22,greaterTyped,3,5,512,434.916
fallback,vector,i64,128,bits22,greaterTyped,5,5,512,436.941
fallback,vector,i64,128,bits22,greaterTyped,4,5,512,325.969
fallback,vector,i64,128,bits22,greaterTyped,4,6,512,328.672
fallback,vector,i64,128,bits22,greaterTyped,5,6,512,434.480
fallback,vector,i64,128,bits22,greaterTyped,3,6,512,434.242
pipeline,vector,i64,128,bits22,lessVoid,0,0,512,347.562
pipeline,vector,i64,128,bits22,lessVoid,1,0,512,347.908
pipeline,vector,i64,128,bits22,lessVoid,2,0,512,320.191
pipeline,vector,i64,128,bits22,lessVoid,6,0,512,345.301
pipeline,vector,i64,128,bits22,lessVoid,1,1,512,355.299
pipeline,vector,i64,128,bits22,lessVoid,6,1,512,376.955
pipeline,vector,i64,128,bits22,lessVoid,2,1,512,321.531
pipeline,vector,i64,128,bits22,lessVoid,0,1,512,382.318
pipeline,vector,i64,128,bits22,lessVoid,1,2,512,350.994
pipeline,vector,i64,128,bits22,lessVoid,2,2,512,342.344
pipeline,vector,i64,128,bits22,lessVoid,0,2,512,364.504
pipeline,vector,i64,128,bits22,lessVoid,6,2,512,371.020
pipeline,vector,i64,128,bits22,lessVoid,2,3,512,349.205
pipeline,vector,i64,128,bits22,lessVoid,1,3,512,360.262
pipeline,vector,i64,128,bits22,lessVoid,6,3,512,388.424
pipeline,vector,i64,128,bits22,lessVoid,0,3,512,352.951
pipeline,vector,i64,128,bits22,lessVoid,2,4,512,376.301
pipeline,vector,i64,128,bits22,lessVoid,1,4,512,367.924
pipeline,vector,i64,128,bits22,lessVoid,6,4,512,385.746
pipeline,vector,i64,128,bits22,lessVoid,0,4,512,372.479
pipeline,vector,i64,128,bits22,lessVoid,1,5,512,366.289
pipeline,vector,i64,128,bits22,lessVoid,0,5,512,384.855
pipeline,vector,i64,128,bits22,lessVoid,2,5,512,325.256
pipeline,vector,i64,128,bits22,lessVoid,6,5,512,413.078
pipeline,vector,i64,128,bits22,lessVoid,1,6,512,358.250
pipeline,vector,i64,128,bits22,lessVoid,0,6,512,389.863
pipeline,vector,i64,128,bits22,lessVoid,6,6,512,369.623
pipeline,vector,i64,128,bits22,lessVoid,2,6,512,390.951
pipeline,vector,i64,128,bits22,greaterTyped,0,0,512,512.225
pipeline,vector,i64,128,bits22,greaterTyped,2,0,512,359.861
pipeline,vector,i64,128,bits22,greaterTyped,1,0,512,459.338
pipeline,vector,i64,128,bits22,greaterTyped,6,0,512,437.299
pipeline,vector,i64,128,bits22,greaterTyped,0,1,512,436.689
pipeline,vector,i64,128,bits22,greaterTyped,6,1,512,439.504
pipeline,vector,i64,128,bits22,greaterTyped,2,1,512,329.107
pipeline,vector,i64,128,bits22,greaterTyped,1,1,512,437.182
pipeline,vector,i64,128,bits22,greaterTyped,2,2,512,372.879
pipeline,vector,i64,128,bits22,greaterTyped,1,2,512,450.514
pipeline,vector,i64,128,bits22,greaterTyped,0,2,512,449.451
pipeline,vector,i64,128,bits22,greaterTyped,6,2,512,490.553
pipeline,vector,i64,128,bits22,greaterTyped,2,3,512,397.293
pipeline,vector,i64,128,bits22,greaterTyped,0,3,512,482.508
pipeline,vector,i64,128,bits22,greaterTyped,6,3,512,458.896
pipeline,vector,i64,128,bits22,greaterTyped,1,3,512,464.627
pipeline,vector,i64,128,bits22,greaterTyped,6,4,512,460.928
pipeline,vector,i64,128,bits22,greaterTyped,0,4,512,501.541
pipeline,vector,i64,128,bits22,greaterTyped,2,4,512,369.707
pipeline,vector,i64,128,bits22,greaterTyped,1,4,512,504.371
pipeline,vector,i64,128,bits22,greaterTyped,2,5,512,374.746
pipeline,vector,i64,128,bits22,greaterTyped,0,5,512,517.820
pipeline,vector,i64,128,bits22,greaterTyped,6,5,512,467.277
pipeline,vector,i64,128,bits22,greaterTyped,1,5,512,502.424
pipeline,vector,i64,128,bits22,greaterTyped,1,6,512,492.680
pipeline,vector,i64,128,bits22,greaterTyped,2,6,512,397.875
pipeline,vector,i64,128,bits22,greaterTyped,0,6,512,498.457
pipeline,vector,i64,128,bits22,greaterTyped,6,6,512,489.838
fallback,vector,i64,128,gaps,lessVoid,5,0,512,365.066
fallback,vector,i64,128,gaps,lessVoid,4,0,512,335.824
fallback,vector,i64,128,gaps,lessVoid,3,0,512,370.938
fallback,vector,i64,128,gaps,lessVoid,5,1,512,351.623
fallback,vector,i64,128,gaps,lessVoid,4,1,512,341.705
fallback,vector,i64,128,gaps,lessVoid,3,1,512,358.807
fallback,vector,i64,128,gaps,lessVoid,3,2,512,369.213
fallback,vector,i64,128,gaps,lessVoid,4,2,512,420.914
fallback,vector,i64,128,gaps,lessVoid,5,2,512,368.736
fallback,vector,i64,128,gaps,lessVoid,4,3,512,419.178
fallback,vector,i64,128,gaps,lessVoid,5,3,512,371.902
fallback,vector,i64,128,gaps,lessVoid,3,3,512,320.729
fallback,vector,i64,128,gaps,lessVoid,4,4,512,339.758
fallback,vector,i64,128,gaps,lessVoid,5,4,512,330.633
fallback,vector,i64,128,gaps,lessVoid,3,4,512,330.893
fallback,vector,i64,128,gaps,lessVoid,3,5,512,330.898
fallback,vector,i64,128,gaps,lessVoid,4,5,512,319.359
fallback,vector,i64,128,gaps,lessVoid,5,5,512,330.676
fallback,vector,i64,128,gaps,lessVoid,4,6,512,352.709
fallback,vector,i64,128,gaps,lessVoid,5,6,512,332.275
fallback,vector,i64,128,gaps,lessVoid,3,6,512,330.471
fallback,vector,i64,128,gaps,lessTyped,5,0,512,378.090
fallback,vector,i64,128,gaps,lessTyped,3,0,512,421.348
fallback,vector,i64,128,gaps,lessTyped,4,0,512,353.244
fallback,vector,i64,128,gaps,lessTyped,4,1,512,323.234
fallback,vector,i64,128,gaps,lessTyped,5,1,512,351.979
fallback,vector,i64,128,gaps,lessTyped,3,1,512,331.631
fallback,vector,i64,128,gaps,lessTyped,3,2,512,327.152
fallback,vector,i64,128,gaps,lessTyped,4,2,512,344.984
fallback,vector,i64,128,gaps,lessTyped,5,2,512,328.096
fallback,vector,i64,128,gaps,lessTyped,5,3,512,332.535
fallback,vector,i64,128,gaps,lessTyped,3,3,512,329.990
fallback,vector,i64,128,gaps,lessTyped,4,3,512,335.045
fallback,vector,i64,128,gaps,lessTyped,5,4,512,333.994
fallback,vector,i64,128,gaps,lessTyped,3,4,512,331.090
fallback,vector,i64,128,gaps,lessTyped,4,4,512,344.414
fallback,vector,i64,128,gaps,lessTyped,3,5,512,357.908
fallback,vector,i64,128,gaps,lessTyped,5,5,512,331.705
fallback,vector,i64,128,gaps,lessTyped,4,5,512,364.990
fallback,vector,i64,128,gaps,lessTyped,4,6,512,335.129
fallback,vector,i64,128,gaps,lessTyped,5,6,512,354.086
fallback,vector,i64,128,gaps,lessTyped,3,6,512,351.818
fallback,vector,i64,128,gaps,greaterTyped,5,0,512,466.967
fallback,vector,i64,128,gaps,greaterTyped,3,0,512,484.471
fallback,vector,i64,128,gaps,greaterTyped,4,0,512,342.908
fallback,vector,i64,128,gaps,greaterTyped,5,1,512,482.582
fallback,vector,i64,128,gaps,greaterTyped,4,1,512,391.516
fallback,vector,i64,128,gaps,greaterTyped,3,1,512,484.441
fallback,vector,i64,128,gaps,greaterTyped,5,2,512,470.693
fallback,vector,i64,128,gaps,greaterTyped,3,2,512,492.506
fallback,vector,i64,128,gaps,greaterTyped,4,2,512,380.537
fallback,vector,i64,128,gaps,greaterTyped,3,3,512,503.090
fallback,vector,i64,128,gaps,greaterTyped,5,3,512,435.213
fallback,vector,i64,128,gaps,greaterTyped,4,3,512,323.264
fallback,vector,i64,128,gaps,greaterTyped,4,4,512,323.291
fallback,vector,i64,128,gaps,greaterTyped,3,4,512,453.135
fallback,vector,i64,128,gaps,greaterTyped,5,4,512,485.021
fallback,vector,i64,128,gaps,greaterTyped,3,5,512,430.910
fallback,vector,i64,128,gaps,greaterTyped,5,5,512,428.797
fallback,vector,i64,128,gaps,greaterTyped,4,5,512,348.635
fallback,vector,i64,128,gaps,greaterTyped,3,6,512,473.400
fallback,vector,i64,128,gaps,greaterTyped,4,6,512,376.539
fallback,vector,i64,128,gaps,greaterTyped,5,6,512,434.240
pipeline,vector,i64,128,gaps,lessVoid,2,0,512,325.197
pipeline,vector,i64,128,gaps,lessVoid,6,0,512,373.768
pipeline,vector,i64,128,gaps,lessVoid,0,0,512,391.920
pipeline,vector,i64,128,gaps,lessVoid,1,0,512,340.023
pipeline,vector,i64,128,gaps,lessVoid,2,1,512,366.695
pipeline,vector,i64,128,gaps,lessVoid,0,1,512,339.490
pipeline,vector,i64,128,gaps,lessVoid,1,1,512,371.996
pipeline,vector,i64,128,gaps,lessVoid,6,1,512,351.812
pipeline,vector,i64,128,gaps,lessVoid,0,2,512,332.189
pipeline,vector,i64,128,gaps,lessVoid,6,2,512,335.453
pipeline,vector,i64,128,gaps,lessVoid,2,2,512,342.547
pipeline,vector,i64,128,gaps,lessVoid,1,2,512,342.291
pipeline,vector,i64,128,gaps,lessVoid,0,3,512,348.711
pipeline,vector,i64,128,gaps,lessVoid,6,3,512,345.512
pipeline,vector,i64,128,gaps,lessVoid,1,3,512,355.699
pipeline,vector,i64,128,gaps,lessVoid,2,3,512,346.596
pipeline,vector,i64,128,gaps,lessVoid,1,4,512,335.945
pipeline,vector,i64,128,gaps,lessVoid,0,4,512,348.305
pipeline,vector,i64,128,gaps,lessVoid,6,4,512,371.656
pipeline,vector,i64,128,gaps,lessVoid,2,4,512,359.377
pipeline,vector,i64,128,gaps,lessVoid,6,5,512,344.480
pipeline,vector,i64,128,gaps,lessVoid,1,5,512,367.184
pipeline,vector,i64,128,gaps,lessVoid,2,5,512,365.902
pipeline,vector,i64,128,gaps,lessVoid,0,5,512,372.324
pipeline,vector,i64,128,gaps,lessVoid,6,6,512,333.732
pipeline,vector,i64,128,gaps,lessVoid,2,6,512,364.346
pipeline,vector,i64,128,gaps,lessVoid,0,6,512,358.242
pipeline,vector,i64,128,gaps,lessVoid,1,6,512,390.139
pipeline,vector,i64,128,gaps,greaterTyped,1,0,512,431.484
pipeline,vector,i64,128,gaps,greaterTyped,6,0,512,432.457
pipeline,vector,i64,128,gaps,greaterTyped,2,0,512,329.582
pipeline,vector,i64,128,gaps,greaterTyped,0,0,512,430.996
pipeline,vector,i64,128,gaps,greaterTyped,6,1,512,442.385
pipeline,vector,i64,128,gaps,greaterTyped,1,1,512,459.643
pipeline,vector,i64,128,gaps,greaterTyped,0,1,512,461.666
pipeline,vector,i64,128,gaps,greaterTyped,2,1,512,329.523
pipeline,vector,i64,128,gaps,greaterTyped,1,2,512,432.707
pipeline,vector,i64,128,gaps,greaterTyped,2,2,512,361.156
pipeline,vector,i64,128,gaps,greaterTyped,6,2,512,487.385
pipeline,vector,i64,128,gaps,greaterTyped,0,2,512,449.170
pipeline,vector,i64,128,gaps,greaterTyped,2,3,512,363.852
pipeline,vector,i64,128,gaps,greaterTyped,6,3,512,457.109
pipeline,vector,i64,128,gaps,greaterTyped,1,3,512,485.600
pipeline,vector,i64,128,gaps,greaterTyped,0,3,512,469.588
pipeline,vector,i64,128,gaps,greaterTyped,2,4,512,409.096
pipeline,vector,i64,128,gaps,greaterTyped,1,4,512,453.455
pipeline,vector,i64,128,gaps,greaterTyped,0,4,512,442.537
pipeline,vector,i64,128,gaps,greaterTyped,6,4,512,423.678
pipeline,vector,i64,128,gaps,greaterTyped,0,5,512,423.988
pipeline,vector,i64,128,gaps,greaterTyped,6,5,512,429.197
pipeline,vector,i64,128,gaps,greaterTyped,2,5,512,364.174
pipeline,vector,i64,128,gaps,greaterTyped,1,5,512,429.432
pipeline,vector,i64,128,gaps,greaterTyped,6,6,512,428.547
pipeline,vector,i64,128,gaps,greaterTyped,2,6,512,378.422
pipeline,vector,i64,128,gaps,greaterTyped,0,6,512,434.977
pipeline,vector,i64,128,gaps,greaterTyped,1,6,512,427.412
fallback,vector,i64,128,ordered,lessVoid,4,0,512,94.809
fallback,vector,i64,128,ordered,lessVoid,3,0,512,128.994
fallback,vector,i64,128,ordered,lessVoid,5,0,512,100.908
fallback,vector,i64,128,ordered,lessVoid,4,1,512,69.459
fallback,vector,i64,128,ordered,lessVoid,3,1,512,100.742
fallback,vector,i64,128,ordered,lessVoid,5,1,512,99.035
fallback,vector,i64,128,ordered,lessVoid,3,2,512,100.342
fallback,vector,i64,128,ordered,lessVoid,5,2,512,100.180
fallback,vector,i64,128,ordered,lessVoid,4,2,512,68.959
fallback,vector,i64,128,ordered,lessVoid,4,3,512,70.068
fallback,vector,i64,128,ordered,lessVoid,5,3,512,99.037
fallback,vector,i64,128,ordered,lessVoid,3,3,512,99.117
fallback,vector,i64,128,ordered,lessVoid,4,4,512,69.475
fallback,vector,i64,128,ordered,lessVoid,5,4,512,99.852
fallback,vector,i64,128,ordered,lessVoid,3,4,512,99.613
fallback,vector,i64,128,ordered,lessVoid,3,5,512,101.160
fallback,vector,i64,128,ordered,lessVoid,5,5,512,100.178
fallback,vector,i64,128,ordered,lessVoid,4,5,512,80.303
fallback,vector,i64,128,ordered,lessVoid,5,6,512,100.424
fallback,vector,i64,128,ordered,lessVoid,4,6,512,68.342
fallback,vector,i64,128,ordered,lessVoid,3,6,512,99.520
fallback,vector,i64,128,ordered,lessTyped,4,0,512,70.668
fallback,vector,i64,128,ordered,lessTyped,5,0,512,99.697
fallback,vector,i64,128,ordered,lessTyped,3,0,512,100.016
fallback,vector,i64,128,ordered,lessTyped,5,1,512,100.344
fallback,vector,i64,128,ordered,lessTyped,3,1,512,100.016
fallback,vector,i64,128,ordered,lessTyped,4,1,512,72.609
fallback,vector,i64,128,ordered,lessTyped,5,2,512,111.820
fallback,vector,i64,128,ordered,lessTyped,4,2,512,81.789
fallback,vector,i64,128,ordered,lessTyped,3,2,512,104.648
fallback,vector,i64,128,ordered,lessTyped,3,3,512,98.637
fallback,vector,i64,128,ordered,lessTyped,5,3,512,99.127
fallback,vector,i64,128,ordered,lessTyped,4,3,512,67.691
fallback,vector,i64,128,ordered,lessTyped,4,4,512,66.303
fallback,vector,i64,128,ordered,lessTyped,5,4,512,98.791
fallback,vector,i64,128,ordered,lessTyped,3,4,512,99.031
fallback,vector,i64,128,ordered,lessTyped,4,5,512,67.084
fallback,vector,i64,128,ordered,lessTyped,5,5,512,99.445
fallback,vector,i64,128,ordered,lessTyped,3,5,512,98.875
fallback,vector,i64,128,ordered,lessTyped,3,6,512,106.945
fallback,vector,i64,128,ordered,lessTyped,4,6,512,74.852
fallback,vector,i64,128,ordered,lessTyped,5,6,512,111.977
fallback,vector,i64,128,ordered,greaterTyped,3,0,512,136.744
fallback,vector,i64,128,ordered,greaterTyped,4,0,512,97.330
fallback,vector,i64,128,ordered,greaterTyped,5,0,512,143.879
fallback,vector,i64,128,ordered,greaterTyped,5,1,512,138.998
fallback,vector,i64,128,ordered,greaterTyped,4,1,512,106.773
fallback,vector,i64,128,ordered,greaterTyped,3,1,512,150.463
fallback,vector,i64,128,ordered,greaterTyped,3,2,512,149.012
fallback,vector,i64,128,ordered,greaterTyped,4,2,512,102.875
fallback,vector,i64,128,ordered,greaterTyped,5,2,512,134.863
fallback,vector,i64,128,ordered,greaterTyped,5,3,512,133.973
fallback,vector,i64,128,ordered,greaterTyped,3,3,512,152.098
fallback,vector,i64,128,ordered,greaterTyped,4,3,512,108.969
fallback,vector,i64,128,ordered,greaterTyped,3,4,512,148.617
fallback,vector,i64,128,ordered,greaterTyped,4,4,512,97.324
fallback,vector,i64,128,ordered,greaterTyped,5,4,512,134.299
fallback,vector,i64,128,ordered,greaterTyped,5,5,512,145.432
fallback,vector,i64,128,ordered,greaterTyped,4,5,512,108.477
fallback,vector,i64,128,ordered,greaterTyped,3,5,512,150.473
fallback,vector,i64,128,ordered,greaterTyped,5,6,512,135.240
fallback,vector,i64,128,ordered,greaterTyped,3,6,512,139.383
fallback,vector,i64,128,ordered,greaterTyped,4,6,512,111.244
fallback,vector,i64,128,reverse,lessVoid,4,0,512,102.697
fallback,vector,i64,128,reverse,lessVoid,5,0,512,129.469
fallback,vector,i64,128,reverse,lessVoid,3,0,512,139.729
fallback,vector,i64,128,reverse,lessVoid,4,1,512,111.740
fallback,vector,i64,128,reverse,lessVoid,5,1,512,137.125
fallback,vector,i64,128,reverse,lessVoid,3,1,512,128.656
fallback,vector,i64,128,reverse,lessVoid,4,2,512,107.830
fallback,vector,i64,128,reverse,lessVoid,5,2,512,143.225
fallback,vector,i64,128,reverse,lessVoid,3,2,512,142.746
fallback,vector,i64,128,reverse,lessVoid,4,3,512,109.467
fallback,vector,i64,128,reverse,lessVoid,3,3,512,130.766
fallback,vector,i64,128,reverse,lessVoid,5,3,512,129.555
fallback,vector,i64,128,reverse,lessVoid,5,4,512,129.465
fallback,vector,i64,128,reverse,lessVoid,3,4,512,143.143
fallback,vector,i64,128,reverse,lessVoid,4,4,512,117.340
fallback,vector,i64,128,reverse,lessVoid,4,5,512,100.182
fallback,vector,i64,128,reverse,lessVoid,3,5,512,130.377
fallback,vector,i64,128,reverse,lessVoid,5,5,512,148.348
fallback,vector,i64,128,reverse,lessVoid,4,6,512,115.311
fallback,vector,i64,128,reverse,lessVoid,5,6,512,144.043
fallback,vector,i64,128,reverse,lessVoid,3,6,512,132.969
fallback,vector,i64,128,reverse,lessTyped,5,0,512,153.986
fallback,vector,i64,128,reverse,lessTyped,3,0,512,170.738
fallback,vector,i64,128,reverse,lessTyped,4,0,512,125.812
fallback,vector,i64,128,reverse,lessTyped,5,1,512,129.398
fallback,vector,i64,128,reverse,lessTyped,3,1,512,129.475
fallback,vector,i64,128,reverse,lessTyped,4,1,512,107.094
fallback,vector,i64,128,reverse,lessTyped,5,2,512,135.412
fallback,vector,i64,128,reverse,lessTyped,3,2,512,132.896
fallback,vector,i64,128,reverse,lessTyped,4,2,512,108.158
fallback,vector,i64,128,reverse,lessTyped,4,3,512,116.213
fallback,vector,i64,128,reverse,lessTyped,5,3,512,142.502
fallback,vector,i64,128,reverse,lessTyped,3,3,512,139.406
fallback,vector,i64,128,reverse,lessTyped,3,4,512,129.154
fallback,vector,i64,128,reverse,lessTyped,5,4,512,132.312
fallback,vector,i64,128,reverse,lessTyped,4,4,512,109.781
fallback,vector,i64,128,reverse,lessTyped,5,5,512,144.789
fallback,vector,i64,128,reverse,lessTyped,3,5,512,138.344
fallback,vector,i64,128,reverse,lessTyped,4,5,512,97.334
fallback,vector,i64,128,reverse,lessTyped,3,6,512,136.479
fallback,vector,i64,128,reverse,lessTyped,5,6,512,145.648
fallback,vector,i64,128,reverse,lessTyped,4,6,512,111.896
fallback,vector,i64,128,reverse,greaterTyped,3,0,512,77.326
fallback,vector,i64,128,reverse,greaterTyped,5,0,512,81.381
fallback,vector,i64,128,reverse,greaterTyped,4,0,512,81.127
fallback,vector,i64,128,reverse,greaterTyped,3,1,512,86.748
fallback,vector,i64,128,reverse,greaterTyped,4,1,512,83.008
fallback,vector,i64,128,reverse,greaterTyped,5,1,512,98.545
fallback,vector,i64,128,reverse,greaterTyped,5,2,512,75.836
fallback,vector,i64,128,reverse,greaterTyped,3,2,512,74.451
fallback,vector,i64,128,reverse,greaterTyped,4,2,512,78.703
fallback,vector,i64,128,reverse,greaterTyped,3,3,512,82.451
fallback,vector,i64,128,reverse,greaterTyped,5,3,512,83.906
fallback,vector,i64,128,reverse,greaterTyped,4,3,512,82.838
fallback,vector,i64,128,reverse,greaterTyped,3,4,512,83.057
fallback,vector,i64,128,reverse,greaterTyped,4,4,512,98.736
fallback,vector,i64,128,reverse,greaterTyped,5,4,512,80.066
fallback,vector,i64,128,reverse,greaterTyped,5,5,512,87.078
fallback,vector,i64,128,reverse,greaterTyped,3,5,512,72.863
fallback,vector,i64,128,reverse,greaterTyped,4,5,512,70.486
fallback,vector,i64,128,reverse,greaterTyped,3,6,512,80.186
fallback,vector,i64,128,reverse,greaterTyped,5,6,512,73.385
fallback,vector,i64,128,reverse,greaterTyped,4,6,512,74.799
fallback,vector,i64,128,nearly,lessVoid,5,0,512,188.574
fallback,vector,i64,128,nearly,lessVoid,4,0,512,156.898
fallback,vector,i64,128,nearly,lessVoid,3,0,512,200.102
fallback,vector,i64,128,nearly,lessVoid,4,1,512,172.934
fallback,vector,i64,128,nearly,lessVoid,3,1,512,198.160
fallback,vector,i64,128,nearly,lessVoid,5,1,512,195.949
fallback,vector,i64,128,nearly,lessVoid,4,2,512,174.971
fallback,vector,i64,128,nearly,lessVoid,5,2,512,203.203
fallback,vector,i64,128,nearly,lessVoid,3,2,512,188.873
fallback,vector,i64,128,nearly,lessVoid,3,3,512,189.189
fallback,vector,i64,128,nearly,lessVoid,5,3,512,188.967
fallback,vector,i64,128,nearly,lessVoid,4,3,512,166.906
fallback,vector,i64,128,nearly,lessVoid,3,4,512,192.555
fallback,vector,i64,128,nearly,lessVoid,5,4,512,213.061
fallback,vector,i64,128,nearly,lessVoid,4,4,512,174.977
fallback,vector,i64,128,nearly,lessVoid,4,5,512,169.025
fallback,vector,i64,128,nearly,lessVoid,5,5,512,189.619
fallback,vector,i64,128,nearly,lessVoid,3,5,512,205.393
fallback,vector,i64,128,nearly,lessVoid,3,6,512,211.105
fallback,vector,i64,128,nearly,lessVoid,5,6,512,200.031
fallback,vector,i64,128,nearly,lessVoid,4,6,512,154.379
fallback,vector,i64,128,nearly,lessTyped,4,0,512,155.930
fallback,vector,i64,128,nearly,lessTyped,3,0,512,203.367
fallback,vector,i64,128,nearly,lessTyped,5,0,512,209.312
fallback,vector,i64,128,nearly,lessTyped,3,1,512,201.250
fallback,vector,i64,128,nearly,lessTyped,5,1,512,187.572
fallback,vector,i64,128,nearly,lessTyped,4,1,512,170.408
fallback,vector,i64,128,nearly,lessTyped,3,2,512,210.447
fallback,vector,i64,128,nearly,lessTyped,4,2,512,163.902
fallback,vector,i64,128,nearly,lessTyped,5,2,512,202.480
fallback,vector,i64,128,nearly,lessTyped,4,3,512,205.893
fallback,vector,i64,128,nearly,lessTyped,3,3,512,199.131
fallback,vector,i64,128,nearly,lessTyped,5,3,512,196.133
fallback,vector,i64,128,nearly,lessTyped,5,4,512,190.826
fallback,vector,i64,128,nearly,lessTyped,3,4,512,212.145
fallback,vector,i64,128,nearly,lessTyped,4,4,512,172.846
fallback,vector,i64,128,nearly,lessTyped,5,5,512,194.916
fallback,vector,i64,128,nearly,lessTyped,4,5,512,157.383
fallback,vector,i64,128,nearly,lessTyped,3,5,512,189.285
fallback,vector,i64,128,nearly,lessTyped,3,6,512,204.186
fallback,vector,i64,128,nearly,lessTyped,4,6,512,161.789
fallback,vector,i64,128,nearly,lessTyped,5,6,512,199.555
fallback,vector,i64,128,nearly,greaterTyped,4,0,512,245.199
fallback,vector,i64,128,nearly,greaterTyped,3,0,512,289.467
fallback,vector,i64,128,nearly,greaterTyped,5,0,512,282.604
fallback,vector,i64,128,nearly,greaterTyped,5,1,512,298.590
fallback,vector,i64,128,nearly,greaterTyped,3,1,512,287.832
fallback,vector,i64,128,nearly,greaterTyped,4,1,512,237.312
fallback,vector,i64,128,nearly,greaterTyped,4,2,512,254.400
fallback,vector,i64,128,nearly,greaterTyped,5,2,512,293.688
fallback,vector,i64,128,nearly,greaterTyped,3,2,512,287.422
fallback,vector,i64,128,nearly,greaterTyped,4,3,512,258.137
fallback,vector,i64,128,nearly,greaterTyped,3,3,512,290.777
fallback,vector,i64,128,nearly,greaterTyped,5,3,512,287.926
fallback,vector,i64,128,nearly,greaterTyped,5,4,512,300.857
fallback,vector,i64,128,nearly,greaterTyped,3,4,512,285.758
fallback,vector,i64,128,nearly,greaterTyped,4,4,512,250.070
fallback,vector,i64,128,nearly,greaterTyped,5,5,512,302.234
fallback,vector,i64,128,nearly,greaterTyped,3,5,512,284.426
fallback,vector,i64,128,nearly,greaterTyped,4,5,512,250.809
fallback,vector,i64,128,nearly,greaterTyped,4,6,512,257.652
fallback,vector,i64,128,nearly,greaterTyped,5,6,512,288.494
fallback,vector,i64,128,nearly,greaterTyped,3,6,512,293.311
fallback,vector,i64,512,full,lessVoid,5,0,465,2151.877
fallback,vector,i64,512,full,lessVoid,3,0,459,2181.373
fallback,vector,i64,512,full,lessVoid,4,0,469,2134.358
fallback,vector,i64,512,full,lessVoid,4,1,474,2110.405
fallback,vector,i64,512,full,lessVoid,5,1,458,2188.325
fallback,vector,i64,512,full,lessVoid,3,1,460,2177.535
fallback,vector,i64,512,full,lessVoid,5,2,460,2178.543
fallback,vector,i64,512,full,lessVoid,4,2,467,2141.794
fallback,vector,i64,512,full,lessVoid,3,2,459,2183.196
fallback,vector,i64,512,full,lessVoid,3,3,464,2156.366
fallback,vector,i64,512,full,lessVoid,4,3,466,2147.974
fallback,vector,i64,512,full,lessVoid,5,3,457,2191.114
fallback,vector,i64,512,full,lessVoid,4,4,473,2115.685
fallback,vector,i64,512,full,lessVoid,5,4,454,2204.220
fallback,vector,i64,512,full,lessVoid,3,4,453,2210.929
fallback,vector,i64,512,full,lessVoid,3,5,438,2287.388
fallback,vector,i64,512,full,lessVoid,5,5,463,2163.153
fallback,vector,i64,512,full,lessVoid,4,5,470,2128.285
fallback,vector,i64,512,full,lessVoid,4,6,461,2172.798
fallback,vector,i64,512,full,lessVoid,3,6,458,2186.221
fallback,vector,i64,512,full,lessVoid,5,6,456,2195.068
fallback,vector,i64,512,full,lessTyped,3,0,462,2165.591
fallback,vector,i64,512,full,lessTyped,5,0,464,2155.976
fallback,vector,i64,512,full,lessTyped,4,0,473,2114.436
fallback,vector,i64,512,full,lessTyped,5,1,461,2169.570
fallback,vector,i64,512,full,lessTyped,3,1,460,2176.791
fallback,vector,i64,512,full,lessTyped,4,1,472,2120.585
fallback,vector,i64,512,full,lessTyped,4,2,453,2210.364
fallback,vector,i64,512,full,lessTyped,3,2,454,2203.370
fallback,vector,i64,512,full,lessTyped,5,2,456,2193.261
fallback,vector,i64,512,full,lessTyped,4,3,470,2130.138
fallback,vector,i64,512,full,lessTyped,5,3,461,2171.174
fallback,vector,i64,512,full,lessTyped,3,3,463,2162.724
fallback,vector,i64,512,full,lessTyped,3,4,463,2163.788
fallback,vector,i64,512,full,lessTyped,5,4,462,2165.582
fallback,vector,i64,512,full,lessTyped,4,4,458,2184.948
fallback,vector,i64,512,full,lessTyped,3,5,454,2203.738
fallback,vector,i64,512,full,lessTyped,5,5,463,2161.898
fallback,vector,i64,512,full,lessTyped,4,5,468,2137.733
fallback,vector,i64,512,full,lessTyped,5,6,459,2179.475
fallback,vector,i64,512,full,lessTyped,4,6,461,2171.102
fallback,vector,i64,512,full,lessTyped,3,6,461,2170.202
fallback,vector,i64,512,full,greaterTyped,4,0,457,2188.451
fallback,vector,i64,512,full,greaterTyped,5,0,452,2216.989
fallback,vector,i64,512,full,greaterTyped,3,0,452,2213.347
fallback,vector,i64,512,full,greaterTyped,5,1,454,2205.872
fallback,vector,i64,512,full,greaterTyped,4,1,455,2198.987
fallback,vector,i64,512,full,greaterTyped,3,1,455,2201.446
fallback,vector,i64,512,full,greaterTyped,5,2,446,2245.623
fallback,vector,i64,512,full,greaterTyped,3,2,449,2229.702
fallback,vector,i64,512,full,greaterTyped,4,2,460,2176.172
fallback,vector,i64,512,full,greaterTyped,3,3,451,2217.851
fallback,vector,i64,512,full,greaterTyped,5,3,450,2224.807
fallback,vector,i64,512,full,greaterTyped,4,3,456,2193.175
fallback,vector,i64,512,full,greaterTyped,5,4,457,2188.527
fallback,vector,i64,512,full,greaterTyped,3,4,450,2227.400
fallback,vector,i64,512,full,greaterTyped,4,4,454,2204.112
fallback,vector,i64,512,full,greaterTyped,5,5,452,2216.803
fallback,vector,i64,512,full,greaterTyped,4,5,462,2167.755
fallback,vector,i64,512,full,greaterTyped,3,5,455,2198.268
fallback,vector,i64,512,full,greaterTyped,5,6,454,2202.822
fallback,vector,i64,512,full,greaterTyped,4,6,451,2218.596
fallback,vector,i64,512,full,greaterTyped,3,6,454,2205.676
pipeline,vector,i64,512,full,lessVoid,2,0,410,2441.676
pipeline,vector,i64,512,full,lessVoid,0,0,408,2453.243
pipeline,vector,i64,512,full,lessVoid,6,0,411,2433.436
pipeline,vector,i64,512,full,lessVoid,1,0,405,2473.553
pipeline,vector,i64,512,full,lessVoid,6,1,381,2630.039
pipeline,vector,i64,512,full,lessVoid,0,1,404,2480.502
pipeline,vector,i64,512,full,lessVoid,2,1,413,2426.857
pipeline,vector,i64,512,full,lessVoid,1,1,406,2467.574
pipeline,vector,i64,512,full,lessVoid,6,2,403,2485.618
pipeline,vector,i64,512,full,lessVoid,1,2,404,2477.423
pipeline,vector,i64,512,full,lessVoid,0,2,404,2476.156
pipeline,vector,i64,512,full,lessVoid,2,2,414,2417.377
pipeline,vector,i64,512,full,lessVoid,6,3,391,2558.304
pipeline,vector,i64,512,full,lessVoid,0,3,407,2457.113
pipeline,vector,i64,512,full,lessVoid,1,3,403,2486.769
pipeline,vector,i64,512,full,lessVoid,2,3,404,2475.750
pipeline,vector,i64,512,full,lessVoid,2,4,421,2379.261
pipeline,vector,i64,512,full,lessVoid,1,4,386,2595.078
pipeline,vector,i64,512,full,lessVoid,0,4,399,2508.664
pipeline,vector,i64,512,full,lessVoid,6,4,409,2450.076
pipeline,vector,i64,512,full,lessVoid,2,5,401,2497.708
pipeline,vector,i64,512,full,lessVoid,6,5,408,2454.765
pipeline,vector,i64,512,full,lessVoid,1,5,414,2417.258
pipeline,vector,i64,512,full,lessVoid,0,5,414,2419.580
pipeline,vector,i64,512,full,lessVoid,6,6,414,2420.995
pipeline,vector,i64,512,full,lessVoid,2,6,412,2429.716
pipeline,vector,i64,512,full,lessVoid,0,6,415,2414.894
pipeline,vector,i64,512,full,lessVoid,1,6,408,2455.064
pipeline,vector,i64,512,full,greaterTyped,2,0,408,2453.348
pipeline,vector,i64,512,full,greaterTyped,0,0,431,2324.350
pipeline,vector,i64,512,full,greaterTyped,1,0,426,2351.052
pipeline,vector,i64,512,full,greaterTyped,6,0,417,2404.494
pipeline,vector,i64,512,full,greaterTyped,0,1,399,2509.614
pipeline,vector,i64,512,full,greaterTyped,2,1,417,2400.168
pipeline,vector,i64,512,full,greaterTyped,6,1,438,2285.475
pipeline,vector,i64,512,full,greaterTyped,1,1,419,2386.928
pipeline,vector,i64,512,full,greaterTyped,1,2,418,2397.519
pipeline,vector,i64,512,full,greaterTyped,2,2,428,2339.752
pipeline,vector,i64,512,full,greaterTyped,6,2,446,2243.377
pipeline,vector,i64,512,full,greaterTyped,0,2,399,2511.787
pipeline,vector,i64,512,full,greaterTyped,2,3,415,2411.354
pipeline,vector,i64,512,full,greaterTyped,1,3,403,2483.372
pipeline,vector,i64,512,full,greaterTyped,6,3,418,2393.256
pipeline,vector,i64,512,full,greaterTyped,0,3,431,2320.371
pipeline,vector,i64,512,full,greaterTyped,2,4,429,2335.275
pipeline,vector,i64,512,full,greaterTyped,0,4,411,2434.299
pipeline,vector,i64,512,full,greaterTyped,6,4,418,2395.033
pipeline,vector,i64,512,full,greaterTyped,1,4,373,2688.260
pipeline,vector,i64,512,full,greaterTyped,6,5,363,2755.138
pipeline,vector,i64,512,full,greaterTyped,0,5,405,2471.726
pipeline,vector,i64,512,full,greaterTyped,2,5,394,2541.551
pipeline,vector,i64,512,full,greaterTyped,1,5,412,2431.155
pipeline,vector,i64,512,full,greaterTyped,6,6,420,2381.236
pipeline,vector,i64,512,full,greaterTyped,1,6,419,2388.222
pipeline,vector,i64,512,full,greaterTyped,0,6,414,2416.957
pipeline,vector,i64,512,full,greaterTyped,2,6,391,2561.816
fallback,vector,i64,512,bits22,lessVoid,3,0,459,2178.728
fallback,vector,i64,512,bits22,lessVoid,4,0,490,2042.445
fallback,vector,i64,512,bits22,lessVoid,5,0,461,2170.928
fallback,vector,i64,512,bits22,lessVoid,3,1,439,2279.991
fallback,vector,i64,512,bits22,lessVoid,4,1,426,2347.634
fallback,vector,i64,512,bits22,lessVoid,5,1,447,2238.353
fallback,vector,i64,512,bits22,lessVoid,5,2,450,2222.784
fallback,vector,i64,512,bits22,lessVoid,3,2,447,2240.098
fallback,vector,i64,512,bits22,lessVoid,4,2,489,2047.620
fallback,vector,i64,512,bits22,lessVoid,4,3,512,1928.871
fallback,vector,i64,512,bits22,lessVoid,3,3,489,2049.008
fallback,vector,i64,512,bits22,lessVoid,5,3,481,2081.170
fallback,vector,i64,512,bits22,lessVoid,4,4,462,2164.513
fallback,vector,i64,512,bits22,lessVoid,5,4,451,2221.993
fallback,vector,i64,512,bits22,lessVoid,3,4,447,2239.678
fallback,vector,i64,512,bits22,lessVoid,4,5,454,2207.227
fallback,vector,i64,512,bits22,lessVoid,3,5,449,2232.056
fallback,vector,i64,512,bits22,lessVoid,5,5,438,2285.884
fallback,vector,i64,512,bits22,lessVoid,3,6,483,2074.360
fallback,vector,i64,512,bits22,lessVoid,4,6,503,1989.322
fallback,vector,i64,512,bits22,lessVoid,5,6,477,2100.212
fallback,vector,i64,512,bits22,lessTyped,5,0,440,2272.741
fallback,vector,i64,512,bits22,lessTyped,3,0,446,2245.392
fallback,vector,i64,512,bits22,lessTyped,4,0,451,2218.785
fallback,vector,i64,512,bits22,lessTyped,4,1,437,2290.252
fallback,vector,i64,512,bits22,lessTyped,5,1,385,2602.587
fallback,vector,i64,512,bits22,lessTyped,3,1,446,2246.726
fallback,vector,i64,512,bits22,lessTyped,3,2,446,2245.235
fallback,vector,i64,512,bits22,lessTyped,5,2,446,2246.361
fallback,vector,i64,512,bits22,lessTyped,4,2,437,2289.281
fallback,vector,i64,512,bits22,lessTyped,3,3,438,2286.539
fallback,vector,i64,512,bits22,lessTyped,4,3,439,2282.103
fallback,vector,i64,512,bits22,lessTyped,5,3,404,2476.161
fallback,vector,i64,512,bits22,lessTyped,5,4,444,2257.284
fallback,vector,i64,512,bits22,lessTyped,3,4,453,2209.349
fallback,vector,i64,512,bits22,lessTyped,4,4,454,2207.064
fallback,vector,i64,512,bits22,lessTyped,4,5,452,2214.765
fallback,vector,i64,512,bits22,lessTyped,3,5,435,2300.113
fallback,vector,i64,512,bits22,lessTyped,5,5,437,2291.281
fallback,vector,i64,512,bits22,lessTyped,5,6,431,2320.471
fallback,vector,i64,512,bits22,lessTyped,3,6,424,2359.347
fallback,vector,i64,512,bits22,lessTyped,4,6,439,2278.563
fallback,vector,i64,512,bits22,greaterTyped,4,0,462,2167.396
fallback,vector,i64,512,bits22,greaterTyped,5,0,489,2048.648
fallback,vector,i64,512,bits22,greaterTyped,3,0,482,2077.961
fallback,vector,i64,512,bits22,greaterTyped,3,1,469,2134.070
fallback,vector,i64,512,bits22,greaterTyped,5,1,484,2070.159
fallback,vector,i64,512,bits22,greaterTyped,4,1,442,2264.242
fallback,vector,i64,512,bits22,greaterTyped,4,2,444,2254.966
fallback,vector,i64,512,bits22,greaterTyped,3,2,489,2047.802
fallback,vector,i64,512,bits22,greaterTyped,5,2,512,1901.867
fallback,vector,i64,512,bits22,greaterTyped,3,3,509,1964.953
fallback,vector,i64,512,bits22,greaterTyped,5,3,494,2024.399
fallback,vector,i64,512,bits22,greaterTyped,4,3,449,2229.029
fallback,vector,i64,512,bits22,greaterTyped,5,4,486,2058.117
fallback,vector,i64,512,bits22,greaterTyped,4,4,437,2290.229
fallback,vector,i64,512,bits22,greaterTyped,3,4,480,2087.475
fallback,vector,i64,512,bits22,greaterTyped,3,5,477,2096.862
fallback,vector,i64,512,bits22,greaterTyped,5,5,482,2077.367
fallback,vector,i64,512,bits22,greaterTyped,4,5,487,2057.242
fallback,vector,i64,512,bits22,greaterTyped,5,6,497,2013.761
fallback,vector,i64,512,bits22,greaterTyped,4,6,483,2072.226
fallback,vector,i64,512,bits22,greaterTyped,3,6,504,1987.599
pipeline,vector,i64,512,bits22,lessVoid,0,0,400,2503.117
pipeline,vector,i64,512,bits22,lessVoid,6,0,388,2583.448
pipeline,vector,i64,512,bits22,lessVoid,2,0,399,2509.198
pipeline,vector,i64,512,bits22,lessVoid,1,0,402,2490.672
pipeline,vector,i64,512,bits22,lessVoid,0,1,399,2507.664
pipeline,vector,i64,512,bits22,lessVoid,6,1,388,2580.098
pipeline,vector,i64,512,bits22,lessVoid,1,1,398,2515.412
pipeline,vector,i64,512,bits22,lessVoid,2,1,409,2447.232
pipeline,vector,i64,512,bits22,lessVoid,0,2,400,2502.590
pipeline,vector,i64,512,bits22,lessVoid,6,2,389,2572.627
pipeline,vector,i64,512,bits22,lessVoid,2,2,417,2402.590
pipeline,vector,i64,512,bits22,lessVoid,1,2,393,2549.290
pipeline,vector,i64,512,bits22,lessVoid,2,3,413,2424.930
pipeline,vector,i64,512,bits22,lessVoid,0,3,407,2459.853
pipeline,vector,i64,512,bits22,lessVoid,6,3,413,2423.801
pipeline,vector,i64,512,bits22,lessVoid,1,3,415,2410.735
pipeline,vector,i64,512,bits22,lessVoid,1,4,416,2406.839
pipeline,vector,i64,512,bits22,lessVoid,6,4,407,2457.791
pipeline,vector,i64,512,bits22,lessVoid,2,4,406,2466.818
pipeline,vector,i64,512,bits22,lessVoid,0,4,398,2514.324
pipeline,vector,i64,512,bits22,lessVoid,0,5,397,2524.557
pipeline,vector,i64,512,bits22,lessVoid,2,5,412,2431.621
pipeline,vector,i64,512,bits22,lessVoid,1,5,403,2485.638
pipeline,vector,i64,512,bits22,lessVoid,6,5,397,2525.378
pipeline,vector,i64,512,bits22,lessVoid,2,6,402,2493.177
pipeline,vector,i64,512,bits22,lessVoid,0,6,385,2601.732
pipeline,vector,i64,512,bits22,lessVoid,6,6,406,2466.325
pipeline,vector,i64,512,bits22,lessVoid,1,6,397,2524.678
pipeline,vector,i64,512,bits22,greaterTyped,1,0,423,2364.560
pipeline,vector,i64,512,bits22,greaterTyped,2,0,390,2565.164
pipeline,vector,i64,512,bits22,greaterTyped,6,0,432,2318.576
pipeline,vector,i64,512,bits22,greaterTyped,0,0,427,2342.094
pipeline,vector,i64,512,bits22,greaterTyped,6,1,425,2352.941
pipeline,vector,i64,512,bits22,greaterTyped,1,1,425,2354.515
pipeline,vector,i64,512,bits22,greaterTyped,0,1,425,2355.087
pipeline,vector,i64,512,bits22,greaterTyped,2,1,395,2531.747
pipeline,vector,i64,512,bits22,greaterTyped,0,2,419,2387.033
pipeline,vector,i64,512,bits22,greaterTyped,1,2,426,2349.162
pipeline,vector,i64,512,bits22,greaterTyped,6,2,423,2364.369
pipeline,vector,i64,512,bits22,greaterTyped,2,2,394,2543.470
pipeline,vector,i64,512,bits22,greaterTyped,2,3,399,2508.529
pipeline,vector,i64,512,bits22,greaterTyped,0,3,424,2364.104
pipeline,vector,i64,512,bits22,greaterTyped,6,3,420,2383.598
pipeline,vector,i64,512,bits22,greaterTyped,1,3,426,2351.150
pipeline,vector,i64,512,bits22,greaterTyped,1,4,417,2402.067
pipeline,vector,i64,512,bits22,greaterTyped,0,4,424,2362.333
pipeline,vector,i64,512,bits22,greaterTyped,2,4,392,2552.077
pipeline,vector,i64,512,bits22,greaterTyped,6,4,429,2332.163
pipeline,vector,i64,512,bits22,greaterTyped,1,5,420,2383.110
pipeline,vector,i64,512,bits22,greaterTyped,2,5,392,2555.566
pipeline,vector,i64,512,bits22,greaterTyped,6,5,425,2357.348
pipeline,vector,i64,512,bits22,greaterTyped,0,5,426,2348.021
pipeline,vector,i64,512,bits22,greaterTyped,0,6,411,2435.730
pipeline,vector,i64,512,bits22,greaterTyped,1,6,426,2352.491
pipeline,vector,i64,512,bits22,greaterTyped,2,6,398,2514.741
pipeline,vector,i64,512,bits22,greaterTyped,6,6,424,2360.474
fallback,vector,i64,512,gaps,lessVoid,5,0,472,2119.282
fallback,vector,i64,512,gaps,lessVoid,3,0,450,2224.540
fallback,vector,i64,512,gaps,lessVoid,4,0,460,2175.626
fallback,vector,i64,512,gaps,lessVoid,5,1,457,2190.536
fallback,vector,i64,512,gaps,lessVoid,4,1,468,2138.175
fallback,vector,i64,512,gaps,lessVoid,3,1,453,2207.592
fallback,vector,i64,512,gaps,lessVoid,5,2,449,2230.045
fallback,vector,i64,512,gaps,lessVoid,3,2,458,2186.319
fallback,vector,i64,512,gaps,lessVoid,4,2,455,2198.807
fallback,vector,i64,512,gaps,lessVoid,5,3,456,2197.634
fallback,vector,i64,512,gaps,lessVoid,4,3,467,2142.934
fallback,vector,i64,512,gaps,lessVoid,3,3,452,2215.808
fallback,vector,i64,512,gaps,lessVoid,3,4,447,2241.275
fallback,vector,i64,512,gaps,lessVoid,5,4,451,2219.608
fallback,vector,i64,512,gaps,lessVoid,4,4,470,2131.481
fallback,vector,i64,512,gaps,lessVoid,5,5,458,2186.873
fallback,vector,i64,512,gaps,lessVoid,4,5,448,2235.312
fallback,vector,i64,512,gaps,lessVoid,3,5,455,2202.110
fallback,vector,i64,512,gaps,lessVoid,3,6,456,2196.638
fallback,vector,i64,512,gaps,lessVoid,4,6,466,2146.105
fallback,vector,i64,512,gaps,lessVoid,5,6,454,2203.302
fallback,vector,i64,512,gaps,lessTyped,3,0,461,2169.831
fallback,vector,i64,512,gaps,lessTyped,5,0,473,2117.778
fallback,vector,i64,512,gaps,lessTyped,4,0,495,2021.644
fallback,vector,i64,512,gaps,lessTyped,3,1,469,2133.716
fallback,vector,i64,512,gaps,lessTyped,5,1,474,2113.135
fallback,vector,i64,512,gaps,lessTyped,4,1,497,2015.501
fallback,vector,i64,512,gaps,lessTyped,5,2,461,2171.980
fallback,vector,i64,512,gaps,lessTyped,3,2,445,2249.328
fallback,vector,i64,512,gaps,lessTyped,4,2,448,2232.623
fallback,vector,i64,512,gaps,lessTyped,5,3,453,2209.620
fallback,vector,i64,512,gaps,lessTyped,4,3,455,2199.310
fallback,vector,i64,512,gaps,lessTyped,3,3,451,2219.528
fallback,vector,i64,512,gaps,lessTyped,5,4,480,2084.798
fallback,vector,i64,512,gaps,lessTyped,3,4,512,1930.652
fallback,vector,i64,512,gaps,lessTyped,4,4,512,1912.932
fallback,vector,i64,512,gaps,lessTyped,4,5,512,1899.492
fallback,vector,i64,512,gaps,lessTyped,3,5,480,2085.340
fallback,vector,i64,512,gaps,lessTyped,5,5,480,2083.496
fallback,vector,i64,512,gaps,lessTyped,4,6,507,1976.069
fallback,vector,i64,512,gaps,lessTyped,5,6,491,2037.265
fallback,vector,i64,512,gaps,lessTyped,3,6,487,2053.556
fallback,vector,i64,512,gaps,greaterTyped,5,0,491,2037.181
fallback,vector,i64,512,gaps,greaterTyped,4,0,510,1962.088
fallback,vector,i64,512,gaps,greaterTyped,3,0,481,2079.420
fallback,vector,i64,512,gaps,greaterTyped,4,1,497,2012.893
fallback,vector,i64,512,gaps,greaterTyped,5,1,485,2065.278
fallback,vector,i64,512,gaps,greaterTyped,3,1,479,2089.509
fallback,vector,i64,512,gaps,greaterTyped,4,2,490,2044.182
fallback,vector,i64,512,gaps,greaterTyped,3,2,453,2209.728
fallback,vector,i64,512,gaps,greaterTyped,5,2,461,2169.458
fallback,vector,i64,512,gaps,greaterTyped,3,3,468,2140.603
fallback,vector,i64,512,gaps,greaterTyped,5,3,460,2177.996
fallback,vector,i64,512,gaps,greaterTyped,4,3,468,2140.297
fallback,vector,i64,512,gaps,greaterTyped,3,4,473,2116.550
fallback,vector,i64,512,gaps,greaterTyped,4,4,495,2020.701
fallback,vector,i64,512,gaps,greaterTyped,5,4,474,2113.487
fallback,vector,i64,512,gaps,greaterTyped,4,5,494,2025.057
fallback,vector,i64,512,gaps,greaterTyped,3,5,478,2095.803
fallback,vector,i64,512,gaps,greaterTyped,5,5,467,2141.957
fallback,vector,i64,512,gaps,greaterTyped,3,6,462,2165.216
fallback,vector,i64,512,gaps,greaterTyped,5,6,463,2160.391
fallback,vector,i64,512,gaps,greaterTyped,4,6,460,2176.361
pipeline,vector,i64,512,gaps,lessVoid,0,0,364,2748.514
pipeline,vector,i64,512,gaps,lessVoid,1,0,370,2706.405
pipeline,vector,i64,512,gaps,lessVoid,2,0,427,2344.857
pipeline,vector,i64,512,gaps,lessVoid,6,0,418,2395.038
pipeline,vector,i64,512,gaps,lessVoid,6,1,421,2377.285
pipeline,vector,i64,512,gaps,lessVoid,2,1,433,2311.873
pipeline,vector,i64,512,gaps,lessVoid,1,1,406,2467.264
pipeline,vector,i64,512,gaps,lessVoid,0,1,397,2519.516
pipeline,vector,i64,512,gaps,lessVoid,6,2,397,2519.416
pipeline,vector,i64,512,gaps,lessVoid,1,2,418,2397.821
pipeline,vector,i64,512,gaps,lessVoid,2,2,421,2376.691
pipeline,vector,i64,512,gaps,lessVoid,0,2,417,2399.487
pipeline,vector,i64,512,gaps,lessVoid,6,3,421,2380.026
pipeline,vector,i64,512,gaps,lessVoid,1,3,395,2531.987
pipeline,vector,i64,512,gaps,lessVoid,2,3,429,2333.056
pipeline,vector,i64,512,gaps,lessVoid,0,3,420,2385.695
pipeline,vector,i64,512,gaps,lessVoid,6,4,417,2402.679
pipeline,vector,i64,512,gaps,lessVoid,1,4,417,2399.480
pipeline,vector,i64,512,gaps,lessVoid,0,4,405,2474.407
pipeline,vector,i64,512,gaps,lessVoid,2,4,414,2418.377
pipeline,vector,i64,512,gaps,lessVoid,0,5,427,2343.595
pipeline,vector,i64,512,gaps,lessVoid,6,5,405,2471.822
pipeline,vector,i64,512,gaps,lessVoid,2,5,408,2456.189
pipeline,vector,i64,512,gaps,lessVoid,1,5,427,2343.279
pipeline,vector,i64,512,gaps,lessVoid,0,6,432,2319.245
pipeline,vector,i64,512,gaps,lessVoid,1,6,430,2326.360
pipeline,vector,i64,512,gaps,lessVoid,6,6,430,2327.330
pipeline,vector,i64,512,gaps,lessVoid,2,6,413,2425.310
pipeline,vector,i64,512,gaps,greaterTyped,6,0,427,2346.810
pipeline,vector,i64,512,gaps,greaterTyped,1,0,414,2418.896
pipeline,vector,i64,512,gaps,greaterTyped,2,0,433,2313.326
pipeline,vector,i64,512,gaps,greaterTyped,0,0,418,2396.828
pipeline,vector,i64,512,gaps,greaterTyped,2,1,418,2397.902
pipeline,vector,i64,512,gaps,greaterTyped,1,1,409,2447.320
pipeline,vector,i64,512,gaps,greaterTyped,6,1,416,2404.957
pipeline,vector,i64,512,gaps,greaterTyped,0,1,418,2395.156
pipeline,vector,i64,512,gaps,greaterTyped,0,2,417,2398.866
pipeline,vector,i64,512,gaps,greaterTyped,2,2,436,2294.241
pipeline,vector,i64,512,gaps,greaterTyped,1,2,417,2400.365
pipeline,vector,i64,512,gaps,greaterTyped,6,2,416,2407.041
pipeline,vector,i64,512,gaps,greaterTyped,6,3,418,2395.837
pipeline,vector,i64,512,gaps,greaterTyped,0,3,399,2510.348
pipeline,vector,i64,512,gaps,greaterTyped,2,3,405,2470.899
pipeline,vector,i64,512,gaps,greaterTyped,1,3,417,2402.873
pipeline,vector,i64,512,gaps,greaterTyped,1,4,408,2451.147
pipeline,vector,i64,512,gaps,greaterTyped,0,4,407,2461.408
pipeline,vector,i64,512,gaps,greaterTyped,2,4,430,2330.700
pipeline,vector,i64,512,gaps,greaterTyped,6,4,416,2407.695
pipeline,vector,i64,512,gaps,greaterTyped,0,5,409,2450.059
pipeline,vector,i64,512,gaps,greaterTyped,6,5,409,2448.648
pipeline,vector,i64,512,gaps,greaterTyped,1,5,411,2436.725
pipeline,vector,i64,512,gaps,greaterTyped,2,5,408,2456.194
pipeline,vector,i64,512,gaps,greaterTyped,6,6,408,2455.475
pipeline,vector,i64,512,gaps,greaterTyped,1,6,412,2431.716
pipeline,vector,i64,512,gaps,greaterTyped,2,6,429,2332.138
pipeline,vector,i64,512,gaps,greaterTyped,0,6,417,2401.077
fallback,vector,i64,512,ordered,lessVoid,4,0,512,294.186
fallback,vector,i64,512,ordered,lessVoid,3,0,512,425.619
fallback,vector,i64,512,ordered,lessVoid,5,0,512,415.695
fallback,vector,i64,512,ordered,lessVoid,5,1,512,430.512
fallback,vector,i64,512,ordered,lessVoid,4,1,512,277.344
fallback,vector,i64,512,ordered,lessVoid,3,1,512,440.674
fallback,vector,i64,512,ordered,lessVoid,3,2,512,399.414
fallback,vector,i64,512,ordered,lessVoid,5,2,512,429.027
fallback,vector,i64,512,ordered,lessVoid,4,2,512,287.033
fallback,vector,i64,512,ordered,lessVoid,3,3,512,432.949
fallback,vector,i64,512,ordered,lessVoid,4,3,512,290.363
fallback,vector,i64,512,ordered,lessVoid,5,3,512,421.801
fallback,vector,i64,512,ordered,lessVoid,4,4,512,297.039
fallback,vector,i64,512,ordered,lessVoid,3,4,512,423.346
fallback,vector,i64,512,ordered,lessVoid,5,4,512,436.445
fallback,vector,i64,512,ordered,lessVoid,4,5,512,280.434
fallback,vector,i64,512,ordered,lessVoid,5,5,512,438.393
fallback,vector,i64,512,ordered,lessVoid,3,5,512,401.955
fallback,vector,i64,512,ordered,lessVoid,3,6,512,450.689
fallback,vector,i64,512,ordered,lessVoid,4,6,512,285.154
fallback,vector,i64,512,ordered,lessVoid,5,6,512,429.941
fallback,vector,i64,512,ordered,lessTyped,5,0,512,415.619
fallback,vector,i64,512,ordered,lessTyped,3,0,512,423.340
fallback,vector,i64,512,ordered,lessTyped,4,0,512,282.223
fallback,vector,i64,512,ordered,lessTyped,5,1,512,451.322
fallback,vector,i64,512,ordered,lessTyped,3,1,512,403.566
fallback,vector,i64,512,ordered,lessTyped,4,1,512,309.404
fallback,vector,i64,512,ordered,lessTyped,5,2,512,424.318
fallback,vector,i64,512,ordered,lessTyped,4,2,512,295.641
fallback,vector,i64,512,ordered,lessTyped,3,2,512,425.131
fallback,vector,i64,512,ordered,lessTyped,5,3,512,426.756
fallback,vector,i64,512,ordered,lessTyped,3,3,512,420.240
fallback,vector,i64,512,ordered,lessTyped,4,3,512,289.787
fallback,vector,i64,512,ordered,lessTyped,4,4,512,300.852
fallback,vector,i64,512,ordered,lessTyped,3,4,512,416.100
fallback,vector,i64,512,ordered,lessTyped,5,4,512,424.561
fallback,vector,i64,512,ordered,lessTyped,5,5,512,401.783
fallback,vector,i64,512,ordered,lessTyped,3,5,512,433.934
fallback,vector,i64,512,ordered,lessTyped,4,5,512,285.566
fallback,vector,i64,512,ordered,lessTyped,4,6,512,307.768
fallback,vector,i64,512,ordered,lessTyped,3,6,512,413.400
fallback,vector,i64,512,ordered,lessTyped,5,6,512,434.340
fallback,vector,i64,512,ordered,greaterTyped,3,0,512,559.496
fallback,vector,i64,512,ordered,greaterTyped,5,0,512,537.354
fallback,vector,i64,512,ordered,greaterTyped,4,0,512,423.010
fallback,vector,i64,512,ordered,greaterTyped,3,1,512,553.141
fallback,vector,i64,512,ordered,greaterTyped,5,1,512,538.004
fallback,vector,i64,512,ordered,greaterTyped,4,1,512,420.805
fallback,vector,i64,512,ordered,greaterTyped,3,2,512,551.426
fallback,vector,i64,512,ordered,greaterTyped,5,2,512,541.268
fallback,vector,i64,512,ordered,greaterTyped,4,2,512,422.836
fallback,vector,i64,512,ordered,greaterTyped,5,3,512,559.576
fallback,vector,i64,512,ordered,greaterTyped,4,3,512,486.303
fallback,vector,i64,512,ordered,greaterTyped,3,3,512,538.988
fallback,vector,i64,512,ordered,greaterTyped,3,4,512,556.898
fallback,vector,i64,512,ordered,greaterTyped,5,4,512,546.053
fallback,vector,i64,512,ordered,greaterTyped,4,4,512,419.279
fallback,vector,i64,512,ordered,greaterTyped,3,5,512,551.346
fallback,vector,i64,512,ordered,greaterTyped,4,5,512,426.998
fallback,vector,i64,512,ordered,greaterTyped,5,5,512,543.117
fallback,vector,i64,512,ordered,greaterTyped,4,6,512,436.619
fallback,vector,i64,512,ordered,greaterTyped,3,6,512,551.107
fallback,vector,i64,512,ordered,greaterTyped,5,6,512,535.240
fallback,vector,i64,512,reverse,lessVoid,4,0,512,423.508
fallback,vector,i64,512,reverse,lessVoid,3,0,512,554.602
fallback,vector,i64,512,reverse,lessVoid,5,0,512,530.279
fallback,vector,i64,512,reverse,lessVoid,3,1,512,548.992
fallback,vector,i64,512,reverse,lessVoid,5,1,512,547.854
fallback,vector,i64,512,reverse,lessVoid,4,1,512,409.832
fallback,vector,i64,512,reverse,lessVoid,3,2,512,547.289
fallback,vector,i64,512,reverse,lessVoid,5,2,512,560.842
fallback,vector,i64,512,reverse,lessVoid,4,2,512,400.879
fallback,vector,i64,512,reverse,lessVoid,3,3,512,545.494
fallback,vector,i64,512,reverse,lessVoid,5,3,512,564.486
fallback,vector,i64,512,reverse,lessVoid,4,3,512,400.795
fallback,vector,i64,512,reverse,lessVoid,5,4,512,546.385
fallback,vector,i64,512,reverse,lessVoid,3,4,512,552.336
fallback,vector,i64,512,reverse,lessVoid,4,4,512,416.982
fallback,vector,i64,512,reverse,lessVoid,5,5,512,541.605
fallback,vector,i64,512,reverse,lessVoid,4,5,512,418.619
fallback,vector,i64,512,reverse,lessVoid,3,5,512,544.842
fallback,vector,i64,512,reverse,lessVoid,4,6,512,413.008
fallback,vector,i64,512,reverse,lessVoid,3,6,512,547.445
fallback,vector,i64,512,reverse,lessVoid,5,6,512,531.402
fallback,vector,i64,512,reverse,lessTyped,4,0,512,413.652
fallback,vector,i64,512,reverse,lessTyped,5,0,512,553.135
fallback,vector,i64,512,reverse,lessTyped,3,0,512,529.469
fallback,vector,i64,512,reverse,lessTyped,5,1,512,538.816
fallback,vector,i64,512,reverse,lessTyped,3,1,512,554.520
fallback,vector,i64,512,reverse,lessTyped,4,1,512,411.223
fallback,vector,i64,512,reverse,lessTyped,3,2,512,537.924
fallback,vector,i64,512,reverse,lessTyped,4,2,512,418.533
fallback,vector,i64,512,reverse,lessTyped,5,2,512,545.014
fallback,vector,i64,512,reverse,lessTyped,4,3,512,410.150
fallback,vector,i64,512,reverse,lessTyped,5,3,512,569.104
fallback,vector,i64,512,reverse,lessTyped,3,3,512,548.920
fallback,vector,i64,512,reverse,lessTyped,3,4,512,546.793
fallback,vector,i64,512,reverse,lessTyped,5,4,512,557.129
fallback,vector,i64,512,reverse,lessTyped,4,4,512,406.906
fallback,vector,i64,512,reverse,lessTyped,3,5,512,544.844
fallback,vector,i64,512,reverse,lessTyped,4,5,512,417.807
fallback,vector,i64,512,reverse,lessTyped,5,5,512,543.549
fallback,vector,i64,512,reverse,lessTyped,5,6,512,536.611
fallback,vector,i64,512,reverse,lessTyped,4,6,512,425.373
fallback,vector,i64,512,reverse,lessTyped,3,6,512,546.785
fallback,vector,i64,512,reverse,greaterTyped,4,0,512,299.799
fallback,vector,i64,512,reverse,greaterTyped,3,0,512,308.926
fallback,vector,i64,512,reverse,greaterTyped,5,0,512,282.809
fallback,vector,i64,512,reverse,greaterTyped,3,1,512,310.633
fallback,vector,i64,512,reverse,greaterTyped,5,1,512,291.830
fallback,vector,i64,512,reverse,greaterTyped,4,1,512,316.646
fallback,vector,i64,512,reverse,greaterTyped,4,2,512,293.707
fallback,vector,i64,512,reverse,greaterTyped,5,2,512,306.812
fallback,vector,i64,512,reverse,greaterTyped,3,2,512,289.535
fallback,vector,i64,512,reverse,greaterTyped,3,3,512,300.531
fallback,vector,i64,512,reverse,greaterTyped,4,3,512,303.383
fallback,vector,i64,512,reverse,greaterTyped,5,3,512,301.766
fallback,vector,i64,512,reverse,greaterTyped,5,4,512,305.018
fallback,vector,i64,512,reverse,greaterTyped,4,4,512,309.734
fallback,vector,i64,512,reverse,greaterTyped,3,4,512,298.748
fallback,vector,i64,512,reverse,greaterTyped,4,5,512,314.934
fallback,vector,i64,512,reverse,greaterTyped,3,5,512,299.967
fallback,vector,i64,512,reverse,greaterTyped,5,5,512,289.805
fallback,vector,i64,512,reverse,greaterTyped,5,6,512,314.127
fallback,vector,i64,512,reverse,greaterTyped,3,6,512,303.553
fallback,vector,i64,512,reverse,greaterTyped,4,6,512,315.844
fallback,vector,i64,512,nearly,lessVoid,4,0,512,744.061
fallback,vector,i64,512,nearly,lessVoid,3,0,512,891.623
fallback,vector,i64,512,nearly,lessVoid,5,0,512,894.518
fallback,vector,i64,512,nearly,lessVoid,4,1,512,747.484
fallback,vector,i64,512,nearly,lessVoid,5,1,512,893.070
fallback,vector,i64,512,nearly,lessVoid,3,1,512,891.924
fallback,vector,i64,512,nearly,lessVoid,5,2,512,886.064
fallback,vector,i64,512,nearly,lessVoid,3,2,512,885.078
fallback,vector,i64,512,nearly,lessVoid,4,2,512,748.623
fallback,vector,i64,512,nearly,lessVoid,5,3,512,889.818
fallback,vector,i64,512,nearly,lessVoid,3,3,512,885.408
fallback,vector,i64,512,nearly,lessVoid,4,3,512,750.406
fallback,vector,i64,512,nearly,lessVoid,3,4,512,948.236
fallback,vector,i64,512,nearly,lessVoid,4,4,512,750.615
fallback,vector,i64,512,nearly,lessVoid,5,4,512,902.514
fallback,vector,i64,512,nearly,lessVoid,4,5,512,751.121
fallback,vector,i64,512,nearly,lessVoid,5,5,512,892.746
fallback,vector,i64,512,nearly,lessVoid,3,5,512,889.723
fallback,vector,i64,512,nearly,lessVoid,5,6,512,893.057
fallback,vector,i64,512,nearly,lessVoid,4,6,512,753.340
fallback,vector,i64,512,nearly,lessVoid,3,6,512,891.031
fallback,vector,i64,512,nearly,lessTyped,3,0,512,900.781
fallback,vector,i64,512,nearly,lessTyped,5,0,512,864.420
fallback,vector,i64,512,nearly,lessTyped,4,0,512,746.357
fallback,vector,i64,512,nearly,lessTyped,3,1,512,894.867
fallback,vector,i64,512,nearly,lessTyped,4,1,512,794.088
fallback,vector,i64,512,nearly,lessTyped,5,1,512,868.980
fallback,vector,i64,512,nearly,lessTyped,5,2,512,892.965
fallback,vector,i64,512,nearly,lessTyped,3,2,512,891.441
fallback,vector,i64,512,nearly,lessTyped,4,2,512,746.145
fallback,vector,i64,512,nearly,lessTyped,3,3,512,892.084
fallback,vector,i64,512,nearly,lessTyped,5,3,512,892.035
fallback,vector,i64,512,nearly,lessTyped,4,3,512,744.242
fallback,vector,i64,512,nearly,lessTyped,3,4,512,895.680
fallback,vector,i64,512,nearly,lessTyped,5,4,512,893.240
fallback,vector,i64,512,nearly,lessTyped,4,4,512,747.215
fallback,vector,i64,512,nearly,lessTyped,5,5,512,897.947
fallback,vector,i64,512,nearly,lessTyped,3,5,512,896.150
fallback,vector,i64,512,nearly,lessTyped,4,5,512,743.818
fallback,vector,i64,512,nearly,lessTyped,3,6,512,892.494
fallback,vector,i64,512,nearly,lessTyped,4,6,512,744.230
fallback,vector,i64,512,nearly,lessTyped,5,6,512,912.258
fallback,vector,i64,512,nearly,greaterTyped,4,0,512,1133.387
fallback,vector,i64,512,nearly,greaterTyped,3,0,512,1370.943
fallback,vector,i64,512,nearly,greaterTyped,5,0,512,1364.988
fallback,vector,i64,512,nearly,greaterTyped,4,1,512,1151.199
fallback,vector,i64,512,nearly,greaterTyped,5,1,512,1361.475
fallback,vector,i64,512,nearly,greaterTyped,3,1,512,1368.885
fallback,vector,i64,512,nearly,greaterTyped,4,2,512,1138.168
fallback,vector,i64,512,nearly,greaterTyped,5,2,512,1377.123
fallback,vector,i64,512,nearly,greaterTyped,3,2,512,1380.369
fallback,vector,i64,512,nearly,greaterTyped,5,3,512,1374.430
fallback,vector,i64,512,nearly,greaterTyped,3,3,512,1361.332
fallback,vector,i64,512,nearly,greaterTyped,4,3,512,1160.457
fallback,vector,i64,512,nearly,greaterTyped,5,4,512,1354.887
fallback,vector,i64,512,nearly,greaterTyped,3,4,512,1372.709
fallback,vector,i64,512,nearly,greaterTyped,4,4,512,1134.607
fallback,vector,i64,512,nearly,greaterTyped,5,5,512,1390.201
fallback,vector,i64,512,nearly,greaterTyped,3,5,512,1366.061
fallback,vector,i64,512,nearly,greaterTyped,4,5,512,1157.557
fallback,vector,i64,512,nearly,greaterTyped,3,6,512,1374.826
fallback,vector,i64,512,nearly,greaterTyped,5,6,512,1419.652
fallback,vector,i64,512,nearly,greaterTyped,4,6,512,1126.951
fallback,vector,i64,4096,full,lessVoid,3,0,19,53583.316
fallback,vector,i64,4096,full,lessVoid,5,0,19,53179.842
fallback,vector,i64,4096,full,lessVoid,4,0,41,24853.732
fallback,vector,i64,4096,full,lessVoid,4,1,42,24175.595
fallback,vector,i64,4096,full,lessVoid,3,1,23,44641.348
fallback,vector,i64,4096,full,lessVoid,5,1,24,42364.625
fallback,vector,i64,4096,full,lessVoid,4,2,42,24114.048
fallback,vector,i64,4096,full,lessVoid,3,2,25,41610.000
fallback,vector,i64,4096,full,lessVoid,5,2,24,42406.208
fallback,vector,i64,4096,full,lessVoid,4,3,42,24292.619
fallback,vector,i64,4096,full,lessVoid,3,3,24,41723.792
fallback,vector,i64,4096,full,lessVoid,5,3,24,42057.292
fallback,vector,i64,4096,full,lessVoid,5,4,24,42396.083
fallback,vector,i64,4096,full,lessVoid,3,4,25,41438.240
fallback,vector,i64,4096,full,lessVoid,4,4,42,24109.143
fallback,vector,i64,4096,full,lessVoid,5,5,24,42316.000
fallback,vector,i64,4096,full,lessVoid,4,5,42,24328.190
fallback,vector,i64,4096,full,lessVoid,3,5,24,42925.292
fallback,vector,i64,4096,full,lessVoid,5,6,25,40414.800
fallback,vector,i64,4096,full,lessVoid,4,6,32,31450.531
fallback,vector,i64,4096,full,lessVoid,3,6,19,53809.158
fallback,vector,i64,4096,full,lessTyped,3,0,21,49908.714
fallback,vector,i64,4096,full,lessTyped,5,0,21,49557.667
fallback,vector,i64,4096,full,lessTyped,4,0,42,24212.405
fallback,vector,i64,4096,full,lessTyped,4,1,40,25279.225
fallback,vector,i64,4096,full,lessTyped,3,1,24,42671.708
fallback,vector,i64,4096,full,lessTyped,5,1,25,40306.600
fallback,vector,i64,4096,full,lessTyped,3,2,26,39976.000
fallback,vector,i64,4096,full,lessTyped,4,2,43,23797.465
fallback,vector,i64,4096,full,lessTyped,5,2,23,43577.913
fallback,vector,i64,4096,full,lessTyped,3,3,25,40934.960
fallback,vector,i64,4096,full,lessTyped,5,3,25,40844.960
fallback,vector,i64,4096,full,lessTyped,4,3,42,24262.881
fallback,vector,i64,4096,full,lessTyped,4,4,43,23554.279
fallback,vector,i64,4096,full,lessTyped,3,4,22,45748.136
fallback,vector,i64,4096,full,lessTyped,5,4,29,35023.034
fallback,vector,i64,4096,full,lessTyped,4,5,32,31526.062
fallback,vector,i64,4096,full,lessTyped,5,5,18,55634.278
fallback,vector,i64,4096,full,lessTyped,3,5,21,49565.619
fallback,vector,i64,4096,full,lessTyped,4,6,43,23720.023
fallback,vector,i64,4096,full,lessTyped,5,6,23,43764.478
fallback,vector,i64,4096,full,lessTyped,3,6,25,40301.520
fallback,vector,i64,4096,full,greaterTyped,4,0,29,35103.276
fallback,vector,i64,4096,full,greaterTyped,5,0,50,20214.120
fallback,vector,i64,4096,full,greaterTyped,3,0,48,20950.500
fallback,vector,i64,4096,full,greaterTyped,3,1,46,21953.761
fallback,vector,i64,4096,full,greaterTyped,5,1,50,20384.940
fallback,vector,i64,4096,full,greaterTyped,4,1,43,23743.302
fallback,vector,i64,4096,full,greaterTyped,4,2,43,23768.395
fallback,vector,i64,4096,full,greaterTyped,3,2,48,21062.479
fallback,vector,i64,4096,full,greaterTyped,5,2,45,22431.467
fallback,vector,i64,4096,full,greaterTyped,4,3,33,30395.303
fallback,vector,i64,4096,full,greaterTyped,3,3,49,20460.061
fallback,vector,i64,4096,full,greaterTyped,5,3,45,22262.022
fallback,vector,i64,4096,full,greaterTyped,3,4,47,21416.596
fallback,vector,i64,4096,full,greaterTyped,4,4,40,25235.350
fallback,vector,i64,4096,full,greaterTyped,5,4,47,21560.277
fallback,vector,i64,4096,full,greaterTyped,3,5,47,21715.447
fallback,vector,i64,4096,full,greaterTyped,5,5,46,21866.935
fallback,vector,i64,4096,full,greaterTyped,4,5,40,25541.700
fallback,vector,i64,4096,full,greaterTyped,5,6,49,20532.224
fallback,vector,i64,4096,full,greaterTyped,3,6,49,20665.000
fallback,vector,i64,4096,full,greaterTyped,4,6,43,23790.651
pipeline,vector,i64,4096,full,lessVoid,2,0,46,21994.565
pipeline,vector,i64,4096,full,lessVoid,1,0,46,21922.152
pipeline,vector,i64,4096,full,lessVoid,0,0,45,22267.556
pipeline,vector,i64,4096,full,lessVoid,6,0,48,20961.771
pipeline,vector,i64,4096,full,lessVoid,0,1,49,20819.592
pipeline,vector,i64,4096,full,lessVoid,1,1,47,21614.319
pipeline,vector,i64,4096,full,lessVoid,6,1,46,21801.565
pipeline,vector,i64,4096,full,lessVoid,2,1,46,21978.217
pipeline,vector,i64,4096,full,lessVoid,0,2,46,21976.522
pipeline,vector,i64,4096,full,lessVoid,1,2,46,21962.739
pipeline,vector,i64,4096,full,lessVoid,6,2,46,22187.391
pipeline,vector,i64,4096,full,lessVoid,2,2,46,22123.174
pipeline,vector,i64,4096,full,lessVoid,6,3,49,20494.837
pipeline,vector,i64,4096,full,lessVoid,2,3,48,21193.667
pipeline,vector,i64,4096,full,lessVoid,1,3,48,21208.438
pipeline,vector,i64,4096,full,lessVoid,0,3,46,21820.543
pipeline,vector,i64,4096,full,lessVoid,1,4,47,21696.000
pipeline,vector,i64,4096,full,lessVoid,6,4,46,22004.413
pipeline,vector,i64,4096,full,lessVoid,0,4,45,22375.089
pipeline,vector,i64,4096,full,lessVoid,2,4,46,22140.391
pipeline,vector,i64,4096,full,lessVoid,2,5,45,22699.178
pipeline,vector,i64,4096,full,lessVoid,6,5,49,20751.714
pipeline,vector,i64,4096,full,lessVoid,1,5,48,21128.417
pipeline,vector,i64,4096,full,lessVoid,0,5,47,21710.936
pipeline,vector,i64,4096,full,lessVoid,1,6,48,20864.604
pipeline,vector,i64,4096,full,lessVoid,2,6,45,22308.378
pipeline,vector,i64,4096,full,lessVoid,0,6,46,21806.130
pipeline,vector,i64,4096,full,lessVoid,6,6,46,21848.717
pipeline,vector,i64,4096,full,greaterTyped,6,0,47,21345.723
pipeline,vector,i64,4096,full,greaterTyped,2,0,46,22149.435
pipeline,vector,i64,4096,full,greaterTyped,0,0,44,22929.023
pipeline,vector,i64,4096,full,greaterTyped,1,0,46,22156.783
pipeline,vector,i64,4096,full,greaterTyped,0,1,46,21877.696
pipeline,vector,i64,4096,full,greaterTyped,6,1,46,22085.196
pipeline,vector,i64,4096,full,greaterTyped,2,1,46,22047.935
pipeline,vector,i64,4096,full,greaterTyped,1,1,45,22417.489
pipeline,vector,i64,4096,full,greaterTyped,0,2,49,20613.898
pipeline,vector,i64,4096,full,greaterTyped,2,2,47,21708.340
pipeline,vector,i64,4096,full,greaterTyped,1,2,47,21625.894
pipeline,vector,i64,4096,full,greaterTyped,6,2,46,21948.304
pipeline,vector,i64,4096,full,greaterTyped,0,3,48,20969.583
pipeline,vector,i64,4096,full,greaterTyped,2,3,46,21809.870
pipeline,vector,i64,4096,full,greaterTyped,1,3,47,21702.191
pipeline,vector,i64,4096,full,greaterTyped,6,3,46,21858.630
pipeline,vector,i64,4096,full,greaterTyped,2,4,46,22098.717
pipeline,vector,i64,4096,full,greaterTyped,6,4,44,22926.136
pipeline,vector,i64,4096,full,greaterTyped,1,4,49,20626.735
pipeline,vector,i64,4096,full,greaterTyped,0,4,47,21634.702
pipeline,vector,i64,4096,full,greaterTyped,0,5,47,21733.191
pipeline,vector,i64,4096,full,greaterTyped,6,5,46,22098.804
pipeline,vector,i64,4096,full,greaterTyped,1,5,49,20543.408
pipeline,vector,i64,4096,full,greaterTyped,2,5,47,21662.298
pipeline,vector,i64,4096,full,greaterTyped,2,6,46,21749.935
pipeline,vector,i64,4096,full,greaterTyped,1,6,46,21963.870
pipeline,vector,i64,4096,full,greaterTyped,6,6,45,22330.600
pipeline,vector,i64,4096,full,greaterTyped,0,6,47,21562.064
fallback,vector,i64,4096,bits22,lessVoid,4,0,20,50497.850
fallback,vector,i64,4096,bits22,lessVoid,3,0,41,24582.366
fallback,vector,i64,4096,bits22,lessVoid,5,0,41,24588.439
fallback,vector,i64,4096,bits22,lessVoid,4,1,25,41221.720
fallback,vector,i64,4096,bits22,lessVoid,3,1,42,24313.571
fallback,vector,i64,4096,bits22,lessVoid,5,1,27,37074.296
fallback,vector,i64,4096,bits22,lessVoid,3,2,42,24164.786
fallback,vector,i64,4096,bits22,lessVoid,4,2,26,39299.615
fallback,vector,i64,4096,bits22,lessVoid,5,2,42,24321.357
fallback,vector,i64,4096,bits22,lessVoid,3,3,43,23741.372
fallback,vector,i64,4096,bits22,lessVoid,4,3,25,40223.400
fallback,vector,i64,4096,bits22,lessVoid,5,3,42,23893.738
fallback,vector,i64,4096,bits22,lessVoid,5,4,42,24253.976
fallback,vector,i64,4096,bits22,lessVoid,4,4,26,41261.308
fallback,vector,i64,4096,bits22,lessVoid,3,4,23,43675.739
fallback,vector,i64,4096,bits22,lessVoid,5,5,42,24161.714
fallback,vector,i64,4096,bits22,lessVoid,3,5,42,23877.000
fallback,vector,i64,4096,bits22,lessVoid,4,5,39,26060.949
fallback,vector,i64,4096,bits22,lessVoid,4,6,28,36247.143
fallback,vector,i64,4096,bits22,lessVoid,3,6,19,52861.842
fallback,vector,i64,4096,bits22,lessVoid,5,6,21,48535.905
fallback,vector,i64,4096,bits22,lessTyped,4,0,29,34877.862
fallback,vector,i64,4096,bits22,lessTyped,3,0,34,30580.882
fallback,vector,i64,4096,bits22,lessTyped,5,0,19,53309.316
fallback,vector,i64,4096,bits22,lessTyped,4,1,33,30925.424
fallback,vector,i64,4096,bits22,lessTyped,3,1,19,54008.684
fallback,vector,i64,4096,bits22,lessTyped,5,1,21,48874.905
fallback,vector,i64,4096,bits22,lessTyped,3,2,21,48325.286
fallback,vector,i64,4096,bits22,lessTyped,4,2,42,24361.143
fallback,vector,i64,4096,bits22,lessTyped,5,2,23,44337.043
fallback,vector,i64,4096,bits22,lessTyped,4,3,35,29191.543
fallback,vector,i64,4096,bits22,lessTyped,5,3,39,25871.769
fallback,vector,i64,4096,bits22,lessTyped,3,3,42,24031.667
fallback,vector,i64,4096,bits22,lessTyped,4,4,28,36108.571
fallback,vector,i64,4096,bits22,lessTyped,5,4,25,41430.120
fallback,vector,i64,4096,bits22,lessTyped,3,4,26,38786.885
fallback,vector,i64,4096,bits22,lessTyped,4,5,42,23939.429
fallback,vector,i64,4096,bits22,lessTyped,3,5,29,35375.069
fallback,vector,i64,4096,bits22,lessTyped,5,5,29,35262.931
fallback,vector,i64,4096,bits22,lessTyped,3,6,41,24573.122
fallback,vector,i64,4096,bits22,lessTyped,5,6,42,24124.024
fallback,vector,i64,4096,bits22,lessTyped,4,6,25,41405.000
fallback,vector,i64,4096,bits22,greaterTyped,3,0,49,20595.204
fallback,vector,i64,4096,bits22,greaterTyped,5,0,47,21472.511
fallback,vector,i64,4096,bits22,greaterTyped,4,0,27,37538.630
fallback,vector,i64,4096,bits22,greaterTyped,4,1,27,37054.000
fallback,vector,i64,4096,bits22,greaterTyped,5,1,47,21363.511
fallback,vector,i64,4096,bits22,greaterTyped,3,1,47,21593.043
fallback,vector,i64,4096,bits22,greaterTyped,4,2,28,36124.929
fallback,vector,i64,4096,bits22,greaterTyped,3,2,47,21397.979
fallback,vector,i64,4096,bits22,greaterTyped,5,2,41,24647.366
fallback,vector,i64,4096,bits22,greaterTyped,4,3,33,30337.091
fallback,vector,i64,4096,bits22,greaterTyped,3,3,48,20849.854
fallback,vector,i64,4096,bits22,greaterTyped,5,3,49,20610.592
fallback,vector,i64,4096,bits22,greaterTyped,3,4,48,21213.521
fallback,vector,i64,4096,bits22,greaterTyped,4,4,42,24211.405
fallback,vector,i64,4096,bits22,greaterTyped,5,4,47,21530.979
fallback,vector,i64,4096,bits22,greaterTyped,3,5,47,21487.617
fallback,vector,i64,4096,bits22,greaterTyped,5,5,45,22401.867
fallback,vector,i64,4096,bits22,greaterTyped,4,5,40,25117.575
fallback,vector,i64,4096,bits22,greaterTyped,4,6,42,23866.095
fallback,vector,i64,4096,bits22,greaterTyped,5,6,46,21817.935
fallback,vector,i64,4096,bits22,greaterTyped,3,6,46,22114.152
pipeline,vector,i64,4096,bits22,lessVoid,2,0,111,9021.360
pipeline,vector,i64,4096,bits22,lessVoid,1,0,112,8945.402
pipeline,vector,i64,4096,bits22,lessVoid,0,0,112,8938.607
pipeline,vector,i64,4096,bits22,lessVoid,6,0,112,8973.205
pipeline,vector,i64,4096,bits22,lessVoid,0,1,113,8928.097
pipeline,vector,i64,4096,bits22,lessVoid,6,1,112,8928.607
pipeline,vector,i64,4096,bits22,lessVoid,1,1,113,8897.593
pipeline,vector,i64,4096,bits22,lessVoid,2,1,111,9090.441
pipeline,vector,i64,4096,bits22,lessVoid,6,2,111,9013.883
pipeline,vector,i64,4096,bits22,lessVoid,2,2,112,8941.295
pipeline,vector,i64,4096,bits22,lessVoid,0,2,113,8890.177
pipeline,vector,i64,4096,bits22,lessVoid,1,2,112,8960.893
pipeline,vector,i64,4096,bits22,lessVoid,6,3,112,8954.991
pipeline,vector,i64,4096,bits22,lessVoid,2,3,112,8962.420
pipeline,vector,i64,4096,bits22,lessVoid,1,3,113,8913.292
pipeline,vector,i64,4096,bits22,lessVoid,0,3,111,9018.793
pipeline,vector,i64,4096,bits22,lessVoid,6,4,113,8924.363
pipeline,vector,i64,4096,bits22,lessVoid,2,4,112,8946.786
pipeline,vector,i64,4096,bits22,lessVoid,1,4,112,8988.116
pipeline,vector,i64,4096,bits22,lessVoid,0,4,112,8958.071
pipeline,vector,i64,4096,bits22,lessVoid,6,5,112,8941.545
pipeline,vector,i64,4096,bits22,lessVoid,1,5,112,8949.473
pipeline,vector,i64,4096,bits22,lessVoid,2,5,111,9101.784
pipeline,vector,i64,4096,bits22,lessVoid,0,5,112,8932.652
pipeline,vector,i64,4096,bits22,lessVoid,0,6,112,8931.509
pipeline,vector,i64,4096,bits22,lessVoid,6,6,112,8963.902
pipeline,vector,i64,4096,bits22,lessVoid,1,6,113,8913.381
pipeline,vector,i64,4096,bits22,lessVoid,2,6,112,8944.509
pipeline,vector,i64,4096,bits22,greaterTyped,1,0,111,9022.919
pipeline,vector,i64,4096,bits22,greaterTyped,6,0,112,8992.134
pipeline,vector,i64,4096,bits22,greaterTyped,2,0,113,8925.841
pipeline,vector,i64,4096,bits22,greaterTyped,0,0,111,9075.072
pipeline,vector,i64,4096,bits22,greaterTyped,1,1,109,9176.908
pipeline,vector,i64,4096,bits22,greaterTyped,6,1,107,9345.822
pipeline,vector,i64,4096,bits22,greaterTyped,2,1,111,9009.739
pipeline,vector,i64,4096,bits22,greaterTyped,0,1,110,9113.655
pipeline,vector,i64,4096,bits22,greaterTyped,2,2,111,9068.333
pipeline,vector,i64,4096,bits22,greaterTyped,1,2,110,9170.145
pipeline,vector,i64,4096,bits22,greaterTyped,0,2,111,9088.595
pipeline,vector,i64,4096,bits22,greaterTyped,6,2,110,9104.209
pipeline,vector,i64,4096,bits22,greaterTyped,0,3,109,9178.514
pipeline,vector,i64,4096,bits22,greaterTyped,6,3,109,9253.523
pipeline,vector,i64,4096,bits22,greaterTyped,1,3,104,9617.337
pipeline,vector,i64,4096,bits22,greaterTyped,2,3,108,9311.324
pipeline,vector,i64,4096,bits22,greaterTyped,6,4,106,9517.274
pipeline,vector,i64,4096,bits22,greaterTyped,1,4,106,9440.981
pipeline,vector,i64,4096,bits22,greaterTyped,2,4,109,9181.917
pipeline,vector,i64,4096,bits22,greaterTyped,0,4,99,10141.414
pipeline,vector,i64,4096,bits22,greaterTyped,0,5,109,9202.954
pipeline,vector,i64,4096,bits22,greaterTyped,6,5,118,8474.576
pipeline,vector,i64,4096,bits22,greaterTyped,1,5,111,9066.414
pipeline,vector,i64,4096,bits22,greaterTyped,2,5,110,9095.427
pipeline,vector,i64,4096,bits22,greaterTyped,0,6,122,8260.549
pipeline,vector,i64,4096,bits22,greaterTyped,6,6,117,8581.145
pipeline,vector,i64,4096,bits22,greaterTyped,2,6,116,8633.629
pipeline,vector,i64,4096,bits22,greaterTyped,1,6,109,9184.991
fallback,vector,i64,4096,gaps,lessVoid,5,0,41,24394.244
fallback,vector,i64,4096,gaps,lessVoid,4,0,55,18309.164
fallback,vector,i64,4096,gaps,lessVoid,3,0,47,21492.064
fallback,vector,i64,4096,gaps,lessVoid,5,1,49,20755.898
fallback,vector,i64,4096,gaps,lessVoid,4,1,35,28752.429
fallback,vector,i64,4096,gaps,lessVoid,3,1,51,19772.039
fallback,vector,i64,4096,gaps,lessVoid,5,2,45,22640.733
fallback,vector,i64,4096,gaps,lessVoid,3,2,49,20581.592
fallback,vector,i64,4096,gaps,lessVoid,4,2,54,18696.778
fallback,vector,i64,4096,gaps,lessVoid,3,3,52,19439.808
fallback,vector,i64,4096,gaps,lessVoid,4,3,56,18139.929
fallback,vector,i64,4096,gaps,lessVoid,5,3,52,19239.423
fallback,vector,i64,4096,gaps,lessVoid,4,4,41,24789.683
fallback,vector,i64,4096,gaps,lessVoid,3,4,29,34795.862
fallback,vector,i64,4096,gaps,lessVoid,5,4,33,30541.636
fallback,vector,i64,4096,gaps,lessVoid,3,5,33,30476.273
fallback,vector,i64,4096,gaps,lessVoid,5,5,33,31089.697
fallback,vector,i64,4096,gaps,lessVoid,4,5,55,18334.800
fallback,vector,i64,4096,gaps,lessVoid,3,6,42,24010.976
fallback,vector,i64,4096,gaps,lessVoid,5,6,43,23298.465
fallback,vector,i64,4096,gaps,lessVoid,4,6,56,18027.607
fallback,vector,i64,4096,gaps,lessTyped,5,0,52,19254.827
fallback,vector,i64,4096,gaps,lessTyped,3,0,52,19268.423
fallback,vector,i64,4096,gaps,lessTyped,4,0,56,18162.964
fallback,vector,i64,4096,gaps,lessTyped,5,1,51,19757.314
fallback,vector,i64,4096,gaps,lessTyped,4,1,54,18595.630
fallback,vector,i64,4096,gaps,lessTyped,3,1,52,19264.481
fallback,vector,i64,4096,gaps,lessTyped,4,2,56,18031.304
fallback,vector,i64,4096,gaps,lessTyped,3,2,52,19336.462
fallback,vector,i64,4096,gaps,lessTyped,5,2,52,19371.000
fallback,vector,i64,4096,gaps,lessTyped,5,3,52,19563.308
fallback,vector,i64,4096,gaps,lessTyped,3,3,52,19350.904
fallback,vector,i64,4096,gaps,lessTyped,4,3,56,18103.375
fallback,vector,i64,4096,gaps,lessTyped,5,4,49,20681.184
fallback,vector,i64,4096,gaps,lessTyped,4,4,56,18047.607
fallback,vector,i64,4096,gaps,lessTyped,3,4,52,19394.135
fallback,vector,i64,4096,gaps,lessTyped,3,5,52,19402.154
fallback,vector,i64,4096,gaps,lessTyped,5,5,51,19639.667
fallback,vector,i64,4096,gaps,lessTyped,4,5,56,18058.804
fallback,vector,i64,4096,gaps,lessTyped,5,6,52,19251.558
fallback,vector,i64,4096,gaps,lessTyped,4,6,55,18214.345
fallback,vector,i64,4096,gaps,lessTyped,3,6,51,19981.176
fallback,vector,i64,4096,gaps,greaterTyped,3,0,52,19262.788
fallback,vector,i64,4096,gaps,greaterTyped,5,0,53,18988.283
fallback,vector,i64,4096,gaps,greaterTyped,4,0,35,29003.429
fallback,vector,i64,4096,gaps,greaterTyped,3,1,52,19452.000
fallback,vector,i64,4096,gaps,greaterTyped,5,1,57,17780.737
fallback,vector,i64,4096,gaps,greaterTyped,4,1,42,24060.571
fallback,vector,i64,4096,gaps,greaterTyped,4,2,52,19338.250
fallback,vector,i64,4096,gaps,greaterTyped,3,2,55,18482.600
fallback,vector,i64,4096,gaps,greaterTyped,5,2,56,17869.786
fallback,vector,i64,4096,gaps,greaterTyped,4,3,55,18390.200
fallback,vector,i64,4096,gaps,greaterTyped,5,3,56,17915.821
fallback,vector,i64,4096,gaps,greaterTyped,3,3,52,19306.115
fallback,vector,i64,4096,gaps,greaterTyped,4,4,53,19082.566
fallback,vector,i64,4096,gaps,greaterTyped,3,4,58,17525.948
fallback,vector,i64,4096,gaps,greaterTyped,5,4,55,18282.527
fallback,vector,i64,4096,gaps,greaterTyped,5,5,54,18674.333
fallback,vector,i64,4096,gaps,greaterTyped,4,5,55,18238.636
fallback,vector,i64,4096,gaps,greaterTyped,3,5,57,17834.158
fallback,vector,i64,4096,gaps,greaterTyped,3,6,55,18258.964
fallback,vector,i64,4096,gaps,greaterTyped,4,6,50,20005.040
fallback,vector,i64,4096,gaps,greaterTyped,5,6,54,18841.815
pipeline,vector,i64,4096,gaps,lessVoid,6,0,57,17647.632
pipeline,vector,i64,4096,gaps,lessVoid,1,0,58,17376.466
pipeline,vector,i64,4096,gaps,lessVoid,2,0,54,18532.352
pipeline,vector,i64,4096,gaps,lessVoid,0,0,59,17209.780
pipeline,vector,i64,4096,gaps,lessVoid,0,1,59,17219.678
pipeline,vector,i64,4096,gaps,lessVoid,1,1,57,17738.298
pipeline,vector,i64,4096,gaps,lessVoid,2,1,57,17551.140
pipeline,vector,i64,4096,gaps,lessVoid,6,1,58,17413.086
pipeline,vector,i64,4096,gaps,lessVoid,1,2,59,17243.627
pipeline,vector,i64,4096,gaps,lessVoid,2,2,58,17541.052
pipeline,vector,i64,4096,gaps,lessVoid,6,2,56,18058.036
pipeline,vector,i64,4096,gaps,lessVoid,0,2,59,17067.831
pipeline,vector,i64,4096,gaps,lessVoid,2,3,59,17242.237
pipeline,vector,i64,4096,gaps,lessVoid,6,3,57,17651.298
pipeline,vector,i64,4096,gaps,lessVoid,1,3,58,17382.121
pipeline,vector,i64,4096,gaps,lessVoid,0,3,57,17769.789
pipeline,vector,i64,4096,gaps,lessVoid,6,4,58,17345.569
pipeline,vector,i64,4096,gaps,lessVoid,2,4,58,17272.948
pipeline,vector,i64,4096,gaps,lessVoid,1,4,56,18101.143
pipeline,vector,i64,4096,gaps,lessVoid,0,4,59,17101.712
pipeline,vector,i64,4096,gaps,lessVoid,0,5,59,17200.576
pipeline,vector,i64,4096,gaps,lessVoid,1,5,58,17294.534
pipeline,vector,i64,4096,gaps,lessVoid,2,5,56,17920.411
pipeline,vector,i64,4096,gaps,lessVoid,6,5,57,17666.667
pipeline,vector,i64,4096,gaps,lessVoid,2,6,56,18019.339
pipeline,vector,i64,4096,gaps,lessVoid,1,6,56,17977.679
pipeline,vector,i64,4096,gaps,lessVoid,0,6,58,17386.466
pipeline,vector,i64,4096,gaps,lessVoid,6,6,58,17307.466
pipeline,vector,i64,4096,gaps,greaterTyped,0,0,59,17228.797
pipeline,vector,i64,4096,gaps,greaterTyped,6,0,56,17892.857
pipeline,vector,i64,4096,gaps,greaterTyped,1,0,55,18246.964
pipeline,vector,i64,4096,gaps,greaterTyped,2,0,55,18319.800
pipeline,vector,i64,4096,gaps,greaterTyped,6,1,57,17740.544
pipeline,vector,i64,4096,gaps,greaterTyped,1,1,57,17784.404
pipeline,vector,i64,4096,gaps,greaterTyped,0,1,58,17245.690
pipeline,vector,i64,4096,gaps,greaterTyped,2,1,57,17682.035
pipeline,vector,i64,4096,gaps,greaterTyped,0,2,58,17530.862
pipeline,vector,i64,4096,gaps,greaterTyped,2,2,55,18452.364
pipeline,vector,i64,4096,gaps,greaterTyped,6,2,56,17944.250
pipeline,vector,i64,4096,gaps,greaterTyped,1,2,55,18187.182
pipeline,vector,i64,4096,gaps,greaterTyped,2,3,57,17646.193
pipeline,vector,i64,4096,gaps,greaterTyped,0,3,58,17372.121
pipeline,vector,i64,4096,gaps,greaterTyped,6,3,57,17671.825
pipeline,vector,i64,4096,gaps,greaterTyped,1,3,58,17377.224
pipeline,vector,i64,4096,gaps,greaterTyped,6,4,57,17552.632
pipeline,vector,i64,4096,gaps,greaterTyped,1,4,56,17883.929
pipeline,vector,i64,4096,gaps,greaterTyped,2,4,57,17736.877
pipeline,vector,i64,4096,gaps,greaterTyped,0,4,59,17021.915
pipeline,vector,i64,4096,gaps,greaterTyped,0,5,58,17312.552
pipeline,vector,i64,4096,gaps,greaterTyped,1,5,58,17544.552
pipeline,vector,i64,4096,gaps,greaterTyped,6,5,58,17507.897
pipeline,vector,i64,4096,gaps,greaterTyped,2,5,58,17451.828
pipeline,vector,i64,4096,gaps,greaterTyped,1,6,57,17552.667
pipeline,vector,i64,4096,gaps,greaterTyped,6,6,54,18776.963
pipeline,vector,i64,4096,gaps,greaterTyped,0,6,59,16955.441
pipeline,vector,i64,4096,gaps,greaterTyped,2,6,57,17685.667
fallback,vector,i64,4096,ordered,lessVoid,4,0,512,1875.404
fallback,vector,i64,4096,ordered,lessVoid,5,0,345,2899.287
fallback,vector,i64,4096,ordered,lessVoid,3,0,360,2783.786
fallback,vector,i64,4096,ordered,lessVoid,3,1,354,2831.071
fallback,vector,i64,4096,ordered,lessVoid,5,1,349,2868.438
fallback,vector,i64,4096,ordered,lessVoid,4,1,499,2006.930
fallback,vector,i64,4096,ordered,lessVoid,4,2,512,1945.232
fallback,vector,i64,4096,ordered,lessVoid,5,2,351,2852.561
fallback,vector,i64,4096,ordered,lessVoid,3,2,358,2793.413
fallback,vector,i64,4096,ordered,lessVoid,4,3,510,1963.400
fallback,vector,i64,4096,ordered,lessVoid,3,3,359,2785.847
fallback,vector,i64,4096,ordered,lessVoid,5,3,351,2854.553
fallback,vector,i64,4096,ordered,lessVoid,5,4,351,2856.584
fallback,vector,i64,4096,ordered,lessVoid,3,4,327,3062.930
fallback,vector,i64,4096,ordered,lessVoid,4,4,512,1908.686
fallback,vector,i64,4096,ordered,lessVoid,4,5,512,1920.184
fallback,vector,i64,4096,ordered,lessVoid,5,5,357,2808.134
fallback,vector,i64,4096,ordered,lessVoid,3,5,341,2939.152
fallback,vector,i64,4096,ordered,lessVoid,3,6,358,2798.156
fallback,vector,i64,4096,ordered,lessVoid,4,6,512,1936.533
fallback,vector,i64,4096,ordered,lessVoid,5,6,333,3008.258
fallback,vector,i64,4096,ordered,lessTyped,4,0,494,2024.405
fallback,vector,i64,4096,ordered,lessTyped,5,0,337,2972.294
fallback,vector,i64,4096,ordered,lessTyped,3,0,332,3012.530
fallback,vector,i64,4096,ordered,lessTyped,4,1,497,2015.350
fallback,vector,i64,4096,ordered,lessTyped,3,1,340,2942.415
fallback,vector,i64,4096,ordered,lessTyped,5,1,353,2834.042
fallback,vector,i64,4096,ordered,lessTyped,4,2,502,1995.032
fallback,vector,i64,4096,ordered,lessTyped,5,2,346,2893.408
fallback,vector,i64,4096,ordered,lessTyped,3,2,332,3017.337
fallback,vector,i64,4096,ordered,lessTyped,3,3,336,2976.917
fallback,vector,i64,4096,ordered,lessTyped,5,3,339,2957.103
fallback,vector,i64,4096,ordered,lessTyped,4,3,497,2013.499
fallback,vector,i64,4096,ordered,lessTyped,4,4,505,1980.200
fallback,vector,i64,4096,ordered,lessTyped,3,4,355,2821.025
fallback,vector,i64,4096,ordered,lessTyped,5,4,346,2891.610
fallback,vector,i64,4096,ordered,lessTyped,3,5,348,2875.713
fallback,vector,i64,4096,ordered,lessTyped,4,5,498,2008.301
fallback,vector,i64,4096,ordered,lessTyped,5,5,334,2995.737
fallback,vector,i64,4096,ordered,lessTyped,5,6,328,3052.875
fallback,vector,i64,4096,ordered,lessTyped,3,6,337,2970.190
fallback,vector,i64,4096,ordered,lessTyped,4,6,512,1914.457
fallback,vector,i64,4096,ordered,greaterTyped,5,0,263,3805.433
fallback,vector,i64,4096,ordered,greaterTyped,3,0,263,3816.681
fallback,vector,i64,4096,ordered,greaterTyped,4,0,348,2876.914
fallback,vector,i64,4096,ordered,greaterTyped,5,1,253,3956.858
fallback,vector,i64,4096,ordered,greaterTyped,4,1,375,2671.101
fallback,vector,i64,4096,ordered,greaterTyped,3,1,282,3547.117
fallback,vector,i64,4096,ordered,greaterTyped,3,2,278,3601.914
fallback,vector,i64,4096,ordered,greaterTyped,5,2,267,3757.494
fallback,vector,i64,4096,ordered,greaterTyped,4,2,351,2850.077
fallback,vector,i64,4096,ordered,greaterTyped,3,3,263,3810.198
fallback,vector,i64,4096,ordered,greaterTyped,5,3,261,3841.808
fallback,vector,i64,4096,ordered,greaterTyped,4,3,342,2926.041
fallback,vector,i64,4096,ordered,greaterTyped,5,4,284,3532.109
fallback,vector,i64,4096,ordered,greaterTyped,3,4,275,3640.585
fallback,vector,i64,4096,ordered,greaterTyped,4,4,361,2774.773
fallback,vector,i64,4096,ordered,greaterTyped,5,5,281,3569.694
fallback,vector,i64,4096,ordered,greaterTyped,4,5,351,2856.348
fallback,vector,i64,4096,ordered,greaterTyped,3,5,267,3757.794
fallback,vector,i64,4096,ordered,greaterTyped,4,6,351,2856.943
fallback,vector,i64,4096,ordered,greaterTyped,3,6,261,3843.693
fallback,vector,i64,4096,ordered,greaterTyped,5,6,285,3516.979
fallback,vector,i64,4096,reverse,lessVoid,4,0,379,2643.150
fallback,vector,i64,4096,reverse,lessVoid,3,0,271,3694.332
fallback,vector,i64,4096,reverse,lessVoid,5,0,273,3670.788
fallback,vector,i64,4096,reverse,lessVoid,5,1,265,3778.125
fallback,vector,i64,4096,reverse,lessVoid,4,1,383,2613.475
fallback,vector,i64,4096,reverse,lessVoid,3,1,280,3582.596
fallback,vector,i64,4096,reverse,lessVoid,3,2,264,3800.822
fallback,vector,i64,4096,reverse,lessVoid,4,2,368,2720.910
fallback,vector,i64,4096,reverse,lessVoid,5,2,269,3717.918
fallback,vector,i64,4096,reverse,lessVoid,5,3,266,3761.274
fallback,vector,i64,4096,reverse,lessVoid,4,3,357,2805.661
fallback,vector,i64,4096,reverse,lessVoid,3,3,263,3812.091
fallback,vector,i64,4096,reverse,lessVoid,5,4,261,3840.042
fallback,vector,i64,4096,reverse,lessVoid,4,4,357,2804.036
fallback,vector,i64,4096,reverse,lessVoid,3,4,262,3826.324
fallback,vector,i64,4096,reverse,lessVoid,5,5,262,3819.168
fallback,vector,i64,4096,reverse,lessVoid,4,5,353,2835.348
fallback,vector,i64,4096,reverse,lessVoid,3,5,264,3789.920
fallback,vector,i64,4096,reverse,lessVoid,4,6,354,2829.446
fallback,vector,i64,4096,reverse,lessVoid,3,6,262,3823.656
fallback,vector,i64,4096,reverse,lessVoid,5,6,261,3837.176
fallback,vector,i64,4096,reverse,lessTyped,3,0,261,3834.456
fallback,vector,i64,4096,reverse,lessTyped,4,0,354,2827.545
fallback,vector,i64,4096,reverse,lessTyped,5,0,256,3911.312
fallback,vector,i64,4096,reverse,lessTyped,3,1,262,3820.771
fallback,vector,i64,4096,reverse,lessTyped,4,1,349,2867.375
fallback,vector,i64,4096,reverse,lessTyped,5,1,262,3823.649
fallback,vector,i64,4096,reverse,lessTyped,3,2,260,3858.638
fallback,vector,i64,4096,reverse,lessTyped,4,2,355,2818.924
fallback,vector,i64,4096,reverse,lessTyped,5,2,256,3916.188
fallback,vector,i64,4096,reverse,lessTyped,5,3,261,3831.874
fallback,vector,i64,4096,reverse,lessTyped,3,3,262,3825.057
fallback,vector,i64,4096,reverse,lessTyped,4,3,354,2830.401
fallback,vector,i64,4096,reverse,lessTyped,3,4,260,3851.142
fallback,vector,i64,4096,reverse,lessTyped,5,4,262,3829.221
fallback,vector,i64,4096,reverse,lessTyped,4,4,348,2878.839
fallback,vector,i64,4096,reverse,lessTyped,4,5,350,2861.551
fallback,vector,i64,4096,reverse,lessTyped,3,5,259,3865.973
fallback,vector,i64,4096,reverse,lessTyped,5,5,263,3803.106
fallback,vector,i64,4096,reverse,lessTyped,5,6,260,3846.792
fallback,vector,i64,4096,reverse,lessTyped,4,6,353,2836.518
fallback,vector,i64,4096,reverse,lessTyped,3,6,259,3864.506
fallback,vector,i64,4096,reverse,greaterTyped,5,0,493,2030.085
fallback,vector,i64,4096,reverse,greaterTyped,4,0,490,2041.008
fallback,vector,i64,4096,reverse,greaterTyped,3,0,492,2034.378
fallback,vector,i64,4096,reverse,greaterTyped,5,1,483,2070.718
fallback,vector,i64,4096,reverse,greaterTyped,4,1,491,2037.075
fallback,vector,i64,4096,reverse,greaterTyped,3,1,494,2026.518
fallback,vector,i64,4096,reverse,greaterTyped,4,2,487,2055.961
fallback,vector,i64,4096,reverse,greaterTyped,5,2,495,2022.190
fallback,vector,i64,4096,reverse,greaterTyped,3,2,486,2059.409
fallback,vector,i64,4096,reverse,greaterTyped,4,3,485,2062.019
fallback,vector,i64,4096,reverse,greaterTyped,3,3,496,2017.887
fallback,vector,i64,4096,reverse,greaterTyped,5,3,496,2019.081
fallback,vector,i64,4096,reverse,greaterTyped,3,4,495,2021.038
fallback,vector,i64,4096,reverse,greaterTyped,5,4,491,2040.648
fallback,vector,i64,4096,reverse,greaterTyped,4,4,492,2034.299
fallback,vector,i64,4096,reverse,greaterTyped,4,5,484,2067.841
fallback,vector,i64,4096,reverse,greaterTyped,5,5,491,2038.016
fallback,vector,i64,4096,reverse,greaterTyped,3,5,493,2030.276
fallback,vector,i64,4096,reverse,greaterTyped,3,6,494,2025.816
fallback,vector,i64,4096,reverse,greaterTyped,5,6,495,2023.087
fallback,vector,i64,4096,reverse,greaterTyped,4,6,490,2042.422
fallback,vector,i64,4096,nearly,lessVoid,3,0,90,11149.533
fallback,vector,i64,4096,nearly,lessVoid,4,0,96,10421.000
fallback,vector,i64,4096,nearly,lessVoid,5,0,90,11220.456
fallback,vector,i64,4096,nearly,lessVoid,4,1,96,10450.969
fallback,vector,i64,4096,nearly,lessVoid,5,1,88,11437.500
fallback,vector,i64,4096,nearly,lessVoid,3,1,87,11504.782
fallback,vector,i64,4096,nearly,lessVoid,4,2,97,10344.526
fallback,vector,i64,4096,nearly,lessVoid,5,2,87,11535.448
fallback,vector,i64,4096,nearly,lessVoid,3,2,90,11193.000
fallback,vector,i64,4096,nearly,lessVoid,5,3,88,11372.591
fallback,vector,i64,4096,nearly,lessVoid,3,3,88,11421.443
fallback,vector,i64,4096,nearly,lessVoid,4,3,97,10380.144
fallback,vector,i64,4096,nearly,lessVoid,3,4,88,11373.693
fallback,vector,i64,4096,nearly,lessVoid,4,4,98,10271.245
fallback,vector,i64,4096,nearly,lessVoid,5,4,90,11210.178
fallback,vector,i64,4096,nearly,lessVoid,3,5,90,11239.778
fallback,vector,i64,4096,nearly,lessVoid,4,5,98,10286.153
fallback,vector,i64,4096,nearly,lessVoid,5,5,89,11301.483
fallback,vector,i64,4096,nearly,lessVoid,5,6,89,11265.888
fallback,vector,i64,4096,nearly,lessVoid,3,6,90,11219.889
fallback,vector,i64,4096,nearly,lessVoid,4,6,93,10843.333
fallback,vector,i64,4096,nearly,lessTyped,4,0,100,10005.480
fallback,vector,i64,4096,nearly,lessTyped,5,0,90,11116.756
fallback,vector,i64,4096,nearly,lessTyped,3,0,93,10811.366
fallback,vector,i64,4096,nearly,lessTyped,5,1,92,10952.837
fallback,vector,i64,4096,nearly,lessTyped,3,1,88,11465.489
fallback,vector,i64,4096,nearly,lessTyped,4,1,101,9995.455
fallback,vector,i64,4096,nearly,lessTyped,4,2,100,10090.840
fallback,vector,i64,4096,nearly,lessTyped,3,2,92,10888.543
fallback,vector,i64,4096,nearly,lessTyped,5,2,92,10870.489
fallback,vector,i64,4096,nearly,lessTyped,5,3,93,10799.699
fallback,vector,i64,4096,nearly,lessTyped,3,3,93,10803.731
fallback,vector,i64,4096,nearly,lessTyped,4,3,88,11477.773
fallback,vector,i64,4096,nearly,lessTyped,4,4,98,10247.408
fallback,vector,i64,4096,nearly,lessTyped,5,4,91,11011.374
fallback,vector,i64,4096,nearly,lessTyped,3,4,94,10750.447
fallback,vector,i64,4096,nearly,lessTyped,4,5,101,9964.168
fallback,vector,i64,4096,nearly,lessTyped,5,5,92,10982.272
fallback,vector,i64,4096,nearly,lessTyped,3,5,93,10787.108
fallback,vector,i64,4096,nearly,lessTyped,3,6,93,10783.634
fallback,vector,i64,4096,nearly,lessTyped,4,6,93,10764.237
fallback,vector,i64,4096,nearly,lessTyped,5,6,93,10814.505
fallback,vector,i64,4096,nearly,greaterTyped,4,0,59,17002.153
fallback,vector,i64,4096,nearly,greaterTyped,5,0,64,15718.641
fallback,vector,i64,4096,nearly,greaterTyped,3,0,61,16408.541
fallback,vector,i64,4096,nearly,greaterTyped,4,1,58,17272.207
fallback,vector,i64,4096,nearly,greaterTyped,3,1,64,15688.172
fallback,vector,i64,4096,nearly,greaterTyped,5,1,62,16217.113
fallback,vector,i64,4096,nearly,greaterTyped,3,2,61,16582.705
fallback,vector,i64,4096,nearly,greaterTyped,5,2,60,16813.150
fallback,vector,i64,4096,nearly,greaterTyped,4,2,61,16646.803
fallback,vector,i64,4096,nearly,greaterTyped,5,3,62,16321.242
fallback,vector,i64,4096,nearly,greaterTyped,4,3,61,16519.131
fallback,vector,i64,4096,nearly,greaterTyped,3,3,61,16558.033
fallback,vector,i64,4096,nearly,greaterTyped,5,4,63,15927.984
fallback,vector,i64,4096,nearly,greaterTyped,4,4,62,16309.113
fallback,vector,i64,4096,nearly,greaterTyped,3,4,60,16694.417
fallback,vector,i64,4096,nearly,greaterTyped,5,5,59,17032.458
fallback,vector,i64,4096,nearly,greaterTyped,3,5,60,16814.483
fallback,vector,i64,4096,nearly,greaterTyped,4,5,60,16803.433
fallback,vector,i64,4096,nearly,greaterTyped,5,6,59,17072.017
fallback,vector,i64,4096,nearly,greaterTyped,3,6,59,17295.203
fallback,vector,i64,4096,nearly,greaterTyped,4,6,60,16746.567
fallback,vector,i64,1000000,full,lessVoid,3,0,1,39836625.000
fallback,vector,i64,1000000,full,lessVoid,4,0,1,39874625.000
fallback,vector,i64,1000000,full,lessVoid,5,0,1,39824834.000
fallback,vector,i64,1000000,full,lessVoid,4,1,1,39818583.000
fallback,vector,i64,1000000,full,lessVoid,3,1,1,39856500.000
fallback,vector,i64,1000000,full,lessVoid,5,1,1,39874917.000
fallback,vector,i64,1000000,full,lessVoid,4,2,1,39784250.000
fallback,vector,i64,1000000,full,lessVoid,5,2,1,39841084.000
fallback,vector,i64,1000000,full,lessVoid,3,2,1,39840166.000
fallback,vector,i64,1000000,full,lessVoid,4,3,1,39827416.000
fallback,vector,i64,1000000,full,lessVoid,5,3,1,40060584.000
fallback,vector,i64,1000000,full,lessVoid,3,3,1,40213750.000
fallback,vector,i64,1000000,full,lessVoid,5,4,1,39798208.000
fallback,vector,i64,1000000,full,lessVoid,4,4,1,39887125.000
fallback,vector,i64,1000000,full,lessVoid,3,4,1,39810916.000
fallback,vector,i64,1000000,full,lessVoid,3,5,1,40274875.000
fallback,vector,i64,1000000,full,lessVoid,4,5,1,39852667.000
fallback,vector,i64,1000000,full,lessVoid,5,5,1,39907666.000
fallback,vector,i64,1000000,full,lessVoid,3,6,1,39950917.000
fallback,vector,i64,1000000,full,lessVoid,4,6,1,39965917.000
fallback,vector,i64,1000000,full,lessVoid,5,6,1,40669917.000
fallback,vector,i64,1000000,full,lessTyped,4,0,1,39835708.000
fallback,vector,i64,1000000,full,lessTyped,3,0,1,39776584.000
fallback,vector,i64,1000000,full,lessTyped,5,0,1,39741166.000
fallback,vector,i64,1000000,full,lessTyped,5,1,1,39793583.000
fallback,vector,i64,1000000,full,lessTyped,3,1,1,39796792.000
fallback,vector,i64,1000000,full,lessTyped,4,1,1,41630916.000
fallback,vector,i64,1000000,full,lessTyped,4,2,1,40143292.000
fallback,vector,i64,1000000,full,lessTyped,3,2,1,40063042.000
fallback,vector,i64,1000000,full,lessTyped,5,2,1,40044625.000
fallback,vector,i64,1000000,full,lessTyped,4,3,1,39862125.000
fallback,vector,i64,1000000,full,lessTyped,3,3,1,39997500.000
fallback,vector,i64,1000000,full,lessTyped,5,3,1,40037625.000
fallback,vector,i64,1000000,full,lessTyped,4,4,1,40031792.000
fallback,vector,i64,1000000,full,lessTyped,5,4,1,40166125.000
fallback,vector,i64,1000000,full,lessTyped,3,4,1,40083833.000
fallback,vector,i64,1000000,full,lessTyped,3,5,1,39994625.000
fallback,vector,i64,1000000,full,lessTyped,4,5,1,39926125.000
fallback,vector,i64,1000000,full,lessTyped,5,5,1,39936042.000
fallback,vector,i64,1000000,full,lessTyped,3,6,1,39990333.000
fallback,vector,i64,1000000,full,lessTyped,4,6,1,40183417.000
fallback,vector,i64,1000000,full,lessTyped,5,6,1,40132833.000
fallback,vector,i64,1000000,full,greaterTyped,3,0,1,13723291.000
fallback,vector,i64,1000000,full,greaterTyped,5,0,1,13606042.000
fallback,vector,i64,1000000,full,greaterTyped,4,0,1,39835250.000
fallback,vector,i64,1000000,full,greaterTyped,4,1,1,39604167.000
fallback,vector,i64,1000000,full,greaterTyped,5,1,1,13640667.000
fallback,vector,i64,1000000,full,greaterTyped,3,1,1,13514917.000
fallback,vector,i64,1000000,full,greaterTyped,4,2,1,39778125.000
fallback,vector,i64,1000000,full,greaterTyped,5,2,1,13819000.000
fallback,vector,i64,1000000,full,greaterTyped,3,2,1,13588458.000
fallback,vector,i64,1000000,full,greaterTyped,4,3,1,39741791.000
fallback,vector,i64,1000000,full,greaterTyped,3,3,1,13810000.000
fallback,vector,i64,1000000,full,greaterTyped,5,3,1,13714792.000
fallback,vector,i64,1000000,full,greaterTyped,4,4,1,39983666.000
fallback,vector,i64,1000000,full,greaterTyped,5,4,1,14124167.000
fallback,vector,i64,1000000,full,greaterTyped,3,4,1,14065209.000
fallback,vector,i64,1000000,full,greaterTyped,3,5,1,14068625.000
fallback,vector,i64,1000000,full,greaterTyped,5,5,1,14019333.000
fallback,vector,i64,1000000,full,greaterTyped,4,5,1,39484709.000
fallback,vector,i64,1000000,full,greaterTyped,3,6,1,13725708.000
fallback,vector,i64,1000000,full,greaterTyped,4,6,1,39517250.000
fallback,vector,i64,1000000,full,greaterTyped,5,6,1,13475833.000
pipeline,vector,i64,1000000,full,lessVoid,0,0,1,6733208.000
pipeline,vector,i64,1000000,full,lessVoid,2,0,1,6775750.000
pipeline,vector,i64,1000000,full,lessVoid,6,0,1,6797583.000
pipeline,vector,i64,1000000,full,lessVoid,1,0,1,7302417.000
pipeline,vector,i64,1000000,full,lessVoid,0,1,1,6703709.000
pipeline,vector,i64,1000000,full,lessVoid,2,1,1,6857625.000
pipeline,vector,i64,1000000,full,lessVoid,1,1,1,6803667.000
pipeline,vector,i64,1000000,full,lessVoid,6,1,1,6803667.000
pipeline,vector,i64,1000000,full,lessVoid,1,2,1,6838625.000
pipeline,vector,i64,1000000,full,lessVoid,0,2,1,6775084.000
pipeline,vector,i64,1000000,full,lessVoid,2,2,1,6760834.000
pipeline,vector,i64,1000000,full,lessVoid,6,2,1,6786375.000
pipeline,vector,i64,1000000,full,lessVoid,2,3,1,7040666.000
pipeline,vector,i64,1000000,full,lessVoid,0,3,1,6845708.000
pipeline,vector,i64,1000000,full,lessVoid,6,3,1,6816166.000
pipeline,vector,i64,1000000,full,lessVoid,1,3,1,6849416.000
pipeline,vector,i64,1000000,full,lessVoid,1,4,1,6959208.000
pipeline,vector,i64,1000000,full,lessVoid,0,4,1,7410708.000
pipeline,vector,i64,1000000,full,lessVoid,2,4,1,6934334.000
pipeline,vector,i64,1000000,full,lessVoid,6,4,1,6847667.000
pipeline,vector,i64,1000000,full,lessVoid,0,5,1,6785208.000
pipeline,vector,i64,1000000,full,lessVoid,6,5,1,6976333.000
pipeline,vector,i64,1000000,full,lessVoid,1,5,1,6973833.000
pipeline,vector,i64,1000000,full,lessVoid,2,5,1,6777458.000
pipeline,vector,i64,1000000,full,lessVoid,1,6,1,7649625.000
pipeline,vector,i64,1000000,full,lessVoid,6,6,1,7515583.000
pipeline,vector,i64,1000000,full,lessVoid,0,6,1,7318792.000
pipeline,vector,i64,1000000,full,lessVoid,2,6,1,7292416.000
pipeline,vector,i64,1000000,full,greaterTyped,6,0,1,6744250.000
pipeline,vector,i64,1000000,full,greaterTyped,1,0,1,6828875.000
pipeline,vector,i64,1000000,full,greaterTyped,0,0,1,6759917.000
pipeline,vector,i64,1000000,full,greaterTyped,2,0,1,6915208.000
pipeline,vector,i64,1000000,full,greaterTyped,1,1,1,6693542.000
pipeline,vector,i64,1000000,full,greaterTyped,0,1,1,6975917.000
pipeline,vector,i64,1000000,full,greaterTyped,6,1,1,6771500.000
pipeline,vector,i64,1000000,full,greaterTyped,2,1,1,6905167.000
pipeline,vector,i64,1000000,full,greaterTyped,0,2,1,6816750.000
pipeline,vector,i64,1000000,full,greaterTyped,2,2,1,6781584.000
pipeline,vector,i64,1000000,full,greaterTyped,6,2,1,6751042.000
pipeline,vector,i64,1000000,full,greaterTyped,1,2,1,6721792.000
pipeline,vector,i64,1000000,full,greaterTyped,1,3,1,6682792.000
pipeline,vector,i64,1000000,full,greaterTyped,6,3,1,6908750.000
pipeline,vector,i64,1000000,full,greaterTyped,0,3,1,6716792.000
pipeline,vector,i64,1000000,full,greaterTyped,2,3,1,6901667.000
pipeline,vector,i64,1000000,full,greaterTyped,0,4,1,6631750.000
pipeline,vector,i64,1000000,full,greaterTyped,1,4,1,6938958.000
pipeline,vector,i64,1000000,full,greaterTyped,2,4,1,6892458.000
pipeline,vector,i64,1000000,full,greaterTyped,6,4,1,6971833.000
pipeline,vector,i64,1000000,full,greaterTyped,6,5,1,6882000.000
pipeline,vector,i64,1000000,full,greaterTyped,2,5,1,6788125.000
pipeline,vector,i64,1000000,full,greaterTyped,0,5,1,6901583.000
pipeline,vector,i64,1000000,full,greaterTyped,1,5,1,6930459.000
pipeline,vector,i64,1000000,full,greaterTyped,2,6,1,6565833.000
pipeline,vector,i64,1000000,full,greaterTyped,0,6,1,6924375.000
pipeline,vector,i64,1000000,full,greaterTyped,6,6,1,6738916.000
pipeline,vector,i64,1000000,full,greaterTyped,1,6,1,6828666.000
fallback,vector,i64,1000000,bits22,lessVoid,3,0,1,39343417.000
fallback,vector,i64,1000000,bits22,lessVoid,5,0,1,39389750.000
fallback,vector,i64,1000000,bits22,lessVoid,4,0,1,39399417.000
fallback,vector,i64,1000000,bits22,lessVoid,3,1,1,39487042.000
fallback,vector,i64,1000000,bits22,lessVoid,4,1,1,39745000.000
fallback,vector,i64,1000000,bits22,lessVoid,5,1,1,39872459.000
fallback,vector,i64,1000000,bits22,lessVoid,3,2,1,39730292.000
fallback,vector,i64,1000000,bits22,lessVoid,5,2,1,39359542.000
fallback,vector,i64,1000000,bits22,lessVoid,4,2,1,39362541.000
fallback,vector,i64,1000000,bits22,lessVoid,5,3,1,39293500.000
fallback,vector,i64,1000000,bits22,lessVoid,3,3,1,39348000.000
fallback,vector,i64,1000000,bits22,lessVoid,4,3,1,39829584.000
fallback,vector,i64,1000000,bits22,lessVoid,4,4,1,40236708.000
fallback,vector,i64,1000000,bits22,lessVoid,5,4,1,39516500.000
fallback,vector,i64,1000000,bits22,lessVoid,3,4,1,39513542.000
fallback,vector,i64,1000000,bits22,lessVoid,3,5,1,39462959.000
fallback,vector,i64,1000000,bits22,lessVoid,5,5,1,39506250.000
fallback,vector,i64,1000000,bits22,lessVoid,4,5,1,39664458.000
fallback,vector,i64,1000000,bits22,lessVoid,5,6,1,39449875.000
fallback,vector,i64,1000000,bits22,lessVoid,3,6,1,39385292.000
fallback,vector,i64,1000000,bits22,lessVoid,4,6,1,39181833.000
fallback,vector,i64,1000000,bits22,lessTyped,4,0,1,39537250.000
fallback,vector,i64,1000000,bits22,lessTyped,3,0,1,39502084.000
fallback,vector,i64,1000000,bits22,lessTyped,5,0,1,39340208.000
fallback,vector,i64,1000000,bits22,lessTyped,5,1,1,39531375.000
fallback,vector,i64,1000000,bits22,lessTyped,4,1,1,39486833.000
fallback,vector,i64,1000000,bits22,lessTyped,3,1,1,39344250.000
fallback,vector,i64,1000000,bits22,lessTyped,5,2,1,39409625.000
fallback,vector,i64,1000000,bits22,lessTyped,3,2,1,39415500.000
fallback,vector,i64,1000000,bits22,lessTyped,4,2,1,39606708.000
fallback,vector,i64,1000000,bits22,lessTyped,4,3,1,39366584.000
fallback,vector,i64,1000000,bits22,lessTyped,5,3,1,39335083.000
fallback,vector,i64,1000000,bits22,lessTyped,3,3,1,39295958.000
fallback,vector,i64,1000000,bits22,lessTyped,5,4,1,39413167.000
fallback,vector,i64,1000000,bits22,lessTyped,4,4,1,39366125.000
fallback,vector,i64,1000000,bits22,lessTyped,3,4,1,40295291.000
fallback,vector,i64,1000000,bits22,lessTyped,5,5,1,40473083.000
fallback,vector,i64,1000000,bits22,lessTyped,4,5,1,39401250.000
fallback,vector,i64,1000000,bits22,lessTyped,3,5,1,39412250.000
fallback,vector,i64,1000000,bits22,lessTyped,5,6,1,39388541.000
fallback,vector,i64,1000000,bits22,lessTyped,4,6,1,39399834.000
fallback,vector,i64,1000000,bits22,lessTyped,3,6,1,39400250.000
fallback,vector,i64,1000000,bits22,greaterTyped,3,0,1,13931375.000
fallback,vector,i64,1000000,bits22,greaterTyped,4,0,1,39417625.000
fallback,vector,i64,1000000,bits22,greaterTyped,5,0,1,13613833.000
fallback,vector,i64,1000000,bits22,greaterTyped,5,1,1,13483459.000
fallback,vector,i64,1000000,bits22,greaterTyped,3,1,1,13793333.000
fallback,vector,i64,1000000,bits22,greaterTyped,4,1,1,39450125.000
fallback,vector,i64,1000000,bits22,greaterTyped,3,2,1,13480375.000
fallback,vector,i64,1000000,bits22,greaterTyped,5,2,1,13544333.000
fallback,vector,i64,1000000,bits22,greaterTyped,4,2,1,40081166.000
fallback,vector,i64,1000000,bits22,greaterTyped,5,3,1,13621166.000
fallback,vector,i64,1000000,bits22,greaterTyped,4,3,1,39669709.000
fallback,vector,i64,1000000,bits22,greaterTyped,3,3,1,13989417.000
fallback,vector,i64,1000000,bits22,greaterTyped,4,4,1,39418667.000
fallback,vector,i64,1000000,bits22,greaterTyped,5,4,1,13986416.000
fallback,vector,i64,1000000,bits22,greaterTyped,3,4,1,14036666.000
fallback,vector,i64,1000000,bits22,greaterTyped,5,5,1,14107750.000
fallback,vector,i64,1000000,bits22,greaterTyped,3,5,1,13691041.000
fallback,vector,i64,1000000,bits22,greaterTyped,4,5,1,39501833.000
fallback,vector,i64,1000000,bits22,greaterTyped,3,6,1,13804833.000
fallback,vector,i64,1000000,bits22,greaterTyped,5,6,1,13997292.000
fallback,vector,i64,1000000,bits22,greaterTyped,4,6,1,39600334.000
pipeline,vector,i64,1000000,bits22,lessVoid,2,0,1,3623792.000
pipeline,vector,i64,1000000,bits22,lessVoid,0,0,1,3420500.000
pipeline,vector,i64,1000000,bits22,lessVoid,1,0,1,3736541.000
pipeline,vector,i64,1000000,bits22,lessVoid,6,0,1,3642208.000
pipeline,vector,i64,1000000,bits22,lessVoid,1,1,1,3381250.000
pipeline,vector,i64,1000000,bits22,lessVoid,6,1,1,3323625.000
pipeline,vector,i64,1000000,bits22,lessVoid,0,1,1,3748917.000
pipeline,vector,i64,1000000,bits22,lessVoid,2,1,1,3611041.000
pipeline,vector,i64,1000000,bits22,lessVoid,0,2,1,3716000.000
pipeline,vector,i64,1000000,bits22,lessVoid,1,2,1,3616875.000
pipeline,vector,i64,1000000,bits22,lessVoid,2,2,1,3543167.000
pipeline,vector,i64,1000000,bits22,lessVoid,6,2,1,3431791.000
pipeline,vector,i64,1000000,bits22,lessVoid,1,3,1,3574666.000
pipeline,vector,i64,1000000,bits22,lessVoid,0,3,1,3640500.000
pipeline,vector,i64,1000000,bits22,lessVoid,6,3,1,3490667.000
pipeline,vector,i64,1000000,bits22,lessVoid,2,3,1,3406708.000
pipeline,vector,i64,1000000,bits22,lessVoid,0,4,1,3342917.000
pipeline,vector,i64,1000000,bits22,lessVoid,2,4,1,3534541.000
pipeline,vector,i64,1000000,bits22,lessVoid,6,4,1,3408667.000
pipeline,vector,i64,1000000,bits22,lessVoid,1,4,1,3335667.000
pipeline,vector,i64,1000000,bits22,lessVoid,6,5,1,3277750.000
pipeline,vector,i64,1000000,bits22,lessVoid,2,5,1,3528041.000
pipeline,vector,i64,1000000,bits22,lessVoid,0,5,1,3362333.000
pipeline,vector,i64,1000000,bits22,lessVoid,1,5,1,3362459.000
pipeline,vector,i64,1000000,bits22,lessVoid,1,6,1,3411541.000
pipeline,vector,i64,1000000,bits22,lessVoid,0,6,1,3361041.000
pipeline,vector,i64,1000000,bits22,lessVoid,2,6,1,3476459.000
pipeline,vector,i64,1000000,bits22,lessVoid,6,6,1,3326000.000
pipeline,vector,i64,1000000,bits22,greaterTyped,6,0,1,3536208.000
pipeline,vector,i64,1000000,bits22,greaterTyped,1,0,1,3404250.000
pipeline,vector,i64,1000000,bits22,greaterTyped,0,0,1,3384833.000
pipeline,vector,i64,1000000,bits22,greaterTyped,2,0,1,3632750.000
pipeline,vector,i64,1000000,bits22,greaterTyped,1,1,1,3204125.000
pipeline,vector,i64,1000000,bits22,greaterTyped,0,1,1,3582334.000
pipeline,vector,i64,1000000,bits22,greaterTyped,6,1,1,3578917.000
pipeline,vector,i64,1000000,bits22,greaterTyped,2,1,1,3484250.000
pipeline,vector,i64,1000000,bits22,greaterTyped,6,2,1,3413875.000
pipeline,vector,i64,1000000,bits22,greaterTyped,1,2,1,3576167.000
pipeline,vector,i64,1000000,bits22,greaterTyped,0,2,1,3246042.000
pipeline,vector,i64,1000000,bits22,greaterTyped,2,2,1,3606209.000
pipeline,vector,i64,1000000,bits22,greaterTyped,2,3,1,3337166.000
pipeline,vector,i64,1000000,bits22,greaterTyped,1,3,1,3351917.000
pipeline,vector,i64,1000000,bits22,greaterTyped,6,3,1,3345542.000
pipeline,vector,i64,1000000,bits22,greaterTyped,0,3,1,3398042.000
pipeline,vector,i64,1000000,bits22,greaterTyped,2,4,1,3532541.000
pipeline,vector,i64,1000000,bits22,greaterTyped,0,4,1,3575708.000
pipeline,vector,i64,1000000,bits22,greaterTyped,1,4,1,3511709.000
pipeline,vector,i64,1000000,bits22,greaterTyped,6,4,1,3657833.000
pipeline,vector,i64,1000000,bits22,greaterTyped,6,5,1,3424917.000
pipeline,vector,i64,1000000,bits22,greaterTyped,0,5,1,3618292.000
pipeline,vector,i64,1000000,bits22,greaterTyped,1,5,1,3874750.000
pipeline,vector,i64,1000000,bits22,greaterTyped,2,5,1,3488459.000
pipeline,vector,i64,1000000,bits22,greaterTyped,2,6,1,3618583.000
pipeline,vector,i64,1000000,bits22,greaterTyped,1,6,1,3442334.000
pipeline,vector,i64,1000000,bits22,greaterTyped,6,6,1,3451708.000
pipeline,vector,i64,1000000,bits22,greaterTyped,0,6,1,3562333.000
fallback,vector,i64,1000000,gaps,lessVoid,3,0,1,16607833.000
fallback,vector,i64,1000000,gaps,lessVoid,5,0,1,16689458.000
fallback,vector,i64,1000000,gaps,lessVoid,4,0,1,16784958.000
fallback,vector,i64,1000000,gaps,lessVoid,5,1,1,16785042.000
fallback,vector,i64,1000000,gaps,lessVoid,3,1,1,16719000.000
fallback,vector,i64,1000000,gaps,lessVoid,4,1,1,16569167.000
fallback,vector,i64,1000000,gaps,lessVoid,3,2,1,16762167.000
fallback,vector,i64,1000000,gaps,lessVoid,4,2,1,16650541.000
fallback,vector,i64,1000000,gaps,lessVoid,5,2,1,16680041.000
fallback,vector,i64,1000000,gaps,lessVoid,3,3,1,16656583.000
fallback,vector,i64,1000000,gaps,lessVoid,4,3,1,16595625.000
fallback,vector,i64,1000000,gaps,lessVoid,5,3,1,16656417.000
fallback,vector,i64,1000000,gaps,lessVoid,3,4,1,16718333.000
fallback,vector,i64,1000000,gaps,lessVoid,5,4,1,16620167.000
fallback,vector,i64,1000000,gaps,lessVoid,4,4,1,16595959.000
fallback,vector,i64,1000000,gaps,lessVoid,3,5,1,16675291.000
fallback,vector,i64,1000000,gaps,lessVoid,4,5,1,16909375.000
fallback,vector,i64,1000000,gaps,lessVoid,5,5,1,16690334.000
fallback,vector,i64,1000000,gaps,lessVoid,3,6,1,16700166.000
fallback,vector,i64,1000000,gaps,lessVoid,5,6,1,16649541.000
fallback,vector,i64,1000000,gaps,lessVoid,4,6,1,16546541.000
fallback,vector,i64,1000000,gaps,lessTyped,5,0,1,16639542.000
fallback,vector,i64,1000000,gaps,lessTyped,4,0,1,16614000.000
fallback,vector,i64,1000000,gaps,lessTyped,3,0,1,16596250.000
fallback,vector,i64,1000000,gaps,lessTyped,3,1,1,16679917.000
fallback,vector,i64,1000000,gaps,lessTyped,5,1,1,16631875.000
fallback,vector,i64,1000000,gaps,lessTyped,4,1,1,16629875.000
fallback,vector,i64,1000000,gaps,lessTyped,5,2,1,16529709.000
fallback,vector,i64,1000000,gaps,lessTyped,4,2,1,16546208.000
fallback,vector,i64,1000000,gaps,lessTyped,3,2,1,16729041.000
fallback,vector,i64,1000000,gaps,lessTyped,4,3,1,16653417.000
fallback,vector,i64,1000000,gaps,lessTyped,3,3,1,17242958.000
fallback,vector,i64,1000000,gaps,lessTyped,5,3,1,16815333.000
fallback,vector,i64,1000000,gaps,lessTyped,4,4,1,16589208.000
fallback,vector,i64,1000000,gaps,lessTyped,5,4,1,16711041.000
fallback,vector,i64,1000000,gaps,lessTyped,3,4,1,16736667.000
fallback,vector,i64,1000000,gaps,lessTyped,3,5,1,16621459.000
fallback,vector,i64,1000000,gaps,lessTyped,5,5,1,16769333.000
fallback,vector,i64,1000000,gaps,lessTyped,4,5,1,16701166.000
fallback,vector,i64,1000000,gaps,lessTyped,5,6,1,16645792.000
fallback,vector,i64,1000000,gaps,lessTyped,4,6,1,16553792.000
fallback,vector,i64,1000000,gaps,lessTyped,3,6,1,16620042.000
fallback,vector,i64,1000000,gaps,greaterTyped,4,0,1,16987834.000
fallback,vector,i64,1000000,gaps,greaterTyped,3,0,1,5142541.000
fallback,vector,i64,1000000,gaps,greaterTyped,5,0,1,5208375.000
fallback,vector,i64,1000000,gaps,greaterTyped,4,1,1,16976708.000
fallback,vector,i64,1000000,gaps,greaterTyped,3,1,1,4957833.000
fallback,vector,i64,1000000,gaps,greaterTyped,5,1,1,5029000.000
fallback,vector,i64,1000000,gaps,greaterTyped,3,2,1,4987083.000
fallback,vector,i64,1000000,gaps,greaterTyped,5,2,1,5041959.000
fallback,vector,i64,1000000,gaps,greaterTyped,4,2,1,16980167.000
fallback,vector,i64,1000000,gaps,greaterTyped,3,3,1,4878959.000
fallback,vector,i64,1000000,gaps,greaterTyped,4,3,1,17056375.000
fallback,vector,i64,1000000,gaps,greaterTyped,5,3,1,5063792.000
fallback,vector,i64,1000000,gaps,greaterTyped,4,4,1,17002000.000
fallback,vector,i64,1000000,gaps,greaterTyped,5,4,1,4959625.000
fallback,vector,i64,1000000,gaps,greaterTyped,3,4,1,5028042.000
fallback,vector,i64,1000000,gaps,greaterTyped,4,5,1,17036542.000
fallback,vector,i64,1000000,gaps,greaterTyped,5,5,1,5083834.000
fallback,vector,i64,1000000,gaps,greaterTyped,3,5,1,5171042.000
fallback,vector,i64,1000000,gaps,greaterTyped,3,6,1,5137291.000
fallback,vector,i64,1000000,gaps,greaterTyped,4,6,1,17004000.000
fallback,vector,i64,1000000,gaps,greaterTyped,5,6,1,5130417.000
pipeline,vector,i64,1000000,gaps,lessVoid,0,0,1,4332167.000
pipeline,vector,i64,1000000,gaps,lessVoid,1,0,1,4420125.000
pipeline,vector,i64,1000000,gaps,lessVoid,6,0,1,4301584.000
pipeline,vector,i64,1000000,gaps,lessVoid,2,0,1,4102542.000
pipeline,vector,i64,1000000,gaps,lessVoid,2,1,1,4450292.000
pipeline,vector,i64,1000000,gaps,lessVoid,1,1,1,4131708.000
pipeline,vector,i64,1000000,gaps,lessVoid,0,1,1,4353083.000
pipeline,vector,i64,1000000,gaps,lessVoid,6,1,1,4504333.000
pipeline,vector,i64,1000000,gaps,lessVoid,0,2,1,4260084.000
pipeline,vector,i64,1000000,gaps,lessVoid,1,2,1,4430833.000
pipeline,vector,i64,1000000,gaps,lessVoid,6,2,1,4402500.000
pipeline,vector,i64,1000000,gaps,lessVoid,2,2,1,4409209.000
pipeline,vector,i64,1000000,gaps,lessVoid,1,3,1,4420208.000
pipeline,vector,i64,1000000,gaps,lessVoid,2,3,1,4539083.000
pipeline,vector,i64,1000000,gaps,lessVoid,0,3,1,4207917.000
pipeline,vector,i64,1000000,gaps,lessVoid,6,3,1,4529209.000
pipeline,vector,i64,1000000,gaps,lessVoid,1,4,1,4230250.000
pipeline,vector,i64,1000000,gaps,lessVoid,6,4,1,4159666.000
pipeline,vector,i64,1000000,gaps,lessVoid,0,4,1,4099000.000
pipeline,vector,i64,1000000,gaps,lessVoid,2,4,1,4511542.000
pipeline,vector,i64,1000000,gaps,lessVoid,1,5,1,4546334.000
pipeline,vector,i64,1000000,gaps,lessVoid,2,5,1,4213417.000
pipeline,vector,i64,1000000,gaps,lessVoid,0,5,1,4160000.000
pipeline,vector,i64,1000000,gaps,lessVoid,6,5,1,4296709.000
pipeline,vector,i64,1000000,gaps,lessVoid,6,6,1,4230709.000
pipeline,vector,i64,1000000,gaps,lessVoid,0,6,1,4171375.000
pipeline,vector,i64,1000000,gaps,lessVoid,1,6,1,4344625.000
pipeline,vector,i64,1000000,gaps,lessVoid,2,6,1,4206416.000
pipeline,vector,i64,1000000,gaps,greaterTyped,6,0,1,4367500.000
pipeline,vector,i64,1000000,gaps,greaterTyped,0,0,1,4421750.000
pipeline,vector,i64,1000000,gaps,greaterTyped,2,0,1,4467916.000
pipeline,vector,i64,1000000,gaps,greaterTyped,1,0,1,4608042.000
pipeline,vector,i64,1000000,gaps,greaterTyped,0,1,1,4556208.000
pipeline,vector,i64,1000000,gaps,greaterTyped,6,1,1,4777417.000
pipeline,vector,i64,1000000,gaps,greaterTyped,1,1,1,4244750.000
pipeline,vector,i64,1000000,gaps,greaterTyped,2,1,1,4517167.000
pipeline,vector,i64,1000000,gaps,greaterTyped,1,2,1,4500292.000
pipeline,vector,i64,1000000,gaps,greaterTyped,2,2,1,4217875.000
pipeline,vector,i64,1000000,gaps,greaterTyped,0,2,1,4141875.000
pipeline,vector,i64,1000000,gaps,greaterTyped,6,2,1,4360042.000
pipeline,vector,i64,1000000,gaps,greaterTyped,2,3,1,4238208.000
pipeline,vector,i64,1000000,gaps,greaterTyped,1,3,1,4453083.000
pipeline,vector,i64,1000000,gaps,greaterTyped,0,3,1,4462250.000
pipeline,vector,i64,1000000,gaps,greaterTyped,6,3,1,4242458.000
pipeline,vector,i64,1000000,gaps,greaterTyped,2,4,1,4219583.000
pipeline,vector,i64,1000000,gaps,greaterTyped,1,4,1,4191708.000
pipeline,vector,i64,1000000,gaps,greaterTyped,6,4,1,4385792.000
pipeline,vector,i64,1000000,gaps,greaterTyped,0,4,1,4053542.000
pipeline,vector,i64,1000000,gaps,greaterTyped,0,5,1,4186042.000
pipeline,vector,i64,1000000,gaps,greaterTyped,2,5,1,4403375.000
pipeline,vector,i64,1000000,gaps,greaterTyped,6,5,1,4375583.000
pipeline,vector,i64,1000000,gaps,greaterTyped,1,5,1,4420250.000
pipeline,vector,i64,1000000,gaps,greaterTyped,0,6,1,4410167.000
pipeline,vector,i64,1000000,gaps,greaterTyped,2,6,1,4296000.000
pipeline,vector,i64,1000000,gaps,greaterTyped,1,6,1,4523625.000
pipeline,vector,i64,1000000,gaps,greaterTyped,6,6,1,4278875.000
fallback,vector,i64,1000000,ordered,lessVoid,5,0,2,694270.500
fallback,vector,i64,1000000,ordered,lessVoid,4,0,3,468416.667
fallback,vector,i64,1000000,ordered,lessVoid,3,0,2,672270.500
fallback,vector,i64,1000000,ordered,lessVoid,4,1,3,470291.667
fallback,vector,i64,1000000,ordered,lessVoid,3,1,2,696458.500
fallback,vector,i64,1000000,ordered,lessVoid,5,1,2,692687.500
fallback,vector,i64,1000000,ordered,lessVoid,4,2,3,465972.333
fallback,vector,i64,1000000,ordered,lessVoid,5,2,2,675583.000
fallback,vector,i64,1000000,ordered,lessVoid,3,2,2,683375.000
fallback,vector,i64,1000000,ordered,lessVoid,4,3,3,463888.667
fallback,vector,i64,1000000,ordered,lessVoid,5,3,2,681750.000
fallback,vector,i64,1000000,ordered,lessVoid,3,3,2,665271.000
fallback,vector,i64,1000000,ordered,lessVoid,3,4,2,687458.000
fallback,vector,i64,1000000,ordered,lessVoid,5,4,2,701187.500
fallback,vector,i64,1000000,ordered,lessVoid,4,4,3,465472.333
fallback,vector,i64,1000000,ordered,lessVoid,3,5,2,670104.000
fallback,vector,i64,1000000,ordered,lessVoid,4,5,3,466666.667
fallback,vector,i64,1000000,ordered,lessVoid,5,5,2,666291.500
fallback,vector,i64,1000000,ordered,lessVoid,4,6,3,475055.333
fallback,vector,i64,1000000,ordered,lessVoid,3,6,2,676791.500
fallback,vector,i64,1000000,ordered,lessVoid,5,6,2,675625.000
fallback,vector,i64,1000000,ordered,lessTyped,3,0,2,690271.000
fallback,vector,i64,1000000,ordered,lessTyped,4,0,3,471069.000
fallback,vector,i64,1000000,ordered,lessTyped,5,0,2,698667.000
fallback,vector,i64,1000000,ordered,lessTyped,3,1,2,692833.500
fallback,vector,i64,1000000,ordered,lessTyped,5,1,2,692604.000
fallback,vector,i64,1000000,ordered,lessTyped,4,1,3,470722.000
fallback,vector,i64,1000000,ordered,lessTyped,4,2,3,478514.000
fallback,vector,i64,1000000,ordered,lessTyped,5,2,2,698271.000
fallback,vector,i64,1000000,ordered,lessTyped,3,2,2,680312.500
fallback,vector,i64,1000000,ordered,lessTyped,4,3,3,461805.333
fallback,vector,i64,1000000,ordered,lessTyped,3,3,2,695854.000
fallback,vector,i64,1000000,ordered,lessTyped,5,3,2,704083.000
fallback,vector,i64,1000000,ordered,lessTyped,5,4,2,681291.500
fallback,vector,i64,1000000,ordered,lessTyped,3,4,2,832604.500
fallback,vector,i64,1000000,ordered,lessTyped,4,4,3,461014.000
fallback,vector,i64,1000000,ordered,lessTyped,5,5,2,675458.000
fallback,vector,i64,1000000,ordered,lessTyped,4,5,3,478333.333
fallback,vector,i64,1000000,ordered,lessTyped,3,5,2,706875.500
fallback,vector,i64,1000000,ordered,lessTyped,4,6,3,478722.333
fallback,vector,i64,1000000,ordered,lessTyped,3,6,2,698833.500
fallback,vector,i64,1000000,ordered,lessTyped,5,6,2,697729.000
fallback,vector,i64,1000000,ordered,greaterTyped,4,0,2,683583.500
fallback,vector,i64,1000000,ordered,greaterTyped,3,0,2,904917.000
fallback,vector,i64,1000000,ordered,greaterTyped,5,0,2,915875.000
fallback,vector,i64,1000000,ordered,greaterTyped,4,1,2,679854.500
fallback,vector,i64,1000000,ordered,greaterTyped,5,1,2,917541.500
fallback,vector,i64,1000000,ordered,greaterTyped,3,1,2,915396.000
fallback,vector,i64,1000000,ordered,greaterTyped,4,2,2,686813.000
fallback,vector,i64,1000000,ordered,greaterTyped,3,2,2,912521.000
fallback,vector,i64,1000000,ordered,greaterTyped,5,2,2,917688.000
fallback,vector,i64,1000000,ordered,greaterTyped,5,3,2,914667.000
fallback,vector,i64,1000000,ordered,greaterTyped,4,3,2,691354.000
fallback,vector,i64,1000000,ordered,greaterTyped,3,3,2,927250.000
fallback,vector,i64,1000000,ordered,greaterTyped,3,4,2,916916.500
fallback,vector,i64,1000000,ordered,greaterTyped,5,4,2,917417.000
fallback,vector,i64,1000000,ordered,greaterTyped,4,4,2,680729.000
fallback,vector,i64,1000000,ordered,greaterTyped,5,5,2,907833.500
fallback,vector,i64,1000000,ordered,greaterTyped,3,5,2,909042.000
fallback,vector,i64,1000000,ordered,greaterTyped,4,5,2,713542.000
fallback,vector,i64,1000000,ordered,greaterTyped,3,6,2,876083.500
fallback,vector,i64,1000000,ordered,greaterTyped,4,6,2,610312.500
fallback,vector,i64,1000000,ordered,greaterTyped,5,6,2,871187.000
pipeline,vector,i64,1000000,ordered,lessVoid,2,0,4,257469.000
pipeline,vector,i64,1000000,ordered,lessVoid,1,0,4,259510.500
pipeline,vector,i64,1000000,ordered,lessVoid,6,0,4,270291.750
pipeline,vector,i64,1000000,ordered,lessVoid,0,0,4,267666.750
pipeline,vector,i64,1000000,ordered,lessVoid,2,1,4,265197.750
pipeline,vector,i64,1000000,ordered,lessVoid,6,1,4,259791.500
pipeline,vector,i64,1000000,ordered,lessVoid,0,1,4,260239.500
pipeline,vector,i64,1000000,ordered,lessVoid,1,1,4,264916.750
pipeline,vector,i64,1000000,ordered,lessVoid,0,2,4,270969.000
pipeline,vector,i64,1000000,ordered,lessVoid,6,2,4,268604.000
pipeline,vector,i64,1000000,ordered,lessVoid,1,2,4,265864.500
pipeline,vector,i64,1000000,ordered,lessVoid,2,2,4,258521.000
pipeline,vector,i64,1000000,ordered,lessVoid,0,3,4,257958.250
pipeline,vector,i64,1000000,ordered,lessVoid,2,3,4,250791.500
pipeline,vector,i64,1000000,ordered,lessVoid,1,3,4,263052.000
pipeline,vector,i64,1000000,ordered,lessVoid,6,3,5,251508.200
pipeline,vector,i64,1000000,ordered,lessVoid,0,4,4,253427.250
pipeline,vector,i64,1000000,ordered,lessVoid,1,4,4,261521.000
pipeline,vector,i64,1000000,ordered,lessVoid,2,4,4,254364.250
pipeline,vector,i64,1000000,ordered,lessVoid,6,4,5,244150.000
pipeline,vector,i64,1000000,ordered,lessVoid,0,5,5,239574.800
pipeline,vector,i64,1000000,ordered,lessVoid,1,5,5,237691.800
pipeline,vector,i64,1000000,ordered,lessVoid,6,5,5,237908.200
pipeline,vector,i64,1000000,ordered,lessVoid,2,5,5,254533.200
pipeline,vector,i64,1000000,ordered,lessVoid,0,6,4,272697.500
pipeline,vector,i64,1000000,ordered,lessVoid,1,6,4,263073.000
pipeline,vector,i64,1000000,ordered,lessVoid,2,6,4,262718.750
pipeline,vector,i64,1000000,ordered,lessVoid,6,6,4,276520.750
pipeline,vector,i64,1000000,ordered,greaterTyped,1,0,3,378749.667
pipeline,vector,i64,1000000,ordered,greaterTyped,2,0,3,398250.000
pipeline,vector,i64,1000000,ordered,greaterTyped,6,0,3,361986.000
pipeline,vector,i64,1000000,ordered,greaterTyped,0,0,3,378638.667
pipeline,vector,i64,1000000,ordered,greaterTyped,0,1,3,375375.000
pipeline,vector,i64,1000000,ordered,greaterTyped,2,1,4,329156.500
pipeline,vector,i64,1000000,ordered,greaterTyped,1,1,4,326708.500
pipeline,vector,i64,1000000,ordered,greaterTyped,6,1,3,428347.000
pipeline,vector,i64,1000000,ordered,greaterTyped,0,2,3,390250.000
pipeline,vector,i64,1000000,ordered,greaterTyped,2,2,3,386819.667
pipeline,vector,i64,1000000,ordered,greaterTyped,1,2,3,351666.667
pipeline,vector,i64,1000000,ordered,greaterTyped,6,2,3,374874.667
pipeline,vector,i64,1000000,ordered,greaterTyped,2,3,3,375888.667
pipeline,vector,i64,1000000,ordered,greaterTyped,1,3,3,373403.000
pipeline,vector,i64,1000000,ordered,greaterTyped,6,3,3,375875.000
pipeline,vector,i64,1000000,ordered,greaterTyped,0,3,3,376889.000
pipeline,vector,i64,1000000,ordered,greaterTyped,2,4,3,373111.667
pipeline,vector,i64,1000000,ordered,greaterTyped,1,4,3,378111.000
pipeline,vector,i64,1000000,ordered,greaterTyped,6,4,3,381235.667
pipeline,vector,i64,1000000,ordered,greaterTyped,0,4,3,372472.333
pipeline,vector,i64,1000000,ordered,greaterTyped,2,5,3,384139.000
pipeline,vector,i64,1000000,ordered,greaterTyped,1,5,3,378805.667
pipeline,vector,i64,1000000,ordered,greaterTyped,0,5,4,331791.750
pipeline,vector,i64,1000000,ordered,greaterTyped,6,5,3,363000.000
pipeline,vector,i64,1000000,ordered,greaterTyped,6,6,3,377944.333
pipeline,vector,i64,1000000,ordered,greaterTyped,2,6,3,365791.667
pipeline,vector,i64,1000000,ordered,greaterTyped,0,6,3,378125.000
pipeline,vector,i64,1000000,ordered,greaterTyped,1,6,3,379541.667
fallback,vector,i64,1000000,reverse,lessVoid,4,0,2,734604.500
fallback,vector,i64,1000000,reverse,lessVoid,5,0,2,967604.000
fallback,vector,i64,1000000,reverse,lessVoid,3,0,2,979750.000
fallback,vector,i64,1000000,reverse,lessVoid,4,1,2,715979.000
fallback,vector,i64,1000000,reverse,lessVoid,3,1,2,987438.000
fallback,vector,i64,1000000,reverse,lessVoid,5,1,1,1008125.000
fallback,vector,i64,1000000,reverse,lessVoid,4,2,2,728833.500
fallback,vector,i64,1000000,reverse,lessVoid,5,2,2,981645.500
fallback,vector,i64,1000000,reverse,lessVoid,3,2,1,1019709.000
fallback,vector,i64,1000000,reverse,lessVoid,3,3,2,914062.500
fallback,vector,i64,1000000,reverse,lessVoid,5,3,2,863146.000
fallback,vector,i64,1000000,reverse,lessVoid,4,3,2,651687.500
fallback,vector,i64,1000000,reverse,lessVoid,4,4,2,676833.000
fallback,vector,i64,1000000,reverse,lessVoid,3,4,2,978229.000
fallback,vector,i64,1000000,reverse,lessVoid,5,4,2,924146.000
fallback,vector,i64,1000000,reverse,lessVoid,5,5,2,842187.500
fallback,vector,i64,1000000,reverse,lessVoid,4,5,2,615749.500
fallback,vector,i64,1000000,reverse,lessVoid,3,5,2,852874.500
fallback,vector,i64,1000000,reverse,lessVoid,4,6,2,692083.500
fallback,vector,i64,1000000,reverse,lessVoid,5,6,2,975979.500
fallback,vector,i64,1000000,reverse,lessVoid,3,6,2,918354.500
fallback,vector,i64,1000000,reverse,lessTyped,4,0,2,731833.000
fallback,vector,i64,1000000,reverse,lessTyped,5,0,2,974041.500
fallback,vector,i64,1000000,reverse,lessTyped,3,0,2,934645.500
fallback,vector,i64,1000000,reverse,lessTyped,3,1,2,909625.000
fallback,vector,i64,1000000,reverse,lessTyped,5,1,2,940854.500
fallback,vector,i64,1000000,reverse,lessTyped,4,1,2,684249.500
fallback,vector,i64,1000000,reverse,lessTyped,5,2,2,968125.500
fallback,vector,i64,1000000,reverse,lessTyped,4,2,2,709437.500
fallback,vector,i64,1000000,reverse,lessTyped,3,2,2,953541.500
fallback,vector,i64,1000000,reverse,lessTyped,4,3,2,687708.500
fallback,vector,i64,1000000,reverse,lessTyped,5,3,2,941312.500
fallback,vector,i64,1000000,reverse,lessTyped,3,3,2,933312.500
fallback,vector,i64,1000000,reverse,lessTyped,5,4,2,949041.000
fallback,vector,i64,1000000,reverse,lessTyped,3,4,2,954458.500
fallback,vector,i64,1000000,reverse,lessTyped,4,4,2,655771.000
fallback,vector,i64,1000000,reverse,lessTyped,5,5,2,900896.000
fallback,vector,i64,1000000,reverse,lessTyped,3,5,2,911854.000
fallback,vector,i64,1000000,reverse,lessTyped,4,5,2,723041.500
fallback,vector,i64,1000000,reverse,lessTyped,5,6,2,979417.000
fallback,vector,i64,1000000,reverse,lessTyped,3,6,2,969937.500
fallback,vector,i64,1000000,reverse,lessTyped,4,6,2,724583.500
fallback,vector,i64,1000000,reverse,greaterTyped,4,0,2,530000.000
fallback,vector,i64,1000000,reverse,greaterTyped,3,0,2,536208.500
fallback,vector,i64,1000000,reverse,greaterTyped,5,0,2,522000.000
fallback,vector,i64,1000000,reverse,greaterTyped,3,1,2,518020.500
fallback,vector,i64,1000000,reverse,greaterTyped,5,1,2,523979.500
fallback,vector,i64,1000000,reverse,greaterTyped,4,1,2,537020.500
fallback,vector,i64,1000000,reverse,greaterTyped,3,2,2,521500.000
fallback,vector,i64,1000000,reverse,greaterTyped,5,2,2,530875.000
fallback,vector,i64,1000000,reverse,greaterTyped,4,2,2,526916.500
fallback,vector,i64,1000000,reverse,greaterTyped,3,3,2,529333.500
fallback,vector,i64,1000000,reverse,greaterTyped,5,3,2,516708.500
fallback,vector,i64,1000000,reverse,greaterTyped,4,3,2,534771.000
fallback,vector,i64,1000000,reverse,greaterTyped,4,4,2,531083.000
fallback,vector,i64,1000000,reverse,greaterTyped,3,4,2,721937.000
fallback,vector,i64,1000000,reverse,greaterTyped,5,4,2,517958.500
fallback,vector,i64,1000000,reverse,greaterTyped,3,5,2,526312.500
fallback,vector,i64,1000000,reverse,greaterTyped,5,5,2,532458.500
fallback,vector,i64,1000000,reverse,greaterTyped,4,5,2,515500.000
fallback,vector,i64,1000000,reverse,greaterTyped,3,6,2,523479.500
fallback,vector,i64,1000000,reverse,greaterTyped,4,6,2,519646.000
fallback,vector,i64,1000000,reverse,greaterTyped,5,6,2,528583.500
pipeline,vector,i64,1000000,reverse,lessVoid,6,0,3,382458.667
pipeline,vector,i64,1000000,reverse,lessVoid,0,0,3,378444.333
pipeline,vector,i64,1000000,reverse,lessVoid,1,0,3,346389.000
pipeline,vector,i64,1000000,reverse,lessVoid,2,0,4,330625.000
pipeline,vector,i64,1000000,reverse,lessVoid,6,1,3,340986.333
pipeline,vector,i64,1000000,reverse,lessVoid,0,1,3,385320.000
pipeline,vector,i64,1000000,reverse,lessVoid,1,1,3,400139.000
pipeline,vector,i64,1000000,reverse,lessVoid,2,1,3,375930.667
pipeline,vector,i64,1000000,reverse,lessVoid,0,2,3,372250.000
pipeline,vector,i64,1000000,reverse,lessVoid,2,2,3,378028.000
pipeline,vector,i64,1000000,reverse,lessVoid,1,2,3,382708.000
pipeline,vector,i64,1000000,reverse,lessVoid,6,2,3,388624.667
pipeline,vector,i64,1000000,reverse,lessVoid,6,3,3,381972.000
pipeline,vector,i64,1000000,reverse,lessVoid,0,3,3,384889.000
pipeline,vector,i64,1000000,reverse,lessVoid,2,3,3,378805.333
pipeline,vector,i64,1000000,reverse,lessVoid,1,3,3,383499.667
pipeline,vector,i64,1000000,reverse,lessVoid,6,4,3,391403.000
pipeline,vector,i64,1000000,reverse,lessVoid,0,4,3,384222.333
pipeline,vector,i64,1000000,reverse,lessVoid,2,4,3,382472.667
pipeline,vector,i64,1000000,reverse,lessVoid,1,4,3,391708.333
pipeline,vector,i64,1000000,reverse,lessVoid,6,5,3,375500.000
pipeline,vector,i64,1000000,reverse,lessVoid,2,5,3,388166.667
pipeline,vector,i64,1000000,reverse,lessVoid,0,5,3,390250.000
pipeline,vector,i64,1000000,reverse,lessVoid,1,5,3,388791.667
pipeline,vector,i64,1000000,reverse,lessVoid,6,6,3,386527.667
pipeline,vector,i64,1000000,reverse,lessVoid,1,6,3,383569.333
pipeline,vector,i64,1000000,reverse,lessVoid,0,6,3,384930.667
pipeline,vector,i64,1000000,reverse,lessVoid,2,6,3,382277.667
pipeline,vector,i64,1000000,reverse,greaterTyped,0,0,5,223308.200
pipeline,vector,i64,1000000,reverse,greaterTyped,1,0,5,241400.200
pipeline,vector,i64,1000000,reverse,greaterTyped,2,0,4,261146.000
pipeline,vector,i64,1000000,reverse,greaterTyped,6,0,4,257968.750
pipeline,vector,i64,1000000,reverse,greaterTyped,1,1,4,258770.750
pipeline,vector,i64,1000000,reverse,greaterTyped,0,1,4,264885.250
pipeline,vector,i64,1000000,reverse,greaterTyped,2,1,4,262166.750
pipeline,vector,i64,1000000,reverse,greaterTyped,6,1,4,261448.000
pipeline,vector,i64,1000000,reverse,greaterTyped,0,2,4,258364.250
pipeline,vector,i64,1000000,reverse,greaterTyped,2,2,4,259625.250
pipeline,vector,i64,1000000,reverse,greaterTyped,6,2,4,261406.250
pipeline,vector,i64,1000000,reverse,greaterTyped,1,2,4,257969.000
pipeline,vector,i64,1000000,reverse,greaterTyped,6,3,5,248575.200
pipeline,vector,i64,1000000,reverse,greaterTyped,0,3,5,231625.000
pipeline,vector,i64,1000000,reverse,greaterTyped,1,3,5,240758.200
pipeline,vector,i64,1000000,reverse,greaterTyped,2,3,4,265000.000
pipeline,vector,i64,1000000,reverse,greaterTyped,1,4,5,241233.200
pipeline,vector,i64,1000000,reverse,greaterTyped,0,4,5,251041.600
pipeline,vector,i64,1000000,reverse,greaterTyped,2,4,4,262906.500
pipeline,vector,i64,1000000,reverse,greaterTyped,6,4,4,254833.500
pipeline,vector,i64,1000000,reverse,greaterTyped,1,5,4,259551.750
pipeline,vector,i64,1000000,reverse,greaterTyped,6,5,4,266510.750
pipeline,vector,i64,1000000,reverse,greaterTyped,2,5,4,265978.750
pipeline,vector,i64,1000000,reverse,greaterTyped,0,5,4,264166.500
pipeline,vector,i64,1000000,reverse,greaterTyped,2,6,4,256833.500
pipeline,vector,i64,1000000,reverse,greaterTyped,0,6,4,256770.500
pipeline,vector,i64,1000000,reverse,greaterTyped,6,6,4,259969.000
pipeline,vector,i64,1000000,reverse,greaterTyped,1,6,5,247116.800
fallback,vector,i64,1000000,nearly,lessVoid,4,0,1,6302708.000
fallback,vector,i64,1000000,nearly,lessVoid,5,0,1,7465208.000
fallback,vector,i64,1000000,nearly,lessVoid,3,0,1,7893791.000
fallback,vector,i64,1000000,nearly,lessVoid,4,1,1,6265125.000
fallback,vector,i64,1000000,nearly,lessVoid,3,1,1,6299584.000
fallback,vector,i64,1000000,nearly,lessVoid,5,1,1,6972333.000
fallback,vector,i64,1000000,nearly,lessVoid,4,2,1,7040500.000
fallback,vector,i64,1000000,nearly,lessVoid,5,2,1,7068041.000
fallback,vector,i64,1000000,nearly,lessVoid,3,2,1,7033292.000
fallback,vector,i64,1000000,nearly,lessVoid,3,3,1,7073083.000
fallback,vector,i64,1000000,nearly,lessVoid,5,3,1,6760042.000
fallback,vector,i64,1000000,nearly,lessVoid,4,3,1,6097333.000
fallback,vector,i64,1000000,nearly,lessVoid,3,4,1,6644667.000
fallback,vector,i64,1000000,nearly,lessVoid,5,4,1,6533208.000
fallback,vector,i64,1000000,nearly,lessVoid,4,4,1,6485875.000
fallback,vector,i64,1000000,nearly,lessVoid,5,5,1,6232458.000
fallback,vector,i64,1000000,nearly,lessVoid,3,5,1,7090417.000
fallback,vector,i64,1000000,nearly,lessVoid,4,5,1,6114750.000
fallback,vector,i64,1000000,nearly,lessVoid,5,6,1,6814541.000
fallback,vector,i64,1000000,nearly,lessVoid,3,6,1,6524166.000
fallback,vector,i64,1000000,nearly,lessVoid,4,6,1,6453959.000
fallback,vector,i64,1000000,nearly,lessTyped,5,0,1,6998875.000
fallback,vector,i64,1000000,nearly,lessTyped,4,0,1,6199500.000
fallback,vector,i64,1000000,nearly,lessTyped,3,0,1,6323750.000
fallback,vector,i64,1000000,nearly,lessTyped,3,1,1,6404250.000
fallback,vector,i64,1000000,nearly,lessTyped,4,1,1,6319459.000
fallback,vector,i64,1000000,nearly,lessTyped,5,1,1,6336917.000
fallback,vector,i64,1000000,nearly,lessTyped,3,2,1,6247792.000
fallback,vector,i64,1000000,nearly,lessTyped,4,2,1,6206791.000
fallback,vector,i64,1000000,nearly,lessTyped,5,2,1,6308375.000
fallback,vector,i64,1000000,nearly,lessTyped,5,3,1,6354542.000
fallback,vector,i64,1000000,nearly,lessTyped,4,3,1,6204167.000
fallback,vector,i64,1000000,nearly,lessTyped,3,3,1,6372375.000
fallback,vector,i64,1000000,nearly,lessTyped,3,4,1,6314667.000
fallback,vector,i64,1000000,nearly,lessTyped,5,4,1,6480125.000
fallback,vector,i64,1000000,nearly,lessTyped,4,4,1,6443500.000
fallback,vector,i64,1000000,nearly,lessTyped,5,5,1,6465792.000
fallback,vector,i64,1000000,nearly,lessTyped,3,5,1,6531875.000
fallback,vector,i64,1000000,nearly,lessTyped,4,5,1,6181125.000
fallback,vector,i64,1000000,nearly,lessTyped,3,6,1,6454500.000
fallback,vector,i64,1000000,nearly,lessTyped,4,6,1,6168583.000
fallback,vector,i64,1000000,nearly,lessTyped,5,6,1,6364792.000
fallback,vector,i64,1000000,nearly,greaterTyped,3,0,1,11086083.000
fallback,vector,i64,1000000,nearly,greaterTyped,4,0,1,12633583.000
fallback,vector,i64,1000000,nearly,greaterTyped,5,0,1,10673000.000
fallback,vector,i64,1000000,nearly,greaterTyped,3,1,1,11015916.000
fallback,vector,i64,1000000,nearly,greaterTyped,4,1,1,12554708.000
fallback,vector,i64,1000000,nearly,greaterTyped,5,1,1,11209375.000
fallback,vector,i64,1000000,nearly,greaterTyped,5,2,1,11208209.000
fallback,vector,i64,1000000,nearly,greaterTyped,3,2,1,11200542.000
fallback,vector,i64,1000000,nearly,greaterTyped,4,2,1,12444209.000
fallback,vector,i64,1000000,nearly,greaterTyped,3,3,1,10812791.000
fallback,vector,i64,1000000,nearly,greaterTyped,4,3,1,12455750.000
fallback,vector,i64,1000000,nearly,greaterTyped,5,3,1,10819833.000
fallback,vector,i64,1000000,nearly,greaterTyped,3,4,1,10686208.000
fallback,vector,i64,1000000,nearly,greaterTyped,4,4,1,12278875.000
fallback,vector,i64,1000000,nearly,greaterTyped,5,4,1,10741250.000
fallback,vector,i64,1000000,nearly,greaterTyped,5,5,1,11003125.000
fallback,vector,i64,1000000,nearly,greaterTyped,3,5,1,10984042.000
fallback,vector,i64,1000000,nearly,greaterTyped,4,5,1,12366709.000
fallback,vector,i64,1000000,nearly,greaterTyped,5,6,1,11140666.000
fallback,vector,i64,1000000,nearly,greaterTyped,4,6,1,12235833.000
fallback,vector,i64,1000000,nearly,greaterTyped,3,6,1,10821333.000
pipeline,vector,i64,1000000,nearly,lessVoid,2,0,1,5963459.000
pipeline,vector,i64,1000000,nearly,lessVoid,0,0,1,5857166.000
pipeline,vector,i64,1000000,nearly,lessVoid,1,0,1,5974125.000
pipeline,vector,i64,1000000,nearly,lessVoid,6,0,1,5968208.000
pipeline,vector,i64,1000000,nearly,lessVoid,0,1,1,5839083.000
pipeline,vector,i64,1000000,nearly,lessVoid,1,1,1,5932375.000
pipeline,vector,i64,1000000,nearly,lessVoid,6,1,1,5840792.000
pipeline,vector,i64,1000000,nearly,lessVoid,2,1,1,5943041.000
pipeline,vector,i64,1000000,nearly,lessVoid,1,2,1,5818292.000
pipeline,vector,i64,1000000,nearly,lessVoid,2,2,1,6045500.000
pipeline,vector,i64,1000000,nearly,lessVoid,6,2,1,5921709.000
pipeline,vector,i64,1000000,nearly,lessVoid,0,2,1,5929333.000
pipeline,vector,i64,1000000,nearly,lessVoid,2,3,1,5818459.000
pipeline,vector,i64,1000000,nearly,lessVoid,0,3,1,5795375.000
pipeline,vector,i64,1000000,nearly,lessVoid,6,3,1,5870459.000
pipeline,vector,i64,1000000,nearly,lessVoid,1,3,1,5767125.000
pipeline,vector,i64,1000000,nearly,lessVoid,2,4,1,6216250.000
pipeline,vector,i64,1000000,nearly,lessVoid,0,4,1,5940875.000
pipeline,vector,i64,1000000,nearly,lessVoid,6,4,1,5811750.000
pipeline,vector,i64,1000000,nearly,lessVoid,1,4,1,6116833.000
pipeline,vector,i64,1000000,nearly,lessVoid,1,5,1,5965000.000
pipeline,vector,i64,1000000,nearly,lessVoid,2,5,1,5952917.000
pipeline,vector,i64,1000000,nearly,lessVoid,0,5,1,5975584.000
pipeline,vector,i64,1000000,nearly,lessVoid,6,5,1,6071875.000
pipeline,vector,i64,1000000,nearly,lessVoid,2,6,1,6220666.000
pipeline,vector,i64,1000000,nearly,lessVoid,1,6,1,6028875.000
pipeline,vector,i64,1000000,nearly,lessVoid,6,6,1,6009041.000
pipeline,vector,i64,1000000,nearly,lessVoid,0,6,1,6382625.000
pipeline,vector,i64,1000000,nearly,greaterTyped,2,0,1,5932417.000
pipeline,vector,i64,1000000,nearly,greaterTyped,1,0,1,5926917.000
pipeline,vector,i64,1000000,nearly,greaterTyped,6,0,1,6107833.000
pipeline,vector,i64,1000000,nearly,greaterTyped,0,0,1,5977750.000
pipeline,vector,i64,1000000,nearly,greaterTyped,0,1,1,6069125.000
pipeline,vector,i64,1000000,nearly,greaterTyped,6,1,1,6165125.000
pipeline,vector,i64,1000000,nearly,greaterTyped,2,1,1,5822083.000
pipeline,vector,i64,1000000,nearly,greaterTyped,1,1,1,5992750.000
pipeline,vector,i64,1000000,nearly,greaterTyped,2,2,1,5782083.000
pipeline,vector,i64,1000000,nearly,greaterTyped,0,2,1,6152292.000
pipeline,vector,i64,1000000,nearly,greaterTyped,1,2,1,5859375.000
pipeline,vector,i64,1000000,nearly,greaterTyped,6,2,1,6087750.000
pipeline,vector,i64,1000000,nearly,greaterTyped,6,3,1,5850666.000
pipeline,vector,i64,1000000,nearly,greaterTyped,2,3,1,5680541.000
pipeline,vector,i64,1000000,nearly,greaterTyped,0,3,1,6071584.000
pipeline,vector,i64,1000000,nearly,greaterTyped,1,3,1,5849625.000
pipeline,vector,i64,1000000,nearly,greaterTyped,2,4,1,5787375.000
pipeline,vector,i64,1000000,nearly,greaterTyped,0,4,1,5980709.000
pipeline,vector,i64,1000000,nearly,greaterTyped,6,4,1,5846292.000
pipeline,vector,i64,1000000,nearly,greaterTyped,1,4,1,6001875.000
pipeline,vector,i64,1000000,nearly,greaterTyped,0,5,1,5888667.000
pipeline,vector,i64,1000000,nearly,greaterTyped,2,5,1,5853708.000
pipeline,vector,i64,1000000,nearly,greaterTyped,1,5,1,5884625.000
pipeline,vector,i64,1000000,nearly,greaterTyped,6,5,1,5858208.000
pipeline,vector,i64,1000000,nearly,greaterTyped,0,6,1,5915666.000
pipeline,vector,i64,1000000,nearly,greaterTyped,1,6,1,5913417.000
pipeline,vector,i64,1000000,nearly,greaterTyped,2,6,1,5902042.000
pipeline,vector,i64,1000000,nearly,greaterTyped,6,6,1,5885167.000
pipeline,array,i64,65536,full,lessVoid,1,0,3,423430.667
pipeline,array,i64,65536,full,lessVoid,0,0,1,2061333.000
pipeline,array,i64,65536,full,lessVoid,2,0,3,418194.667
pipeline,array,i64,65536,full,lessVoid,6,0,3,414652.667
pipeline,array,i64,65536,full,lessVoid,0,1,1,2052917.000
pipeline,array,i64,65536,full,lessVoid,1,1,3,409194.333
pipeline,array,i64,65536,full,lessVoid,2,1,3,418402.667
pipeline,array,i64,65536,full,lessVoid,6,1,3,410902.667
pipeline,array,i64,65536,full,lessVoid,6,2,3,409986.000
pipeline,array,i64,65536,full,lessVoid,1,2,3,408916.667
pipeline,array,i64,65536,full,lessVoid,0,2,1,2056250.000
pipeline,array,i64,65536,full,lessVoid,2,2,2,569771.000
pipeline,array,i64,65536,full,lessVoid,1,3,2,517291.000
pipeline,array,i64,65536,full,lessVoid,0,3,1,2113959.000
pipeline,array,i64,65536,full,lessVoid,6,3,3,393764.000
pipeline,array,i64,65536,full,lessVoid,2,3,3,420625.000
pipeline,array,i64,65536,full,lessVoid,6,4,3,404583.000
pipeline,array,i64,65536,full,lessVoid,1,4,3,399250.000
pipeline,array,i64,65536,full,lessVoid,2,4,3,384444.667
pipeline,array,i64,65536,full,lessVoid,0,4,1,2117250.000
pipeline,array,i64,65536,full,lessVoid,2,5,3,406916.667
pipeline,array,i64,65536,full,lessVoid,6,5,3,394639.000
pipeline,array,i64,65536,full,lessVoid,0,5,1,2071541.000
pipeline,array,i64,65536,full,lessVoid,1,5,3,407194.667
pipeline,array,i64,65536,full,lessVoid,0,6,1,2098833.000
pipeline,array,i64,65536,full,lessVoid,1,6,3,382403.000
pipeline,array,i64,65536,full,lessVoid,6,6,3,363430.333
pipeline,array,i64,65536,full,lessVoid,2,6,3,404263.333
pipeline,array,i64,65536,full,greaterTyped,2,0,3,397819.333
pipeline,array,i64,65536,full,greaterTyped,0,0,2,782271.000
pipeline,array,i64,65536,full,greaterTyped,6,0,3,396597.667
pipeline,array,i64,65536,full,greaterTyped,1,0,3,404555.333
pipeline,array,i64,65536,full,greaterTyped,2,1,3,395930.333
pipeline,array,i64,65536,full,greaterTyped,6,1,3,395319.667
pipeline,array,i64,65536,full,greaterTyped,1,1,3,383541.667
pipeline,array,i64,65536,full,greaterTyped,0,1,2,815417.000
pipeline,array,i64,65536,full,greaterTyped,0,2,2,851437.500
pipeline,array,i64,65536,full,greaterTyped,1,2,3,411347.333
pipeline,array,i64,65536,full,greaterTyped,2,2,3,392305.333
pipeline,array,i64,65536,full,greaterTyped,6,2,3,399250.000
pipeline,array,i64,65536,full,greaterTyped,2,3,3,396806.000
pipeline,array,i64,65536,full,greaterTyped,0,3,2,737625.000
pipeline,array,i64,65536,full,greaterTyped,1,3,3,383833.333
pipeline,array,i64,65536,full,greaterTyped,6,3,3,376472.000
pipeline,array,i64,65536,full,greaterTyped,0,4,2,821020.500
pipeline,array,i64,65536,full,greaterTyped,6,4,3,404083.333
pipeline,array,i64,65536,full,greaterTyped,2,4,3,393319.333
pipeline,array,i64,65536,full,greaterTyped,1,4,3,402194.667
pipeline,array,i64,65536,full,greaterTyped,1,5,3,396652.333
pipeline,array,i64,65536,full,greaterTyped,2,5,3,400625.333
pipeline,array,i64,65536,full,greaterTyped,6,5,3,392889.333
pipeline,array,i64,65536,full,greaterTyped,0,5,2,834229.500
pipeline,array,i64,65536,full,greaterTyped,1,6,3,399319.333
pipeline,array,i64,65536,full,greaterTyped,6,6,3,396625.000
pipeline,array,i64,65536,full,greaterTyped,2,6,3,403736.000
pipeline,array,i64,65536,full,greaterTyped,0,6,2,836541.500
pipeline,array,i64,65536,bits22,lessVoid,0,0,1,2078291.000
pipeline,array,i64,65536,bits22,lessVoid,2,0,6,179666.500
pipeline,array,i64,65536,bits22,lessVoid,1,0,6,186118.000
pipeline,array,i64,65536,bits22,lessVoid,6,0,5,205375.000
pipeline,array,i64,65536,bits22,lessVoid,2,1,6,191909.500
pipeline,array,i64,65536,bits22,lessVoid,1,1,6,191632.000
pipeline,array,i64,65536,bits22,lessVoid,6,1,6,191763.833
pipeline,array,i64,65536,bits22,lessVoid,0,1,1,2079250.000
pipeline,array,i64,65536,bits22,lessVoid,0,2,1,2048417.000
pipeline,array,i64,65536,bits22,lessVoid,6,2,6,179354.333
pipeline,array,i64,65536,bits22,lessVoid,1,2,5,207324.800
pipeline,array,i64,65536,bits22,lessVoid,2,2,6,185944.500
pipeline,array,i64,65536,bits22,lessVoid,0,3,1,2104833.000
pipeline,array,i64,65536,bits22,lessVoid,2,3,6,184687.833
pipeline,array,i64,65536,bits22,lessVoid,6,3,6,178104.167
pipeline,array,i64,65536,bits22,lessVoid,1,3,6,181958.167
pipeline,array,i64,65536,bits22,lessVoid,6,4,6,179812.500
pipeline,array,i64,65536,bits22,lessVoid,2,4,6,183562.667
pipeline,array,i64,65536,bits22,lessVoid,0,4,1,2115875.000
pipeline,array,i64,65536,bits22,lessVoid,1,4,5,206383.600
pipeline,array,i64,65536,bits22,lessVoid,0,5,1,2057667.000
pipeline,array,i64,65536,bits22,lessVoid,1,5,6,195368.167
pipeline,array,i64,65536,bits22,lessVoid,6,5,6,184722.333
pipeline,array,i64,65536,bits22,lessVoid,2,5,6,188951.167
pipeline,array,i64,65536,bits22,lessVoid,2,6,6,192395.833
pipeline,array,i64,65536,bits22,lessVoid,1,6,6,190270.833
pipeline,array,i64,65536,bits22,lessVoid,6,6,6,178076.667
pipeline,array,i64,65536,bits22,lessVoid,0,6,1,2114625.000
pipeline,array,i64,65536,bits22,greaterTyped,6,0,6,176028.167
pipeline,array,i64,65536,bits22,greaterTyped,1,0,6,178854.167
pipeline,array,i64,65536,bits22,greaterTyped,0,0,2,821188.000
pipeline,array,i64,65536,bits22,greaterTyped,2,0,6,172715.500
pipeline,array,i64,65536,bits22,greaterTyped,1,1,6,175201.667
pipeline,array,i64,65536,bits22,greaterTyped,6,1,6,174423.667
pipeline,array,i64,65536,bits22,greaterTyped,2,1,6,174041.667
pipeline,array,i64,65536,bits22,greaterTyped,0,1,2,808104.000
pipeline,array,i64,65536,bits22,greaterTyped,1,2,6,173646.000
pipeline,array,i64,65536,bits22,greaterTyped,6,2,6,172361.167
pipeline,array,i64,65536,bits22,greaterTyped,2,2,6,173367.833
pipeline,array,i64,65536,bits22,greaterTyped,0,2,2,782562.500
pipeline,array,i64,65536,bits22,greaterTyped,2,3,6,170902.667
pipeline,array,i64,65536,bits22,greaterTyped,6,3,6,172632.167
pipeline,array,i64,65536,bits22,greaterTyped,0,3,2,784104.000
pipeline,array,i64,65536,bits22,greaterTyped,1,3,6,170020.833
pipeline,array,i64,65536,bits22,greaterTyped,2,4,6,178777.833
pipeline,array,i64,65536,bits22,greaterTyped,6,4,6,172729.500
pipeline,array,i64,65536,bits22,greaterTyped,1,4,6,175118.167
pipeline,array,i64,65536,bits22,greaterTyped,0,4,2,771125.000
pipeline,array,i64,65536,bits22,greaterTyped,0,5,2,771562.500
pipeline,array,i64,65536,bits22,greaterTyped,6,5,6,171097.167
pipeline,array,i64,65536,bits22,greaterTyped,1,5,6,173785.000
pipeline,array,i64,65536,bits22,greaterTyped,2,5,6,173437.667
pipeline,array,i64,65536,bits22,greaterTyped,1,6,6,177416.667
pipeline,array,i64,65536,bits22,greaterTyped,0,6,2,765208.000
pipeline,array,i64,65536,bits22,greaterTyped,6,6,6,173069.500
pipeline,array,i64,65536,bits22,greaterTyped,2,6,6,173146.000
pipeline,array,i64,65536,gaps,lessVoid,1,0,3,338625.000
pipeline,array,i64,65536,gaps,lessVoid,0,0,1,1107959.000
pipeline,array,i64,65536,gaps,lessVoid,2,0,4,309031.250
pipeline,array,i64,65536,gaps,lessVoid,6,0,4,297302.250
pipeline,array,i64,65536,gaps,lessVoid,0,1,1,1138875.000
pipeline,array,i64,65536,gaps,lessVoid,2,1,4,304614.750
pipeline,array,i64,65536,gaps,lessVoid,1,1,4,313177.250
pipeline,array,i64,65536,gaps,lessVoid,6,1,4,333760.000
pipeline,array,i64,65536,gaps,lessVoid,1,2,4,293729.250
pipeline,array,i64,65536,gaps,lessVoid,6,2,4,287583.250
pipeline,array,i64,65536,gaps,lessVoid,2,2,4,279646.000
pipeline,array,i64,65536,gaps,lessVoid,0,2,1,1161958.000
pipeline,array,i64,65536,gaps,lessVoid,2,3,4,307229.000
pipeline,array,i64,65536,gaps,lessVoid,0,3,1,1165125.000
pipeline,array,i64,65536,gaps,lessVoid,6,3,4,279968.750
pipeline,array,i64,65536,gaps,lessVoid,1,3,4,275354.000
pipeline,array,i64,65536,gaps,lessVoid,6,4,4,271802.000
pipeline,array,i64,65536,gaps,lessVoid,1,4,4,298844.000
pipeline,array,i64,65536,gaps,lessVoid,0,4,1,1165000.000
pipeline,array,i64,65536,gaps,lessVoid,2,4,4,299219.000
pipeline,array,i64,65536,gaps,lessVoid,0,5,1,1134375.000
pipeline,array,i64,65536,gaps,lessVoid,1,5,4,291947.750
pipeline,array,i64,65536,gaps,lessVoid,2,5,4,272958.250
pipeline,array,i64,65536,gaps,lessVoid,6,5,4,261364.750
pipeline,array,i64,65536,gaps,lessVoid,2,6,4,296937.750
pipeline,array,i64,65536,gaps,lessVoid,1,6,4,299437.250
pipeline,array,i64,65536,gaps,lessVoid,6,6,4,301666.500
pipeline,array,i64,65536,gaps,lessVoid,0,6,1,1122208.000
pipeline,array,i64,65536,gaps,greaterTyped,6,0,3,336250.000
pipeline,array,i64,65536,gaps,greaterTyped,1,0,4,280552.250
pipeline,array,i64,65536,gaps,greaterTyped,0,0,3,362388.667
pipeline,array,i64,65536,gaps,greaterTyped,2,0,4,281479.250
pipeline,array,i64,65536,gaps,greaterTyped,1,1,4,284802.000
pipeline,array,i64,65536,gaps,greaterTyped,2,1,4,272541.750
pipeline,array,i64,65536,gaps,greaterTyped,6,1,4,325291.500
pipeline,array,i64,65536,gaps,greaterTyped,0,1,4,299240.000
pipeline,array,i64,65536,gaps,greaterTyped,1,2,4,280125.250
pipeline,array,i64,65536,gaps,greaterTyped,6,2,4,289125.000
pipeline,array,i64,65536,gaps,greaterTyped,2,2,4,281479.250
pipeline,array,i64,65536,gaps,greaterTyped,0,2,4,300958.500
pipeline,array,i64,65536,gaps,greaterTyped,1,3,4,282427.000
pipeline,array,i64,65536,gaps,greaterTyped,0,3,4,328573.000
pipeline,array,i64,65536,gaps,greaterTyped,2,3,4,311479.000
pipeline,array,i64,65536,gaps,greaterTyped,6,3,4,267427.000
pipeline,array,i64,65536,gaps,greaterTyped,0,4,4,292562.750
pipeline,array,i64,65536,gaps,greaterTyped,6,4,4,290552.250
pipeline,array,i64,65536,gaps,greaterTyped,1,4,4,281406.000
pipeline,array,i64,65536,gaps,greaterTyped,2,4,4,287792.000
pipeline,array,i64,65536,gaps,greaterTyped,2,5,4,290364.750
pipeline,array,i64,65536,gaps,greaterTyped,6,5,4,280948.000
pipeline,array,i64,65536,gaps,greaterTyped,1,5,4,296062.250
pipeline,array,i64,65536,gaps,greaterTyped,0,5,4,281364.250
pipeline,array,i64,65536,gaps,greaterTyped,1,6,5,264199.800
pipeline,array,i64,65536,gaps,greaterTyped,2,6,4,276468.500
pipeline,array,i64,65536,gaps,greaterTyped,6,6,4,264854.000
pipeline,array,i64,65536,gaps,greaterTyped,0,6,4,294125.000
