kind,container,type,n,distribution,comparator,method,round,repeats,ns
fallback,vector,i32,128,full,lessVoid,4,0,512,421.875
fallback,vector,i32,128,full,lessVoid,5,0,512,417.969
fallback,vector,i32,128,full,lessVoid,3,0,512,406.250
fallback,vector,i32,128,full,lessVoid,5,1,512,474.609
fallback,vector,i32,128,full,lessVoid,3,1,512,449.219
fallback,vector,i32,128,full,lessVoid,4,1,512,515.625
fallback,vector,i32,128,full,lessVoid,3,2,512,496.094
fallback,vector,i32,128,full,lessVoid,4,2,512,451.172
fallback,vector,i32,128,full,lessVoid,5,2,512,470.703
fallback,vector,i32,128,full,lessVoid,3,3,512,476.562
fallback,vector,i32,128,full,lessVoid,5,3,512,437.500
fallback,vector,i32,128,full,lessVoid,4,3,512,437.500
fallback,vector,i32,128,full,lessVoid,3,4,512,445.312
fallback,vector,i32,128,full,lessVoid,5,4,512,474.609
fallback,vector,i32,128,full,lessVoid,4,4,512,494.141
fallback,vector,i32,128,full,lessVoid,4,5,512,507.812
fallback,vector,i32,128,full,lessVoid,5,5,512,455.078
fallback,vector,i32,128,full,lessVoid,3,5,512,482.422
fallback,vector,i32,128,full,lessVoid,4,6,512,505.859
fallback,vector,i32,128,full,lessVoid,5,6,512,474.609
fallback,vector,i32,128,full,lessVoid,3,6,512,482.422
fallback,vector,i32,128,full,lessTyped,3,0,512,451.172
fallback,vector,i32,128,full,lessTyped,4,0,512,462.891
fallback,vector,i32,128,full,lessTyped,5,0,512,419.922
fallback,vector,i32,128,full,lessTyped,5,1,512,423.828
fallback,vector,i32,128,full,lessTyped,3,1,512,470.703
fallback,vector,i32,128,full,lessTyped,4,1,512,458.984
fallback,vector,i32,128,full,lessTyped,3,2,512,460.938
fallback,vector,i32,128,full,lessTyped,4,2,512,427.734
fallback,vector,i32,128,full,lessTyped,5,2,512,476.562
fallback,vector,i32,128,full,lessTyped,4,3,512,427.734
fallback,vector,i32,128,full,lessTyped,5,3,512,478.516
fallback,vector,i32,128,full,lessTyped,3,3,512,439.453
fallback,vector,i32,128,full,lessTyped,3,4,512,484.375
fallback,vector,i32,128,full,lessTyped,5,4,512,453.125
fallback,vector,i32,128,full,lessTyped,4,4,512,494.141
fallback,vector,i32,128,full,lessTyped,3,5,512,455.078
fallback,vector,i32,128,full,lessTyped,5,5,512,451.172
fallback,vector,i32,128,full,lessTyped,4,5,512,478.516
fallback,vector,i32,128,full,lessTyped,3,6,512,458.984
fallback,vector,i32,128,full,lessTyped,4,6,512,466.797
fallback,vector,i32,128,full,lessTyped,5,6,512,449.219
fallback,vector,i32,128,full,greaterTyped,3,0,512,451.172
fallback,vector,i32,128,full,greaterTyped,5,0,512,457.031
fallback,vector,i32,128,full,greaterTyped,4,0,512,398.438
fallback,vector,i32,128,full,greaterTyped,3,1,512,427.734
fallback,vector,i32,128,full,greaterTyped,4,1,512,470.703
fallback,vector,i32,128,full,greaterTyped,5,1,512,437.500
fallback,vector,i32,128,full,greaterTyped,3,2,512,462.891
fallback,vector,i32,128,full,greaterTyped,5,2,512,492.188
fallback,vector,i32,128,full,greaterTyped,4,2,512,453.125
fallback,vector,i32,128,full,greaterTyped,3,3,512,466.797
fallback,vector,i32,128,full,greaterTyped,4,3,512,449.219
fallback,vector,i32,128,full,greaterTyped,5,3,512,482.422
fallback,vector,i32,128,full,greaterTyped,3,4,512,427.734
fallback,vector,i32,128,full,greaterTyped,4,4,512,474.609
fallback,vector,i32,128,full,greaterTyped,5,4,512,429.688
fallback,vector,i32,128,full,greaterTyped,5,5,512,492.188
fallback,vector,i32,128,full,greaterTyped,4,5,512,447.266
fallback,vector,i32,128,full,greaterTyped,3,5,512,480.469
fallback,vector,i32,128,full,greaterTyped,3,6,512,498.047
fallback,vector,i32,128,full,greaterTyped,5,6,512,429.688
fallback,vector,i32,128,full,greaterTyped,4,6,512,474.609
pipeline,vector,i32,128,full,lessVoid,0,0,512,484.375
pipeline,vector,i32,128,full,lessVoid,6,0,512,490.234
pipeline,vector,i32,128,full,lessVoid,1,0,512,429.688
pipeline,vector,i32,128,full,lessVoid,2,0,512,484.375
pipeline,vector,i32,128,full,lessVoid,2,1,512,439.453
pipeline,vector,i32,128,full,lessVoid,0,1,512,468.750
pipeline,vector,i32,128,full,lessVoid,1,1,512,474.609
pipeline,vector,i32,128,full,lessVoid,6,1,512,429.688
pipeline,vector,i32,128,full,lessVoid,1,2,512,460.938
pipeline,vector,i32,128,full,lessVoid,6,2,512,472.656
pipeline,vector,i32,128,full,lessVoid,0,2,512,480.469
pipeline,vector,i32,128,full,lessVoid,2,2,512,476.562
pipeline,vector,i32,128,full,lessVoid,2,3,512,509.766
pipeline,vector,i32,128,full,lessVoid,0,3,512,427.734
pipeline,vector,i32,128,full,lessVoid,6,3,512,445.312
pipeline,vector,i32,128,full,lessVoid,1,3,512,480.469
pipeline,vector,i32,128,full,lessVoid,6,4,512,466.797
pipeline,vector,i32,128,full,lessVoid,1,4,512,498.047
pipeline,vector,i32,128,full,lessVoid,0,4,512,480.469
pipeline,vector,i32,128,full,lessVoid,2,4,512,484.375
pipeline,vector,i32,128,full,lessVoid,1,5,512,484.375
pipeline,vector,i32,128,full,lessVoid,2,5,512,486.328
pipeline,vector,i32,128,full,lessVoid,6,5,512,458.984
pipeline,vector,i32,128,full,lessVoid,0,5,512,412.109
pipeline,vector,i32,128,full,lessVoid,0,6,512,476.562
pipeline,vector,i32,128,full,lessVoid,6,6,512,472.656
pipeline,vector,i32,128,full,lessVoid,1,6,512,496.094
pipeline,vector,i32,128,full,lessVoid,2,6,512,492.188
pipeline,vector,i32,128,full,greaterTyped,6,0,512,476.562
pipeline,vector,i32,128,full,greaterTyped,1,0,512,406.250
pipeline,vector,i32,128,full,greaterTyped,2,0,512,447.266
pipeline,vector,i32,128,full,greaterTyped,0,0,512,445.312
pipeline,vector,i32,128,full,greaterTyped,0,1,512,474.609
pipeline,vector,i32,128,full,greaterTyped,6,1,512,455.078
pipeline,vector,i32,128,full,greaterTyped,2,1,512,492.188
pipeline,vector,i32,128,full,greaterTyped,1,1,512,478.516
pipeline,vector,i32,128,full,greaterTyped,1,2,512,476.562
pipeline,vector,i32,128,full,greaterTyped,0,2,512,460.938
pipeline,vector,i32,128,full,greaterTyped,6,2,512,505.859
pipeline,vector,i32,128,full,greaterTyped,2,2,512,441.406
pipeline,vector,i32,128,full,greaterTyped,0,3,512,419.922
pipeline,vector,i32,128,full,greaterTyped,1,3,512,417.969
pipeline,vector,i32,128,full,greaterTyped,6,3,512,445.312
pipeline,vector,i32,128,full,greaterTyped,2,3,512,496.094
pipeline,vector,i32,128,full,greaterTyped,0,4,512,503.906
pipeline,vector,i32,128,full,greaterTyped,1,4,512,425.781
pipeline,vector,i32,128,full,greaterTyped,2,4,512,462.891
pipeline,vector,i32,128,full,greaterTyped,6,4,512,470.703
pipeline,vector,i32,128,full,greaterTyped,1,5,512,490.234
pipeline,vector,i32,128,full,greaterTyped,6,5,512,470.703
pipeline,vector,i32,128,full,greaterTyped,0,5,512,496.094
pipeline,vector,i32,128,full,greaterTyped,2,5,512,515.625
pipeline,vector,i32,128,full,greaterTyped,0,6,512,443.359
pipeline,vector,i32,128,full,greaterTyped,1,6,512,431.641
pipeline,vector,i32,128,full,greaterTyped,2,6,512,453.125
pipeline,vector,i32,128,full,greaterTyped,6,6,512,458.984
fallback,vector,i32,128,bits22,lessVoid,5,0,512,447.266
fallback,vector,i32,128,bits22,lessVoid,3,0,512,490.234
fallback,vector,i32,128,bits22,lessVoid,4,0,512,474.609
fallback,vector,i32,128,bits22,lessVoid,3,1,512,472.656
fallback,vector,i32,128,bits22,lessVoid,4,1,512,476.562
fallback,vector,i32,128,bits22,lessVoid,5,1,512,470.703
fallback,vector,i32,128,bits22,lessVoid,4,2,512,523.438
fallback,vector,i32,128,bits22,lessVoid,5,2,512,470.703
fallback,vector,i32,128,bits22,lessVoid,3,2,512,470.703
fallback,vector,i32,128,bits22,lessVoid,5,3,512,474.609
fallback,vector,i32,128,bits22,lessVoid,3,3,512,460.938
fallback,vector,i32,128,bits22,lessVoid,4,3,512,529.297
fallback,vector,i32,128,bits22,lessVoid,5,4,512,519.531
fallback,vector,i32,128,bits22,lessVoid,3,4,512,515.625
fallback,vector,i32,128,bits22,lessVoid,4,4,512,507.812
fallback,vector,i32,128,bits22,lessVoid,5,5,512,519.531
fallback,vector,i32,128,bits22,lessVoid,3,5,512,492.188
fallback,vector,i32,128,bits22,lessVoid,4,5,512,503.906
fallback,vector,i32,128,bits22,lessVoid,3,6,512,513.672
fallback,vector,i32,128,bits22,lessVoid,5,6,512,505.859
fallback,vector,i32,128,bits22,lessVoid,4,6,512,539.062
fallback,vector,i32,128,bits22,lessTyped,5,0,512,498.047
fallback,vector,i32,128,bits22,lessTyped,3,0,512,457.031
fallback,vector,i32,128,bits22,lessTyped,4,0,512,478.516
fallback,vector,i32,128,bits22,lessTyped,3,1,512,478.516
fallback,vector,i32,128,bits22,lessTyped,4,1,512,474.609
fallback,vector,i32,128,bits22,lessTyped,5,1,512,509.766
fallback,vector,i32,128,bits22,lessTyped,4,2,512,507.812
fallback,vector,i32,128,bits22,lessTyped,3,2,512,476.562
fallback,vector,i32,128,bits22,lessTyped,5,2,512,488.281
fallback,vector,i32,128,bits22,lessTyped,4,3,512,486.328
fallback,vector,i32,128,bits22,lessTyped,5,3,512,496.094
fallback,vector,i32,128,bits22,lessTyped,3,3,512,505.859
fallback,vector,i32,128,bits22,lessTyped,5,4,512,529.297
fallback,vector,i32,128,bits22,lessTyped,4,4,512,539.062
fallback,vector,i32,128,bits22,lessTyped,3,4,512,527.344
fallback,vector,i32,128,bits22,lessTyped,3,5,512,515.625
fallback,vector,i32,128,bits22,lessTyped,4,5,512,533.203
fallback,vector,i32,128,bits22,lessTyped,5,5,512,525.391
fallback,vector,i32,128,bits22,lessTyped,5,6,512,511.719
fallback,vector,i32,128,bits22,lessTyped,3,6,512,517.578
fallback,vector,i32,128,bits22,lessTyped,4,6,512,509.766
fallback,vector,i32,128,bits22,greaterTyped,3,0,512,419.922
fallback,vector,i32,128,bits22,greaterTyped,5,0,512,460.938
fallback,vector,i32,128,bits22,greaterTyped,4,0,512,462.891
fallback,vector,i32,128,bits22,greaterTyped,4,1,512,460.938
fallback,vector,i32,128,bits22,greaterTyped,3,1,512,468.750
fallback,vector,i32,128,bits22,greaterTyped,5,1,512,392.578
fallback,vector,i32,128,bits22,greaterTyped,4,2,512,449.219
fallback,vector,i32,128,bits22,greaterTyped,5,2,512,476.562
fallback,vector,i32,128,bits22,greaterTyped,3,2,512,492.188
fallback,vector,i32,128,bits22,greaterTyped,3,3,512,513.672
fallback,vector,i32,128,bits22,greaterTyped,5,3,512,523.438
fallback,vector,i32,128,bits22,greaterTyped,4,3,512,490.234
fallback,vector,i32,128,bits22,greaterTyped,5,4,512,507.812
fallback,vector,i32,128,bits22,greaterTyped,3,4,512,486.328
fallback,vector,i32,128,bits22,greaterTyped,4,4,512,482.422
fallback,vector,i32,128,bits22,greaterTyped,4,5,512,472.656
fallback,vector,i32,128,bits22,greaterTyped,3,5,512,441.406
fallback,vector,i32,128,bits22,greaterTyped,5,5,512,511.719
fallback,vector,i32,128,bits22,greaterTyped,5,6,512,443.359
fallback,vector,i32,128,bits22,greaterTyped,4,6,512,414.062
fallback,vector,i32,128,bits22,greaterTyped,3,6,512,458.984
pipeline,vector,i32,128,bits22,lessVoid,0,0,512,453.125
pipeline,vector,i32,128,bits22,lessVoid,2,0,512,445.312
pipeline,vector,i32,128,bits22,lessVoid,1,0,512,464.844
pipeline,vector,i32,128,bits22,lessVoid,6,0,512,435.547
pipeline,vector,i32,128,bits22,lessVoid,0,1,512,427.734
pipeline,vector,i32,128,bits22,lessVoid,2,1,512,494.141
pipeline,vector,i32,128,bits22,lessVoid,1,1,512,496.094
pipeline,vector,i32,128,bits22,lessVoid,6,1,512,431.641
pipeline,vector,i32,128,bits22,lessVoid,0,2,512,441.406
pipeline,vector,i32,128,bits22,lessVoid,6,2,512,488.281
pipeline,vector,i32,128,bits22,lessVoid,2,2,512,515.625
pipeline,vector,i32,128,bits22,lessVoid,1,2,512,484.375
pipeline,vector,i32,128,bits22,lessVoid,2,3,512,496.094
pipeline,vector,i32,128,bits22,lessVoid,6,3,512,505.859
pipeline,vector,i32,128,bits22,lessVoid,0,3,512,445.312
pipeline,vector,i32,128,bits22,lessVoid,1,3,512,486.328
pipeline,vector,i32,128,bits22,lessVoid,1,4,512,437.500
pipeline,vector,i32,128,bits22,lessVoid,0,4,512,480.469
pipeline,vector,i32,128,bits22,lessVoid,6,4,512,1630.859
pipeline,vector,i32,128,bits22,lessVoid,2,4,512,1142.578
pipeline,vector,i32,128,bits22,lessVoid,1,5,512,492.188
pipeline,vector,i32,128,bits22,lessVoid,0,5,512,904.297
pipeline,vector,i32,128,bits22,lessVoid,6,5,512,500.000
pipeline,vector,i32,128,bits22,lessVoid,2,5,512,589.844
pipeline,vector,i32,128,bits22,lessVoid,0,6,512,541.016
pipeline,vector,i32,128,bits22,lessVoid,6,6,512,554.688
pipeline,vector,i32,128,bits22,lessVoid,1,6,512,513.672
pipeline,vector,i32,128,bits22,lessVoid,2,6,512,539.062
pipeline,vector,i32,128,bits22,greaterTyped,2,0,512,505.859
pipeline,vector,i32,128,bits22,greaterTyped,1,0,512,490.234
pipeline,vector,i32,128,bits22,greaterTyped,0,0,512,746.094
pipeline,vector,i32,128,bits22,greaterTyped,6,0,512,982.422
pipeline,vector,i32,128,bits22,greaterTyped,2,1,512,476.562
pipeline,vector,i32,128,bits22,greaterTyped,6,1,512,476.562
pipeline,vector,i32,128,bits22,greaterTyped,0,1,512,476.562
pipeline,vector,i32,128,bits22,greaterTyped,1,1,512,478.516
pipeline,vector,i32,128,bits22,greaterTyped,1,2,512,478.516
pipeline,vector,i32,128,bits22,greaterTyped,0,2,512,464.844
pipeline,vector,i32,128,bits22,greaterTyped,6,2,512,474.609
pipeline,vector,i32,128,bits22,greaterTyped,2,2,512,472.656
pipeline,vector,i32,128,bits22,greaterTyped,1,3,512,462.891
pipeline,vector,i32,128,bits22,greaterTyped,2,3,512,460.938
pipeline,vector,i32,128,bits22,greaterTyped,0,3,512,464.844
pipeline,vector,i32,128,bits22,greaterTyped,6,3,512,488.281
pipeline,vector,i32,128,bits22,greaterTyped,2,4,512,464.844
pipeline,vector,i32,128,bits22,greaterTyped,0,4,512,482.422
pipeline,vector,i32,128,bits22,greaterTyped,1,4,512,486.328
pipeline,vector,i32,128,bits22,greaterTyped,6,4,512,482.422
pipeline,vector,i32,128,bits22,greaterTyped,0,5,512,568.359
pipeline,vector,i32,128,bits22,greaterTyped,1,5,512,398.438
pipeline,vector,i32,128,bits22,greaterTyped,2,5,512,416.016
pipeline,vector,i32,128,bits22,greaterTyped,6,5,512,486.328
pipeline,vector,i32,128,bits22,greaterTyped,6,6,512,404.297
pipeline,vector,i32,128,bits22,greaterTyped,2,6,512,404.297
pipeline,vector,i32,128,bits22,greaterTyped,1,6,512,410.156
pipeline,vector,i32,128,bits22,greaterTyped,0,6,512,412.109
fallback,vector,i32,128,gaps,lessVoid,3,0,512,437.500
fallback,vector,i32,128,gaps,lessVoid,4,0,512,453.125
fallback,vector,i32,128,gaps,lessVoid,5,0,512,470.703
fallback,vector,i32,128,gaps,lessVoid,5,1,512,500.000
fallback,vector,i32,128,gaps,lessVoid,4,1,512,464.844
fallback,vector,i32,128,gaps,lessVoid,3,1,512,482.422
fallback,vector,i32,128,gaps,lessVoid,3,2,512,494.141
fallback,vector,i32,128,gaps,lessVoid,5,2,512,482.422
fallback,vector,i32,128,gaps,lessVoid,4,2,512,488.281
fallback,vector,i32,128,gaps,lessVoid,5,3,512,474.609
fallback,vector,i32,128,gaps,lessVoid,3,3,512,501.953
fallback,vector,i32,128,gaps,lessVoid,4,3,512,468.750
fallback,vector,i32,128,gaps,lessVoid,3,4,512,468.750
fallback,vector,i32,128,gaps,lessVoid,4,4,512,476.562
fallback,vector,i32,128,gaps,lessVoid,5,4,512,460.938
fallback,vector,i32,128,gaps,lessVoid,4,5,512,398.438
fallback,vector,i32,128,gaps,lessVoid,3,5,512,396.484
fallback,vector,i32,128,gaps,lessVoid,5,5,512,398.438
fallback,vector,i32,128,gaps,lessVoid,3,6,512,398.438
fallback,vector,i32,128,gaps,lessVoid,4,6,512,439.453
fallback,vector,i32,128,gaps,lessVoid,5,6,512,396.484
fallback,vector,i32,128,gaps,lessTyped,3,0,512,449.219
fallback,vector,i32,128,gaps,lessTyped,4,0,512,380.859
fallback,vector,i32,128,gaps,lessTyped,5,0,512,384.766
fallback,vector,i32,128,gaps,lessTyped,5,1,512,382.812
fallback,vector,i32,128,gaps,lessTyped,3,1,512,478.516
fallback,vector,i32,128,gaps,lessTyped,4,1,512,398.438
fallback,vector,i32,128,gaps,lessTyped,4,2,512,470.703
fallback,vector,i32,128,gaps,lessTyped,3,2,512,457.031
fallback,vector,i32,128,gaps,lessTyped,5,2,512,521.484
fallback,vector,i32,128,gaps,lessTyped,3,3,512,478.516
fallback,vector,i32,128,gaps,lessTyped,5,3,512,478.516
fallback,vector,i32,128,gaps,lessTyped,4,3,512,429.688
fallback,vector,i32,128,gaps,lessTyped,5,4,512,421.875
fallback,vector,i32,128,gaps,lessTyped,3,4,512,425.781
fallback,vector,i32,128,gaps,lessTyped,4,4,512,417.969
fallback,vector,i32,128,gaps,lessTyped,4,5,512,443.359
fallback,vector,i32,128,gaps,lessTyped,3,5,512,425.781
fallback,vector,i32,128,gaps,lessTyped,5,5,512,484.375
fallback,vector,i32,128,gaps,lessTyped,3,6,512,425.781
fallback,vector,i32,128,gaps,lessTyped,5,6,512,390.625
fallback,vector,i32,128,gaps,lessTyped,4,6,512,414.062
fallback,vector,i32,128,gaps,greaterTyped,5,0,512,404.297
fallback,vector,i32,128,gaps,greaterTyped,4,0,512,423.828
fallback,vector,i32,128,gaps,greaterTyped,3,0,512,435.547
fallback,vector,i32,128,gaps,greaterTyped,4,1,512,439.453
fallback,vector,i32,128,gaps,greaterTyped,3,1,512,455.078
fallback,vector,i32,128,gaps,greaterTyped,5,1,512,460.938
fallback,vector,i32,128,gaps,greaterTyped,3,2,512,429.688
fallback,vector,i32,128,gaps,greaterTyped,5,2,512,480.469
fallback,vector,i32,128,gaps,greaterTyped,4,2,512,513.672
fallback,vector,i32,128,gaps,greaterTyped,3,3,512,503.906
fallback,vector,i32,128,gaps,greaterTyped,5,3,512,472.656
fallback,vector,i32,128,gaps,greaterTyped,4,3,512,494.141
fallback,vector,i32,128,gaps,greaterTyped,3,4,512,505.859
fallback,vector,i32,128,gaps,greaterTyped,5,4,512,445.312
fallback,vector,i32,128,gaps,greaterTyped,4,4,512,503.906
fallback,vector,i32,128,gaps,greaterTyped,5,5,512,505.859
fallback,vector,i32,128,gaps,greaterTyped,4,5,512,607.422
fallback,vector,i32,128,gaps,greaterTyped,3,5,512,414.062
fallback,vector,i32,128,gaps,greaterTyped,4,6,512,443.359
fallback,vector,i32,128,gaps,greaterTyped,5,6,512,480.469
fallback,vector,i32,128,gaps,greaterTyped,3,6,512,492.188
pipeline,vector,i32,128,gaps,lessVoid,1,0,512,439.453
pipeline,vector,i32,128,gaps,lessVoid,0,0,512,449.219
pipeline,vector,i32,128,gaps,lessVoid,2,0,512,486.328
pipeline,vector,i32,128,gaps,lessVoid,6,0,512,451.172
pipeline,vector,i32,128,gaps,lessVoid,2,1,512,439.453
pipeline,vector,i32,128,gaps,lessVoid,0,1,512,486.328
pipeline,vector,i32,128,gaps,lessVoid,1,1,512,457.031
pipeline,vector,i32,128,gaps,lessVoid,6,1,512,476.562
pipeline,vector,i32,128,gaps,lessVoid,6,2,512,458.984
pipeline,vector,i32,128,gaps,lessVoid,0,2,512,468.750
pipeline,vector,i32,128,gaps,lessVoid,2,2,512,470.703
pipeline,vector,i32,128,gaps,lessVoid,1,2,512,466.797
pipeline,vector,i32,128,gaps,lessVoid,0,3,512,484.375
pipeline,vector,i32,128,gaps,lessVoid,6,3,512,462.891
pipeline,vector,i32,128,gaps,lessVoid,2,3,512,484.375
pipeline,vector,i32,128,gaps,lessVoid,1,3,512,482.422
pipeline,vector,i32,128,gaps,lessVoid,0,4,512,488.281
pipeline,vector,i32,128,gaps,lessVoid,6,4,512,484.375
pipeline,vector,i32,128,gaps,lessVoid,2,4,512,451.172
pipeline,vector,i32,128,gaps,lessVoid,1,4,512,496.094
pipeline,vector,i32,128,gaps,lessVoid,0,5,512,552.734
pipeline,vector,i32,128,gaps,lessVoid,1,5,512,455.078
pipeline,vector,i32,128,gaps,lessVoid,6,5,512,441.406
pipeline,vector,i32,128,gaps,lessVoid,2,5,512,416.016
pipeline,vector,i32,128,gaps,lessVoid,0,6,512,429.688
pipeline,vector,i32,128,gaps,lessVoid,6,6,512,419.922
pipeline,vector,i32,128,gaps,lessVoid,2,6,512,427.734
pipeline,vector,i32,128,gaps,lessVoid,1,6,512,417.969
pipeline,vector,i32,128,gaps,greaterTyped,0,0,512,458.984
pipeline,vector,i32,128,gaps,greaterTyped,1,0,512,443.359
pipeline,vector,i32,128,gaps,greaterTyped,6,0,512,425.781
pipeline,vector,i32,128,gaps,greaterTyped,2,0,512,482.422
pipeline,vector,i32,128,gaps,greaterTyped,6,1,512,427.734
pipeline,vector,i32,128,gaps,greaterTyped,1,1,512,439.453
pipeline,vector,i32,128,gaps,greaterTyped,0,1,512,408.203
pipeline,vector,i32,128,gaps,greaterTyped,2,1,512,460.938
pipeline,vector,i32,128,gaps,greaterTyped,1,2,512,460.938
pipeline,vector,i32,128,gaps,greaterTyped,0,2,512,470.703
pipeline,vector,i32,128,gaps,greaterTyped,6,2,512,458.984
pipeline,vector,i32,128,gaps,greaterTyped,2,2,512,466.797
pipeline,vector,i32,128,gaps,greaterTyped,0,3,512,470.703
pipeline,vector,i32,128,gaps,greaterTyped,6,3,512,515.625
pipeline,vector,i32,128,gaps,greaterTyped,1,3,512,490.234
pipeline,vector,i32,128,gaps,greaterTyped,2,3,512,507.812
pipeline,vector,i32,128,gaps,greaterTyped,2,4,512,500.000
pipeline,vector,i32,128,gaps,greaterTyped,1,4,512,505.859
pipeline,vector,i32,128,gaps,greaterTyped,6,4,512,480.469
pipeline,vector,i32,128,gaps,greaterTyped,0,4,512,509.766
pipeline,vector,i32,128,gaps,greaterTyped,2,5,512,531.250
pipeline,vector,i32,128,gaps,greaterTyped,1,5,512,484.375
pipeline,vector,i32,128,gaps,greaterTyped,6,5,512,470.703
pipeline,vector,i32,128,gaps,greaterTyped,0,5,512,490.234
pipeline,vector,i32,128,gaps,greaterTyped,6,6,512,453.125
pipeline,vector,i32,128,gaps,greaterTyped,1,6,512,478.516
pipeline,vector,i32,128,gaps,greaterTyped,0,6,512,494.141
pipeline,vector,i32,128,gaps,greaterTyped,2,6,512,472.656
fallback,vector,i32,128,ordered,lessVoid,5,0,512,371.094
fallback,vector,i32,128,ordered,lessVoid,4,0,512,378.906
fallback,vector,i32,128,ordered,lessVoid,3,0,512,357.422
fallback,vector,i32,128,ordered,lessVoid,5,1,512,373.047
fallback,vector,i32,128,ordered,lessVoid,3,1,512,324.219
fallback,vector,i32,128,ordered,lessVoid,4,1,512,373.047
fallback,vector,i32,128,ordered,lessVoid,5,2,512,345.703
fallback,vector,i32,128,ordered,lessVoid,4,2,512,371.094
fallback,vector,i32,128,ordered,lessVoid,3,2,512,359.375
fallback,vector,i32,128,ordered,lessVoid,3,3,512,378.906
fallback,vector,i32,128,ordered,lessVoid,4,3,512,369.141
fallback,vector,i32,128,ordered,lessVoid,5,3,512,355.469
fallback,vector,i32,128,ordered,lessVoid,4,4,512,373.047
fallback,vector,i32,128,ordered,lessVoid,3,4,512,382.812
fallback,vector,i32,128,ordered,lessVoid,5,4,512,357.422
fallback,vector,i32,128,ordered,lessVoid,5,5,512,351.562
fallback,vector,i32,128,ordered,lessVoid,4,5,512,367.188
fallback,vector,i32,128,ordered,lessVoid,3,5,512,361.328
fallback,vector,i32,128,ordered,lessVoid,5,6,512,365.234
fallback,vector,i32,128,ordered,lessVoid,4,6,512,359.375
fallback,vector,i32,128,ordered,lessVoid,3,6,512,359.375
fallback,vector,i32,128,ordered,lessTyped,5,0,512,373.047
fallback,vector,i32,128,ordered,lessTyped,4,0,512,384.766
fallback,vector,i32,128,ordered,lessTyped,3,0,512,306.641
fallback,vector,i32,128,ordered,lessTyped,5,1,512,298.828
fallback,vector,i32,128,ordered,lessTyped,3,1,512,306.641
fallback,vector,i32,128,ordered,lessTyped,4,1,512,308.594
fallback,vector,i32,128,ordered,lessTyped,3,2,512,304.688
fallback,vector,i32,128,ordered,lessTyped,5,2,512,306.641
fallback,vector,i32,128,ordered,lessTyped,4,2,512,306.641
fallback,vector,i32,128,ordered,lessTyped,4,3,512,308.594
fallback,vector,i32,128,ordered,lessTyped,3,3,512,312.500
fallback,vector,i32,128,ordered,lessTyped,5,3,512,306.641
fallback,vector,i32,128,ordered,lessTyped,4,4,512,302.734
fallback,vector,i32,128,ordered,lessTyped,3,4,512,316.406
fallback,vector,i32,128,ordered,lessTyped,5,4,512,310.547
fallback,vector,i32,128,ordered,lessTyped,3,5,512,306.641
fallback,vector,i32,128,ordered,lessTyped,5,5,512,300.781
fallback,vector,i32,128,ordered,lessTyped,4,5,512,306.641
fallback,vector,i32,128,ordered,lessTyped,3,6,512,318.359
fallback,vector,i32,128,ordered,lessTyped,5,6,512,308.594
fallback,vector,i32,128,ordered,lessTyped,4,6,512,304.688
fallback,vector,i32,128,ordered,greaterTyped,4,0,512,242.188
fallback,vector,i32,128,ordered,greaterTyped,3,0,512,253.906
fallback,vector,i32,128,ordered,greaterTyped,5,0,512,261.719
fallback,vector,i32,128,ordered,greaterTyped,4,1,512,236.328
fallback,vector,i32,128,ordered,greaterTyped,3,1,512,232.422
fallback,vector,i32,128,ordered,greaterTyped,5,1,512,238.281
fallback,vector,i32,128,ordered,greaterTyped,3,2,512,242.188
fallback,vector,i32,128,ordered,greaterTyped,5,2,512,248.047
fallback,vector,i32,128,ordered,greaterTyped,4,2,512,279.297
fallback,vector,i32,128,ordered,greaterTyped,4,3,512,261.719
fallback,vector,i32,128,ordered,greaterTyped,5,3,512,236.328
fallback,vector,i32,128,ordered,greaterTyped,3,3,512,234.375
fallback,vector,i32,128,ordered,greaterTyped,4,4,512,234.375
fallback,vector,i32,128,ordered,greaterTyped,5,4,512,238.281
fallback,vector,i32,128,ordered,greaterTyped,3,4,512,259.766
fallback,vector,i32,128,ordered,greaterTyped,4,5,512,263.672
fallback,vector,i32,128,ordered,greaterTyped,5,5,512,253.906
fallback,vector,i32,128,ordered,greaterTyped,3,5,512,238.281
fallback,vector,i32,128,ordered,greaterTyped,4,6,512,259.766
fallback,vector,i32,128,ordered,greaterTyped,3,6,512,255.859
fallback,vector,i32,128,ordered,greaterTyped,5,6,512,234.375
fallback,vector,i32,128,reverse,lessVoid,4,0,512,251.953
fallback,vector,i32,128,reverse,lessVoid,5,0,512,253.906
fallback,vector,i32,128,reverse,lessVoid,3,0,512,271.484
fallback,vector,i32,128,reverse,lessVoid,4,1,512,275.391
fallback,vector,i32,128,reverse,lessVoid,3,1,512,269.531
fallback,vector,i32,128,reverse,lessVoid,5,1,512,261.719
fallback,vector,i32,128,reverse,lessVoid,3,2,512,255.859
fallback,vector,i32,128,reverse,lessVoid,4,2,512,248.047
fallback,vector,i32,128,reverse,lessVoid,5,2,512,226.562
fallback,vector,i32,128,reverse,lessVoid,4,3,512,279.297
fallback,vector,i32,128,reverse,lessVoid,3,3,512,275.391
fallback,vector,i32,128,reverse,lessVoid,5,3,512,271.484
fallback,vector,i32,128,reverse,lessVoid,5,4,512,259.766
fallback,vector,i32,128,reverse,lessVoid,4,4,512,283.203
fallback,vector,i32,128,reverse,lessVoid,3,4,512,294.922
fallback,vector,i32,128,reverse,lessVoid,5,5,512,277.344
fallback,vector,i32,128,reverse,lessVoid,4,5,512,273.438
fallback,vector,i32,128,reverse,lessVoid,3,5,512,281.250
fallback,vector,i32,128,reverse,lessVoid,4,6,512,248.047
fallback,vector,i32,128,reverse,lessVoid,5,6,512,244.141
fallback,vector,i32,128,reverse,lessVoid,3,6,512,279.297
fallback,vector,i32,128,reverse,lessTyped,3,0,512,255.859
fallback,vector,i32,128,reverse,lessTyped,4,0,512,289.062
fallback,vector,i32,128,reverse,lessTyped,5,0,512,279.297
fallback,vector,i32,128,reverse,lessTyped,3,1,512,273.438
fallback,vector,i32,128,reverse,lessTyped,5,1,512,240.234
fallback,vector,i32,128,reverse,lessTyped,4,1,512,242.188
fallback,vector,i32,128,reverse,lessTyped,3,2,512,246.094
fallback,vector,i32,128,reverse,lessTyped,5,2,512,226.562
fallback,vector,i32,128,reverse,lessTyped,4,2,512,246.094
fallback,vector,i32,128,reverse,lessTyped,4,3,512,244.141
fallback,vector,i32,128,reverse,lessTyped,5,3,512,259.766
fallback,vector,i32,128,reverse,lessTyped,3,3,512,259.766
fallback,vector,i32,128,reverse,lessTyped,4,4,512,240.234
fallback,vector,i32,128,reverse,lessTyped,5,4,512,273.438
fallback,vector,i32,128,reverse,lessTyped,3,4,512,300.781
fallback,vector,i32,128,reverse,lessTyped,5,5,512,281.250
fallback,vector,i32,128,reverse,lessTyped,4,5,512,267.578
fallback,vector,i32,128,reverse,lessTyped,3,5,512,267.578
fallback,vector,i32,128,reverse,lessTyped,4,6,512,267.578
fallback,vector,i32,128,reverse,lessTyped,3,6,512,300.781
fallback,vector,i32,128,reverse,lessTyped,5,6,512,285.156
fallback,vector,i32,128,reverse,greaterTyped,4,0,512,353.516
fallback,vector,i32,128,reverse,greaterTyped,5,0,512,367.188
fallback,vector,i32,128,reverse,greaterTyped,3,0,512,501.953
fallback,vector,i32,128,reverse,greaterTyped,5,1,512,355.469
fallback,vector,i32,128,reverse,greaterTyped,4,1,512,335.938
fallback,vector,i32,128,reverse,greaterTyped,3,1,512,318.359
fallback,vector,i32,128,reverse,greaterTyped,4,2,512,312.500
fallback,vector,i32,128,reverse,greaterTyped,5,2,512,304.688
fallback,vector,i32,128,reverse,greaterTyped,3,2,512,314.453
fallback,vector,i32,128,reverse,greaterTyped,5,3,512,298.828
fallback,vector,i32,128,reverse,greaterTyped,3,3,512,316.406
fallback,vector,i32,128,reverse,greaterTyped,4,3,512,312.500
fallback,vector,i32,128,reverse,greaterTyped,4,4,512,310.547
fallback,vector,i32,128,reverse,greaterTyped,5,4,512,314.453
fallback,vector,i32,128,reverse,greaterTyped,3,4,512,304.688
fallback,vector,i32,128,reverse,greaterTyped,3,5,512,310.547
fallback,vector,i32,128,reverse,greaterTyped,5,5,512,308.594
fallback,vector,i32,128,reverse,greaterTyped,4,5,512,396.484
fallback,vector,i32,128,reverse,greaterTyped,3,6,512,339.844
fallback,vector,i32,128,reverse,greaterTyped,5,6,512,353.516
fallback,vector,i32,128,reverse,greaterTyped,4,6,512,392.578
fallback,vector,i32,128,nearly,lessVoid,5,0,512,388.672
fallback,vector,i32,128,nearly,lessVoid,4,0,512,367.188
fallback,vector,i32,128,nearly,lessVoid,3,0,512,376.953
fallback,vector,i32,128,nearly,lessVoid,3,1,512,363.281
fallback,vector,i32,128,nearly,lessVoid,4,1,512,388.672
fallback,vector,i32,128,nearly,lessVoid,5,1,512,369.141
fallback,vector,i32,128,nearly,lessVoid,4,2,512,376.953
fallback,vector,i32,128,nearly,lessVoid,3,2,512,371.094
fallback,vector,i32,128,nearly,lessVoid,5,2,512,402.344
fallback,vector,i32,128,nearly,lessVoid,4,3,512,373.047
fallback,vector,i32,128,nearly,lessVoid,5,3,512,400.391
fallback,vector,i32,128,nearly,lessVoid,3,3,512,384.766
fallback,vector,i32,128,nearly,lessVoid,5,4,512,378.906
fallback,vector,i32,128,nearly,lessVoid,4,4,512,359.375
fallback,vector,i32,128,nearly,lessVoid,3,4,512,353.516
fallback,vector,i32,128,nearly,lessVoid,3,5,512,388.672
fallback,vector,i32,128,nearly,lessVoid,5,5,512,341.797
fallback,vector,i32,128,nearly,lessVoid,4,5,512,490.234
fallback,vector,i32,128,nearly,lessVoid,3,6,512,341.797
fallback,vector,i32,128,nearly,lessVoid,4,6,512,314.453
fallback,vector,i32,128,nearly,lessVoid,5,6,512,314.453
fallback,vector,i32,128,nearly,lessTyped,3,0,512,300.781
fallback,vector,i32,128,nearly,lessTyped,4,0,512,298.828
fallback,vector,i32,128,nearly,lessTyped,5,0,512,304.688
fallback,vector,i32,128,nearly,lessTyped,3,1,512,310.547
fallback,vector,i32,128,nearly,lessTyped,4,1,512,304.688
fallback,vector,i32,128,nearly,lessTyped,5,1,512,298.828
fallback,vector,i32,128,nearly,lessTyped,5,2,512,300.781
fallback,vector,i32,128,nearly,lessTyped,3,2,512,308.594
fallback,vector,i32,128,nearly,lessTyped,4,2,512,306.641
fallback,vector,i32,128,nearly,lessTyped,4,3,512,310.547
fallback,vector,i32,128,nearly,lessTyped,5,3,512,306.641
fallback,vector,i32,128,nearly,lessTyped,3,3,512,310.547
fallback,vector,i32,128,nearly,lessTyped,4,4,512,296.875
fallback,vector,i32,128,nearly,lessTyped,3,4,512,300.781
fallback,vector,i32,128,nearly,lessTyped,5,4,512,310.547
fallback,vector,i32,128,nearly,lessTyped,5,5,512,302.734
fallback,vector,i32,128,nearly,lessTyped,4,5,512,310.547
fallback,vector,i32,128,nearly,lessTyped,3,5,512,316.406
fallback,vector,i32,128,nearly,lessTyped,3,6,512,384.766
fallback,vector,i32,128,nearly,lessTyped,5,6,512,361.328
fallback,vector,i32,128,nearly,lessTyped,4,6,512,363.281
fallback,vector,i32,128,nearly,greaterTyped,3,0,512,326.172
fallback,vector,i32,128,nearly,greaterTyped,5,0,512,335.938
fallback,vector,i32,128,nearly,greaterTyped,4,0,512,318.359
fallback,vector,i32,128,nearly,greaterTyped,3,1,512,322.266
fallback,vector,i32,128,nearly,greaterTyped,4,1,512,316.406
fallback,vector,i32,128,nearly,greaterTyped,5,1,512,322.266
fallback,vector,i32,128,nearly,greaterTyped,3,2,512,333.984
fallback,vector,i32,128,nearly,greaterTyped,5,2,512,341.797
fallback,vector,i32,128,nearly,greaterTyped,4,2,512,332.031
fallback,vector,i32,128,nearly,greaterTyped,3,3,512,328.125
fallback,vector,i32,128,nearly,greaterTyped,5,3,512,320.312
fallback,vector,i32,128,nearly,greaterTyped,4,3,512,330.078
fallback,vector,i32,128,nearly,greaterTyped,3,4,512,335.938
fallback,vector,i32,128,nearly,greaterTyped,4,4,512,343.750
fallback,vector,i32,128,nearly,greaterTyped,5,4,512,314.453
fallback,vector,i32,128,nearly,greaterTyped,4,5,512,328.125
fallback,vector,i32,128,nearly,greaterTyped,5,5,512,306.641
fallback,vector,i32,128,nearly,greaterTyped,3,5,512,320.312
fallback,vector,i32,128,nearly,greaterTyped,5,6,512,320.312
fallback,vector,i32,128,nearly,greaterTyped,3,6,512,318.359
fallback,vector,i32,128,nearly,greaterTyped,4,6,512,320.312
fallback,vector,i32,512,full,lessVoid,5,0,436,2293.578
fallback,vector,i32,512,full,lessVoid,4,0,412,2427.184
fallback,vector,i32,512,full,lessVoid,3,0,397,2518.892
fallback,vector,i32,512,full,lessVoid,4,1,357,2801.120
fallback,vector,i32,512,full,lessVoid,5,1,392,2553.571
fallback,vector,i32,512,full,lessVoid,3,1,401,2496.259
fallback,vector,i32,512,full,lessVoid,5,2,395,2531.646
fallback,vector,i32,512,full,lessVoid,3,2,398,2515.075
fallback,vector,i32,512,full,lessVoid,4,2,392,2556.122
fallback,vector,i32,512,full,lessVoid,3,3,399,2506.266
fallback,vector,i32,512,full,lessVoid,4,3,385,2600.000
fallback,vector,i32,512,full,lessVoid,5,3,400,2505.000
fallback,vector,i32,512,full,lessVoid,3,4,402,2487.562
fallback,vector,i32,512,full,lessVoid,5,4,397,2521.411
fallback,vector,i32,512,full,lessVoid,4,4,393,2549.618
fallback,vector,i32,512,full,lessVoid,3,5,399,2511.278
fallback,vector,i32,512,full,lessVoid,5,5,392,2553.571
fallback,vector,i32,512,full,lessVoid,4,5,386,2593.264
fallback,vector,i32,512,full,lessVoid,4,6,398,2512.563
fallback,vector,i32,512,full,lessVoid,5,6,379,2641.161
fallback,vector,i32,512,full,lessVoid,3,6,394,2538.071
fallback,vector,i32,512,full,lessTyped,3,0,389,2575.835
fallback,vector,i32,512,full,lessTyped,5,0,404,2477.723
fallback,vector,i32,512,full,lessTyped,4,0,393,2549.618
fallback,vector,i32,512,full,lessTyped,5,1,398,2515.075
fallback,vector,i32,512,full,lessTyped,4,1,388,2577.320
fallback,vector,i32,512,full,lessTyped,3,1,387,2583.979
fallback,vector,i32,512,full,lessTyped,4,2,400,2502.500
fallback,vector,i32,512,full,lessTyped,3,2,398,2517.588
fallback,vector,i32,512,full,lessTyped,5,2,408,2450.980
fallback,vector,i32,512,full,lessTyped,3,3,385,2597.403
fallback,vector,i32,512,full,lessTyped,5,3,402,2492.537
fallback,vector,i32,512,full,lessTyped,4,3,400,2500.000
fallback,vector,i32,512,full,lessTyped,4,4,420,2380.952
fallback,vector,i32,512,full,lessTyped,3,4,408,2453.431
fallback,vector,i32,512,full,lessTyped,5,4,463,2161.987
fallback,vector,i32,512,full,lessTyped,3,5,427,2344.262
fallback,vector,i32,512,full,lessTyped,4,5,452,2214.602
fallback,vector,i32,512,full,lessTyped,5,5,456,2195.175
fallback,vector,i32,512,full,lessTyped,5,6,453,2207.506
fallback,vector,i32,512,full,lessTyped,3,6,453,2207.506
fallback,vector,i32,512,full,lessTyped,4,6,427,2341.920
fallback,vector,i32,512,full,greaterTyped,4,0,377,2652.520
fallback,vector,i32,512,full,greaterTyped,5,0,369,2710.027
fallback,vector,i32,512,full,greaterTyped,3,0,373,2683.646
fallback,vector,i32,512,full,greaterTyped,4,1,363,2754.821
fallback,vector,i32,512,full,greaterTyped,3,1,370,2708.108
fallback,vector,i32,512,full,greaterTyped,5,1,392,2551.020
fallback,vector,i32,512,full,greaterTyped,3,2,382,2617.801
fallback,vector,i32,512,full,greaterTyped,5,2,377,2652.520
fallback,vector,i32,512,full,greaterTyped,4,2,378,2645.503
fallback,vector,i32,512,full,greaterTyped,3,3,382,2620.419
fallback,vector,i32,512,full,greaterTyped,5,3,374,2673.797
fallback,vector,i32,512,full,greaterTyped,4,3,376,2662.234
fallback,vector,i32,512,full,greaterTyped,4,4,377,2655.172
fallback,vector,i32,512,full,greaterTyped,5,4,373,2686.327
fallback,vector,i32,512,full,greaterTyped,3,4,375,2666.667
fallback,vector,i32,512,full,greaterTyped,5,5,373,2686.327
fallback,vector,i32,512,full,greaterTyped,4,5,378,2650.794
fallback,vector,i32,512,full,greaterTyped,3,5,378,2650.794
fallback,vector,i32,512,full,greaterTyped,5,6,380,2634.211
fallback,vector,i32,512,full,greaterTyped,4,6,370,2705.405
fallback,vector,i32,512,full,greaterTyped,3,6,374,2673.797
pipeline,vector,i32,512,full,lessVoid,2,0,328,3054.878
pipeline,vector,i32,512,full,lessVoid,6,0,366,2734.973
pipeline,vector,i32,512,full,lessVoid,1,0,382,2620.419
pipeline,vector,i32,512,full,lessVoid,0,0,381,2629.921
pipeline,vector,i32,512,full,lessVoid,1,1,384,2609.375
pipeline,vector,i32,512,full,lessVoid,2,1,390,2564.103
pipeline,vector,i32,512,full,lessVoid,6,1,379,2641.161
pipeline,vector,i32,512,full,lessVoid,0,1,343,2918.367
pipeline,vector,i32,512,full,lessVoid,1,2,346,2890.173
pipeline,vector,i32,512,full,lessVoid,2,2,371,2698.113
pipeline,vector,i32,512,full,lessVoid,0,2,342,2929.825
pipeline,vector,i32,512,full,lessVoid,6,2,346,2890.173
pipeline,vector,i32,512,full,lessVoid,6,3,357,2806.723
pipeline,vector,i32,512,full,lessVoid,2,3,331,3024.169
pipeline,vector,i32,512,full,lessVoid,0,3,332,3012.048
pipeline,vector,i32,512,full,lessVoid,1,3,342,2926.901
pipeline,vector,i32,512,full,lessVoid,1,4,349,2865.330
pipeline,vector,i32,512,full,lessVoid,0,4,343,2921.283
pipeline,vector,i32,512,full,lessVoid,6,4,345,2904.348
pipeline,vector,i32,512,full,lessVoid,2,4,332,3015.060
pipeline,vector,i32,512,full,lessVoid,6,5,340,2941.176
pipeline,vector,i32,512,full,lessVoid,2,5,337,2970.326
pipeline,vector,i32,512,full,lessVoid,1,5,340,2947.059
pipeline,vector,i32,512,full,lessVoid,0,5,342,2926.901
pipeline,vector,i32,512,full,lessVoid,0,6,365,2742.466
pipeline,vector,i32,512,full,lessVoid,6,6,329,3042.553
pipeline,vector,i32,512,full,lessVoid,2,6,340,2941.176
pipeline,vector,i32,512,full,lessVoid,1,6,375,2672.000
pipeline,vector,i32,512,full,greaterTyped,0,0,318,3144.654
pipeline,vector,i32,512,full,greaterTyped,1,0,315,3180.952
pipeline,vector,i32,512,full,greaterTyped,6,0,316,3164.557
pipeline,vector,i32,512,full,greaterTyped,2,0,316,3167.722
pipeline,vector,i32,512,full,greaterTyped,2,1,329,3045.593
pipeline,vector,i32,512,full,greaterTyped,1,1,311,3215.434
pipeline,vector,i32,512,full,greaterTyped,0,1,313,3198.083
pipeline,vector,i32,512,full,greaterTyped,6,1,353,2832.861
pipeline,vector,i32,512,full,greaterTyped,6,2,365,2739.726
pipeline,vector,i32,512,full,greaterTyped,2,2,324,3089.506
pipeline,vector,i32,512,full,greaterTyped,0,2,311,3215.434
pipeline,vector,i32,512,full,greaterTyped,1,2,329,3042.553
pipeline,vector,i32,512,full,greaterTyped,0,3,324,3086.420
pipeline,vector,i32,512,full,greaterTyped,2,3,322,3111.801
pipeline,vector,i32,512,full,greaterTyped,6,3,320,3125.000
pipeline,vector,i32,512,full,greaterTyped,1,3,324,3089.506
pipeline,vector,i32,512,full,greaterTyped,2,4,331,3027.190
pipeline,vector,i32,512,full,greaterTyped,6,4,327,3064.220
pipeline,vector,i32,512,full,greaterTyped,0,4,323,3102.167
pipeline,vector,i32,512,full,greaterTyped,1,4,331,3021.148
pipeline,vector,i32,512,full,greaterTyped,2,5,324,3086.420
pipeline,vector,i32,512,full,greaterTyped,6,5,326,3073.620
pipeline,vector,i32,512,full,greaterTyped,1,5,328,3051.829
pipeline,vector,i32,512,full,greaterTyped,0,5,339,2952.802
pipeline,vector,i32,512,full,greaterTyped,6,6,330,3036.364
pipeline,vector,i32,512,full,greaterTyped,1,6,322,3108.696
pipeline,vector,i32,512,full,greaterTyped,0,6,320,3128.125
pipeline,vector,i32,512,full,greaterTyped,2,6,325,3080.000
fallback,vector,i32,512,bits22,lessVoid,5,0,425,2367.059
fallback,vector,i32,512,bits22,lessVoid,3,0,424,2360.849
fallback,vector,i32,512,bits22,lessVoid,4,0,396,2530.303
fallback,vector,i32,512,bits22,lessVoid,4,1,394,2538.071
fallback,vector,i32,512,bits22,lessVoid,3,1,411,2437.956
fallback,vector,i32,512,bits22,lessVoid,5,1,400,2500.000
fallback,vector,i32,512,bits22,lessVoid,3,2,393,2547.074
fallback,vector,i32,512,bits22,lessVoid,5,2,397,2523.929
fallback,vector,i32,512,bits22,lessVoid,4,2,409,2449.878
fallback,vector,i32,512,bits22,lessVoid,3,3,459,2180.828
fallback,vector,i32,512,bits22,lessVoid,5,3,450,2222.222
fallback,vector,i32,512,bits22,lessVoid,4,3,448,2234.375
fallback,vector,i32,512,bits22,lessVoid,4,4,443,2259.594
fallback,vector,i32,512,bits22,lessVoid,5,4,454,2207.048
fallback,vector,i32,512,bits22,lessVoid,3,4,452,2212.389
fallback,vector,i32,512,bits22,lessVoid,5,5,389,2573.265
fallback,vector,i32,512,bits22,lessVoid,3,5,386,2595.855
fallback,vector,i32,512,bits22,lessVoid,4,5,387,2586.563
fallback,vector,i32,512,bits22,lessVoid,3,6,387,2583.979
fallback,vector,i32,512,bits22,lessVoid,5,6,393,2547.074
fallback,vector,i32,512,bits22,lessVoid,4,6,393,2549.618
fallback,vector,i32,512,bits22,lessTyped,3,0,384,2604.167
fallback,vector,i32,512,bits22,lessTyped,4,0,393,2544.529
fallback,vector,i32,512,bits22,lessTyped,5,0,378,2650.794
fallback,vector,i32,512,bits22,lessTyped,4,1,376,2662.234
fallback,vector,i32,512,bits22,lessTyped,3,1,392,2551.020
fallback,vector,i32,512,bits22,lessTyped,5,1,381,2627.297
fallback,vector,i32,512,bits22,lessTyped,5,2,379,2638.522
fallback,vector,i32,512,bits22,lessTyped,3,2,393,2547.074
fallback,vector,i32,512,bits22,lessTyped,4,2,375,2666.667
fallback,vector,i32,512,bits22,lessTyped,3,3,394,2543.147
fallback,vector,i32,512,bits22,lessTyped,4,3,392,2551.020
fallback,vector,i32,512,bits22,lessTyped,5,3,372,2690.860
fallback,vector,i32,512,bits22,lessTyped,3,4,376,2662.234
fallback,vector,i32,512,bits22,lessTyped,5,4,391,2562.660
fallback,vector,i32,512,bits22,lessTyped,4,4,365,2745.205
fallback,vector,i32,512,bits22,lessTyped,3,5,373,2680.965
fallback,vector,i32,512,bits22,lessTyped,4,5,373,2686.327
fallback,vector,i32,512,bits22,lessTyped,5,5,381,2627.297
fallback,vector,i32,512,bits22,lessTyped,3,6,375,2669.333
fallback,vector,i32,512,bits22,lessTyped,4,6,368,2717.391
fallback,vector,i32,512,bits22,lessTyped,5,6,381,2627.297
fallback,vector,i32,512,bits22,greaterTyped,4,0,396,2525.253
fallback,vector,i32,512,bits22,greaterTyped,3,0,377,2657.825
fallback,vector,i32,512,bits22,greaterTyped,5,0,396,2527.778
fallback,vector,i32,512,bits22,greaterTyped,3,1,368,2720.109
fallback,vector,i32,512,bits22,greaterTyped,4,1,379,2643.799
fallback,vector,i32,512,bits22,greaterTyped,5,1,387,2589.147
fallback,vector,i32,512,bits22,greaterTyped,5,2,380,2631.579
fallback,vector,i32,512,bits22,greaterTyped,3,2,386,2593.264
fallback,vector,i32,512,bits22,greaterTyped,4,2,399,2511.278
fallback,vector,i32,512,bits22,greaterTyped,4,3,353,2835.694
fallback,vector,i32,512,bits22,greaterTyped,3,3,366,2732.240
fallback,vector,i32,512,bits22,greaterTyped,5,3,442,2264.706
fallback,vector,i32,512,bits22,greaterTyped,3,4,426,2349.765
fallback,vector,i32,512,bits22,greaterTyped,4,4,445,2249.438
fallback,vector,i32,512,bits22,greaterTyped,5,4,430,2325.581
fallback,vector,i32,512,bits22,greaterTyped,3,5,434,2304.147
fallback,vector,i32,512,bits22,greaterTyped,4,5,440,2272.727
fallback,vector,i32,512,bits22,greaterTyped,5,5,437,2288.330
fallback,vector,i32,512,bits22,greaterTyped,4,6,414,2415.459
fallback,vector,i32,512,bits22,greaterTyped,5,6,369,2715.447
fallback,vector,i32,512,bits22,greaterTyped,3,6,375,2666.667
pipeline,vector,i32,512,bits22,lessVoid,1,0,338,2958.580
pipeline,vector,i32,512,bits22,lessVoid,0,0,339,2955.752
pipeline,vector,i32,512,bits22,lessVoid,6,0,333,3006.006
pipeline,vector,i32,512,bits22,lessVoid,2,0,323,3099.071
pipeline,vector,i32,512,bits22,lessVoid,2,1,329,3042.553
pipeline,vector,i32,512,bits22,lessVoid,0,1,336,2976.190
pipeline,vector,i32,512,bits22,lessVoid,1,1,338,2964.497
pipeline,vector,i32,512,bits22,lessVoid,6,1,336,2979.167
pipeline,vector,i32,512,bits22,lessVoid,2,2,329,3042.553
pipeline,vector,i32,512,bits22,lessVoid,1,2,333,3009.009
pipeline,vector,i32,512,bits22,lessVoid,6,2,334,3000.000
pipeline,vector,i32,512,bits22,lessVoid,0,2,322,3108.696
pipeline,vector,i32,512,bits22,lessVoid,1,3,328,3051.829
pipeline,vector,i32,512,bits22,lessVoid,6,3,312,3205.128
pipeline,vector,i32,512,bits22,lessVoid,2,3,312,3205.128
pipeline,vector,i32,512,bits22,lessVoid,0,3,305,3278.689
pipeline,vector,i32,512,bits22,lessVoid,1,4,301,3328.904
pipeline,vector,i32,512,bits22,lessVoid,6,4,326,3070.552
pipeline,vector,i32,512,bits22,lessVoid,2,4,311,3215.434
pipeline,vector,i32,512,bits22,lessVoid,0,4,329,3039.514
pipeline,vector,i32,512,bits22,lessVoid,1,5,335,2991.045
pipeline,vector,i32,512,bits22,lessVoid,6,5,317,3157.729
pipeline,vector,i32,512,bits22,lessVoid,2,5,331,3021.148
pipeline,vector,i32,512,bits22,lessVoid,0,5,330,3036.364
pipeline,vector,i32,512,bits22,lessVoid,1,6,333,3006.006
pipeline,vector,i32,512,bits22,lessVoid,6,6,325,3083.077
pipeline,vector,i32,512,bits22,lessVoid,0,6,325,3080.000
pipeline,vector,i32,512,bits22,lessVoid,2,6,309,3242.718
pipeline,vector,i32,512,bits22,greaterTyped,1,0,326,3073.620
pipeline,vector,i32,512,bits22,greaterTyped,2,0,327,3064.220
pipeline,vector,i32,512,bits22,greaterTyped,0,0,328,3051.829
pipeline,vector,i32,512,bits22,greaterTyped,6,0,339,2949.853
pipeline,vector,i32,512,bits22,greaterTyped,2,1,362,2765.193
pipeline,vector,i32,512,bits22,greaterTyped,0,1,326,3067.485
pipeline,vector,i32,512,bits22,greaterTyped,1,1,331,3021.148
pipeline,vector,i32,512,bits22,greaterTyped,6,1,331,3024.169
pipeline,vector,i32,512,bits22,greaterTyped,1,2,332,3018.072
pipeline,vector,i32,512,bits22,greaterTyped,6,2,337,2973.294
pipeline,vector,i32,512,bits22,greaterTyped,2,2,328,3048.780
pipeline,vector,i32,512,bits22,greaterTyped,0,2,322,3105.590
pipeline,vector,i32,512,bits22,greaterTyped,6,3,329,3039.514
pipeline,vector,i32,512,bits22,greaterTyped,2,3,326,3070.552
pipeline,vector,i32,512,bits22,greaterTyped,0,3,333,3003.003
pipeline,vector,i32,512,bits22,greaterTyped,1,3,337,2967.359
pipeline,vector,i32,512,bits22,greaterTyped,1,4,346,2890.173
pipeline,vector,i32,512,bits22,greaterTyped,0,4,345,2904.348
pipeline,vector,i32,512,bits22,greaterTyped,6,4,328,3051.829
pipeline,vector,i32,512,bits22,greaterTyped,2,4,315,3174.603
pipeline,vector,i32,512,bits22,greaterTyped,2,5,328,3054.878
pipeline,vector,i32,512,bits22,greaterTyped,1,5,330,3030.303
pipeline,vector,i32,512,bits22,greaterTyped,6,5,334,2994.012
pipeline,vector,i32,512,bits22,greaterTyped,0,5,332,3015.060
pipeline,vector,i32,512,bits22,greaterTyped,2,6,331,3024.169
pipeline,vector,i32,512,bits22,greaterTyped,1,6,331,3027.190
pipeline,vector,i32,512,bits22,greaterTyped,6,6,331,3027.190
pipeline,vector,i32,512,bits22,greaterTyped,0,6,326,3067.485
fallback,vector,i32,512,gaps,lessVoid,5,0,371,2698.113
fallback,vector,i32,512,gaps,lessVoid,3,0,362,2765.193
fallback,vector,i32,512,gaps,lessVoid,4,0,381,2624.672
fallback,vector,i32,512,gaps,lessVoid,3,1,370,2705.405
fallback,vector,i32,512,gaps,lessVoid,4,1,366,2734.973
fallback,vector,i32,512,gaps,lessVoid,5,1,408,2455.882
fallback,vector,i32,512,gaps,lessVoid,4,2,393,2549.618
fallback,vector,i32,512,gaps,lessVoid,5,2,376,2662.234
fallback,vector,i32,512,gaps,lessVoid,3,2,377,2657.825
fallback,vector,i32,512,gaps,lessVoid,4,3,382,2620.419
fallback,vector,i32,512,gaps,lessVoid,5,3,384,2604.167
fallback,vector,i32,512,gaps,lessVoid,3,3,373,2683.646
fallback,vector,i32,512,gaps,lessVoid,4,4,377,2657.825
fallback,vector,i32,512,gaps,lessVoid,5,4,402,2487.562
fallback,vector,i32,512,gaps,lessVoid,3,4,383,2616.188
fallback,vector,i32,512,gaps,lessVoid,4,5,380,2631.579
fallback,vector,i32,512,gaps,lessVoid,5,5,398,2515.075
fallback,vector,i32,512,gaps,lessVoid,3,5,391,2557.545
fallback,vector,i32,512,gaps,lessVoid,5,6,376,2664.894
fallback,vector,i32,512,gaps,lessVoid,4,6,379,2641.161
fallback,vector,i32,512,gaps,lessVoid,3,6,341,2932.551
fallback,vector,i32,512,gaps,lessTyped,3,0,376,2662.234
fallback,vector,i32,512,gaps,lessTyped,4,0,380,2631.579
fallback,vector,i32,512,gaps,lessTyped,5,0,386,2593.264
fallback,vector,i32,512,gaps,lessTyped,4,1,382,2617.801
fallback,vector,i32,512,gaps,lessTyped,5,1,370,2705.405
fallback,vector,i32,512,gaps,lessTyped,3,1,381,2629.921
fallback,vector,i32,512,gaps,lessTyped,4,2,409,2444.988
fallback,vector,i32,512,gaps,lessTyped,5,2,439,2280.182
fallback,vector,i32,512,gaps,lessTyped,3,2,382,2620.419
fallback,vector,i32,512,gaps,lessTyped,3,3,388,2582.474
fallback,vector,i32,512,gaps,lessTyped,5,3,380,2636.842
fallback,vector,i32,512,gaps,lessTyped,4,3,386,2593.264
fallback,vector,i32,512,gaps,lessTyped,4,4,374,2679.144
fallback,vector,i32,512,gaps,lessTyped,3,4,376,2662.234
fallback,vector,i32,512,gaps,lessTyped,5,4,387,2589.147
fallback,vector,i32,512,gaps,lessTyped,3,5,374,2673.797
fallback,vector,i32,512,gaps,lessTyped,5,5,380,2634.211
fallback,vector,i32,512,gaps,lessTyped,4,5,374,2679.144
fallback,vector,i32,512,gaps,lessTyped,4,6,385,2600.000
fallback,vector,i32,512,gaps,lessTyped,5,6,380,2634.211
fallback,vector,i32,512,gaps,lessTyped,3,6,369,2712.737
fallback,vector,i32,512,gaps,greaterTyped,3,0,395,2536.709
fallback,vector,i32,512,gaps,greaterTyped,5,0,399,2508.772
fallback,vector,i32,512,gaps,greaterTyped,4,0,410,2441.463
fallback,vector,i32,512,gaps,greaterTyped,5,1,396,2527.778
fallback,vector,i32,512,gaps,greaterTyped,3,1,388,2582.474
fallback,vector,i32,512,gaps,greaterTyped,4,1,396,2530.303
fallback,vector,i32,512,gaps,greaterTyped,4,2,393,2547.074
fallback,vector,i32,512,gaps,greaterTyped,3,2,388,2582.474
fallback,vector,i32,512,gaps,greaterTyped,5,2,418,2392.344
fallback,vector,i32,512,gaps,greaterTyped,4,3,450,2222.222
fallback,vector,i32,512,gaps,greaterTyped,3,3,402,2492.537
fallback,vector,i32,512,gaps,greaterTyped,5,3,399,2508.772
fallback,vector,i32,512,gaps,greaterTyped,3,4,374,2679.144
fallback,vector,i32,512,gaps,greaterTyped,5,4,405,2474.074
fallback,vector,i32,512,gaps,greaterTyped,4,4,430,2330.233
fallback,vector,i32,512,gaps,greaterTyped,4,5,409,2447.433
fallback,vector,i32,512,gaps,greaterTyped,5,5,401,2496.259
fallback,vector,i32,512,gaps,greaterTyped,3,5,381,2627.297
fallback,vector,i32,512,gaps,greaterTyped,3,6,397,2518.892
fallback,vector,i32,512,gaps,greaterTyped,4,6,376,2659.574
fallback,vector,i32,512,gaps,greaterTyped,5,6,387,2589.147
pipeline,vector,i32,512,gaps,lessVoid,1,0,320,3125.000
pipeline,vector,i32,512,gaps,lessVoid,0,0,316,3164.557
pipeline,vector,i32,512,gaps,lessVoid,6,0,334,2994.012
pipeline,vector,i32,512,gaps,lessVoid,2,0,334,3000.000
pipeline,vector,i32,512,gaps,lessVoid,2,1,362,2765.193
pipeline,vector,i32,512,gaps,lessVoid,6,1,349,2865.330
pipeline,vector,i32,512,gaps,lessVoid,0,1,340,2941.176
pipeline,vector,i32,512,gaps,lessVoid,1,1,315,3177.778
pipeline,vector,i32,512,gaps,lessVoid,6,2,327,3058.104
pipeline,vector,i32,512,gaps,lessVoid,2,2,329,3042.553
pipeline,vector,i32,512,gaps,lessVoid,0,2,322,3111.801
pipeline,vector,i32,512,gaps,lessVoid,1,2,313,3201.278
pipeline,vector,i32,512,gaps,lessVoid,6,3,327,3064.220
pipeline,vector,i32,512,gaps,lessVoid,1,3,323,3095.975
pipeline,vector,i32,512,gaps,lessVoid,2,3,332,3012.048
pipeline,vector,i32,512,gaps,lessVoid,0,3,321,3121.495
pipeline,vector,i32,512,gaps,lessVoid,2,4,327,3058.104
pipeline,vector,i32,512,gaps,lessVoid,0,4,321,3118.380
pipeline,vector,i32,512,gaps,lessVoid,6,4,333,3006.006
pipeline,vector,i32,512,gaps,lessVoid,1,4,302,3317.881
pipeline,vector,i32,512,gaps,lessVoid,0,5,338,2961.538
pipeline,vector,i32,512,gaps,lessVoid,6,5,333,3003.003
pipeline,vector,i32,512,gaps,lessVoid,2,5,340,2944.118
pipeline,vector,i32,512,gaps,lessVoid,1,5,360,2780.556
pipeline,vector,i32,512,gaps,lessVoid,1,6,370,2702.703
pipeline,vector,i32,512,gaps,lessVoid,6,6,364,2750.000
pipeline,vector,i32,512,gaps,lessVoid,2,6,366,2732.240
pipeline,vector,i32,512,gaps,lessVoid,0,6,354,2830.508
pipeline,vector,i32,512,gaps,greaterTyped,0,0,380,2631.579
pipeline,vector,i32,512,gaps,greaterTyped,2,0,368,2720.109
pipeline,vector,i32,512,gaps,greaterTyped,6,0,346,2895.954
pipeline,vector,i32,512,gaps,greaterTyped,1,0,373,2686.327
pipeline,vector,i32,512,gaps,greaterTyped,6,1,372,2693.548
pipeline,vector,i32,512,gaps,greaterTyped,2,1,369,2710.027
pipeline,vector,i32,512,gaps,greaterTyped,0,1,367,2727.520
pipeline,vector,i32,512,gaps,greaterTyped,1,1,362,2762.431
pipeline,vector,i32,512,gaps,greaterTyped,1,2,352,2840.909
pipeline,vector,i32,512,gaps,greaterTyped,0,2,371,2700.809
pipeline,vector,i32,512,gaps,greaterTyped,6,2,366,2732.240
pipeline,vector,i32,512,gaps,greaterTyped,2,2,348,2876.437
pipeline,vector,i32,512,gaps,greaterTyped,2,3,357,2806.723
pipeline,vector,i32,512,gaps,greaterTyped,0,3,353,2832.861
pipeline,vector,i32,512,gaps,greaterTyped,6,3,362,2762.431
pipeline,vector,i32,512,gaps,greaterTyped,1,3,361,2775.623
pipeline,vector,i32,512,gaps,greaterTyped,2,4,352,2846.591
pipeline,vector,i32,512,gaps,greaterTyped,6,4,361,2775.623
pipeline,vector,i32,512,gaps,greaterTyped,1,4,370,2702.703
pipeline,vector,i32,512,gaps,greaterTyped,0,4,372,2693.548
pipeline,vector,i32,512,gaps,greaterTyped,2,5,360,2780.556
pipeline,vector,i32,512,gaps,greaterTyped,0,5,366,2734.973
pipeline,vector,i32,512,gaps,greaterTyped,1,5,353,2832.861
pipeline,vector,i32,512,gaps,greaterTyped,6,5,364,2750.000
pipeline,vector,i32,512,gaps,greaterTyped,6,6,356,2808.989
pipeline,vector,i32,512,gaps,greaterTyped,2,6,355,2816.901
pipeline,vector,i32,512,gaps,greaterTyped,1,6,351,2849.003
pipeline,vector,i32,512,gaps,greaterTyped,0,6,344,2906.977
fallback,vector,i32,512,ordered,lessVoid,4,0,512,1714.844
fallback,vector,i32,512,ordered,lessVoid,5,0,512,1716.797
fallback,vector,i32,512,ordered,lessVoid,3,0,512,1792.969
fallback,vector,i32,512,ordered,lessVoid,5,1,512,1779.297
fallback,vector,i32,512,ordered,lessVoid,3,1,512,1738.281
fallback,vector,i32,512,ordered,lessVoid,4,1,512,1816.406
fallback,vector,i32,512,ordered,lessVoid,3,2,512,1789.062
fallback,vector,i32,512,ordered,lessVoid,5,2,512,1722.656
fallback,vector,i32,512,ordered,lessVoid,4,2,512,1830.078
fallback,vector,i32,512,ordered,lessVoid,5,3,512,1740.234
fallback,vector,i32,512,ordered,lessVoid,4,3,512,1716.797
fallback,vector,i32,512,ordered,lessVoid,3,3,512,1787.109
fallback,vector,i32,512,ordered,lessVoid,4,4,512,1783.203
fallback,vector,i32,512,ordered,lessVoid,5,4,512,1857.422
fallback,vector,i32,512,ordered,lessVoid,3,4,512,1917.969
fallback,vector,i32,512,ordered,lessVoid,4,5,512,1738.281
fallback,vector,i32,512,ordered,lessVoid,5,5,512,1755.859
fallback,vector,i32,512,ordered,lessVoid,3,5,512,1738.281
fallback,vector,i32,512,ordered,lessVoid,3,6,512,1724.609
fallback,vector,i32,512,ordered,lessVoid,5,6,512,1765.625
fallback,vector,i32,512,ordered,lessVoid,4,6,512,1730.469
fallback,vector,i32,512,ordered,lessTyped,5,0,512,1759.766
fallback,vector,i32,512,ordered,lessTyped,4,0,512,1792.969
fallback,vector,i32,512,ordered,lessTyped,3,0,512,1722.656
fallback,vector,i32,512,ordered,lessTyped,5,1,512,1769.531
fallback,vector,i32,512,ordered,lessTyped,4,1,512,1767.578
fallback,vector,i32,512,ordered,lessTyped,3,1,512,1732.422
fallback,vector,i32,512,ordered,lessTyped,5,2,512,1750.000
fallback,vector,i32,512,ordered,lessTyped,4,2,512,1761.719
fallback,vector,i32,512,ordered,lessTyped,3,2,512,1773.438
fallback,vector,i32,512,ordered,lessTyped,3,3,512,1736.328
fallback,vector,i32,512,ordered,lessTyped,4,3,512,1730.469
fallback,vector,i32,512,ordered,lessTyped,5,3,512,1708.984
fallback,vector,i32,512,ordered,lessTyped,4,4,512,1785.156
fallback,vector,i32,512,ordered,lessTyped,3,4,512,1742.188
fallback,vector,i32,512,ordered,lessTyped,5,4,512,1703.125
fallback,vector,i32,512,ordered,lessTyped,5,5,512,1732.422
fallback,vector,i32,512,ordered,lessTyped,4,5,512,1785.156
fallback,vector,i32,512,ordered,lessTyped,3,5,512,1791.016
fallback,vector,i32,512,ordered,lessTyped,5,6,512,1753.906
fallback,vector,i32,512,ordered,lessTyped,4,6,512,1765.625
fallback,vector,i32,512,ordered,lessTyped,3,6,512,1730.469
fallback,vector,i32,512,ordered,greaterTyped,5,0,512,1386.719
fallback,vector,i32,512,ordered,greaterTyped,3,0,512,1330.078
fallback,vector,i32,512,ordered,greaterTyped,4,0,512,1310.547
fallback,vector,i32,512,ordered,greaterTyped,3,1,512,1453.125
fallback,vector,i32,512,ordered,greaterTyped,4,1,512,1328.125
fallback,vector,i32,512,ordered,greaterTyped,5,1,512,1353.516
fallback,vector,i32,512,ordered,greaterTyped,3,2,512,1433.594
fallback,vector,i32,512,ordered,greaterTyped,4,2,512,1427.734
fallback,vector,i32,512,ordered,greaterTyped,5,2,512,1386.719
fallback,vector,i32,512,ordered,greaterTyped,3,3,512,1320.312
fallback,vector,i32,512,ordered,greaterTyped,4,3,512,1375.000
fallback,vector,i32,512,ordered,greaterTyped,5,3,512,1367.188
fallback,vector,i32,512,ordered,greaterTyped,4,4,512,1337.891
fallback,vector,i32,512,ordered,greaterTyped,3,4,512,1414.062
fallback,vector,i32,512,ordered,greaterTyped,5,4,512,1398.438
fallback,vector,i32,512,ordered,greaterTyped,4,5,512,1462.891
fallback,vector,i32,512,ordered,greaterTyped,3,5,512,1337.891
fallback,vector,i32,512,ordered,greaterTyped,5,5,512,1302.734
fallback,vector,i32,512,ordered,greaterTyped,4,6,512,1429.688
fallback,vector,i32,512,ordered,greaterTyped,3,6,512,1398.438
fallback,vector,i32,512,ordered,greaterTyped,5,6,512,1296.875
fallback,vector,i32,512,reverse,lessVoid,4,0,512,1388.672
fallback,vector,i32,512,reverse,lessVoid,5,0,512,1347.656
fallback,vector,i32,512,reverse,lessVoid,3,0,512,1375.000
fallback,vector,i32,512,reverse,lessVoid,5,1,512,1287.109
fallback,vector,i32,512,reverse,lessVoid,3,1,512,1347.656
fallback,vector,i32,512,reverse,lessVoid,4,1,512,1371.094
fallback,vector,i32,512,reverse,lessVoid,4,2,512,1359.375
fallback,vector,i32,512,reverse,lessVoid,3,2,512,1316.406
fallback,vector,i32,512,reverse,lessVoid,5,2,512,1365.234
fallback,vector,i32,512,reverse,lessVoid,3,3,512,1361.328
fallback,vector,i32,512,reverse,lessVoid,5,3,512,1296.875
fallback,vector,i32,512,reverse,lessVoid,4,3,512,1400.391
fallback,vector,i32,512,reverse,lessVoid,5,4,512,1351.562
fallback,vector,i32,512,reverse,lessVoid,4,4,512,1443.359
fallback,vector,i32,512,reverse,lessVoid,3,4,512,1343.750
fallback,vector,i32,512,reverse,lessVoid,4,5,512,1388.672
fallback,vector,i32,512,reverse,lessVoid,5,5,512,1343.750
fallback,vector,i32,512,reverse,lessVoid,3,5,512,1353.516
fallback,vector,i32,512,reverse,lessVoid,3,6,512,1322.266
fallback,vector,i32,512,reverse,lessVoid,5,6,512,1404.297
fallback,vector,i32,512,reverse,lessVoid,4,6,512,1365.234
fallback,vector,i32,512,reverse,lessTyped,5,0,512,1410.156
fallback,vector,i32,512,reverse,lessTyped,3,0,512,1384.766
fallback,vector,i32,512,reverse,lessTyped,4,0,512,1531.250
fallback,vector,i32,512,reverse,lessTyped,5,1,512,1312.500
fallback,vector,i32,512,reverse,lessTyped,3,1,512,1296.875
fallback,vector,i32,512,reverse,lessTyped,4,1,512,1361.328
fallback,vector,i32,512,reverse,lessTyped,5,2,512,1330.078
fallback,vector,i32,512,reverse,lessTyped,4,2,512,1464.844
fallback,vector,i32,512,reverse,lessTyped,3,2,512,1349.609
fallback,vector,i32,512,reverse,lessTyped,4,3,512,1324.219
fallback,vector,i32,512,reverse,lessTyped,5,3,512,1300.781
fallback,vector,i32,512,reverse,lessTyped,3,3,512,1353.516
fallback,vector,i32,512,reverse,lessTyped,5,4,512,1355.469
fallback,vector,i32,512,reverse,lessTyped,4,4,512,1291.016
fallback,vector,i32,512,reverse,lessTyped,3,4,512,1345.703
fallback,vector,i32,512,reverse,lessTyped,5,5,512,1294.922
fallback,vector,i32,512,reverse,lessTyped,3,5,512,1312.500
fallback,vector,i32,512,reverse,lessTyped,4,5,512,1601.562
fallback,vector,i32,512,reverse,lessTyped,4,6,512,1414.062
fallback,vector,i32,512,reverse,lessTyped,5,6,512,1296.875
fallback,vector,i32,512,reverse,lessTyped,3,6,512,1396.484
fallback,vector,i32,512,reverse,greaterTyped,4,0,512,1689.453
fallback,vector,i32,512,reverse,greaterTyped,3,0,512,1691.406
fallback,vector,i32,512,reverse,greaterTyped,5,0,512,1693.359
fallback,vector,i32,512,reverse,greaterTyped,3,1,512,1681.641
fallback,vector,i32,512,reverse,greaterTyped,5,1,512,1654.297
fallback,vector,i32,512,reverse,greaterTyped,4,1,512,1757.812
fallback,vector,i32,512,reverse,greaterTyped,3,2,512,1761.719
fallback,vector,i32,512,reverse,greaterTyped,4,2,512,1785.156
fallback,vector,i32,512,reverse,greaterTyped,5,2,512,1689.453
fallback,vector,i32,512,reverse,greaterTyped,5,3,512,1679.688
fallback,vector,i32,512,reverse,greaterTyped,4,3,512,1677.734
fallback,vector,i32,512,reverse,greaterTyped,3,3,512,1722.656
fallback,vector,i32,512,reverse,greaterTyped,3,4,512,1697.266
fallback,vector,i32,512,reverse,greaterTyped,5,4,512,1660.156
fallback,vector,i32,512,reverse,greaterTyped,4,4,512,1693.359
fallback,vector,i32,512,reverse,greaterTyped,4,5,512,1730.469
fallback,vector,i32,512,reverse,greaterTyped,5,5,512,1794.922
fallback,vector,i32,512,reverse,greaterTyped,3,5,512,1720.703
fallback,vector,i32,512,reverse,greaterTyped,3,6,512,1740.234
fallback,vector,i32,512,reverse,greaterTyped,4,6,512,1679.688
fallback,vector,i32,512,reverse,greaterTyped,5,6,512,1701.172
fallback,vector,i32,512,nearly,lessVoid,4,0,512,1783.203
fallback,vector,i32,512,nearly,lessVoid,5,0,512,1777.344
fallback,vector,i32,512,nearly,lessVoid,3,0,512,1693.359
fallback,vector,i32,512,nearly,lessVoid,5,1,512,1712.891
fallback,vector,i32,512,nearly,lessVoid,3,1,512,1701.172
fallback,vector,i32,512,nearly,lessVoid,4,1,512,1814.453
fallback,vector,i32,512,nearly,lessVoid,5,2,512,1738.281
fallback,vector,i32,512,nearly,lessVoid,4,2,512,1740.234
fallback,vector,i32,512,nearly,lessVoid,3,2,512,1708.984
fallback,vector,i32,512,nearly,lessVoid,5,3,512,1769.531
fallback,vector,i32,512,nearly,lessVoid,4,3,512,1853.516
fallback,vector,i32,512,nearly,lessVoid,3,3,512,1718.750
fallback,vector,i32,512,nearly,lessVoid,4,4,512,1746.094
fallback,vector,i32,512,nearly,lessVoid,3,4,512,1710.938
fallback,vector,i32,512,nearly,lessVoid,5,4,512,1779.297
fallback,vector,i32,512,nearly,lessVoid,4,5,512,1759.766
fallback,vector,i32,512,nearly,lessVoid,3,5,512,1734.375
fallback,vector,i32,512,nearly,lessVoid,5,5,512,1703.125
fallback,vector,i32,512,nearly,lessVoid,3,6,512,1748.047
fallback,vector,i32,512,nearly,lessVoid,5,6,512,1783.203
fallback,vector,i32,512,nearly,lessVoid,4,6,512,1738.281
fallback,vector,i32,512,nearly,lessTyped,3,0,512,1707.031
fallback,vector,i32,512,nearly,lessTyped,4,0,512,1748.047
fallback,vector,i32,512,nearly,lessTyped,5,0,512,1742.188
fallback,vector,i32,512,nearly,lessTyped,5,1,512,1726.562
fallback,vector,i32,512,nearly,lessTyped,4,1,512,1849.609
fallback,vector,i32,512,nearly,lessTyped,3,1,512,1710.938
fallback,vector,i32,512,nearly,lessTyped,3,2,512,1722.656
fallback,vector,i32,512,nearly,lessTyped,4,2,512,1744.141
fallback,vector,i32,512,nearly,lessTyped,5,2,512,1742.188
fallback,vector,i32,512,nearly,lessTyped,3,3,512,1703.125
fallback,vector,i32,512,nearly,lessTyped,4,3,512,1753.906
fallback,vector,i32,512,nearly,lessTyped,5,3,512,1728.516
fallback,vector,i32,512,nearly,lessTyped,4,4,512,1802.734
fallback,vector,i32,512,nearly,lessTyped,3,4,512,1828.125
fallback,vector,i32,512,nearly,lessTyped,5,4,512,1730.469
fallback,vector,i32,512,nearly,lessTyped,4,5,512,1742.188
fallback,vector,i32,512,nearly,lessTyped,5,5,512,1742.188
fallback,vector,i32,512,nearly,lessTyped,3,5,512,1708.984
fallback,vector,i32,512,nearly,lessTyped,3,6,512,1734.375
fallback,vector,i32,512,nearly,lessTyped,4,6,512,1779.297
fallback,vector,i32,512,nearly,lessTyped,5,6,512,1748.047
fallback,vector,i32,512,nearly,greaterTyped,5,0,512,1587.891
fallback,vector,i32,512,nearly,greaterTyped,3,0,512,1572.266
fallback,vector,i32,512,nearly,greaterTyped,4,0,512,1585.938
fallback,vector,i32,512,nearly,greaterTyped,5,1,512,1550.781
fallback,vector,i32,512,nearly,greaterTyped,4,1,512,1542.969
fallback,vector,i32,512,nearly,greaterTyped,3,1,512,1580.078
fallback,vector,i32,512,nearly,greaterTyped,3,2,512,1609.375
fallback,vector,i32,512,nearly,greaterTyped,4,2,512,1632.812
fallback,vector,i32,512,nearly,greaterTyped,5,2,512,1580.078
fallback,vector,i32,512,nearly,greaterTyped,4,3,512,1597.656
fallback,vector,i32,512,nearly,greaterTyped,3,3,512,1589.844
fallback,vector,i32,512,nearly,greaterTyped,5,3,512,1619.141
fallback,vector,i32,512,nearly,greaterTyped,4,4,512,1585.938
fallback,vector,i32,512,nearly,greaterTyped,3,4,512,1589.844
fallback,vector,i32,512,nearly,greaterTyped,5,4,512,1542.969
fallback,vector,i32,512,nearly,greaterTyped,3,5,512,1572.266
fallback,vector,i32,512,nearly,greaterTyped,4,5,512,1546.875
fallback,vector,i32,512,nearly,greaterTyped,5,5,512,1666.016
fallback,vector,i32,512,nearly,greaterTyped,5,6,512,1580.078
fallback,vector,i32,512,nearly,greaterTyped,4,6,512,1552.734
fallback,vector,i32,512,nearly,greaterTyped,3,6,512,1599.609
fallback,vector,i32,4096,full,lessVoid,4,0,26,38538.462
fallback,vector,i32,4096,full,lessVoid,3,0,41,24682.927
fallback,vector,i32,4096,full,lessVoid,5,0,32,31843.750
fallback,vector,i32,4096,full,lessVoid,4,1,35,28628.571
fallback,vector,i32,4096,full,lessVoid,5,1,42,24357.143
fallback,vector,i32,4096,full,lessVoid,3,1,36,28083.333
fallback,vector,i32,4096,full,lessVoid,4,2,38,26552.632
fallback,vector,i32,4096,full,lessVoid,5,2,36,28166.667
fallback,vector,i32,4096,full,lessVoid,3,2,39,25743.590
fallback,vector,i32,4096,full,lessVoid,3,3,35,28571.429
fallback,vector,i32,4096,full,lessVoid,4,3,24,43000.000
fallback,vector,i32,4096,full,lessVoid,5,3,27,37777.778
fallback,vector,i32,4096,full,lessVoid,4,4,26,39500.000
fallback,vector,i32,4096,full,lessVoid,3,4,25,40360.000
fallback,vector,i32,4096,full,lessVoid,5,4,28,36250.000
fallback,vector,i32,4096,full,lessVoid,4,5,36,27916.667
fallback,vector,i32,4096,full,lessVoid,3,5,35,28771.429
fallback,vector,i32,4096,full,lessVoid,5,5,37,27756.757
fallback,vector,i32,4096,full,lessVoid,3,6,39,26102.564
fallback,vector,i32,4096,full,lessVoid,5,6,40,25525.000
fallback,vector,i32,4096,full,lessVoid,4,6,29,34482.759
fallback,vector,i32,4096,full,lessTyped,5,0,41,24487.805
fallback,vector,i32,4096,full,lessTyped,3,0,39,25666.667
fallback,vector,i32,4096,full,lessTyped,4,0,33,30878.788
fallback,vector,i32,4096,full,lessTyped,3,1,36,28416.667
fallback,vector,i32,4096,full,lessTyped,5,1,36,28055.556
fallback,vector,i32,4096,full,lessTyped,4,1,37,27675.676
fallback,vector,i32,4096,full,lessTyped,3,2,37,27135.135
fallback,vector,i32,4096,full,lessTyped,5,2,37,27162.162
fallback,vector,i32,4096,full,lessTyped,4,2,38,26815.789
fallback,vector,i32,4096,full,lessTyped,4,3,41,24487.805
fallback,vector,i32,4096,full,lessTyped,3,3,37,27567.568
fallback,vector,i32,4096,full,lessTyped,5,3,37,27297.297
fallback,vector,i32,4096,full,lessTyped,4,4,38,26578.947
fallback,vector,i32,4096,full,lessTyped,5,4,41,24536.585
fallback,vector,i32,4096,full,lessTyped,3,4,37,27162.162
fallback,vector,i32,4096,full,lessTyped,5,5,38,26710.526
fallback,vector,i32,4096,full,lessTyped,3,5,41,24658.537
fallback,vector,i32,4096,full,lessTyped,4,5,37,27162.162
fallback,vector,i32,4096,full,lessTyped,4,6,39,26205.128
fallback,vector,i32,4096,full,lessTyped,5,6,37,27027.027
fallback,vector,i32,4096,full,lessTyped,3,6,38,26578.947
fallback,vector,i32,4096,full,greaterTyped,4,0,39,25666.667
fallback,vector,i32,4096,full,greaterTyped,5,0,35,28571.429
fallback,vector,i32,4096,full,greaterTyped,3,0,35,28914.286
fallback,vector,i32,4096,full,greaterTyped,3,1,41,24414.634
fallback,vector,i32,4096,full,greaterTyped,5,1,38,26605.263
fallback,vector,i32,4096,full,greaterTyped,4,1,37,27675.676
fallback,vector,i32,4096,full,greaterTyped,4,2,40,25050.000
fallback,vector,i32,4096,full,greaterTyped,5,2,38,26500.000
fallback,vector,i32,4096,full,greaterTyped,3,2,38,26631.579
fallback,vector,i32,4096,full,greaterTyped,4,3,38,26684.211
fallback,vector,i32,4096,full,greaterTyped,5,3,36,28472.222
fallback,vector,i32,4096,full,greaterTyped,3,3,37,27054.054
fallback,vector,i32,4096,full,greaterTyped,3,4,41,24853.659
fallback,vector,i32,4096,full,greaterTyped,4,4,38,26736.842
fallback,vector,i32,4096,full,greaterTyped,5,4,38,26552.632
fallback,vector,i32,4096,full,greaterTyped,4,5,40,25125.000
fallback,vector,i32,4096,full,greaterTyped,5,5,40,25675.000
fallback,vector,i32,4096,full,greaterTyped,3,5,38,26763.158
fallback,vector,i32,4096,full,greaterTyped,3,6,40,25100.000
fallback,vector,i32,4096,full,greaterTyped,5,6,38,26736.842
fallback,vector,i32,4096,full,greaterTyped,4,6,38,26868.421
pipeline,vector,i32,4096,full,lessVoid,2,0,81,12370.370
pipeline,vector,i32,4096,full,lessVoid,6,0,80,12537.500
pipeline,vector,i32,4096,full,lessVoid,0,0,81,12345.679
pipeline,vector,i32,4096,full,lessVoid,1,0,82,12280.488
pipeline,vector,i32,4096,full,lessVoid,6,1,83,12180.723
pipeline,vector,i32,4096,full,lessVoid,0,1,81,12382.716
pipeline,vector,i32,4096,full,lessVoid,1,1,82,12268.293
pipeline,vector,i32,4096,full,lessVoid,2,1,82,12329.268
pipeline,vector,i32,4096,full,lessVoid,1,2,82,12280.488
pipeline,vector,i32,4096,full,lessVoid,6,2,81,12481.481
pipeline,vector,i32,4096,full,lessVoid,0,2,82,12256.098
pipeline,vector,i32,4096,full,lessVoid,2,2,81,12432.099
pipeline,vector,i32,4096,full,lessVoid,2,3,81,12345.679
pipeline,vector,i32,4096,full,lessVoid,6,3,82,12329.268
pipeline,vector,i32,4096,full,lessVoid,1,3,82,12243.902
pipeline,vector,i32,4096,full,lessVoid,0,3,82,12329.268
pipeline,vector,i32,4096,full,lessVoid,1,4,81,12469.136
pipeline,vector,i32,4096,full,lessVoid,6,4,79,12696.203
pipeline,vector,i32,4096,full,lessVoid,2,4,81,12493.827
pipeline,vector,i32,4096,full,lessVoid,0,4,81,12481.481
pipeline,vector,i32,4096,full,lessVoid,1,5,81,12358.025
pipeline,vector,i32,4096,full,lessVoid,6,5,80,12512.500
pipeline,vector,i32,4096,full,lessVoid,0,5,82,12231.707
pipeline,vector,i32,4096,full,lessVoid,2,5,81,12358.025
pipeline,vector,i32,4096,full,lessVoid,2,6,82,12329.268
pipeline,vector,i32,4096,full,lessVoid,6,6,80,12537.500
pipeline,vector,i32,4096,full,lessVoid,1,6,82,12256.098
pipeline,vector,i32,4096,full,lessVoid,0,6,82,12207.317
pipeline,vector,i32,4096,full,greaterTyped,6,0,81,12382.716
pipeline,vector,i32,4096,full,greaterTyped,2,0,79,12772.152
pipeline,vector,i32,4096,full,greaterTyped,0,0,82,12280.488
pipeline,vector,i32,4096,full,greaterTyped,1,0,81,12345.679
pipeline,vector,i32,4096,full,greaterTyped,6,1,83,12180.723
pipeline,vector,i32,4096,full,greaterTyped,1,1,81,12432.099
pipeline,vector,i32,4096,full,greaterTyped,0,1,82,12219.512
pipeline,vector,i32,4096,full,greaterTyped,2,1,82,12329.268
pipeline,vector,i32,4096,full,greaterTyped,2,2,81,12345.679
pipeline,vector,i32,4096,full,greaterTyped,0,2,81,12358.025
pipeline,vector,i32,4096,full,greaterTyped,6,2,82,12329.268
pipeline,vector,i32,4096,full,greaterTyped,1,2,81,12419.753
pipeline,vector,i32,4096,full,greaterTyped,2,3,81,12456.790
pipeline,vector,i32,4096,full,greaterTyped,1,3,81,12370.370
pipeline,vector,i32,4096,full,greaterTyped,0,3,83,12132.530
pipeline,vector,i32,4096,full,greaterTyped,6,3,82,12268.293
pipeline,vector,i32,4096,full,greaterTyped,2,4,81,12395.062
pipeline,vector,i32,4096,full,greaterTyped,1,4,79,12658.228
pipeline,vector,i32,4096,full,greaterTyped,6,4,81,12370.370
pipeline,vector,i32,4096,full,greaterTyped,0,4,82,12268.293
pipeline,vector,i32,4096,full,greaterTyped,6,5,81,12358.025
pipeline,vector,i32,4096,full,greaterTyped,1,5,81,12419.753
pipeline,vector,i32,4096,full,greaterTyped,0,5,83,12180.723
pipeline,vector,i32,4096,full,greaterTyped,2,5,82,12329.268
pipeline,vector,i32,4096,full,greaterTyped,0,6,82,12243.902
pipeline,vector,i32,4096,full,greaterTyped,6,6,79,12670.886
pipeline,vector,i32,4096,full,greaterTyped,1,6,78,12833.333
pipeline,vector,i32,4096,full,greaterTyped,2,6,79,12734.177
fallback,vector,i32,4096,bits22,lessVoid,5,0,28,35714.286
fallback,vector,i32,4096,bits22,lessVoid,3,0,41,24390.244
fallback,vector,i32,4096,bits22,lessVoid,4,0,33,30787.879
fallback,vector,i32,4096,bits22,lessVoid,5,1,37,27459.459
fallback,vector,i32,4096,bits22,lessVoid,3,1,37,27351.351
fallback,vector,i32,4096,bits22,lessVoid,4,1,37,27459.459
fallback,vector,i32,4096,bits22,lessVoid,4,2,40,25100.000
fallback,vector,i32,4096,bits22,lessVoid,3,2,43,23627.907
fallback,vector,i32,4096,bits22,lessVoid,5,2,38,26894.737
fallback,vector,i32,4096,bits22,lessVoid,4,3,38,26578.947
fallback,vector,i32,4096,bits22,lessVoid,3,3,37,27621.622
fallback,vector,i32,4096,bits22,lessVoid,5,3,40,25000.000
fallback,vector,i32,4096,bits22,lessVoid,5,4,43,23744.186
fallback,vector,i32,4096,bits22,lessVoid,4,4,39,26000.000
fallback,vector,i32,4096,bits22,lessVoid,3,4,39,26051.282
fallback,vector,i32,4096,bits22,lessVoid,4,5,42,23928.571
fallback,vector,i32,4096,bits22,lessVoid,3,5,41,24536.585
fallback,vector,i32,4096,bits22,lessVoid,5,5,39,25923.077
fallback,vector,i32,4096,bits22,lessVoid,4,6,38,26421.053
fallback,vector,i32,4096,bits22,lessVoid,3,6,39,26205.128
fallback,vector,i32,4096,bits22,lessVoid,5,6,40,25025.000
fallback,vector,i32,4096,bits22,lessTyped,4,0,35,28771.429
fallback,vector,i32,4096,bits22,lessTyped,3,0,42,23809.524
fallback,vector,i32,4096,bits22,lessTyped,5,0,35,28600.000
fallback,vector,i32,4096,bits22,lessTyped,3,1,37,27405.405
fallback,vector,i32,4096,bits22,lessTyped,5,1,42,23880.952
fallback,vector,i32,4096,bits22,lessTyped,4,1,38,26631.579
fallback,vector,i32,4096,bits22,lessTyped,4,2,42,24285.714
fallback,vector,i32,4096,bits22,lessTyped,3,2,37,27594.595
fallback,vector,i32,4096,bits22,lessTyped,5,2,38,26421.053
fallback,vector,i32,4096,bits22,lessTyped,5,3,42,23928.571
fallback,vector,i32,4096,bits22,lessTyped,4,3,36,28000.000
fallback,vector,i32,4096,bits22,lessTyped,3,3,38,26815.789
fallback,vector,i32,4096,bits22,lessTyped,3,4,42,23976.190
fallback,vector,i32,4096,bits22,lessTyped,5,4,39,26051.282
fallback,vector,i32,4096,bits22,lessTyped,4,4,38,26394.737
fallback,vector,i32,4096,bits22,lessTyped,4,5,42,24357.143
fallback,vector,i32,4096,bits22,lessTyped,5,5,37,27135.135
fallback,vector,i32,4096,bits22,lessTyped,3,5,39,26051.282
fallback,vector,i32,4096,bits22,lessTyped,5,6,38,26789.474
fallback,vector,i32,4096,bits22,lessTyped,4,6,39,25871.795
fallback,vector,i32,4096,bits22,lessTyped,3,6,38,26342.105
fallback,vector,i32,4096,bits22,greaterTyped,5,0,41,24682.927
fallback,vector,i32,4096,bits22,greaterTyped,3,0,36,28027.778
fallback,vector,i32,4096,bits22,greaterTyped,4,0,35,28914.286
fallback,vector,i32,4096,bits22,greaterTyped,4,1,40,25375.000
fallback,vector,i32,4096,bits22,greaterTyped,5,1,34,29500.000
fallback,vector,i32,4096,bits22,greaterTyped,3,1,37,27594.595
fallback,vector,i32,4096,bits22,greaterTyped,4,2,37,27081.081
fallback,vector,i32,4096,bits22,greaterTyped,5,2,36,27777.778
fallback,vector,i32,4096,bits22,greaterTyped,3,2,38,26473.684
fallback,vector,i32,4096,bits22,greaterTyped,4,3,37,27378.378
fallback,vector,i32,4096,bits22,greaterTyped,5,3,37,27108.108
fallback,vector,i32,4096,bits22,greaterTyped,3,3,37,27108.108
fallback,vector,i32,4096,bits22,greaterTyped,5,4,38,26315.789
fallback,vector,i32,4096,bits22,greaterTyped,3,4,41,24780.488
fallback,vector,i32,4096,bits22,greaterTyped,4,4,38,26605.263
fallback,vector,i32,4096,bits22,greaterTyped,3,5,38,26578.947
fallback,vector,i32,4096,bits22,greaterTyped,5,5,38,26789.474
fallback,vector,i32,4096,bits22,greaterTyped,4,5,37,27081.081
fallback,vector,i32,4096,bits22,greaterTyped,5,6,41,24829.268
fallback,vector,i32,4096,bits22,greaterTyped,4,6,39,25820.513
fallback,vector,i32,4096,bits22,greaterTyped,3,6,38,26631.579
pipeline,vector,i32,4096,bits22,lessVoid,2,0,109,9247.706
pipeline,vector,i32,4096,bits22,lessVoid,1,0,107,9383.178
pipeline,vector,i32,4096,bits22,lessVoid,0,0,107,9392.523
pipeline,vector,i32,4096,bits22,lessVoid,6,0,108,9259.259
pipeline,vector,i32,4096,bits22,lessVoid,2,1,109,9238.532
pipeline,vector,i32,4096,bits22,lessVoid,6,1,108,9314.815
pipeline,vector,i32,4096,bits22,lessVoid,0,1,108,9324.074
pipeline,vector,i32,4096,bits22,lessVoid,1,1,108,9314.815
pipeline,vector,i32,4096,bits22,lessVoid,2,2,108,9324.074
pipeline,vector,i32,4096,bits22,lessVoid,1,2,104,9625.000
pipeline,vector,i32,4096,bits22,lessVoid,0,2,109,9247.706
pipeline,vector,i32,4096,bits22,lessVoid,6,2,108,9305.556
pipeline,vector,i32,4096,bits22,lessVoid,2,3,109,9247.706
pipeline,vector,i32,4096,bits22,lessVoid,0,3,106,9462.264
pipeline,vector,i32,4096,bits22,lessVoid,6,3,107,9383.178
pipeline,vector,i32,4096,bits22,lessVoid,1,3,109,9183.486
pipeline,vector,i32,4096,bits22,lessVoid,6,4,108,9268.519
pipeline,vector,i32,4096,bits22,lessVoid,0,4,107,9392.523
pipeline,vector,i32,4096,bits22,lessVoid,2,4,108,9296.296
pipeline,vector,i32,4096,bits22,lessVoid,1,4,107,9345.794
pipeline,vector,i32,4096,bits22,lessVoid,1,5,109,9174.312
pipeline,vector,i32,4096,bits22,lessVoid,6,5,108,9333.333
pipeline,vector,i32,4096,bits22,lessVoid,2,5,109,9183.486
pipeline,vector,i32,4096,bits22,lessVoid,0,5,108,9287.037
pipeline,vector,i32,4096,bits22,lessVoid,6,6,107,9392.523
pipeline,vector,i32,4096,bits22,lessVoid,0,6,104,9634.615
pipeline,vector,i32,4096,bits22,lessVoid,1,6,107,9373.832
pipeline,vector,i32,4096,bits22,lessVoid,2,6,109,9201.835
pipeline,vector,i32,4096,bits22,greaterTyped,6,0,116,8663.793
pipeline,vector,i32,4096,bits22,greaterTyped,0,0,117,8547.009
pipeline,vector,i32,4096,bits22,greaterTyped,1,0,117,8564.103
pipeline,vector,i32,4096,bits22,greaterTyped,2,0,115,8704.348
pipeline,vector,i32,4096,bits22,greaterTyped,0,1,112,8946.429
pipeline,vector,i32,4096,bits22,greaterTyped,6,1,112,8982.143
pipeline,vector,i32,4096,bits22,greaterTyped,2,1,112,8955.357
pipeline,vector,i32,4096,bits22,greaterTyped,1,1,110,9090.909
pipeline,vector,i32,4096,bits22,greaterTyped,1,2,111,9027.027
pipeline,vector,i32,4096,bits22,greaterTyped,2,2,106,9452.830
pipeline,vector,i32,4096,bits22,greaterTyped,0,2,110,9109.091
pipeline,vector,i32,4096,bits22,greaterTyped,6,2,110,9118.182
pipeline,vector,i32,4096,bits22,greaterTyped,6,3,108,9333.333
pipeline,vector,i32,4096,bits22,greaterTyped,1,3,110,9100.000
pipeline,vector,i32,4096,bits22,greaterTyped,2,3,111,9063.063
pipeline,vector,i32,4096,bits22,greaterTyped,0,3,111,9018.018
pipeline,vector,i32,4096,bits22,greaterTyped,6,4,109,9238.532
pipeline,vector,i32,4096,bits22,greaterTyped,2,4,110,9172.727
pipeline,vector,i32,4096,bits22,greaterTyped,0,4,109,9183.486
pipeline,vector,i32,4096,bits22,greaterTyped,1,4,109,9220.183
pipeline,vector,i32,4096,bits22,greaterTyped,0,5,109,9201.835
pipeline,vector,i32,4096,bits22,greaterTyped,2,5,110,9136.364
pipeline,vector,i32,4096,bits22,greaterTyped,6,5,108,9296.296
pipeline,vector,i32,4096,bits22,greaterTyped,1,5,109,9229.358
pipeline,vector,i32,4096,bits22,greaterTyped,2,6,110,9163.636
pipeline,vector,i32,4096,bits22,greaterTyped,1,6,109,9247.706
pipeline,vector,i32,4096,bits22,greaterTyped,0,6,109,9220.183
pipeline,vector,i32,4096,bits22,greaterTyped,6,6,107,9383.178
fallback,vector,i32,4096,gaps,lessVoid,3,0,41,24536.585
fallback,vector,i32,4096,gaps,lessVoid,4,0,42,24000.000
fallback,vector,i32,4096,gaps,lessVoid,5,0,40,25075.000
fallback,vector,i32,4096,gaps,lessVoid,4,1,42,24047.619
fallback,vector,i32,4096,gaps,lessVoid,5,1,43,23395.349
fallback,vector,i32,4096,gaps,lessVoid,3,1,42,24285.714
fallback,vector,i32,4096,gaps,lessVoid,4,2,43,23697.674
fallback,vector,i32,4096,gaps,lessVoid,3,2,43,23418.605
fallback,vector,i32,4096,gaps,lessVoid,5,2,41,24390.244
fallback,vector,i32,4096,gaps,lessVoid,5,3,43,23418.605
fallback,vector,i32,4096,gaps,lessVoid,3,3,40,25000.000
fallback,vector,i32,4096,gaps,lessVoid,4,3,43,23697.674
fallback,vector,i32,4096,gaps,lessVoid,4,4,44,23227.273
fallback,vector,i32,4096,gaps,lessVoid,5,4,42,23880.952
fallback,vector,i32,4096,gaps,lessVoid,3,4,43,23813.953
fallback,vector,i32,4096,gaps,lessVoid,4,5,42,23952.381
fallback,vector,i32,4096,gaps,lessVoid,5,5,43,23674.419
fallback,vector,i32,4096,gaps,lessVoid,3,5,43,23581.395
fallback,vector,i32,4096,gaps,lessVoid,4,6,42,24214.286
fallback,vector,i32,4096,gaps,lessVoid,3,6,42,23833.333
fallback,vector,i32,4096,gaps,lessVoid,5,6,43,23534.884
fallback,vector,i32,4096,gaps,lessTyped,3,0,43,23651.163
fallback,vector,i32,4096,gaps,lessTyped,4,0,40,25200.000
fallback,vector,i32,4096,gaps,lessTyped,5,0,40,25000.000
fallback,vector,i32,4096,gaps,lessTyped,4,1,41,24853.659
fallback,vector,i32,4096,gaps,lessTyped,5,1,43,23674.419
fallback,vector,i32,4096,gaps,lessTyped,3,1,41,24829.268
fallback,vector,i32,4096,gaps,lessTyped,4,2,42,23928.571
fallback,vector,i32,4096,gaps,lessTyped,5,2,37,27216.216
fallback,vector,i32,4096,gaps,lessTyped,3,2,37,27594.595
fallback,vector,i32,4096,gaps,lessTyped,4,3,38,26921.053
fallback,vector,i32,4096,gaps,lessTyped,5,3,37,27567.568
fallback,vector,i32,4096,gaps,lessTyped,3,3,37,27351.351
fallback,vector,i32,4096,gaps,lessTyped,4,4,41,24878.049
fallback,vector,i32,4096,gaps,lessTyped,5,4,41,24707.317
fallback,vector,i32,4096,gaps,lessTyped,3,4,40,25050.000
fallback,vector,i32,4096,gaps,lessTyped,3,5,43,23534.884
fallback,vector,i32,4096,gaps,lessTyped,4,5,44,23090.909
fallback,vector,i32,4096,gaps,lessTyped,5,5,41,24829.268
fallback,vector,i32,4096,gaps,lessTyped,4,6,39,25743.590
fallback,vector,i32,4096,gaps,lessTyped,3,6,42,23857.143
fallback,vector,i32,4096,gaps,lessTyped,5,6,42,23809.524
fallback,vector,i32,4096,gaps,greaterTyped,5,0,40,25075.000
fallback,vector,i32,4096,gaps,greaterTyped,4,0,42,23880.952
fallback,vector,i32,4096,gaps,greaterTyped,3,0,40,25000.000
fallback,vector,i32,4096,gaps,greaterTyped,3,1,44,23090.909
fallback,vector,i32,4096,gaps,greaterTyped,5,1,42,24000.000
fallback,vector,i32,4096,gaps,greaterTyped,4,1,42,23880.952
fallback,vector,i32,4096,gaps,greaterTyped,5,2,43,23651.163
fallback,vector,i32,4096,gaps,greaterTyped,4,2,43,23720.930
fallback,vector,i32,4096,gaps,greaterTyped,3,2,42,24095.238
fallback,vector,i32,4096,gaps,greaterTyped,3,3,43,23558.140
fallback,vector,i32,4096,gaps,greaterTyped,4,3,40,25250.000
fallback,vector,i32,4096,gaps,greaterTyped,5,3,42,23809.524
fallback,vector,i32,4096,gaps,greaterTyped,4,4,43,23720.930
fallback,vector,i32,4096,gaps,greaterTyped,5,4,43,23651.163
fallback,vector,i32,4096,gaps,greaterTyped,3,4,42,23904.762
fallback,vector,i32,4096,gaps,greaterTyped,4,5,42,23857.143
fallback,vector,i32,4096,gaps,greaterTyped,5,5,43,23767.442
fallback,vector,i32,4096,gaps,greaterTyped,3,5,43,23720.930
fallback,vector,i32,4096,gaps,greaterTyped,5,6,41,24560.976
fallback,vector,i32,4096,gaps,greaterTyped,4,6,43,23651.163
fallback,vector,i32,4096,gaps,greaterTyped,3,6,43,23534.884
pipeline,vector,i32,4096,gaps,lessVoid,1,0,56,17857.143
pipeline,vector,i32,4096,gaps,lessVoid,2,0,55,18418.182
pipeline,vector,i32,4096,gaps,lessVoid,0,0,57,17631.579
pipeline,vector,i32,4096,gaps,lessVoid,6,0,58,17293.103
pipeline,vector,i32,4096,gaps,lessVoid,1,1,57,17578.947
pipeline,vector,i32,4096,gaps,lessVoid,6,1,57,17614.035
pipeline,vector,i32,4096,gaps,lessVoid,2,1,57,17894.737
pipeline,vector,i32,4096,gaps,lessVoid,0,1,56,17892.857
pipeline,vector,i32,4096,gaps,lessVoid,6,2,58,17413.793
pipeline,vector,i32,4096,gaps,lessVoid,1,2,52,19365.385
pipeline,vector,i32,4096,gaps,lessVoid,0,2,57,17614.035
pipeline,vector,i32,4096,gaps,lessVoid,2,2,59,17203.390
pipeline,vector,i32,4096,gaps,lessVoid,0,3,59,17220.339
pipeline,vector,i32,4096,gaps,lessVoid,1,3,58,17327.586
pipeline,vector,i32,4096,gaps,lessVoid,2,3,58,17327.586
pipeline,vector,i32,4096,gaps,lessVoid,6,3,58,17500.000
pipeline,vector,i32,4096,gaps,lessVoid,0,4,59,17220.339
pipeline,vector,i32,4096,gaps,lessVoid,6,4,57,17824.561
pipeline,vector,i32,4096,gaps,lessVoid,1,4,57,17684.211
pipeline,vector,i32,4096,gaps,lessVoid,2,4,58,17482.759
pipeline,vector,i32,4096,gaps,lessVoid,1,5,59,17152.542
pipeline,vector,i32,4096,gaps,lessVoid,6,5,59,17135.593
pipeline,vector,i32,4096,gaps,lessVoid,0,5,58,17327.586
pipeline,vector,i32,4096,gaps,lessVoid,2,5,58,17362.069
pipeline,vector,i32,4096,gaps,lessVoid,6,6,59,16966.102
pipeline,vector,i32,4096,gaps,lessVoid,0,6,56,17875.000
pipeline,vector,i32,4096,gaps,lessVoid,2,6,57,17578.947
pipeline,vector,i32,4096,gaps,lessVoid,1,6,59,17220.339
pipeline,vector,i32,4096,gaps,greaterTyped,2,0,59,17220.339
pipeline,vector,i32,4096,gaps,greaterTyped,1,0,55,18345.455
pipeline,vector,i32,4096,gaps,greaterTyped,0,0,58,17310.345
pipeline,vector,i32,4096,gaps,greaterTyped,6,0,59,17186.441
pipeline,vector,i32,4096,gaps,greaterTyped,1,1,58,17396.552
pipeline,vector,i32,4096,gaps,greaterTyped,0,1,59,17016.949
pipeline,vector,i32,4096,gaps,greaterTyped,6,1,58,17362.069
pipeline,vector,i32,4096,gaps,greaterTyped,2,1,57,17666.667
pipeline,vector,i32,4096,gaps,greaterTyped,0,2,58,17431.034
pipeline,vector,i32,4096,gaps,greaterTyped,1,2,56,17964.286
pipeline,vector,i32,4096,gaps,greaterTyped,6,2,57,17719.298
pipeline,vector,i32,4096,gaps,greaterTyped,2,2,59,17186.441
pipeline,vector,i32,4096,gaps,greaterTyped,0,3,59,17152.542
pipeline,vector,i32,4096,gaps,greaterTyped,2,3,58,17241.379
pipeline,vector,i32,4096,gaps,greaterTyped,6,3,58,17482.759
pipeline,vector,i32,4096,gaps,greaterTyped,1,3,58,17293.103
pipeline,vector,i32,4096,gaps,greaterTyped,0,4,59,17203.390
pipeline,vector,i32,4096,gaps,greaterTyped,6,4,57,17824.561
pipeline,vector,i32,4096,gaps,greaterTyped,2,4,59,17118.644
pipeline,vector,i32,4096,gaps,greaterTyped,1,4,58,17551.724
pipeline,vector,i32,4096,gaps,greaterTyped,1,5,57,17701.754
pipeline,vector,i32,4096,gaps,greaterTyped,0,5,58,17448.276
pipeline,vector,i32,4096,gaps,greaterTyped,6,5,57,17614.035
pipeline,vector,i32,4096,gaps,greaterTyped,2,5,59,17220.339
pipeline,vector,i32,4096,gaps,greaterTyped,1,6,58,17310.345
pipeline,vector,i32,4096,gaps,greaterTyped,0,6,56,17964.286
pipeline,vector,i32,4096,gaps,greaterTyped,2,6,58,17258.621
pipeline,vector,i32,4096,gaps,greaterTyped,6,6,58,17413.793
fallback,vector,i32,4096,ordered,lessVoid,5,0,57,17807.018
fallback,vector,i32,4096,ordered,lessVoid,4,0,55,18545.455
fallback,vector,i32,4096,ordered,lessVoid,3,0,53,19094.340
fallback,vector,i32,4096,ordered,lessVoid,5,1,56,17964.286
fallback,vector,i32,4096,ordered,lessVoid,4,1,55,18327.273
fallback,vector,i32,4096,ordered,lessVoid,3,1,56,17910.714
fallback,vector,i32,4096,ordered,lessVoid,4,2,55,18218.182
fallback,vector,i32,4096,ordered,lessVoid,3,2,56,17892.857
fallback,vector,i32,4096,ordered,lessVoid,5,2,56,17982.143
fallback,vector,i32,4096,ordered,lessVoid,3,3,55,18290.909
fallback,vector,i32,4096,ordered,lessVoid,5,3,55,18418.182
fallback,vector,i32,4096,ordered,lessVoid,4,3,55,18218.182
fallback,vector,i32,4096,ordered,lessVoid,5,4,57,17789.474
fallback,vector,i32,4096,ordered,lessVoid,3,4,55,18218.182
fallback,vector,i32,4096,ordered,lessVoid,4,4,55,18327.273
fallback,vector,i32,4096,ordered,lessVoid,4,5,54,18759.259
fallback,vector,i32,4096,ordered,lessVoid,3,5,57,17859.649
fallback,vector,i32,4096,ordered,lessVoid,5,5,53,18924.528
fallback,vector,i32,4096,ordered,lessVoid,3,6,55,18418.182
fallback,vector,i32,4096,ordered,lessVoid,5,6,56,17964.286
fallback,vector,i32,4096,ordered,lessVoid,4,6,56,18160.714
fallback,vector,i32,4096,ordered,lessTyped,4,0,55,18254.545
fallback,vector,i32,4096,ordered,lessTyped,5,0,57,17789.474
fallback,vector,i32,4096,ordered,lessTyped,3,0,53,18981.132
fallback,vector,i32,4096,ordered,lessTyped,3,1,56,17857.143
fallback,vector,i32,4096,ordered,lessTyped,4,1,56,18035.714
fallback,vector,i32,4096,ordered,lessTyped,5,1,57,17824.561
fallback,vector,i32,4096,ordered,lessTyped,5,2,56,17946.429
fallback,vector,i32,4096,ordered,lessTyped,3,2,56,17928.571
fallback,vector,i32,4096,ordered,lessTyped,4,2,56,18071.429
fallback,vector,i32,4096,ordered,lessTyped,5,3,57,17824.561
fallback,vector,i32,4096,ordered,lessTyped,4,3,54,18592.593
fallback,vector,i32,4096,ordered,lessTyped,3,3,53,18905.660
fallback,vector,i32,4096,ordered,lessTyped,4,4,56,18053.571
fallback,vector,i32,4096,ordered,lessTyped,3,4,55,18181.818
fallback,vector,i32,4096,ordered,lessTyped,5,4,57,17824.561
fallback,vector,i32,4096,ordered,lessTyped,5,5,57,17842.105
fallback,vector,i32,4096,ordered,lessTyped,3,5,56,17964.286
fallback,vector,i32,4096,ordered,lessTyped,4,5,56,18071.429
fallback,vector,i32,4096,ordered,lessTyped,3,6,55,18418.182
fallback,vector,i32,4096,ordered,lessTyped,5,6,55,18181.818
fallback,vector,i32,4096,ordered,lessTyped,4,6,56,18071.429
fallback,vector,i32,4096,ordered,greaterTyped,4,0,72,14000.000
fallback,vector,i32,4096,ordered,greaterTyped,5,0,75,13440.000
fallback,vector,i32,4096,ordered,greaterTyped,3,0,73,13767.123
fallback,vector,i32,4096,ordered,greaterTyped,3,1,73,13698.630
fallback,vector,i32,4096,ordered,greaterTyped,4,1,73,13794.521
fallback,vector,i32,4096,ordered,greaterTyped,5,1,75,13506.667
fallback,vector,i32,4096,ordered,greaterTyped,5,2,74,13554.054
fallback,vector,i32,4096,ordered,greaterTyped,4,2,73,13753.425
fallback,vector,i32,4096,ordered,greaterTyped,3,2,74,13594.595
fallback,vector,i32,4096,ordered,greaterTyped,3,3,74,13581.081
fallback,vector,i32,4096,ordered,greaterTyped,5,3,74,13527.027
fallback,vector,i32,4096,ordered,greaterTyped,4,3,74,13527.027
fallback,vector,i32,4096,ordered,greaterTyped,5,4,73,13849.315
fallback,vector,i32,4096,ordered,greaterTyped,4,4,74,13635.135
fallback,vector,i32,4096,ordered,greaterTyped,3,4,73,13835.616
fallback,vector,i32,4096,ordered,greaterTyped,5,5,75,13426.667
fallback,vector,i32,4096,ordered,greaterTyped,4,5,71,14197.183
fallback,vector,i32,4096,ordered,greaterTyped,3,5,69,14550.725
fallback,vector,i32,4096,ordered,greaterTyped,5,6,74,13594.595
fallback,vector,i32,4096,ordered,greaterTyped,4,6,69,14550.725
fallback,vector,i32,4096,ordered,greaterTyped,3,6,75,13373.333
fallback,vector,i32,4096,reverse,lessVoid,3,0,72,13888.889
fallback,vector,i32,4096,reverse,lessVoid,4,0,75,13506.667
fallback,vector,i32,4096,reverse,lessVoid,5,0,72,13930.556
fallback,vector,i32,4096,reverse,lessVoid,4,1,73,13726.027
fallback,vector,i32,4096,reverse,lessVoid,5,1,74,13513.514
fallback,vector,i32,4096,reverse,lessVoid,3,1,75,13400.000
fallback,vector,i32,4096,reverse,lessVoid,5,2,75,13453.333
fallback,vector,i32,4096,reverse,lessVoid,4,2,76,13302.632
fallback,vector,i32,4096,reverse,lessVoid,3,2,75,13386.667
fallback,vector,i32,4096,reverse,lessVoid,4,3,75,13466.667
fallback,vector,i32,4096,reverse,lessVoid,5,3,75,13426.667
fallback,vector,i32,4096,reverse,lessVoid,3,3,73,13849.315
fallback,vector,i32,4096,reverse,lessVoid,4,4,73,13726.027
fallback,vector,i32,4096,reverse,lessVoid,5,4,75,13400.000
fallback,vector,i32,4096,reverse,lessVoid,3,4,74,13594.595
fallback,vector,i32,4096,reverse,lessVoid,4,5,76,13302.632
fallback,vector,i32,4096,reverse,lessVoid,5,5,75,13346.667
fallback,vector,i32,4096,reverse,lessVoid,3,5,76,13157.895
fallback,vector,i32,4096,reverse,lessVoid,3,6,75,13386.667
fallback,vector,i32,4096,reverse,lessVoid,5,6,72,13944.444
fallback,vector,i32,4096,reverse,lessVoid,4,6,76,13289.474
fallback,vector,i32,4096,reverse,lessTyped,3,0,75,13440.000
fallback,vector,i32,4096,reverse,lessTyped,4,0,75,13413.333
fallback,vector,i32,4096,reverse,lessTyped,5,0,75,13400.000
fallback,vector,i32,4096,reverse,lessTyped,5,1,70,14328.571
fallback,vector,i32,4096,reverse,lessTyped,4,1,74,13513.514
fallback,vector,i32,4096,reverse,lessTyped,3,1,75,13373.333
fallback,vector,i32,4096,reverse,lessTyped,3,2,75,13426.667
fallback,vector,i32,4096,reverse,lessTyped,4,2,75,13426.667
fallback,vector,i32,4096,reverse,lessTyped,5,2,75,13440.000
fallback,vector,i32,4096,reverse,lessTyped,5,3,75,13440.000
fallback,vector,i32,4096,reverse,lessTyped,4,3,75,13400.000
fallback,vector,i32,4096,reverse,lessTyped,3,3,73,13726.027
fallback,vector,i32,4096,reverse,lessTyped,3,4,72,13916.667
fallback,vector,i32,4096,reverse,lessTyped,5,4,75,13373.333
fallback,vector,i32,4096,reverse,lessTyped,4,4,73,13753.425
fallback,vector,i32,4096,reverse,lessTyped,4,5,75,13466.667
fallback,vector,i32,4096,reverse,lessTyped,5,5,75,13453.333
fallback,vector,i32,4096,reverse,lessTyped,3,5,73,13808.219
fallback,vector,i32,4096,reverse,lessTyped,5,6,74,13675.676
fallback,vector,i32,4096,reverse,lessTyped,3,6,73,13753.425
fallback,vector,i32,4096,reverse,lessTyped,4,6,73,13849.315
fallback,vector,i32,4096,reverse,greaterTyped,5,0,57,17842.105
fallback,vector,i32,4096,reverse,greaterTyped,4,0,56,18107.143
fallback,vector,i32,4096,reverse,greaterTyped,3,0,56,18000.000
fallback,vector,i32,4096,reverse,greaterTyped,5,1,55,18327.273
fallback,vector,i32,4096,reverse,greaterTyped,4,1,56,18035.714
fallback,vector,i32,4096,reverse,greaterTyped,3,1,56,17946.429
fallback,vector,i32,4096,reverse,greaterTyped,4,2,56,18142.857
fallback,vector,i32,4096,reverse,greaterTyped,5,2,56,17946.429
fallback,vector,i32,4096,reverse,greaterTyped,3,2,56,17910.714
fallback,vector,i32,4096,reverse,greaterTyped,4,3,56,18071.429
fallback,vector,i32,4096,reverse,greaterTyped,3,3,56,17875.000
fallback,vector,i32,4096,reverse,greaterTyped,5,3,53,19056.604
fallback,vector,i32,4096,reverse,greaterTyped,3,4,56,18107.143
fallback,vector,i32,4096,reverse,greaterTyped,4,4,56,18017.857
fallback,vector,i32,4096,reverse,greaterTyped,5,4,57,17807.018
fallback,vector,i32,4096,reverse,greaterTyped,5,5,57,17807.018
fallback,vector,i32,4096,reverse,greaterTyped,3,5,56,17964.286
fallback,vector,i32,4096,reverse,greaterTyped,4,5,56,18071.429
fallback,vector,i32,4096,reverse,greaterTyped,4,6,56,18089.286
fallback,vector,i32,4096,reverse,greaterTyped,3,6,54,18537.037
fallback,vector,i32,4096,reverse,greaterTyped,5,6,57,17842.105
fallback,vector,i32,4096,nearly,lessVoid,5,0,50,20060.000
fallback,vector,i32,4096,nearly,lessVoid,3,0,54,18703.704
fallback,vector,i32,4096,nearly,lessVoid,4,0,51,19882.353
fallback,vector,i32,4096,nearly,lessVoid,3,1,53,19150.943
fallback,vector,i32,4096,nearly,lessVoid,4,1,50,20000.000
fallback,vector,i32,4096,nearly,lessVoid,5,1,52,19384.615
fallback,vector,i32,4096,nearly,lessVoid,5,2,52,19384.615
fallback,vector,i32,4096,nearly,lessVoid,3,2,54,18666.667
fallback,vector,i32,4096,nearly,lessVoid,4,2,50,20120.000
fallback,vector,i32,4096,nearly,lessVoid,3,3,54,18759.259
fallback,vector,i32,4096,nearly,lessVoid,4,3,51,19980.392
fallback,vector,i32,4096,nearly,lessVoid,5,3,50,20360.000
fallback,vector,i32,4096,nearly,lessVoid,4,4,51,19803.922
fallback,vector,i32,4096,nearly,lessVoid,3,4,54,18703.704
fallback,vector,i32,4096,nearly,lessVoid,5,4,51,19843.137
fallback,vector,i32,4096,nearly,lessVoid,3,5,54,18777.778
fallback,vector,i32,4096,nearly,lessVoid,4,5,50,20020.000
fallback,vector,i32,4096,nearly,lessVoid,5,5,52,19576.923
fallback,vector,i32,4096,nearly,lessVoid,5,6,52,19519.231
fallback,vector,i32,4096,nearly,lessVoid,4,6,46,21739.130
fallback,vector,i32,4096,nearly,lessVoid,3,6,54,18685.185
fallback,vector,i32,4096,nearly,lessTyped,3,0,54,18814.815
fallback,vector,i32,4096,nearly,lessTyped,5,0,54,18740.741
fallback,vector,i32,4096,nearly,lessTyped,4,0,51,19803.922
fallback,vector,i32,4096,nearly,lessTyped,4,1,48,20833.333
fallback,vector,i32,4096,nearly,lessTyped,5,1,54,18703.704
fallback,vector,i32,4096,nearly,lessTyped,3,1,54,18870.370
fallback,vector,i32,4096,nearly,lessTyped,3,2,53,19056.604
fallback,vector,i32,4096,nearly,lessTyped,4,2,51,19725.490
fallback,vector,i32,4096,nearly,lessTyped,5,2,53,18867.925
fallback,vector,i32,4096,nearly,lessTyped,5,3,53,19132.075
fallback,vector,i32,4096,nearly,lessTyped,4,3,49,20448.980
fallback,vector,i32,4096,nearly,lessTyped,3,3,53,19094.340
fallback,vector,i32,4096,nearly,lessTyped,4,4,50,20340.000
fallback,vector,i32,4096,nearly,lessTyped,3,4,53,18905.660
fallback,vector,i32,4096,nearly,lessTyped,5,4,53,19018.868
fallback,vector,i32,4096,nearly,lessTyped,5,5,54,18759.259
fallback,vector,i32,4096,nearly,lessTyped,4,5,50,20140.000
fallback,vector,i32,4096,nearly,lessTyped,3,5,54,18666.667
fallback,vector,i32,4096,nearly,lessTyped,3,6,54,18666.667
fallback,vector,i32,4096,nearly,lessTyped,4,6,50,20240.000
fallback,vector,i32,4096,nearly,lessTyped,5,6,54,18703.704
fallback,vector,i32,4096,nearly,greaterTyped,3,0,52,19576.923
fallback,vector,i32,4096,nearly,greaterTyped,5,0,52,19365.385
fallback,vector,i32,4096,nearly,greaterTyped,4,0,50,20080.000
fallback,vector,i32,4096,nearly,greaterTyped,3,1,48,21104.167
fallback,vector,i32,4096,nearly,greaterTyped,4,1,50,20080.000
fallback,vector,i32,4096,nearly,greaterTyped,5,1,51,19705.882
fallback,vector,i32,4096,nearly,greaterTyped,4,2,50,20020.000
fallback,vector,i32,4096,nearly,greaterTyped,5,2,51,19666.667
fallback,vector,i32,4096,nearly,greaterTyped,3,2,52,19576.923
fallback,vector,i32,4096,nearly,greaterTyped,5,3,51,19764.706
fallback,vector,i32,4096,nearly,greaterTyped,4,3,49,20510.204
fallback,vector,i32,4096,nearly,greaterTyped,3,3,50,20320.000
fallback,vector,i32,4096,nearly,greaterTyped,5,4,51,19764.706
fallback,vector,i32,4096,nearly,greaterTyped,4,4,50,20060.000
fallback,vector,i32,4096,nearly,greaterTyped,3,4,51,19705.882
fallback,vector,i32,4096,nearly,greaterTyped,4,5,51,19941.176
fallback,vector,i32,4096,nearly,greaterTyped,5,5,50,20340.000
fallback,vector,i32,4096,nearly,greaterTyped,3,5,51,19784.314
fallback,vector,i32,4096,nearly,greaterTyped,3,6,50,20320.000
fallback,vector,i32,4096,nearly,greaterTyped,5,6,48,21208.333
fallback,vector,i32,4096,nearly,greaterTyped,4,6,49,20571.429
fallback,vector,i32,1000000,full,lessVoid,3,0,1,38939000.000
fallback,vector,i32,1000000,full,lessVoid,4,0,1,38692000.000
fallback,vector,i32,1000000,full,lessVoid,5,0,1,38904000.000
fallback,vector,i32,1000000,full,lessVoid,5,1,1,39441000.000
fallback,vector,i32,1000000,full,lessVoid,4,1,1,39413000.000
fallback,vector,i32,1000000,full,lessVoid,3,1,1,39129000.000
fallback,vector,i32,1000000,full,lessVoid,5,2,1,38897000.000
fallback,vector,i32,1000000,full,lessVoid,4,2,1,39201000.000
fallback,vector,i32,1000000,full,lessVoid,3,2,1,38966000.000
fallback,vector,i32,1000000,full,lessVoid,3,3,1,38989000.000
fallback,vector,i32,1000000,full,lessVoid,4,3,1,38858000.000
fallback,vector,i32,1000000,full,lessVoid,5,3,1,38838000.000
fallback,vector,i32,1000000,full,lessVoid,4,4,1,38868000.000
fallback,vector,i32,1000000,full,lessVoid,5,4,1,38672000.000
fallback,vector,i32,1000000,full,lessVoid,3,4,1,38888000.000
fallback,vector,i32,1000000,full,lessVoid,3,5,1,38807000.000
fallback,vector,i32,1000000,full,lessVoid,4,5,1,38914000.000
fallback,vector,i32,1000000,full,lessVoid,5,5,1,38890000.000
fallback,vector,i32,1000000,full,lessVoid,3,6,1,38713000.000
fallback,vector,i32,1000000,full,lessVoid,5,6,1,38758000.000
fallback,vector,i32,1000000,full,lessVoid,4,6,1,38823000.000
fallback,vector,i32,1000000,full,lessTyped,5,0,1,39170000.000
fallback,vector,i32,1000000,full,lessTyped,4,0,1,39003000.000
fallback,vector,i32,1000000,full,lessTyped,3,0,1,39194000.000
fallback,vector,i32,1000000,full,lessTyped,3,1,1,39071000.000
fallback,vector,i32,1000000,full,lessTyped,5,1,1,39504000.000
fallback,vector,i32,1000000,full,lessTyped,4,1,1,39324000.000
fallback,vector,i32,1000000,full,lessTyped,3,2,1,39199000.000
fallback,vector,i32,1000000,full,lessTyped,5,2,1,39089000.000
fallback,vector,i32,1000000,full,lessTyped,4,2,1,39041000.000
fallback,vector,i32,1000000,full,lessTyped,3,3,1,39206000.000
fallback,vector,i32,1000000,full,lessTyped,5,3,1,39019000.000
fallback,vector,i32,1000000,full,lessTyped,4,3,1,39110000.000
fallback,vector,i32,1000000,full,lessTyped,3,4,1,38927000.000
fallback,vector,i32,1000000,full,lessTyped,4,4,1,38962000.000
fallback,vector,i32,1000000,full,lessTyped,5,4,1,38963000.000
fallback,vector,i32,1000000,full,lessTyped,5,5,1,39078000.000
fallback,vector,i32,1000000,full,lessTyped,3,5,1,39333000.000
fallback,vector,i32,1000000,full,lessTyped,4,5,1,39269000.000
fallback,vector,i32,1000000,full,lessTyped,3,6,1,39199000.000
fallback,vector,i32,1000000,full,lessTyped,4,6,1,39113000.000
fallback,vector,i32,1000000,full,lessTyped,5,6,1,38996000.000
fallback,vector,i32,1000000,full,greaterTyped,3,0,1,38984000.000
fallback,vector,i32,1000000,full,greaterTyped,5,0,1,39297000.000
fallback,vector,i32,1000000,full,greaterTyped,4,0,1,39012000.000
fallback,vector,i32,1000000,full,greaterTyped,4,1,1,39193000.000
fallback,vector,i32,1000000,full,greaterTyped,3,1,1,39170000.000
fallback,vector,i32,1000000,full,greaterTyped,5,1,1,38968000.000
fallback,vector,i32,1000000,full,greaterTyped,3,2,1,38928000.000
fallback,vector,i32,1000000,full,greaterTyped,4,2,1,38820000.000
fallback,vector,i32,1000000,full,greaterTyped,5,2,1,39157000.000
fallback,vector,i32,1000000,full,greaterTyped,5,3,1,39148000.000
fallback,vector,i32,1000000,full,greaterTyped,4,3,1,38988000.000
fallback,vector,i32,1000000,full,greaterTyped,3,3,1,39101000.000
fallback,vector,i32,1000000,full,greaterTyped,5,4,1,39117000.000
fallback,vector,i32,1000000,full,greaterTyped,3,4,1,38974000.000
fallback,vector,i32,1000000,full,greaterTyped,4,4,1,38889000.000
fallback,vector,i32,1000000,full,greaterTyped,5,5,1,38905000.000
fallback,vector,i32,1000000,full,greaterTyped,3,5,1,39066000.000
fallback,vector,i32,1000000,full,greaterTyped,4,5,1,39202000.000
fallback,vector,i32,1000000,full,greaterTyped,5,6,1,38909000.000
fallback,vector,i32,1000000,full,greaterTyped,3,6,1,39051000.000
fallback,vector,i32,1000000,full,greaterTyped,4,6,1,38893000.000
pipeline,vector,i32,1000000,full,lessVoid,1,0,1,3674000.000
pipeline,vector,i32,1000000,full,lessVoid,6,0,1,3843000.000
pipeline,vector,i32,1000000,full,lessVoid,0,0,1,3671000.000
pipeline,vector,i32,1000000,full,lessVoid,2,0,1,3837000.000
pipeline,vector,i32,1000000,full,lessVoid,6,1,1,3747000.000
pipeline,vector,i32,1000000,full,lessVoid,1,1,1,3748000.000
pipeline,vector,i32,1000000,full,lessVoid,0,1,1,3733000.000
pipeline,vector,i32,1000000,full,lessVoid,2,1,1,3669000.000
pipeline,vector,i32,1000000,full,lessVoid,2,2,1,3650000.000
pipeline,vector,i32,1000000,full,lessVoid,1,2,1,3806000.000
pipeline,vector,i32,1000000,full,lessVoid,6,2,1,3789000.000
pipeline,vector,i32,1000000,full,lessVoid,0,2,1,3687000.000
pipeline,vector,i32,1000000,full,lessVoid,2,3,1,3741000.000
pipeline,vector,i32,1000000,full,lessVoid,6,3,1,3824000.000
pipeline,vector,i32,1000000,full,lessVoid,0,3,1,3700000.000
pipeline,vector,i32,1000000,full,lessVoid,1,3,1,3839000.000
pipeline,vector,i32,1000000,full,lessVoid,0,4,1,3700000.000
pipeline,vector,i32,1000000,full,lessVoid,2,4,1,3708000.000
pipeline,vector,i32,1000000,full,lessVoid,1,4,1,3871000.000
pipeline,vector,i32,1000000,full,lessVoid,6,4,1,3740000.000
pipeline,vector,i32,1000000,full,lessVoid,0,5,1,3640000.000
pipeline,vector,i32,1000000,full,lessVoid,2,5,1,3787000.000
pipeline,vector,i32,1000000,full,lessVoid,6,5,1,3681000.000
pipeline,vector,i32,1000000,full,lessVoid,1,5,1,3755000.000
pipeline,vector,i32,1000000,full,lessVoid,1,6,1,3716000.000
pipeline,vector,i32,1000000,full,lessVoid,6,6,1,3663000.000
pipeline,vector,i32,1000000,full,lessVoid,2,6,1,3844000.000
pipeline,vector,i32,1000000,full,lessVoid,0,6,1,3678000.000
pipeline,vector,i32,1000000,full,greaterTyped,0,0,1,3640000.000
pipeline,vector,i32,1000000,full,greaterTyped,6,0,1,3854000.000
pipeline,vector,i32,1000000,full,greaterTyped,1,0,1,3732000.000
pipeline,vector,i32,1000000,full,greaterTyped,2,0,1,3815000.000
pipeline,vector,i32,1000000,full,greaterTyped,0,1,1,3722000.000
pipeline,vector,i32,1000000,full,greaterTyped,1,1,1,3750000.000
pipeline,vector,i32,1000000,full,greaterTyped,2,1,1,3752000.000
pipeline,vector,i32,1000000,full,greaterTyped,6,1,1,3801000.000
pipeline,vector,i32,1000000,full,greaterTyped,6,2,1,3720000.000
pipeline,vector,i32,1000000,full,greaterTyped,0,2,1,3744000.000
pipeline,vector,i32,1000000,full,greaterTyped,2,2,1,3803000.000
pipeline,vector,i32,1000000,full,greaterTyped,1,2,1,3778000.000
pipeline,vector,i32,1000000,full,greaterTyped,6,3,1,3811000.000
pipeline,vector,i32,1000000,full,greaterTyped,0,3,1,3777000.000
pipeline,vector,i32,1000000,full,greaterTyped,1,3,1,3831000.000
pipeline,vector,i32,1000000,full,greaterTyped,2,3,1,3866000.000
pipeline,vector,i32,1000000,full,greaterTyped,0,4,1,3749000.000
pipeline,vector,i32,1000000,full,greaterTyped,6,4,1,3813000.000
pipeline,vector,i32,1000000,full,greaterTyped,1,4,1,3764000.000
pipeline,vector,i32,1000000,full,greaterTyped,2,4,1,3819000.000
pipeline,vector,i32,1000000,full,greaterTyped,0,5,1,3707000.000
pipeline,vector,i32,1000000,full,greaterTyped,1,5,1,3747000.000
pipeline,vector,i32,1000000,full,greaterTyped,6,5,1,3796000.000
pipeline,vector,i32,1000000,full,greaterTyped,2,5,1,3833000.000
pipeline,vector,i32,1000000,full,greaterTyped,2,6,1,3788000.000
pipeline,vector,i32,1000000,full,greaterTyped,6,6,1,3807000.000
pipeline,vector,i32,1000000,full,greaterTyped,0,6,1,3714000.000
pipeline,vector,i32,1000000,full,greaterTyped,1,6,1,3850000.000
fallback,vector,i32,1000000,bits22,lessVoid,3,0,1,40463000.000
fallback,vector,i32,1000000,bits22,lessVoid,5,0,1,39902000.000
fallback,vector,i32,1000000,bits22,lessVoid,4,0,1,39952000.000
fallback,vector,i32,1000000,bits22,lessVoid,3,1,1,40159000.000
fallback,vector,i32,1000000,bits22,lessVoid,4,1,1,39834000.000
fallback,vector,i32,1000000,bits22,lessVoid,5,1,1,39851000.000
fallback,vector,i32,1000000,bits22,lessVoid,5,2,1,39961000.000
fallback,vector,i32,1000000,bits22,lessVoid,3,2,1,40208000.000
fallback,vector,i32,1000000,bits22,lessVoid,4,2,1,40060000.000
fallback,vector,i32,1000000,bits22,lessVoid,5,3,1,40111000.000
fallback,vector,i32,1000000,bits22,lessVoid,3,3,1,40323000.000
fallback,vector,i32,1000000,bits22,lessVoid,4,3,1,40088000.000
fallback,vector,i32,1000000,bits22,lessVoid,5,4,1,39874000.000
fallback,vector,i32,1000000,bits22,lessVoid,4,4,1,40272000.000
fallback,vector,i32,1000000,bits22,lessVoid,3,4,1,39919000.000
fallback,vector,i32,1000000,bits22,lessVoid,5,5,1,39969000.000
fallback,vector,i32,1000000,bits22,lessVoid,4,5,1,40104000.000
fallback,vector,i32,1000000,bits22,lessVoid,3,5,1,40164000.000
fallback,vector,i32,1000000,bits22,lessVoid,4,6,1,40238000.000
fallback,vector,i32,1000000,bits22,lessVoid,5,6,1,40032000.000
fallback,vector,i32,1000000,bits22,lessVoid,3,6,1,39971000.000
fallback,vector,i32,1000000,bits22,lessTyped,4,0,1,40594000.000
fallback,vector,i32,1000000,bits22,lessTyped,5,0,1,40073000.000
fallback,vector,i32,1000000,bits22,lessTyped,3,0,1,40091000.000
fallback,vector,i32,1000000,bits22,lessTyped,4,1,1,40106000.000
fallback,vector,i32,1000000,bits22,lessTyped,5,1,1,40109000.000
fallback,vector,i32,1000000,bits22,lessTyped,3,1,1,39817000.000
fallback,vector,i32,1000000,bits22,lessTyped,3,2,1,39798000.000
fallback,vector,i32,1000000,bits22,lessTyped,5,2,1,39934000.000
fallback,vector,i32,1000000,bits22,lessTyped,4,2,1,40009000.000
fallback,vector,i32,1000000,bits22,lessTyped,3,3,1,39973000.000
fallback,vector,i32,1000000,bits22,lessTyped,5,3,1,40004000.000
fallback,vector,i32,1000000,bits22,lessTyped,4,3,1,40114000.000
fallback,vector,i32,1000000,bits22,lessTyped,5,4,1,40082000.000
fallback,vector,i32,1000000,bits22,lessTyped,4,4,1,40660000.000
fallback,vector,i32,1000000,bits22,lessTyped,3,4,1,40130000.000
fallback,vector,i32,1000000,bits22,lessTyped,5,5,1,40262000.000
fallback,vector,i32,1000000,bits22,lessTyped,3,5,1,40080000.000
fallback,vector,i32,1000000,bits22,lessTyped,4,5,1,40230000.000
fallback,vector,i32,1000000,bits22,lessTyped,5,6,1,40243000.000
fallback,vector,i32,1000000,bits22,lessTyped,3,6,1,40262000.000
fallback,vector,i32,1000000,bits22,lessTyped,4,6,1,40334000.000
fallback,vector,i32,1000000,bits22,greaterTyped,5,0,1,40963000.000
fallback,vector,i32,1000000,bits22,greaterTyped,4,0,1,40895000.000
fallback,vector,i32,1000000,bits22,greaterTyped,3,0,1,40776000.000
fallback,vector,i32,1000000,bits22,greaterTyped,4,1,1,40777000.000
fallback,vector,i32,1000000,bits22,greaterTyped,3,1,1,40923000.000
fallback,vector,i32,1000000,bits22,greaterTyped,5,1,1,40737000.000
fallback,vector,i32,1000000,bits22,greaterTyped,5,2,1,40751000.000
fallback,vector,i32,1000000,bits22,greaterTyped,3,2,1,40813000.000
fallback,vector,i32,1000000,bits22,greaterTyped,4,2,1,40646000.000
fallback,vector,i32,1000000,bits22,greaterTyped,4,3,1,40914000.000
fallback,vector,i32,1000000,bits22,greaterTyped,3,3,1,40601000.000
fallback,vector,i32,1000000,bits22,greaterTyped,5,3,1,40493000.000
fallback,vector,i32,1000000,bits22,greaterTyped,5,4,1,40593000.000
fallback,vector,i32,1000000,bits22,greaterTyped,4,4,1,40938000.000
fallback,vector,i32,1000000,bits22,greaterTyped,3,4,1,40454000.000
fallback,vector,i32,1000000,bits22,greaterTyped,5,5,1,40718000.000
fallback,vector,i32,1000000,bits22,greaterTyped,3,5,1,40573000.000
fallback,vector,i32,1000000,bits22,greaterTyped,4,5,1,40512000.000
fallback,vector,i32,1000000,bits22,greaterTyped,4,6,1,40550000.000
fallback,vector,i32,1000000,bits22,greaterTyped,5,6,1,40468000.000
fallback,vector,i32,1000000,bits22,greaterTyped,3,6,1,40535000.000
pipeline,vector,i32,1000000,bits22,lessVoid,0,0,1,2973000.000
pipeline,vector,i32,1000000,bits22,lessVoid,2,0,1,3009000.000
pipeline,vector,i32,1000000,bits22,lessVoid,6,0,1,2990000.000
pipeline,vector,i32,1000000,bits22,lessVoid,1,0,1,3003000.000
pipeline,vector,i32,1000000,bits22,lessVoid,2,1,1,3017000.000
pipeline,vector,i32,1000000,bits22,lessVoid,1,1,1,2984000.000
pipeline,vector,i32,1000000,bits22,lessVoid,0,1,1,3006000.000
pipeline,vector,i32,1000000,bits22,lessVoid,6,1,1,3062000.000
pipeline,vector,i32,1000000,bits22,lessVoid,6,2,1,3060000.000
pipeline,vector,i32,1000000,bits22,lessVoid,0,2,1,3031000.000
pipeline,vector,i32,1000000,bits22,lessVoid,2,2,1,2919000.000
pipeline,vector,i32,1000000,bits22,lessVoid,1,2,1,2937000.000
pipeline,vector,i32,1000000,bits22,lessVoid,0,3,1,2932000.000
pipeline,vector,i32,1000000,bits22,lessVoid,6,3,1,2964000.000
pipeline,vector,i32,1000000,bits22,lessVoid,2,3,1,2963000.000
pipeline,vector,i32,1000000,bits22,lessVoid,1,3,1,3010000.000
pipeline,vector,i32,1000000,bits22,lessVoid,0,4,1,2927000.000
pipeline,vector,i32,1000000,bits22,lessVoid,6,4,1,2967000.000
pipeline,vector,i32,1000000,bits22,lessVoid,1,4,1,2943000.000
pipeline,vector,i32,1000000,bits22,lessVoid,2,4,1,2998000.000
pipeline,vector,i32,1000000,bits22,lessVoid,0,5,1,2933000.000
pipeline,vector,i32,1000000,bits22,lessVoid,1,5,1,2852000.000
pipeline,vector,i32,1000000,bits22,lessVoid,6,5,1,2976000.000
pipeline,vector,i32,1000000,bits22,lessVoid,2,5,1,2895000.000
pipeline,vector,i32,1000000,bits22,lessVoid,0,6,1,2976000.000
pipeline,vector,i32,1000000,bits22,lessVoid,1,6,1,2997000.000
pipeline,vector,i32,1000000,bits22,lessVoid,6,6,1,2963000.000
pipeline,vector,i32,1000000,bits22,lessVoid,2,6,1,2974000.000
pipeline,vector,i32,1000000,bits22,greaterTyped,2,0,1,2952000.000
pipeline,vector,i32,1000000,bits22,greaterTyped,0,0,1,3053000.000
pipeline,vector,i32,1000000,bits22,greaterTyped,6,0,1,2970000.000
pipeline,vector,i32,1000000,bits22,greaterTyped,1,0,1,3009000.000
pipeline,vector,i32,1000000,bits22,greaterTyped,6,1,1,2931000.000
pipeline,vector,i32,1000000,bits22,greaterTyped,1,1,1,2953000.000
pipeline,vector,i32,1000000,bits22,greaterTyped,0,1,1,3001000.000
pipeline,vector,i32,1000000,bits22,greaterTyped,2,1,1,2969000.000
pipeline,vector,i32,1000000,bits22,greaterTyped,0,2,1,2909000.000
pipeline,vector,i32,1000000,bits22,greaterTyped,1,2,1,2978000.000
pipeline,vector,i32,1000000,bits22,greaterTyped,2,2,1,2919000.000
pipeline,vector,i32,1000000,bits22,greaterTyped,6,2,1,3061000.000
pipeline,vector,i32,1000000,bits22,greaterTyped,2,3,1,3081000.000
pipeline,vector,i32,1000000,bits22,greaterTyped,6,3,1,2951000.000
pipeline,vector,i32,1000000,bits22,greaterTyped,1,3,1,3001000.000
pipeline,vector,i32,1000000,bits22,greaterTyped,0,3,1,3041000.000
pipeline,vector,i32,1000000,bits22,greaterTyped,1,4,1,2944000.000
pipeline,vector,i32,1000000,bits22,greaterTyped,0,4,1,2997000.000
pipeline,vector,i32,1000000,bits22,greaterTyped,2,4,1,3034000.000
pipeline,vector,i32,1000000,bits22,greaterTyped,6,4,1,2968000.000
pipeline,vector,i32,1000000,bits22,greaterTyped,2,5,1,3015000.000
pipeline,vector,i32,1000000,bits22,greaterTyped,6,5,1,3027000.000
pipeline,vector,i32,1000000,bits22,greaterTyped,0,5,1,2949000.000
pipeline,vector,i32,1000000,bits22,greaterTyped,1,5,1,2936000.000
pipeline,vector,i32,1000000,bits22,greaterTyped,1,6,1,3024000.000
pipeline,vector,i32,1000000,bits22,greaterTyped,0,6,1,2878000.000
pipeline,vector,i32,1000000,bits22,greaterTyped,6,6,1,2920000.000
pipeline,vector,i32,1000000,bits22,greaterTyped,2,6,1,3008000.000
fallback,vector,i32,1000000,gaps,lessVoid,5,0,1,21428000.000
fallback,vector,i32,1000000,gaps,lessVoid,4,0,1,21550000.000
fallback,vector,i32,1000000,gaps,lessVoid,3,0,1,21461000.000
fallback,vector,i32,1000000,gaps,lessVoid,4,1,1,21471000.000
fallback,vector,i32,1000000,gaps,lessVoid,3,1,1,21521000.000
fallback,vector,i32,1000000,gaps,lessVoid,5,1,1,21385000.000
fallback,vector,i32,1000000,gaps,lessVoid,5,2,1,21720000.000
fallback,vector,i32,1000000,gaps,lessVoid,3,2,1,21682000.000
fallback,vector,i32,1000000,gaps,lessVoid,4,2,1,21677000.000
fallback,vector,i32,1000000,gaps,lessVoid,3,3,1,21613000.000
fallback,vector,i32,1000000,gaps,lessVoid,5,3,1,21434000.000
fallback,vector,i32,1000000,gaps,lessVoid,4,3,1,21438000.000
fallback,vector,i32,1000000,gaps,lessVoid,3,4,1,21566000.000
fallback,vector,i32,1000000,gaps,lessVoid,5,4,1,21541000.000
fallback,vector,i32,1000000,gaps,lessVoid,4,4,1,21594000.000
fallback,vector,i32,1000000,gaps,lessVoid,3,5,1,21504000.000
fallback,vector,i32,1000000,gaps,lessVoid,4,5,1,21470000.000
fallback,vector,i32,1000000,gaps,lessVoid,5,5,1,21474000.000
fallback,vector,i32,1000000,gaps,lessVoid,3,6,1,21454000.000
fallback,vector,i32,1000000,gaps,lessVoid,4,6,1,21382000.000
fallback,vector,i32,1000000,gaps,lessVoid,5,6,1,22405000.000
fallback,vector,i32,1000000,gaps,lessTyped,5,0,1,21484000.000
fallback,vector,i32,1000000,gaps,lessTyped,3,0,1,21474000.000
fallback,vector,i32,1000000,gaps,lessTyped,4,0,1,21503000.000
fallback,vector,i32,1000000,gaps,lessTyped,4,1,1,21487000.000
fallback,vector,i32,1000000,gaps,lessTyped,3,1,1,21487000.000
fallback,vector,i32,1000000,gaps,lessTyped,5,1,1,21502000.000
fallback,vector,i32,1000000,gaps,lessTyped,4,2,1,21530000.000
fallback,vector,i32,1000000,gaps,lessTyped,3,2,1,21421000.000
fallback,vector,i32,1000000,gaps,lessTyped,5,2,1,21513000.000
fallback,vector,i32,1000000,gaps,lessTyped,5,3,1,21676000.000
fallback,vector,i32,1000000,gaps,lessTyped,4,3,1,21628000.000
fallback,vector,i32,1000000,gaps,lessTyped,3,3,1,21828000.000
fallback,vector,i32,1000000,gaps,lessTyped,4,4,1,21405000.000
fallback,vector,i32,1000000,gaps,lessTyped,5,4,1,21496000.000
fallback,vector,i32,1000000,gaps,lessTyped,3,4,1,21439000.000
fallback,vector,i32,1000000,gaps,lessTyped,5,5,1,21483000.000
fallback,vector,i32,1000000,gaps,lessTyped,4,5,1,21624000.000
fallback,vector,i32,1000000,gaps,lessTyped,3,5,1,21656000.000
fallback,vector,i32,1000000,gaps,lessTyped,5,6,1,21533000.000
fallback,vector,i32,1000000,gaps,lessTyped,3,6,1,21455000.000
fallback,vector,i32,1000000,gaps,lessTyped,4,6,1,21422000.000
fallback,vector,i32,1000000,gaps,greaterTyped,5,0,1,21348000.000
fallback,vector,i32,1000000,gaps,greaterTyped,3,0,1,21444000.000
fallback,vector,i32,1000000,gaps,greaterTyped,4,0,1,21289000.000
fallback,vector,i32,1000000,gaps,greaterTyped,4,1,1,21354000.000
fallback,vector,i32,1000000,gaps,greaterTyped,5,1,1,21484000.000
fallback,vector,i32,1000000,gaps,greaterTyped,3,1,1,21439000.000
fallback,vector,i32,1000000,gaps,greaterTyped,3,2,1,21378000.000
fallback,vector,i32,1000000,gaps,greaterTyped,4,2,1,21383000.000
fallback,vector,i32,1000000,gaps,greaterTyped,5,2,1,22016000.000
fallback,vector,i32,1000000,gaps,greaterTyped,5,3,1,22231000.000
fallback,vector,i32,1000000,gaps,greaterTyped,3,3,1,21700000.000
fallback,vector,i32,1000000,gaps,greaterTyped,4,3,1,21365000.000
fallback,vector,i32,1000000,gaps,greaterTyped,4,4,1,21535000.000
fallback,vector,i32,1000000,gaps,greaterTyped,3,4,1,21629000.000
fallback,vector,i32,1000000,gaps,greaterTyped,5,4,1,21549000.000
fallback,vector,i32,1000000,gaps,greaterTyped,4,5,1,21789000.000
fallback,vector,i32,1000000,gaps,greaterTyped,3,5,1,21521000.000
fallback,vector,i32,1000000,gaps,greaterTyped,5,5,1,21418000.000
fallback,vector,i32,1000000,gaps,greaterTyped,3,6,1,21456000.000
fallback,vector,i32,1000000,gaps,greaterTyped,4,6,1,21504000.000
fallback,vector,i32,1000000,gaps,greaterTyped,5,6,1,21498000.000
pipeline,vector,i32,1000000,gaps,lessVoid,0,0,1,3867000.000
pipeline,vector,i32,1000000,gaps,lessVoid,6,0,1,2823000.000
pipeline,vector,i32,1000000,gaps,lessVoid,1,0,1,2755000.000
pipeline,vector,i32,1000000,gaps,lessVoid,2,0,1,2818000.000
pipeline,vector,i32,1000000,gaps,lessVoid,2,1,1,2794000.000
pipeline,vector,i32,1000000,gaps,lessVoid,0,1,1,3909000.000
pipeline,vector,i32,1000000,gaps,lessVoid,6,1,1,2748000.000
pipeline,vector,i32,1000000,gaps,lessVoid,1,1,1,2830000.000
pipeline,vector,i32,1000000,gaps,lessVoid,1,2,1,2840000.000
pipeline,vector,i32,1000000,gaps,lessVoid,0,2,1,3807000.000
pipeline,vector,i32,1000000,gaps,lessVoid,6,2,1,2857000.000
pipeline,vector,i32,1000000,gaps,lessVoid,2,2,1,2779000.000
pipeline,vector,i32,1000000,gaps,lessVoid,0,3,1,3788000.000
pipeline,vector,i32,1000000,gaps,lessVoid,1,3,1,2843000.000
pipeline,vector,i32,1000000,gaps,lessVoid,2,3,1,2747000.000
pipeline,vector,i32,1000000,gaps,lessVoid,6,3,1,2735000.000
pipeline,vector,i32,1000000,gaps,lessVoid,0,4,1,3870000.000
pipeline,vector,i32,1000000,gaps,lessVoid,2,4,1,2729000.000
pipeline,vector,i32,1000000,gaps,lessVoid,6,4,1,2711000.000
pipeline,vector,i32,1000000,gaps,lessVoid,1,4,1,4090000.000
pipeline,vector,i32,1000000,gaps,lessVoid,6,5,1,2788000.000
pipeline,vector,i32,1000000,gaps,lessVoid,1,5,1,2770000.000
pipeline,vector,i32,1000000,gaps,lessVoid,2,5,1,2752000.000
pipeline,vector,i32,1000000,gaps,lessVoid,0,5,1,3962000.000
pipeline,vector,i32,1000000,gaps,lessVoid,0,6,1,3950000.000
pipeline,vector,i32,1000000,gaps,lessVoid,2,6,1,2742000.000
pipeline,vector,i32,1000000,gaps,lessVoid,6,6,1,2724000.000
pipeline,vector,i32,1000000,gaps,lessVoid,1,6,1,2852000.000
pipeline,vector,i32,1000000,gaps,greaterTyped,1,0,1,2755000.000
pipeline,vector,i32,1000000,gaps,greaterTyped,6,0,1,2891000.000
pipeline,vector,i32,1000000,gaps,greaterTyped,2,0,1,2865000.000
pipeline,vector,i32,1000000,gaps,greaterTyped,0,0,1,3873000.000
pipeline,vector,i32,1000000,gaps,greaterTyped,0,1,1,3968000.000
pipeline,vector,i32,1000000,gaps,greaterTyped,6,1,1,2925000.000
pipeline,vector,i32,1000000,gaps,greaterTyped,2,1,1,2844000.000
pipeline,vector,i32,1000000,gaps,greaterTyped,1,1,1,2805000.000
pipeline,vector,i32,1000000,gaps,greaterTyped,6,2,1,2759000.000
pipeline,vector,i32,1000000,gaps,greaterTyped,2,2,1,2926000.000
pipeline,vector,i32,1000000,gaps,greaterTyped,1,2,1,2922000.000
pipeline,vector,i32,1000000,gaps,greaterTyped,0,2,1,3913000.000
pipeline,vector,i32,1000000,gaps,greaterTyped,2,3,1,2866000.000
pipeline,vector,i32,1000000,gaps,greaterTyped,0,3,1,3833000.000
pipeline,vector,i32,1000000,gaps,greaterTyped,6,3,1,2825000.000
pipeline,vector,i32,1000000,gaps,greaterTyped,1,3,1,2847000.000
pipeline,vector,i32,1000000,gaps,greaterTyped,6,4,1,2827000.000
pipeline,vector,i32,1000000,gaps,greaterTyped,0,4,1,3979000.000
pipeline,vector,i32,1000000,gaps,greaterTyped,2,4,1,3021000.000
pipeline,vector,i32,1000000,gaps,greaterTyped,1,4,1,2772000.000
pipeline,vector,i32,1000000,gaps,greaterTyped,2,5,1,2803000.000
pipeline,vector,i32,1000000,gaps,greaterTyped,6,5,1,2958000.000
pipeline,vector,i32,1000000,gaps,greaterTyped,0,5,1,3780000.000
pipeline,vector,i32,1000000,gaps,greaterTyped,1,5,1,2932000.000
pipeline,vector,i32,1000000,gaps,greaterTyped,2,6,1,3014000.000
pipeline,vector,i32,1000000,gaps,greaterTyped,0,6,1,3885000.000
pipeline,vector,i32,1000000,gaps,greaterTyped,6,6,1,3156000.000
pipeline,vector,i32,1000000,gaps,greaterTyped,1,6,1,3009000.000
fallback,vector,i32,1000000,ordered,lessVoid,4,0,1,7188000.000
fallback,vector,i32,1000000,ordered,lessVoid,3,0,1,7176000.000
fallback,vector,i32,1000000,ordered,lessVoid,5,0,1,7134000.000
fallback,vector,i32,1000000,ordered,lessVoid,5,1,1,7124000.000
fallback,vector,i32,1000000,ordered,lessVoid,3,1,1,7118000.000
fallback,vector,i32,1000000,ordered,lessVoid,4,1,1,7229000.000
fallback,vector,i32,1000000,ordered,lessVoid,3,2,1,7182000.000
fallback,vector,i32,1000000,ordered,lessVoid,4,2,1,7204000.000
fallback,vector,i32,1000000,ordered,lessVoid,5,2,1,7167000.000
fallback,vector,i32,1000000,ordered,lessVoid,3,3,1,7134000.000
fallback,vector,i32,1000000,ordered,lessVoid,5,3,1,7188000.000
fallback,vector,i32,1000000,ordered,lessVoid,4,3,1,7193000.000
fallback,vector,i32,1000000,ordered,lessVoid,4,4,1,7175000.000
fallback,vector,i32,1000000,ordered,lessVoid,5,4,1,7177000.000
fallback,vector,i32,1000000,ordered,lessVoid,3,4,1,7123000.000
fallback,vector,i32,1000000,ordered,lessVoid,5,5,1,7171000.000
fallback,vector,i32,1000000,ordered,lessVoid,4,5,1,7266000.000
fallback,vector,i32,1000000,ordered,lessVoid,3,5,1,7127000.000
fallback,vector,i32,1000000,ordered,lessVoid,4,6,1,7192000.000
fallback,vector,i32,1000000,ordered,lessVoid,3,6,1,7224000.000
fallback,vector,i32,1000000,ordered,lessVoid,5,6,1,7144000.000
fallback,vector,i32,1000000,ordered,lessTyped,5,0,1,7114000.000
fallback,vector,i32,1000000,ordered,lessTyped,4,0,1,7185000.000
fallback,vector,i32,1000000,ordered,lessTyped,3,0,1,7109000.000
fallback,vector,i32,1000000,ordered,lessTyped,5,1,1,7172000.000
fallback,vector,i32,1000000,ordered,lessTyped,4,1,1,7178000.000
fallback,vector,i32,1000000,ordered,lessTyped,3,1,1,7077000.000
fallback,vector,i32,1000000,ordered,lessTyped,3,2,1,7140000.000
fallback,vector,i32,1000000,ordered,lessTyped,4,2,1,7202000.000
fallback,vector,i32,1000000,ordered,lessTyped,5,2,1,7168000.000
fallback,vector,i32,1000000,ordered,lessTyped,4,3,1,7212000.000
fallback,vector,i32,1000000,ordered,lessTyped,5,3,1,7108000.000
fallback,vector,i32,1000000,ordered,lessTyped,3,3,1,7154000.000
fallback,vector,i32,1000000,ordered,lessTyped,3,4,1,7191000.000
fallback,vector,i32,1000000,ordered,lessTyped,4,4,1,7196000.000
fallback,vector,i32,1000000,ordered,lessTyped,5,4,1,7133000.000
fallback,vector,i32,1000000,ordered,lessTyped,3,5,1,7131000.000
fallback,vector,i32,1000000,ordered,lessTyped,4,5,1,7185000.000
fallback,vector,i32,1000000,ordered,lessTyped,5,5,1,7201000.000
fallback,vector,i32,1000000,ordered,lessTyped,3,6,1,7187000.000
fallback,vector,i32,1000000,ordered,lessTyped,4,6,1,7384000.000
fallback,vector,i32,1000000,ordered,lessTyped,5,6,1,7124000.000
fallback,vector,i32,1000000,ordered,greaterTyped,5,0,1,5195000.000
fallback,vector,i32,1000000,ordered,greaterTyped,3,0,1,5105000.000
fallback,vector,i32,1000000,ordered,greaterTyped,4,0,1,5113000.000
fallback,vector,i32,1000000,ordered,greaterTyped,4,1,1,5194000.000
fallback,vector,i32,1000000,ordered,greaterTyped,3,1,1,5167000.000
fallback,vector,i32,1000000,ordered,greaterTyped,5,1,1,5238000.000
fallback,vector,i32,1000000,ordered,greaterTyped,3,2,1,5199000.000
fallback,vector,i32,1000000,ordered,greaterTyped,5,2,1,5256000.000
fallback,vector,i32,1000000,ordered,greaterTyped,4,2,1,5186000.000
fallback,vector,i32,1000000,ordered,greaterTyped,3,3,1,5210000.000
fallback,vector,i32,1000000,ordered,greaterTyped,5,3,1,5266000.000
fallback,vector,i32,1000000,ordered,greaterTyped,4,3,1,5567000.000
fallback,vector,i32,1000000,ordered,greaterTyped,5,4,1,5207000.000
fallback,vector,i32,1000000,ordered,greaterTyped,4,4,1,5154000.000
fallback,vector,i32,1000000,ordered,greaterTyped,3,4,1,5158000.000
fallback,vector,i32,1000000,ordered,greaterTyped,4,5,1,5191000.000
fallback,vector,i32,1000000,ordered,greaterTyped,3,5,1,5156000.000
fallback,vector,i32,1000000,ordered,greaterTyped,5,5,1,5096000.000
fallback,vector,i32,1000000,ordered,greaterTyped,5,6,1,5121000.000
fallback,vector,i32,1000000,ordered,greaterTyped,3,6,1,5233000.000
fallback,vector,i32,1000000,ordered,greaterTyped,4,6,1,5071000.000
pipeline,vector,i32,1000000,ordered,lessVoid,2,0,5,240800.000
pipeline,vector,i32,1000000,ordered,lessVoid,1,0,5,238600.000
pipeline,vector,i32,1000000,ordered,lessVoid,0,0,5,243000.000
pipeline,vector,i32,1000000,ordered,lessVoid,6,0,5,242600.000
pipeline,vector,i32,1000000,ordered,lessVoid,6,1,5,240200.000
pipeline,vector,i32,1000000,ordered,lessVoid,0,1,4,250750.000
pipeline,vector,i32,1000000,ordered,lessVoid,1,1,4,252750.000
pipeline,vector,i32,1000000,ordered,lessVoid,2,1,4,254500.000
pipeline,vector,i32,1000000,ordered,lessVoid,2,2,4,253500.000
pipeline,vector,i32,1000000,ordered,lessVoid,6,2,4,253250.000
pipeline,vector,i32,1000000,ordered,lessVoid,1,2,4,251000.000
pipeline,vector,i32,1000000,ordered,lessVoid,0,2,5,246000.000
pipeline,vector,i32,1000000,ordered,lessVoid,1,3,4,253500.000
pipeline,vector,i32,1000000,ordered,lessVoid,6,3,5,234200.000
pipeline,vector,i32,1000000,ordered,lessVoid,2,3,5,237800.000
pipeline,vector,i32,1000000,ordered,lessVoid,0,3,4,256000.000
pipeline,vector,i32,1000000,ordered,lessVoid,6,4,4,264000.000
pipeline,vector,i32,1000000,ordered,lessVoid,0,4,5,245400.000
pipeline,vector,i32,1000000,ordered,lessVoid,1,4,5,237000.000
pipeline,vector,i32,1000000,ordered,lessVoid,2,4,4,253750.000
pipeline,vector,i32,1000000,ordered,lessVoid,0,5,4,250250.000
pipeline,vector,i32,1000000,ordered,lessVoid,1,5,4,253750.000
pipeline,vector,i32,1000000,ordered,lessVoid,2,5,5,241200.000
pipeline,vector,i32,1000000,ordered,lessVoid,6,5,4,256000.000
pipeline,vector,i32,1000000,ordered,lessVoid,0,6,5,234200.000
pipeline,vector,i32,1000000,ordered,lessVoid,2,6,4,252250.000
pipeline,vector,i32,1000000,ordered,lessVoid,6,6,4,250500.000
pipeline,vector,i32,1000000,ordered,lessVoid,1,6,5,248600.000
pipeline,vector,i32,1000000,ordered,greaterTyped,1,0,3,376333.333
pipeline,vector,i32,1000000,ordered,greaterTyped,6,0,3,405000.000
pipeline,vector,i32,1000000,ordered,greaterTyped,2,0,3,382666.667
pipeline,vector,i32,1000000,ordered,greaterTyped,0,0,1,1022000.000
pipeline,vector,i32,1000000,ordered,greaterTyped,1,1,3,383666.667
pipeline,vector,i32,1000000,ordered,greaterTyped,2,1,3,399000.000
pipeline,vector,i32,1000000,ordered,greaterTyped,0,1,3,396666.667
pipeline,vector,i32,1000000,ordered,greaterTyped,6,1,3,384666.667
pipeline,vector,i32,1000000,ordered,greaterTyped,1,2,3,382000.000
pipeline,vector,i32,1000000,ordered,greaterTyped,6,2,3,399666.667
pipeline,vector,i32,1000000,ordered,greaterTyped,0,2,3,401333.333
pipeline,vector,i32,1000000,ordered,greaterTyped,2,2,3,394333.333
pipeline,vector,i32,1000000,ordered,greaterTyped,1,3,3,395000.000
pipeline,vector,i32,1000000,ordered,greaterTyped,2,3,3,374000.000
pipeline,vector,i32,1000000,ordered,greaterTyped,0,3,3,409000.000
pipeline,vector,i32,1000000,ordered,greaterTyped,6,3,3,389666.667
pipeline,vector,i32,1000000,ordered,greaterTyped,1,4,3,604333.333
pipeline,vector,i32,1000000,ordered,greaterTyped,2,4,3,379666.667
pipeline,vector,i32,1000000,ordered,greaterTyped,6,4,3,371666.667
pipeline,vector,i32,1000000,ordered,greaterTyped,0,4,3,370333.333
pipeline,vector,i32,1000000,ordered,greaterTyped,6,5,3,389666.667
pipeline,vector,i32,1000000,ordered,greaterTyped,1,5,3,394666.667
pipeline,vector,i32,1000000,ordered,greaterTyped,0,5,3,402666.667
pipeline,vector,i32,1000000,ordered,greaterTyped,2,5,3,396666.667
pipeline,vector,i32,1000000,ordered,greaterTyped,0,6,3,392333.333
pipeline,vector,i32,1000000,ordered,greaterTyped,6,6,3,395666.667
pipeline,vector,i32,1000000,ordered,greaterTyped,1,6,3,393666.667
pipeline,vector,i32,1000000,ordered,greaterTyped,2,6,3,394333.333
fallback,vector,i32,1000000,reverse,lessVoid,4,0,1,5098000.000
fallback,vector,i32,1000000,reverse,lessVoid,3,0,1,5184000.000
fallback,vector,i32,1000000,reverse,lessVoid,5,0,1,5126000.000
fallback,vector,i32,1000000,reverse,lessVoid,5,1,1,5155000.000
fallback,vector,i32,1000000,reverse,lessVoid,3,1,1,5200000.000
fallback,vector,i32,1000000,reverse,lessVoid,4,1,1,5045000.000
fallback,vector,i32,1000000,reverse,lessVoid,5,2,1,5259000.000
fallback,vector,i32,1000000,reverse,lessVoid,3,2,1,5112000.000
fallback,vector,i32,1000000,reverse,lessVoid,4,2,1,5088000.000
fallback,vector,i32,1000000,reverse,lessVoid,3,3,1,5209000.000
fallback,vector,i32,1000000,reverse,lessVoid,4,3,1,5226000.000
fallback,vector,i32,1000000,reverse,lessVoid,5,3,1,5148000.000
fallback,vector,i32,1000000,reverse,lessVoid,4,4,1,5137000.000
fallback,vector,i32,1000000,reverse,lessVoid,5,4,1,5266000.000
fallback,vector,i32,1000000,reverse,lessVoid,3,4,1,5080000.000
fallback,vector,i32,1000000,reverse,lessVoid,4,5,1,5182000.000
fallback,vector,i32,1000000,reverse,lessVoid,5,5,1,5283000.000
fallback,vector,i32,1000000,reverse,lessVoid,3,5,1,5125000.000
fallback,vector,i32,1000000,reverse,lessVoid,4,6,1,5081000.000
fallback,vector,i32,1000000,reverse,lessVoid,5,6,1,5163000.000
fallback,vector,i32,1000000,reverse,lessVoid,3,6,1,5067000.000
fallback,vector,i32,1000000,reverse,lessTyped,4,0,1,5106000.000
fallback,vector,i32,1000000,reverse,lessTyped,3,0,1,5175000.000
fallback,vector,i32,1000000,reverse,lessTyped,5,0,1,5146000.000
fallback,vector,i32,1000000,reverse,lessTyped,5,1,1,5095000.000
fallback,vector,i32,1000000,reverse,lessTyped,3,1,1,5285000.000
fallback,vector,i32,1000000,reverse,lessTyped,4,1,1,5122000.000
fallback,vector,i32,1000000,reverse,lessTyped,3,2,1,5134000.000
fallback,vector,i32,1000000,reverse,lessTyped,5,2,1,5210000.000
fallback,vector,i32,1000000,reverse,lessTyped,4,2,1,5167000.000
fallback,vector,i32,1000000,reverse,lessTyped,4,3,1,5113000.000
fallback,vector,i32,1000000,reverse,lessTyped,5,3,1,5249000.000
fallback,vector,i32,1000000,reverse,lessTyped,3,3,1,5164000.000
fallback,vector,i32,1000000,reverse,lessTyped,5,4,1,5109000.000
fallback,vector,i32,1000000,reverse,lessTyped,3,4,1,5243000.000
fallback,vector,i32,1000000,reverse,lessTyped,4,4,1,5176000.000
fallback,vector,i32,1000000,reverse,lessTyped,3,5,1,5142000.000
fallback,vector,i32,1000000,reverse,lessTyped,5,5,1,5298000.000
fallback,vector,i32,1000000,reverse,lessTyped,4,5,1,5156000.000
fallback,vector,i32,1000000,reverse,lessTyped,4,6,1,5213000.000
fallback,vector,i32,1000000,reverse,lessTyped,3,6,1,5696000.000
fallback,vector,i32,1000000,reverse,lessTyped,5,6,1,5129000.000
fallback,vector,i32,1000000,reverse,greaterTyped,5,0,1,7257000.000
fallback,vector,i32,1000000,reverse,greaterTyped,3,0,1,7215000.000
fallback,vector,i32,1000000,reverse,greaterTyped,4,0,1,7268000.000
fallback,vector,i32,1000000,reverse,greaterTyped,4,1,1,7191000.000
fallback,vector,i32,1000000,reverse,greaterTyped,3,1,1,7163000.000
fallback,vector,i32,1000000,reverse,greaterTyped,5,1,1,7126000.000
fallback,vector,i32,1000000,reverse,greaterTyped,3,2,1,7160000.000
fallback,vector,i32,1000000,reverse,greaterTyped,5,2,1,7152000.000
fallback,vector,i32,1000000,reverse,greaterTyped,4,2,1,7290000.000
fallback,vector,i32,1000000,reverse,greaterTyped,4,3,1,7226000.000
fallback,vector,i32,1000000,reverse,greaterTyped,3,3,1,7224000.000
fallback,vector,i32,1000000,reverse,greaterTyped,5,3,1,7244000.000
fallback,vector,i32,1000000,reverse,greaterTyped,3,4,1,7148000.000
fallback,vector,i32,1000000,reverse,greaterTyped,4,4,1,7285000.000
fallback,vector,i32,1000000,reverse,greaterTyped,5,4,1,7290000.000
fallback,vector,i32,1000000,reverse,greaterTyped,5,5,1,7121000.000
fallback,vector,i32,1000000,reverse,greaterTyped,3,5,1,7191000.000
fallback,vector,i32,1000000,reverse,greaterTyped,4,5,1,7278000.000
fallback,vector,i32,1000000,reverse,greaterTyped,4,6,1,7207000.000
fallback,vector,i32,1000000,reverse,greaterTyped,5,6,1,7229000.000
fallback,vector,i32,1000000,reverse,greaterTyped,3,6,1,7147000.000
pipeline,vector,i32,1000000,reverse,lessVoid,6,0,3,388666.667
pipeline,vector,i32,1000000,reverse,lessVoid,2,0,3,374666.667
pipeline,vector,i32,1000000,reverse,lessVoid,0,0,3,386000.000
pipeline,vector,i32,1000000,reverse,lessVoid,1,0,3,375333.333
pipeline,vector,i32,1000000,reverse,lessVoid,6,1,3,405333.333
pipeline,vector,i32,1000000,reverse,lessVoid,2,1,3,394000.000
pipeline,vector,i32,1000000,reverse,lessVoid,1,1,3,398000.000
pipeline,vector,i32,1000000,reverse,lessVoid,0,1,3,398666.667
pipeline,vector,i32,1000000,reverse,lessVoid,0,2,3,389333.333
pipeline,vector,i32,1000000,reverse,lessVoid,1,2,3,377333.333
pipeline,vector,i32,1000000,reverse,lessVoid,6,2,3,384666.667
pipeline,vector,i32,1000000,reverse,lessVoid,2,2,3,388666.667
pipeline,vector,i32,1000000,reverse,lessVoid,2,3,3,398333.333
pipeline,vector,i32,1000000,reverse,lessVoid,6,3,3,390333.333
pipeline,vector,i32,1000000,reverse,lessVoid,0,3,3,367666.667
pipeline,vector,i32,1000000,reverse,lessVoid,1,3,3,379333.333
pipeline,vector,i32,1000000,reverse,lessVoid,6,4,3,392666.667
pipeline,vector,i32,1000000,reverse,lessVoid,2,4,3,390000.000
pipeline,vector,i32,1000000,reverse,lessVoid,1,4,3,389000.000
pipeline,vector,i32,1000000,reverse,lessVoid,0,4,3,373000.000
pipeline,vector,i32,1000000,reverse,lessVoid,1,5,3,378333.333
pipeline,vector,i32,1000000,reverse,lessVoid,2,5,3,404000.000
pipeline,vector,i32,1000000,reverse,lessVoid,6,5,3,388666.667
pipeline,vector,i32,1000000,reverse,lessVoid,0,5,3,393000.000
pipeline,vector,i32,1000000,reverse,lessVoid,0,6,3,368666.667
pipeline,vector,i32,1000000,reverse,lessVoid,6,6,3,384000.000
pipeline,vector,i32,1000000,reverse,lessVoid,1,6,3,378000.000
pipeline,vector,i32,1000000,reverse,lessVoid,2,6,3,393333.333
pipeline,vector,i32,1000000,reverse,greaterTyped,2,0,5,242800.000
pipeline,vector,i32,1000000,reverse,greaterTyped,1,0,4,264500.000
pipeline,vector,i32,1000000,reverse,greaterTyped,6,0,5,237400.000
pipeline,vector,i32,1000000,reverse,greaterTyped,0,0,4,250750.000
pipeline,vector,i32,1000000,reverse,greaterTyped,6,1,5,243000.000
pipeline,vector,i32,1000000,reverse,greaterTyped,2,1,4,254500.000
pipeline,vector,i32,1000000,reverse,greaterTyped,0,1,5,249600.000
pipeline,vector,i32,1000000,reverse,greaterTyped,1,1,4,255500.000
pipeline,vector,i32,1000000,reverse,greaterTyped,0,2,4,261750.000
pipeline,vector,i32,1000000,reverse,greaterTyped,2,2,4,261000.000
pipeline,vector,i32,1000000,reverse,greaterTyped,6,2,4,258500.000
pipeline,vector,i32,1000000,reverse,greaterTyped,1,2,5,242200.000
pipeline,vector,i32,1000000,reverse,greaterTyped,0,3,4,252500.000
pipeline,vector,i32,1000000,reverse,greaterTyped,2,3,4,255500.000
pipeline,vector,i32,1000000,reverse,greaterTyped,6,3,5,248200.000
pipeline,vector,i32,1000000,reverse,greaterTyped,1,3,5,246000.000
pipeline,vector,i32,1000000,reverse,greaterTyped,1,4,4,253000.000
pipeline,vector,i32,1000000,reverse,greaterTyped,6,4,5,236200.000
pipeline,vector,i32,1000000,reverse,greaterTyped,0,4,3,413000.000
pipeline,vector,i32,1000000,reverse,greaterTyped,2,4,5,244000.000
pipeline,vector,i32,1000000,reverse,greaterTyped,0,5,4,265000.000
pipeline,vector,i32,1000000,reverse,greaterTyped,1,5,5,238600.000
pipeline,vector,i32,1000000,reverse,greaterTyped,6,5,5,240800.000
pipeline,vector,i32,1000000,reverse,greaterTyped,2,5,4,250000.000
pipeline,vector,i32,1000000,reverse,greaterTyped,1,6,4,250250.000
pipeline,vector,i32,1000000,reverse,greaterTyped,0,6,5,235000.000
pipeline,vector,i32,1000000,reverse,greaterTyped,6,6,5,239200.000
pipeline,vector,i32,1000000,reverse,greaterTyped,2,6,4,258750.000
fallback,vector,i32,1000000,nearly,lessVoid,5,0,1,8828000.000
fallback,vector,i32,1000000,nearly,lessVoid,3,0,1,8752000.000
fallback,vector,i32,1000000,nearly,lessVoid,4,0,1,8950000.000
fallback,vector,i32,1000000,nearly,lessVoid,4,1,1,8987000.000
fallback,vector,i32,1000000,nearly,lessVoid,5,1,1,9041000.000
fallback,vector,i32,1000000,nearly,lessVoid,3,1,1,8893000.000
fallback,vector,i32,1000000,nearly,lessVoid,3,2,1,8766000.000
fallback,vector,i32,1000000,nearly,lessVoid,5,2,1,9170000.000
fallback,vector,i32,1000000,nearly,lessVoid,4,2,1,8977000.000
fallback,vector,i32,1000000,nearly,lessVoid,3,3,1,8730000.000
fallback,vector,i32,1000000,nearly,lessVoid,4,3,1,8941000.000
fallback,vector,i32,1000000,nearly,lessVoid,5,3,1,8904000.000
fallback,vector,i32,1000000,nearly,lessVoid,5,4,1,8835000.000
fallback,vector,i32,1000000,nearly,lessVoid,3,4,1,8711000.000
fallback,vector,i32,1000000,nearly,lessVoid,4,4,1,9151000.000
fallback,vector,i32,1000000,nearly,lessVoid,3,5,1,8773000.000
fallback,vector,i32,1000000,nearly,lessVoid,5,5,1,8843000.000
fallback,vector,i32,1000000,nearly,lessVoid,4,5,1,8947000.000
fallback,vector,i32,1000000,nearly,lessVoid,3,6,1,8741000.000
fallback,vector,i32,1000000,nearly,lessVoid,5,6,1,8857000.000
fallback,vector,i32,1000000,nearly,lessVoid,4,6,1,8965000.000
fallback,vector,i32,1000000,nearly,lessTyped,3,0,1,8756000.000
fallback,vector,i32,1000000,nearly,lessTyped,4,0,1,8981000.000
fallback,vector,i32,1000000,nearly,lessTyped,5,0,1,8767000.000
fallback,vector,i32,1000000,nearly,lessTyped,4,1,1,8926000.000
fallback,vector,i32,1000000,nearly,lessTyped,3,1,1,8764000.000
fallback,vector,i32,1000000,nearly,lessTyped,5,1,1,8773000.000
fallback,vector,i32,1000000,nearly,lessTyped,5,2,1,8735000.000
fallback,vector,i32,1000000,nearly,lessTyped,3,2,1,8762000.000
fallback,vector,i32,1000000,nearly,lessTyped,4,2,1,8950000.000
fallback,vector,i32,1000000,nearly,lessTyped,4,3,1,8878000.000
fallback,vector,i32,1000000,nearly,lessTyped,3,3,1,8807000.000
fallback,vector,i32,1000000,nearly,lessTyped,5,3,1,8774000.000
fallback,vector,i32,1000000,nearly,lessTyped,3,4,1,8695000.000
fallback,vector,i32,1000000,nearly,lessTyped,5,4,1,8889000.000
fallback,vector,i32,1000000,nearly,lessTyped,4,4,1,9000000.000
fallback,vector,i32,1000000,nearly,lessTyped,3,5,1,8890000.000
fallback,vector,i32,1000000,nearly,lessTyped,4,5,1,9507000.000
fallback,vector,i32,1000000,nearly,lessTyped,5,5,1,8777000.000
fallback,vector,i32,1000000,nearly,lessTyped,4,6,1,9119000.000
fallback,vector,i32,1000000,nearly,lessTyped,5,6,1,9151000.000
fallback,vector,i32,1000000,nearly,lessTyped,3,6,1,8807000.000
fallback,vector,i32,1000000,nearly,greaterTyped,5,0,1,13925000.000
fallback,vector,i32,1000000,nearly,greaterTyped,4,0,1,14007000.000
fallback,vector,i32,1000000,nearly,greaterTyped,3,0,1,13926000.000
fallback,vector,i32,1000000,nearly,greaterTyped,4,1,1,14031000.000
fallback,vector,i32,1000000,nearly,greaterTyped,3,1,1,13993000.000
fallback,vector,i32,1000000,nearly,greaterTyped,5,1,1,13959000.000
fallback,vector,i32,1000000,nearly,greaterTyped,4,2,1,14067000.000
fallback,vector,i32,1000000,nearly,greaterTyped,5,2,1,14078000.000
fallback,vector,i32,1000000,nearly,greaterTyped,3,2,1,13962000.000
fallback,vector,i32,1000000,nearly,greaterTyped,5,3,1,14067000.000
fallback,vector,i32,1000000,nearly,greaterTyped,4,3,1,14033000.000
fallback,vector,i32,1000000,nearly,greaterTyped,3,3,1,13945000.000
fallback,vector,i32,1000000,nearly,greaterTyped,4,4,1,14025000.000
fallback,vector,i32,1000000,nearly,greaterTyped,5,4,1,14007000.000
fallback,vector,i32,1000000,nearly,greaterTyped,3,4,1,14030000.000
fallback,vector,i32,1000000,nearly,greaterTyped,3,5,1,13932000.000
fallback,vector,i32,1000000,nearly,greaterTyped,5,5,1,14033000.000
fallback,vector,i32,1000000,nearly,greaterTyped,4,5,1,13942000.000
fallback,vector,i32,1000000,nearly,greaterTyped,3,6,1,13980000.000
fallback,vector,i32,1000000,nearly,greaterTyped,5,6,1,14003000.000
fallback,vector,i32,1000000,nearly,greaterTyped,4,6,1,14018000.000
pipeline,vector,i32,1000000,nearly,lessVoid,2,0,1,2823000.000
pipeline,vector,i32,1000000,nearly,lessVoid,0,0,1,2904000.000
pipeline,vector,i32,1000000,nearly,lessVoid,1,0,1,2800000.000
pipeline,vector,i32,1000000,nearly,lessVoid,6,0,1,2810000.000
pipeline,vector,i32,1000000,nearly,lessVoid,1,1,1,2809000.000
pipeline,vector,i32,1000000,nearly,lessVoid,0,1,1,2994000.000
pipeline,vector,i32,1000000,nearly,lessVoid,2,1,1,2833000.000
pipeline,vector,i32,1000000,nearly,lessVoid,6,1,1,2809000.000
pipeline,vector,i32,1000000,nearly,lessVoid,6,2,1,2811000.000
pipeline,vector,i32,1000000,nearly,lessVoid,2,2,1,2820000.000
pipeline,vector,i32,1000000,nearly,lessVoid,0,2,1,2873000.000
pipeline,vector,i32,1000000,nearly,lessVoid,1,2,1,2806000.000
pipeline,vector,i32,1000000,nearly,lessVoid,1,3,1,2797000.000
pipeline,vector,i32,1000000,nearly,lessVoid,2,3,1,2739000.000
pipeline,vector,i32,1000000,nearly,lessVoid,6,3,1,2887000.000
pipeline,vector,i32,1000000,nearly,lessVoid,0,3,1,2813000.000
pipeline,vector,i32,1000000,nearly,lessVoid,2,4,1,2709000.000
pipeline,vector,i32,1000000,nearly,lessVoid,0,4,1,2831000.000
pipeline,vector,i32,1000000,nearly,lessVoid,1,4,1,2820000.000
pipeline,vector,i32,1000000,nearly,lessVoid,6,4,1,2847000.000
pipeline,vector,i32,1000000,nearly,lessVoid,1,5,1,2811000.000
pipeline,vector,i32,1000000,nearly,lessVoid,2,5,1,2787000.000
pipeline,vector,i32,1000000,nearly,lessVoid,0,5,1,2944000.000
pipeline,vector,i32,1000000,nearly,lessVoid,6,5,1,2778000.000
pipeline,vector,i32,1000000,nearly,lessVoid,2,6,1,2710000.000
pipeline,vector,i32,1000000,nearly,lessVoid,1,6,1,2804000.000
pipeline,vector,i32,1000000,nearly,lessVoid,6,6,1,2712000.000
pipeline,vector,i32,1000000,nearly,lessVoid,0,6,1,2870000.000
pipeline,vector,i32,1000000,nearly,greaterTyped,2,0,1,2824000.000
pipeline,vector,i32,1000000,nearly,greaterTyped,6,0,1,2789000.000
pipeline,vector,i32,1000000,nearly,greaterTyped,1,0,1,2736000.000
pipeline,vector,i32,1000000,nearly,greaterTyped,0,0,1,2741000.000
pipeline,vector,i32,1000000,nearly,greaterTyped,0,1,1,2771000.000
pipeline,vector,i32,1000000,nearly,greaterTyped,1,1,1,2805000.000
pipeline,vector,i32,1000000,nearly,greaterTyped,2,1,1,2843000.000
pipeline,vector,i32,1000000,nearly,greaterTyped,6,1,1,2849000.000
pipeline,vector,i32,1000000,nearly,greaterTyped,2,2,1,2806000.000
pipeline,vector,i32,1000000,nearly,greaterTyped,1,2,1,2677000.000
pipeline,vector,i32,1000000,nearly,greaterTyped,0,2,1,2780000.000
pipeline,vector,i32,1000000,nearly,greaterTyped,6,2,1,2767000.000
pipeline,vector,i32,1000000,nearly,greaterTyped,1,3,1,2726000.000
pipeline,vector,i32,1000000,nearly,greaterTyped,6,3,1,2781000.000
pipeline,vector,i32,1000000,nearly,greaterTyped,2,3,1,2854000.000
pipeline,vector,i32,1000000,nearly,greaterTyped,0,3,1,2750000.000
pipeline,vector,i32,1000000,nearly,greaterTyped,1,4,1,2765000.000
pipeline,vector,i32,1000000,nearly,greaterTyped,0,4,1,2697000.000
pipeline,vector,i32,1000000,nearly,greaterTyped,2,4,1,2843000.000
pipeline,vector,i32,1000000,nearly,greaterTyped,6,4,1,2745000.000
pipeline,vector,i32,1000000,nearly,greaterTyped,1,5,1,2704000.000
pipeline,vector,i32,1000000,nearly,greaterTyped,0,5,1,2726000.000
pipeline,vector,i32,1000000,nearly,greaterTyped,2,5,1,2844000.000
pipeline,vector,i32,1000000,nearly,greaterTyped,6,5,1,2827000.000
pipeline,vector,i32,1000000,nearly,greaterTyped,0,6,1,2761000.000
pipeline,vector,i32,1000000,nearly,greaterTyped,2,6,1,2789000.000
pipeline,vector,i32,1000000,nearly,greaterTyped,1,6,1,2864000.000
pipeline,vector,i32,1000000,nearly,greaterTyped,6,6,1,2829000.000
pipeline,array,i32,65536,full,lessVoid,6,0,5,227000.000
pipeline,array,i32,65536,full,lessVoid,1,0,5,230000.000
pipeline,array,i32,65536,full,lessVoid,2,0,5,206000.000
pipeline,array,i32,65536,full,lessVoid,0,0,1,2256000.000
pipeline,array,i32,65536,full,lessVoid,0,1,1,2108000.000
pipeline,array,i32,65536,full,lessVoid,1,1,5,202000.000
pipeline,array,i32,65536,full,lessVoid,6,1,5,217800.000
pipeline,array,i32,65536,full,lessVoid,2,1,5,224000.000
pipeline,array,i32,65536,full,lessVoid,0,2,1,2111000.000
pipeline,array,i32,65536,full,lessVoid,1,2,5,208800.000
pipeline,array,i32,65536,full,lessVoid,2,2,5,205000.000
pipeline,array,i32,65536,full,lessVoid,6,2,5,203400.000
pipeline,array,i32,65536,full,lessVoid,1,3,5,229400.000
pipeline,array,i32,65536,full,lessVoid,0,3,1,2283000.000
pipeline,array,i32,65536,full,lessVoid,6,3,5,228400.000
pipeline,array,i32,65536,full,lessVoid,2,3,5,228800.000
pipeline,array,i32,65536,full,lessVoid,1,4,5,211600.000
pipeline,array,i32,65536,full,lessVoid,0,4,1,2232000.000
pipeline,array,i32,65536,full,lessVoid,6,4,6,187333.333
pipeline,array,i32,65536,full,lessVoid,2,4,6,197666.667
pipeline,array,i32,65536,full,lessVoid,1,5,5,200200.000
pipeline,array,i32,65536,full,lessVoid,6,5,5,223000.000
pipeline,array,i32,65536,full,lessVoid,0,5,1,2255000.000
pipeline,array,i32,65536,full,lessVoid,2,5,5,229200.000
pipeline,array,i32,65536,full,lessVoid,6,6,5,214400.000
pipeline,array,i32,65536,full,lessVoid,0,6,1,2440000.000
pipeline,array,i32,65536,full,lessVoid,2,6,4,281000.000
pipeline,array,i32,65536,full,lessVoid,1,6,5,209600.000
pipeline,array,i32,65536,full,greaterTyped,1,0,5,220800.000
pipeline,array,i32,65536,full,greaterTyped,0,0,1,2087000.000
pipeline,array,i32,65536,full,greaterTyped,2,0,5,211000.000
pipeline,array,i32,65536,full,greaterTyped,6,0,5,237000.000
pipeline,array,i32,65536,full,greaterTyped,6,1,5,206200.000
pipeline,array,i32,65536,full,greaterTyped,1,1,5,225800.000
pipeline,array,i32,65536,full,greaterTyped,2,1,5,211600.000
pipeline,array,i32,65536,full,greaterTyped,0,1,1,2167000.000
pipeline,array,i32,65536,full,greaterTyped,1,2,5,220200.000
pipeline,array,i32,65536,full,greaterTyped,2,2,5,235000.000
pipeline,array,i32,65536,full,greaterTyped,0,2,1,2453000.000
pipeline,array,i32,65536,full,greaterTyped,6,2,4,264000.000
pipeline,array,i32,65536,full,greaterTyped,0,3,1,2486000.000
pipeline,array,i32,65536,full,greaterTyped,2,3,5,224800.000
pipeline,array,i32,65536,full,greaterTyped,6,3,5,208400.000
pipeline,array,i32,65536,full,greaterTyped,1,3,5,227400.000
pipeline,array,i32,65536,full,greaterTyped,6,4,5,218000.000
pipeline,array,i32,65536,full,greaterTyped,1,4,5,205800.000
pipeline,array,i32,65536,full,greaterTyped,2,4,5,212000.000
pipeline,array,i32,65536,full,greaterTyped,0,4,1,2163000.000
pipeline,array,i32,65536,full,greaterTyped,2,5,5,229200.000
pipeline,array,i32,65536,full,greaterTyped,0,5,1,2172000.000
pipeline,array,i32,65536,full,greaterTyped,1,5,5,206200.000
pipeline,array,i32,65536,full,greaterTyped,6,5,5,222400.000
pipeline,array,i32,65536,full,greaterTyped,1,6,5,203400.000
pipeline,array,i32,65536,full,greaterTyped,2,6,5,222800.000
pipeline,array,i32,65536,full,greaterTyped,0,6,1,2253000.000
pipeline,array,i32,65536,full,greaterTyped,6,6,5,209800.000
pipeline,array,i32,65536,bits22,lessVoid,2,0,7,149285.714
pipeline,array,i32,65536,bits22,lessVoid,6,0,7,152142.857
pipeline,array,i32,65536,bits22,lessVoid,0,0,1,2146000.000
pipeline,array,i32,65536,bits22,lessVoid,1,0,7,154285.714
pipeline,array,i32,65536,bits22,lessVoid,0,1,1,2113000.000
pipeline,array,i32,65536,bits22,lessVoid,2,1,6,172666.667
pipeline,array,i32,65536,bits22,lessVoid,6,1,7,158285.714
pipeline,array,i32,65536,bits22,lessVoid,1,1,7,154428.571
pipeline,array,i32,65536,bits22,lessVoid,2,2,7,151285.714
pipeline,array,i32,65536,bits22,lessVoid,1,2,7,154000.000
pipeline,array,i32,65536,bits22,lessVoid,0,2,1,2538000.000
pipeline,array,i32,65536,bits22,lessVoid,6,2,6,177833.333
pipeline,array,i32,65536,bits22,lessVoid,0,3,1,2307000.000
pipeline,array,i32,65536,bits22,lessVoid,6,3,7,143285.714
pipeline,array,i32,65536,bits22,lessVoid,2,3,6,174666.667
pipeline,array,i32,65536,bits22,lessVoid,1,3,7,153285.714
pipeline,array,i32,65536,bits22,lessVoid,2,4,7,155000.000
pipeline,array,i32,65536,bits22,lessVoid,1,4,7,144142.857
pipeline,array,i32,65536,bits22,lessVoid,0,4,1,2144000.000
pipeline,array,i32,65536,bits22,lessVoid,6,4,7,157571.429
pipeline,array,i32,65536,bits22,lessVoid,1,5,7,150857.143
pipeline,array,i32,65536,bits22,lessVoid,6,5,7,153428.571
pipeline,array,i32,65536,bits22,lessVoid,0,5,1,2154000.000
pipeline,array,i32,65536,bits22,lessVoid,2,5,6,168500.000
pipeline,array,i32,65536,bits22,lessVoid,0,6,1,2126000.000
pipeline,array,i32,65536,bits22,lessVoid,6,6,7,144714.286
pipeline,array,i32,65536,bits22,lessVoid,1,6,6,167666.667
pipeline,array,i32,65536,bits22,lessVoid,2,6,7,165857.143
pipeline,array,i32,65536,bits22,greaterTyped,6,0,6,172166.667
pipeline,array,i32,65536,bits22,greaterTyped,0,0,1,2159000.000
pipeline,array,i32,65536,bits22,greaterTyped,2,0,6,172666.667
pipeline,array,i32,65536,bits22,greaterTyped,1,0,6,177166.667
pipeline,array,i32,65536,bits22,greaterTyped,1,1,7,150142.857
pipeline,array,i32,65536,bits22,greaterTyped,6,1,6,169000.000
pipeline,array,i32,65536,bits22,greaterTyped,0,1,1,2123000.000
pipeline,array,i32,65536,bits22,greaterTyped,2,1,6,172000.000
pipeline,array,i32,65536,bits22,greaterTyped,2,2,7,163142.857
pipeline,array,i32,65536,bits22,greaterTyped,0,2,1,2139000.000
pipeline,array,i32,65536,bits22,greaterTyped,1,2,6,168333.333
pipeline,array,i32,65536,bits22,greaterTyped,6,2,6,181666.667
pipeline,array,i32,65536,bits22,greaterTyped,0,3,1,2130000.000
pipeline,array,i32,65536,bits22,greaterTyped,1,3,7,157857.143
pipeline,array,i32,65536,bits22,greaterTyped,2,3,6,167666.667
pipeline,array,i32,65536,bits22,greaterTyped,6,3,6,176666.667
pipeline,array,i32,65536,bits22,greaterTyped,1,4,7,147285.714
pipeline,array,i32,65536,bits22,greaterTyped,6,4,7,156285.714
pipeline,array,i32,65536,bits22,greaterTyped,2,4,7,148428.571
pipeline,array,i32,65536,bits22,greaterTyped,0,4,1,2110000.000
pipeline,array,i32,65536,bits22,greaterTyped,6,5,7,147428.571
pipeline,array,i32,65536,bits22,greaterTyped,0,5,1,2138000.000
pipeline,array,i32,65536,bits22,greaterTyped,1,5,7,159285.714
pipeline,array,i32,65536,bits22,greaterTyped,2,5,7,157428.571
pipeline,array,i32,65536,bits22,greaterTyped,1,6,7,153428.571
pipeline,array,i32,65536,bits22,greaterTyped,6,6,6,170500.000
pipeline,array,i32,65536,bits22,greaterTyped,0,6,1,2239000.000
pipeline,array,i32,65536,bits22,greaterTyped,2,6,7,165000.000
pipeline,array,i32,65536,gaps,lessVoid,6,0,4,294750.000
pipeline,array,i32,65536,gaps,lessVoid,0,0,1,1408000.000
pipeline,array,i32,65536,gaps,lessVoid,1,0,4,286750.000
pipeline,array,i32,65536,gaps,lessVoid,2,0,4,282750.000
pipeline,array,i32,65536,gaps,lessVoid,0,1,1,1416000.000
pipeline,array,i32,65536,gaps,lessVoid,1,1,4,254750.000
pipeline,array,i32,65536,gaps,lessVoid,2,1,4,289750.000
pipeline,array,i32,65536,gaps,lessVoid,6,1,4,270000.000
pipeline,array,i32,65536,gaps,lessVoid,6,2,4,278500.000
pipeline,array,i32,65536,gaps,lessVoid,2,2,5,254800.000
pipeline,array,i32,65536,gaps,lessVoid,0,2,1,1440000.000
pipeline,array,i32,65536,gaps,lessVoid,1,2,4,275750.000
pipeline,array,i32,65536,gaps,lessVoid,2,3,4,264500.000
pipeline,array,i32,65536,gaps,lessVoid,1,3,4,287250.000
pipeline,array,i32,65536,gaps,lessVoid,0,3,1,1432000.000
pipeline,array,i32,65536,gaps,lessVoid,6,3,4,267000.000
pipeline,array,i32,65536,gaps,lessVoid,2,4,4,276000.000
pipeline,array,i32,65536,gaps,lessVoid,6,4,5,235000.000
pipeline,array,i32,65536,gaps,lessVoid,0,4,1,1434000.000
pipeline,array,i32,65536,gaps,lessVoid,1,4,4,270000.000
pipeline,array,i32,65536,gaps,lessVoid,2,5,4,257250.000
pipeline,array,i32,65536,gaps,lessVoid,0,5,1,1427000.000
pipeline,array,i32,65536,gaps,lessVoid,1,5,4,275500.000
pipeline,array,i32,65536,gaps,lessVoid,6,5,4,254250.000
pipeline,array,i32,65536,gaps,lessVoid,1,6,5,253800.000
pipeline,array,i32,65536,gaps,lessVoid,6,6,4,254250.000
pipeline,array,i32,65536,gaps,lessVoid,2,6,4,281500.000
pipeline,array,i32,65536,gaps,lessVoid,0,6,1,1427000.000
pipeline,array,i32,65536,gaps,greaterTyped,2,0,4,268500.000
pipeline,array,i32,65536,gaps,greaterTyped,0,0,1,1409000.000
pipeline,array,i32,65536,gaps,greaterTyped,6,0,4,269250.000
pipeline,array,i32,65536,gaps,greaterTyped,1,0,4,284250.000
pipeline,array,i32,65536,gaps,greaterTyped,6,1,4,277000.000
pipeline,array,i32,65536,gaps,greaterTyped,2,1,4,259500.000
pipeline,array,i32,65536,gaps,greaterTyped,0,1,1,1377000.000
pipeline,array,i32,65536,gaps,greaterTyped,1,1,4,292500.000
pipeline,array,i32,65536,gaps,greaterTyped,2,2,4,256500.000
pipeline,array,i32,65536,gaps,greaterTyped,0,2,1,1399000.000
pipeline,array,i32,65536,gaps,greaterTyped,1,2,4,287250.000
pipeline,array,i32,65536,gaps,greaterTyped,6,2,4,278000.000
pipeline,array,i32,65536,gaps,greaterTyped,1,3,4,262750.000
pipeline,array,i32,65536,gaps,greaterTyped,0,3,1,1445000.000
pipeline,array,i32,65536,gaps,greaterTyped,2,3,4,274000.000
pipeline,array,i32,65536,gaps,greaterTyped,6,3,4,273750.000
pipeline,array,i32,65536,gaps,greaterTyped,2,4,5,253200.000
pipeline,array,i32,65536,gaps,greaterTyped,0,4,1,1391000.000
pipeline,array,i32,65536,gaps,greaterTyped,1,4,4,286000.000
pipeline,array,i32,65536,gaps,greaterTyped,6,4,4,273750.000
pipeline,array,i32,65536,gaps,greaterTyped,1,5,4,295500.000
pipeline,array,i32,65536,gaps,greaterTyped,0,5,1,1363000.000
pipeline,array,i32,65536,gaps,greaterTyped,2,5,4,279750.000
pipeline,array,i32,65536,gaps,greaterTyped,6,5,4,273000.000
pipeline,array,i32,65536,gaps,greaterTyped,0,6,1,1334000.000
pipeline,array,i32,65536,gaps,greaterTyped,6,6,4,254500.000
pipeline,array,i32,65536,gaps,greaterTyped,2,6,4,276750.000
pipeline,array,i32,65536,gaps,greaterTyped,1,6,4,260250.000
fallback,vector,i64,128,full,lessVoid,5,0,512,400.391
fallback,vector,i64,128,full,lessVoid,3,0,512,417.969
fallback,vector,i64,128,full,lessVoid,4,0,512,388.672
fallback,vector,i64,128,full,lessVoid,3,1,512,417.969
fallback,vector,i64,128,full,lessVoid,4,1,512,376.953
fallback,vector,i64,128,full,lessVoid,5,1,512,414.062
fallback,vector,i64,128,full,lessVoid,3,2,512,406.250
fallback,vector,i64,128,full,lessVoid,4,2,512,394.531
fallback,vector,i64,128,full,lessVoid,5,2,512,396.484
fallback,vector,i64,128,full,lessVoid,3,3,512,410.156
fallback,vector,i64,128,full,lessVoid,5,3,512,400.391
fallback,vector,i64,128,full,lessVoid,4,3,512,392.578
fallback,vector,i64,128,full,lessVoid,4,4,512,400.391
fallback,vector,i64,128,full,lessVoid,3,4,512,423.828
fallback,vector,i64,128,full,lessVoid,5,4,512,412.109
fallback,vector,i64,128,full,lessVoid,4,5,512,412.109
fallback,vector,i64,128,full,lessVoid,3,5,512,416.016
fallback,vector,i64,128,full,lessVoid,5,5,512,460.938
fallback,vector,i64,128,full,lessVoid,5,6,512,408.203
fallback,vector,i64,128,full,lessVoid,3,6,512,427.734
fallback,vector,i64,128,full,lessVoid,4,6,512,421.875
fallback,vector,i64,128,full,lessTyped,3,0,512,464.844
fallback,vector,i64,128,full,lessTyped,4,0,512,447.266
fallback,vector,i64,128,full,lessTyped,5,0,512,398.438
fallback,vector,i64,128,full,lessTyped,3,1,512,437.500
fallback,vector,i64,128,full,lessTyped,4,1,512,445.312
fallback,vector,i64,128,full,lessTyped,5,1,512,474.609
fallback,vector,i64,128,full,lessTyped,3,2,512,447.266
fallback,vector,i64,128,full,lessTyped,4,2,512,386.719
fallback,vector,i64,128,full,lessTyped,5,2,512,384.766
fallback,vector,i64,128,full,lessTyped,5,3,512,355.469
fallback,vector,i64,128,full,lessTyped,3,3,512,402.344
fallback,vector,i64,128,full,lessTyped,4,3,512,394.531
fallback,vector,i64,128,full,lessTyped,3,4,512,406.250
fallback,vector,i64,128,full,lessTyped,5,4,512,412.109
fallback,vector,i64,128,full,lessTyped,4,4,512,408.203
fallback,vector,i64,128,full,lessTyped,5,5,512,408.203
fallback,vector,i64,128,full,lessTyped,4,5,512,414.062
fallback,vector,i64,128,full,lessTyped,3,5,512,408.203
fallback,vector,i64,128,full,lessTyped,4,6,512,431.641
fallback,vector,i64,128,full,lessTyped,3,6,512,408.203
fallback,vector,i64,128,full,lessTyped,5,6,512,408.203
fallback,vector,i64,128,full,greaterTyped,5,0,512,435.547
fallback,vector,i64,128,full,greaterTyped,4,0,512,421.875
fallback,vector,i64,128,full,greaterTyped,3,0,512,390.625
fallback,vector,i64,128,full,greaterTyped,3,1,512,404.297
fallback,vector,i64,128,full,greaterTyped,5,1,512,416.016
fallback,vector,i64,128,full,greaterTyped,4,1,512,386.719
fallback,vector,i64,128,full,greaterTyped,5,2,512,376.953
fallback,vector,i64,128,full,greaterTyped,4,2,512,378.906
fallback,vector,i64,128,full,greaterTyped,3,2,512,398.438
fallback,vector,i64,128,full,greaterTyped,4,3,512,412.109
fallback,vector,i64,128,full,greaterTyped,5,3,512,416.016
fallback,vector,i64,128,full,greaterTyped,3,3,512,388.672
fallback,vector,i64,128,full,greaterTyped,4,4,512,398.438
fallback,vector,i64,128,full,greaterTyped,3,4,512,406.250
fallback,vector,i64,128,full,greaterTyped,5,4,512,416.016
fallback,vector,i64,128,full,greaterTyped,5,5,512,429.688
fallback,vector,i64,128,full,greaterTyped,3,5,512,410.156
fallback,vector,i64,128,full,greaterTyped,4,5,512,500.000
fallback,vector,i64,128,full,greaterTyped,3,6,512,447.266
fallback,vector,i64,128,full,greaterTyped,4,6,512,421.875
fallback,vector,i64,128,full,greaterTyped,5,6,512,429.688
pipeline,vector,i64,128,full,lessVoid,1,0,512,447.266
pipeline,vector,i64,128,full,lessVoid,6,0,512,412.109
pipeline,vector,i64,128,full,lessVoid,0,0,512,396.484
pipeline,vector,i64,128,full,lessVoid,2,0,512,390.625
pipeline,vector,i64,128,full,lessVoid,2,1,512,384.766
pipeline,vector,i64,128,full,lessVoid,6,1,512,394.531
pipeline,vector,i64,128,full,lessVoid,1,1,512,410.156
pipeline,vector,i64,128,full,lessVoid,0,1,512,406.250
pipeline,vector,i64,128,full,lessVoid,2,2,512,394.531
pipeline,vector,i64,128,full,lessVoid,1,2,512,412.109
pipeline,vector,i64,128,full,lessVoid,6,2,512,425.781
pipeline,vector,i64,128,full,lessVoid,0,2,512,412.109
pipeline,vector,i64,128,full,lessVoid,0,3,512,419.922
pipeline,vector,i64,128,full,lessVoid,2,3,512,408.203
pipeline,vector,i64,128,full,lessVoid,1,3,512,414.062
pipeline,vector,i64,128,full,lessVoid,6,3,512,421.875
pipeline,vector,i64,128,full,lessVoid,6,4,512,419.922
pipeline,vector,i64,128,full,lessVoid,1,4,512,437.500
pipeline,vector,i64,128,full,lessVoid,0,4,512,419.922
pipeline,vector,i64,128,full,lessVoid,2,4,512,427.734
pipeline,vector,i64,128,full,lessVoid,2,5,512,414.062
pipeline,vector,i64,128,full,lessVoid,6,5,512,460.938
pipeline,vector,i64,128,full,lessVoid,1,5,512,416.016
pipeline,vector,i64,128,full,lessVoid,0,5,512,396.484
pipeline,vector,i64,128,full,lessVoid,6,6,512,406.250
pipeline,vector,i64,128,full,lessVoid,2,6,512,386.719
pipeline,vector,i64,128,full,lessVoid,0,6,512,396.484
pipeline,vector,i64,128,full,lessVoid,1,6,512,476.562
pipeline,vector,i64,128,full,greaterTyped,0,0,512,380.859
pipeline,vector,i64,128,full,greaterTyped,1,0,512,386.719
pipeline,vector,i64,128,full,greaterTyped,6,0,512,400.391
pipeline,vector,i64,128,full,greaterTyped,2,0,512,390.625
pipeline,vector,i64,128,full,greaterTyped,1,1,512,388.672
pipeline,vector,i64,128,full,greaterTyped,2,1,512,435.547
pipeline,vector,i64,128,full,greaterTyped,6,1,512,406.250
pipeline,vector,i64,128,full,greaterTyped,0,1,512,390.625
pipeline,vector,i64,128,full,greaterTyped,0,2,512,406.250
pipeline,vector,i64,128,full,greaterTyped,2,2,512,400.391
pipeline,vector,i64,128,full,greaterTyped,1,2,512,392.578
pipeline,vector,i64,128,full,greaterTyped,6,2,512,449.219
pipeline,vector,i64,128,full,greaterTyped,1,3,512,404.297
pipeline,vector,i64,128,full,greaterTyped,6,3,512,419.922
pipeline,vector,i64,128,full,greaterTyped,2,3,512,410.156
pipeline,vector,i64,128,full,greaterTyped,0,3,512,392.578
pipeline,vector,i64,128,full,greaterTyped,6,4,512,408.203
pipeline,vector,i64,128,full,greaterTyped,2,4,512,417.969
pipeline,vector,i64,128,full,greaterTyped,1,4,512,433.594
pipeline,vector,i64,128,full,greaterTyped,0,4,512,419.922
pipeline,vector,i64,128,full,greaterTyped,1,5,512,433.594
pipeline,vector,i64,128,full,greaterTyped,0,5,512,396.484
pipeline,vector,i64,128,full,greaterTyped,6,5,512,427.734
pipeline,vector,i64,128,full,greaterTyped,2,5,512,414.062
pipeline,vector,i64,128,full,greaterTyped,0,6,512,439.453
pipeline,vector,i64,128,full,greaterTyped,2,6,512,455.078
pipeline,vector,i64,128,full,greaterTyped,1,6,512,453.125
pipeline,vector,i64,128,full,greaterTyped,6,6,512,408.203
fallback,vector,i64,128,bits22,lessVoid,5,0,512,384.766
fallback,vector,i64,128,bits22,lessVoid,3,0,512,398.438
fallback,vector,i64,128,bits22,lessVoid,4,0,512,382.812
fallback,vector,i64,128,bits22,lessVoid,3,1,512,402.344
fallback,vector,i64,128,bits22,lessVoid,4,1,512,410.156
fallback,vector,i64,128,bits22,lessVoid,5,1,512,406.250
fallback,vector,i64,128,bits22,lessVoid,4,2,512,394.531
fallback,vector,i64,128,bits22,lessVoid,5,2,512,378.906
fallback,vector,i64,128,bits22,lessVoid,3,2,512,414.062
fallback,vector,i64,128,bits22,lessVoid,5,3,512,392.578
fallback,vector,i64,128,bits22,lessVoid,3,3,512,400.391
fallback,vector,i64,128,bits22,lessVoid,4,3,512,371.094
fallback,vector,i64,128,bits22,lessVoid,4,4,512,414.062
fallback,vector,i64,128,bits22,lessVoid,3,4,512,396.484
fallback,vector,i64,128,bits22,lessVoid,5,4,512,404.297
fallback,vector,i64,128,bits22,lessVoid,4,5,512,380.859
fallback,vector,i64,128,bits22,lessVoid,3,5,512,443.359
fallback,vector,i64,128,bits22,lessVoid,5,5,512,380.859
fallback,vector,i64,128,bits22,lessVoid,3,6,512,425.781
fallback,vector,i64,128,bits22,lessVoid,4,6,512,392.578
fallback,vector,i64,128,bits22,lessVoid,5,6,512,376.953
fallback,vector,i64,128,bits22,lessTyped,5,0,512,369.141
fallback,vector,i64,128,bits22,lessTyped,3,0,512,408.203
fallback,vector,i64,128,bits22,lessTyped,4,0,512,419.922
fallback,vector,i64,128,bits22,lessTyped,4,1,512,441.406
fallback,vector,i64,128,bits22,lessTyped,5,1,512,416.016
fallback,vector,i64,128,bits22,lessTyped,3,1,512,453.125
fallback,vector,i64,128,bits22,lessTyped,5,2,512,392.578
fallback,vector,i64,128,bits22,lessTyped,4,2,512,421.875
fallback,vector,i64,128,bits22,lessTyped,3,2,512,423.828
fallback,vector,i64,128,bits22,lessTyped,5,3,512,460.938
fallback,vector,i64,128,bits22,lessTyped,4,3,512,398.438
fallback,vector,i64,128,bits22,lessTyped,3,3,512,429.688
fallback,vector,i64,128,bits22,lessTyped,4,4,512,406.250
fallback,vector,i64,128,bits22,lessTyped,5,4,512,427.734
fallback,vector,i64,128,bits22,lessTyped,3,4,512,416.016
fallback,vector,i64,128,bits22,lessTyped,4,5,512,406.250
fallback,vector,i64,128,bits22,lessTyped,3,5,512,425.781
fallback,vector,i64,128,bits22,lessTyped,5,5,512,402.344
fallback,vector,i64,128,bits22,lessTyped,3,6,512,408.203
fallback,vector,i64,128,bits22,lessTyped,5,6,512,441.406
fallback,vector,i64,128,bits22,lessTyped,4,6,512,427.734
fallback,vector,i64,128,bits22,greaterTyped,4,0,512,404.297
fallback,vector,i64,128,bits22,greaterTyped,5,0,512,390.625
fallback,vector,i64,128,bits22,greaterTyped,3,0,512,414.062
fallback,vector,i64,128,bits22,greaterTyped,5,1,512,378.906
fallback,vector,i64,128,bits22,greaterTyped,3,1,512,468.750
fallback,vector,i64,128,bits22,greaterTyped,4,1,512,421.875
fallback,vector,i64,128,bits22,greaterTyped,3,2,512,453.125
fallback,vector,i64,128,bits22,greaterTyped,4,2,512,400.391
fallback,vector,i64,128,bits22,greaterTyped,5,2,512,429.688
fallback,vector,i64,128,bits22,greaterTyped,4,3,512,417.969
fallback,vector,i64,128,bits22,greaterTyped,5,3,512,423.828
fallback,vector,i64,128,bits22,greaterTyped,3,3,512,406.250
fallback,vector,i64,128,bits22,greaterTyped,5,4,512,390.625
fallback,vector,i64,128,bits22,greaterTyped,3,4,512,435.547
fallback,vector,i64,128,bits22,greaterTyped,4,4,512,425.781
fallback,vector,i64,128,bits22,greaterTyped,3,5,512,464.844
fallback,vector,i64,128,bits22,greaterTyped,4,5,512,398.438
fallback,vector,i64,128,bits22,greaterTyped,5,5,512,416.016
fallback,vector,i64,128,bits22,greaterTyped,4,6,512,408.203
fallback,vector,i64,128,bits22,greaterTyped,5,6,512,419.922
fallback,vector,i64,128,bits22,greaterTyped,3,6,512,406.250
pipeline,vector,i64,128,bits22,lessVoid,0,0,512,419.922
pipeline,vector,i64,128,bits22,lessVoid,2,0,512,412.109
pipeline,vector,i64,128,bits22,lessVoid,6,0,512,417.969
pipeline,vector,i64,128,bits22,lessVoid,1,0,512,421.875
pipeline,vector,i64,128,bits22,lessVoid,2,1,512,431.641
pipeline,vector,i64,128,bits22,lessVoid,6,1,512,369.141
pipeline,vector,i64,128,bits22,lessVoid,0,1,512,429.688
pipeline,vector,i64,128,bits22,lessVoid,1,1,512,408.203
pipeline,vector,i64,128,bits22,lessVoid,0,2,512,458.984
pipeline,vector,i64,128,bits22,lessVoid,1,2,512,396.484
pipeline,vector,i64,128,bits22,lessVoid,6,2,512,419.922
pipeline,vector,i64,128,bits22,lessVoid,2,2,512,412.109
pipeline,vector,i64,128,bits22,lessVoid,6,3,512,406.250
pipeline,vector,i64,128,bits22,lessVoid,1,3,512,388.672
pipeline,vector,i64,128,bits22,lessVoid,0,3,512,386.719
pipeline,vector,i64,128,bits22,lessVoid,2,3,512,417.969
pipeline,vector,i64,128,bits22,lessVoid,1,4,512,402.344
pipeline,vector,i64,128,bits22,lessVoid,0,4,512,419.922
pipeline,vector,i64,128,bits22,lessVoid,6,4,512,388.672
pipeline,vector,i64,128,bits22,lessVoid,2,4,512,416.016
pipeline,vector,i64,128,bits22,lessVoid,2,5,512,410.156
pipeline,vector,i64,128,bits22,lessVoid,0,5,512,419.922
pipeline,vector,i64,128,bits22,lessVoid,1,5,512,378.906
pipeline,vector,i64,128,bits22,lessVoid,6,5,512,414.062
pipeline,vector,i64,128,bits22,lessVoid,0,6,512,400.391
pipeline,vector,i64,128,bits22,lessVoid,6,6,512,417.969
pipeline,vector,i64,128,bits22,lessVoid,2,6,512,421.875
pipeline,vector,i64,128,bits22,lessVoid,1,6,512,414.062
pipeline,vector,i64,128,bits22,greaterTyped,0,0,512,429.688
pipeline,vector,i64,128,bits22,greaterTyped,2,0,512,388.672
pipeline,vector,i64,128,bits22,greaterTyped,1,0,512,412.109
pipeline,vector,i64,128,bits22,greaterTyped,6,0,512,378.906
pipeline,vector,i64,128,bits22,greaterTyped,6,1,512,416.016
pipeline,vector,i64,128,bits22,greaterTyped,1,1,512,392.578
pipeline,vector,i64,128,bits22,greaterTyped,2,1,512,427.734
pipeline,vector,i64,128,bits22,greaterTyped,0,1,512,408.203
pipeline,vector,i64,128,bits22,greaterTyped,6,2,512,435.547
pipeline,vector,i64,128,bits22,greaterTyped,1,2,512,414.062
pipeline,vector,i64,128,bits22,greaterTyped,0,2,512,455.078
pipeline,vector,i64,128,bits22,greaterTyped,2,2,512,406.250
pipeline,vector,i64,128,bits22,greaterTyped,0,3,512,462.891
pipeline,vector,i64,128,bits22,greaterTyped,1,3,512,419.922
pipeline,vector,i64,128,bits22,greaterTyped,6,3,512,427.734
pipeline,vector,i64,128,bits22,greaterTyped,2,3,512,402.344
pipeline,vector,i64,128,bits22,greaterTyped,0,4,512,464.844
pipeline,vector,i64,128,bits22,greaterTyped,6,4,512,398.438
pipeline,vector,i64,128,bits22,greaterTyped,2,4,512,435.547
pipeline,vector,i64,128,bits22,greaterTyped,1,4,512,437.500
pipeline,vector,i64,128,bits22,greaterTyped,6,5,512,423.828
pipeline,vector,i64,128,bits22,greaterTyped,1,5,512,431.641
pipeline,vector,i64,128,bits22,greaterTyped,0,5,512,472.656
pipeline,vector,i64,128,bits22,greaterTyped,2,5,512,384.766
pipeline,vector,i64,128,bits22,greaterTyped,6,6,512,408.203
pipeline,vector,i64,128,bits22,greaterTyped,0,6,512,392.578
pipeline,vector,i64,128,bits22,greaterTyped,1,6,512,406.250
pipeline,vector,i64,128,bits22,greaterTyped,2,6,512,386.719
fallback,vector,i64,128,gaps,lessVoid,4,0,512,441.406
fallback,vector,i64,128,gaps,lessVoid,3,0,512,492.188
fallback,vector,i64,128,gaps,lessVoid,5,0,512,517.578
fallback,vector,i64,128,gaps,lessVoid,5,1,512,476.562
fallback,vector,i64,128,gaps,lessVoid,4,1,512,433.594
fallback,vector,i64,128,gaps,lessVoid,3,1,512,500.000
fallback,vector,i64,128,gaps,lessVoid,4,2,512,451.172
fallback,vector,i64,128,gaps,lessVoid,3,2,512,472.656
fallback,vector,i64,128,gaps,lessVoid,5,2,512,482.422
fallback,vector,i64,128,gaps,lessVoid,4,3,512,478.516
fallback,vector,i64,128,gaps,lessVoid,3,3,512,464.844
fallback,vector,i64,128,gaps,lessVoid,5,3,512,478.516
fallback,vector,i64,128,gaps,lessVoid,5,4,512,441.406
fallback,vector,i64,128,gaps,lessVoid,3,4,512,417.969
fallback,vector,i64,128,gaps,lessVoid,4,4,512,484.375
fallback,vector,i64,128,gaps,lessVoid,5,5,512,458.984
fallback,vector,i64,128,gaps,lessVoid,3,5,512,458.984
fallback,vector,i64,128,gaps,lessVoid,4,5,512,619.141
fallback,vector,i64,128,gaps,lessVoid,5,6,512,445.312
fallback,vector,i64,128,gaps,lessVoid,4,6,512,398.438
fallback,vector,i64,128,gaps,lessVoid,3,6,512,416.016
fallback,vector,i64,128,gaps,lessTyped,3,0,512,417.969
fallback,vector,i64,128,gaps,lessTyped,4,0,512,419.922
fallback,vector,i64,128,gaps,lessTyped,5,0,512,408.203
fallback,vector,i64,128,gaps,lessTyped,4,1,512,404.297
fallback,vector,i64,128,gaps,lessTyped,5,1,512,404.297
fallback,vector,i64,128,gaps,lessTyped,3,1,512,414.062
fallback,vector,i64,128,gaps,lessTyped,4,2,512,400.391
fallback,vector,i64,128,gaps,lessTyped,3,2,512,410.156
fallback,vector,i64,128,gaps,lessTyped,5,2,512,425.781
fallback,vector,i64,128,gaps,lessTyped,4,3,512,447.266
fallback,vector,i64,128,gaps,lessTyped,5,3,512,421.875
fallback,vector,i64,128,gaps,lessTyped,3,3,512,427.734
fallback,vector,i64,128,gaps,lessTyped,5,4,512,429.688
fallback,vector,i64,128,gaps,lessTyped,3,4,512,425.781
fallback,vector,i64,128,gaps,lessTyped,4,4,512,437.500
fallback,vector,i64,128,gaps,lessTyped,4,5,512,437.500
fallback,vector,i64,128,gaps,lessTyped,3,5,512,427.734
fallback,vector,i64,128,gaps,lessTyped,5,5,512,453.125
fallback,vector,i64,128,gaps,lessTyped,3,6,512,427.734
fallback,vector,i64,128,gaps,lessTyped,4,6,512,439.453
fallback,vector,i64,128,gaps,lessTyped,5,6,512,417.969
fallback,vector,i64,128,gaps,greaterTyped,4,0,512,410.156
fallback,vector,i64,128,gaps,greaterTyped,3,0,512,427.734
fallback,vector,i64,128,gaps,greaterTyped,5,0,512,425.781
fallback,vector,i64,128,gaps,greaterTyped,4,1,512,423.828
fallback,vector,i64,128,gaps,greaterTyped,3,1,512,427.734
fallback,vector,i64,128,gaps,greaterTyped,5,1,512,431.641
fallback,vector,i64,128,gaps,greaterTyped,3,2,512,433.594
fallback,vector,i64,128,gaps,greaterTyped,5,2,512,427.734
fallback,vector,i64,128,gaps,greaterTyped,4,2,512,425.781
fallback,vector,i64,128,gaps,greaterTyped,5,3,512,416.016
fallback,vector,i64,128,gaps,greaterTyped,3,3,512,607.422
fallback,vector,i64,128,gaps,greaterTyped,4,3,512,437.500
fallback,vector,i64,128,gaps,greaterTyped,5,4,512,443.359
fallback,vector,i64,128,gaps,greaterTyped,4,4,512,439.453
fallback,vector,i64,128,gaps,greaterTyped,3,4,512,460.938
fallback,vector,i64,128,gaps,greaterTyped,5,5,512,427.734
fallback,vector,i64,128,gaps,greaterTyped,4,5,512,439.453
fallback,vector,i64,128,gaps,greaterTyped,3,5,512,455.078
fallback,vector,i64,128,gaps,greaterTyped,5,6,512,558.594
fallback,vector,i64,128,gaps,greaterTyped,3,6,512,447.266
fallback,vector,i64,128,gaps,greaterTyped,4,6,512,417.969
pipeline,vector,i64,128,gaps,lessVoid,1,0,512,416.016
pipeline,vector,i64,128,gaps,lessVoid,0,0,512,419.922
pipeline,vector,i64,128,gaps,lessVoid,2,0,512,414.062
pipeline,vector,i64,128,gaps,lessVoid,6,0,512,421.875
pipeline,vector,i64,128,gaps,lessVoid,6,1,512,414.062
pipeline,vector,i64,128,gaps,lessVoid,2,1,512,402.344
pipeline,vector,i64,128,gaps,lessVoid,0,1,512,417.969
pipeline,vector,i64,128,gaps,lessVoid,1,1,512,419.922
pipeline,vector,i64,128,gaps,lessVoid,2,2,512,414.062
pipeline,vector,i64,128,gaps,lessVoid,1,2,512,451.172
pipeline,vector,i64,128,gaps,lessVoid,6,2,512,451.172
pipeline,vector,i64,128,gaps,lessVoid,0,2,512,433.594
pipeline,vector,i64,128,gaps,lessVoid,0,3,512,429.688
pipeline,vector,i64,128,gaps,lessVoid,2,3,512,441.406
pipeline,vector,i64,128,gaps,lessVoid,1,3,512,523.438
pipeline,vector,i64,128,gaps,lessVoid,6,3,512,476.562
pipeline,vector,i64,128,gaps,lessVoid,0,4,512,439.453
pipeline,vector,i64,128,gaps,lessVoid,1,4,512,431.641
pipeline,vector,i64,128,gaps,lessVoid,6,4,512,437.500
pipeline,vector,i64,128,gaps,lessVoid,2,4,512,453.125
pipeline,vector,i64,128,gaps,lessVoid,6,5,512,427.734
pipeline,vector,i64,128,gaps,lessVoid,0,5,512,423.828
pipeline,vector,i64,128,gaps,lessVoid,2,5,512,455.078
pipeline,vector,i64,128,gaps,lessVoid,1,5,512,441.406
pipeline,vector,i64,128,gaps,lessVoid,2,6,512,455.078
pipeline,vector,i64,128,gaps,lessVoid,0,6,512,447.266
pipeline,vector,i64,128,gaps,lessVoid,1,6,512,445.312
pipeline,vector,i64,128,gaps,lessVoid,6,6,512,437.500
pipeline,vector,i64,128,gaps,greaterTyped,1,0,512,453.125
pipeline,vector,i64,128,gaps,greaterTyped,2,0,512,462.891
pipeline,vector,i64,128,gaps,greaterTyped,6,0,512,437.500
pipeline,vector,i64,128,gaps,greaterTyped,0,0,512,507.812
pipeline,vector,i64,128,gaps,greaterTyped,6,1,512,439.453
pipeline,vector,i64,128,gaps,greaterTyped,2,1,512,451.172
pipeline,vector,i64,128,gaps,greaterTyped,1,1,512,388.672
pipeline,vector,i64,128,gaps,greaterTyped,0,1,512,496.094
pipeline,vector,i64,128,gaps,greaterTyped,1,2,512,455.078
pipeline,vector,i64,128,gaps,greaterTyped,2,2,512,431.641
pipeline,vector,i64,128,gaps,greaterTyped,6,2,512,486.328
pipeline,vector,i64,128,gaps,greaterTyped,0,2,512,503.906
pipeline,vector,i64,128,gaps,greaterTyped,2,3,512,392.578
pipeline,vector,i64,128,gaps,greaterTyped,1,3,512,460.938
pipeline,vector,i64,128,gaps,greaterTyped,6,3,512,482.422
pipeline,vector,i64,128,gaps,greaterTyped,0,3,512,468.750
pipeline,vector,i64,128,gaps,greaterTyped,1,4,512,443.359
pipeline,vector,i64,128,gaps,greaterTyped,2,4,512,445.312
pipeline,vector,i64,128,gaps,greaterTyped,0,4,512,486.328
pipeline,vector,i64,128,gaps,greaterTyped,6,4,512,462.891
pipeline,vector,i64,128,gaps,greaterTyped,0,5,512,447.266
pipeline,vector,i64,128,gaps,greaterTyped,2,5,512,474.609
pipeline,vector,i64,128,gaps,greaterTyped,6,5,512,484.375
pipeline,vector,i64,128,gaps,greaterTyped,1,5,512,455.078
pipeline,vector,i64,128,gaps,greaterTyped,0,6,512,464.844
pipeline,vector,i64,128,gaps,greaterTyped,6,6,512,462.891
pipeline,vector,i64,128,gaps,greaterTyped,1,6,512,517.578
pipeline,vector,i64,128,gaps,greaterTyped,2,6,512,492.188
fallback,vector,i64,128,ordered,lessVoid,3,0,512,320.312
fallback,vector,i64,128,ordered,lessVoid,5,0,512,304.688
fallback,vector,i64,128,ordered,lessVoid,4,0,512,328.125
fallback,vector,i64,128,ordered,lessVoid,3,1,512,316.406
fallback,vector,i64,128,ordered,lessVoid,4,1,512,302.734
fallback,vector,i64,128,ordered,lessVoid,5,1,512,306.641
fallback,vector,i64,128,ordered,lessVoid,5,2,512,304.688
fallback,vector,i64,128,ordered,lessVoid,3,2,512,343.750
fallback,vector,i64,128,ordered,lessVoid,4,2,512,324.219
fallback,vector,i64,128,ordered,lessVoid,5,3,512,287.109
fallback,vector,i64,128,ordered,lessVoid,3,3,512,304.688
fallback,vector,i64,128,ordered,lessVoid,4,3,512,314.453
fallback,vector,i64,128,ordered,lessVoid,5,4,512,320.312
fallback,vector,i64,128,ordered,lessVoid,4,4,512,359.375
fallback,vector,i64,128,ordered,lessVoid,3,4,512,300.781
fallback,vector,i64,128,ordered,lessVoid,4,5,512,312.500
fallback,vector,i64,128,ordered,lessVoid,5,5,512,302.734
fallback,vector,i64,128,ordered,lessVoid,3,5,512,320.312
fallback,vector,i64,128,ordered,lessVoid,5,6,512,343.750
fallback,vector,i64,128,ordered,lessVoid,4,6,512,328.125
fallback,vector,i64,128,ordered,lessVoid,3,6,512,304.688
fallback,vector,i64,128,ordered,lessTyped,5,0,512,328.125
fallback,vector,i64,128,ordered,lessTyped,4,0,512,302.734
fallback,vector,i64,128,ordered,lessTyped,3,0,512,320.312
fallback,vector,i64,128,ordered,lessTyped,4,1,512,318.359
fallback,vector,i64,128,ordered,lessTyped,3,1,512,351.562
fallback,vector,i64,128,ordered,lessTyped,5,1,512,337.891
fallback,vector,i64,128,ordered,lessTyped,5,2,512,306.641
fallback,vector,i64,128,ordered,lessTyped,3,2,512,302.734
fallback,vector,i64,128,ordered,lessTyped,4,2,512,310.547
fallback,vector,i64,128,ordered,lessTyped,3,3,512,335.938
fallback,vector,i64,128,ordered,lessTyped,5,3,512,339.844
fallback,vector,i64,128,ordered,lessTyped,4,3,512,316.406
fallback,vector,i64,128,ordered,lessTyped,3,4,512,298.828
fallback,vector,i64,128,ordered,lessTyped,5,4,512,302.734
fallback,vector,i64,128,ordered,lessTyped,4,4,512,312.500
fallback,vector,i64,128,ordered,lessTyped,5,5,512,335.938
fallback,vector,i64,128,ordered,lessTyped,4,5,512,324.219
fallback,vector,i64,128,ordered,lessTyped,3,5,512,298.828
fallback,vector,i64,128,ordered,lessTyped,3,6,512,345.703
fallback,vector,i64,128,ordered,lessTyped,4,6,512,322.266
fallback,vector,i64,128,ordered,lessTyped,5,6,512,314.453
fallback,vector,i64,128,ordered,greaterTyped,5,0,512,271.484
fallback,vector,i64,128,ordered,greaterTyped,3,0,512,246.094
fallback,vector,i64,128,ordered,greaterTyped,4,0,512,251.953
fallback,vector,i64,128,ordered,greaterTyped,3,1,512,267.578
fallback,vector,i64,128,ordered,greaterTyped,5,1,512,251.953
fallback,vector,i64,128,ordered,greaterTyped,4,1,512,234.375
fallback,vector,i64,128,ordered,greaterTyped,3,2,512,267.578
fallback,vector,i64,128,ordered,greaterTyped,4,2,512,251.953
fallback,vector,i64,128,ordered,greaterTyped,5,2,512,242.188
fallback,vector,i64,128,ordered,greaterTyped,5,3,512,259.766
fallback,vector,i64,128,ordered,greaterTyped,4,3,512,261.719
fallback,vector,i64,128,ordered,greaterTyped,3,3,512,242.188
fallback,vector,i64,128,ordered,greaterTyped,4,4,512,267.578
fallback,vector,i64,128,ordered,greaterTyped,5,4,512,263.672
fallback,vector,i64,128,ordered,greaterTyped,3,4,512,242.188
fallback,vector,i64,128,ordered,greaterTyped,5,5,512,255.859
fallback,vector,i64,128,ordered,greaterTyped,4,5,512,259.766
fallback,vector,i64,128,ordered,greaterTyped,3,5,512,246.094
fallback,vector,i64,128,ordered,greaterTyped,5,6,512,263.672
fallback,vector,i64,128,ordered,greaterTyped,4,6,512,269.531
fallback,vector,i64,128,ordered,greaterTyped,3,6,512,244.141
fallback,vector,i64,128,reverse,lessVoid,4,0,512,257.812
fallback,vector,i64,128,reverse,lessVoid,5,0,512,275.391
fallback,vector,i64,128,reverse,lessVoid,3,0,512,273.438
fallback,vector,i64,128,reverse,lessVoid,4,1,512,238.281
fallback,vector,i64,128,reverse,lessVoid,5,1,512,267.578
fallback,vector,i64,128,reverse,lessVoid,3,1,512,263.672
fallback,vector,i64,128,reverse,lessVoid,3,2,512,273.438
fallback,vector,i64,128,reverse,lessVoid,4,2,512,238.281
fallback,vector,i64,128,reverse,lessVoid,5,2,512,267.578
fallback,vector,i64,128,reverse,lessVoid,5,3,512,250.000
fallback,vector,i64,128,reverse,lessVoid,4,3,512,255.859
fallback,vector,i64,128,reverse,lessVoid,3,3,512,271.484
fallback,vector,i64,128,reverse,lessVoid,5,4,512,244.141
fallback,vector,i64,128,reverse,lessVoid,3,4,512,275.391
fallback,vector,i64,128,reverse,lessVoid,4,4,512,273.438
fallback,vector,i64,128,reverse,lessVoid,5,5,512,257.812
fallback,vector,i64,128,reverse,lessVoid,3,5,512,236.328
fallback,vector,i64,128,reverse,lessVoid,4,5,512,269.531
fallback,vector,i64,128,reverse,lessVoid,4,6,512,261.719
fallback,vector,i64,128,reverse,lessVoid,3,6,512,228.516
fallback,vector,i64,128,reverse,lessVoid,5,6,512,259.766
fallback,vector,i64,128,reverse,lessTyped,3,0,512,285.156
fallback,vector,i64,128,reverse,lessTyped,5,0,512,277.344
fallback,vector,i64,128,reverse,lessTyped,4,0,512,250.000
fallback,vector,i64,128,reverse,lessTyped,5,1,512,263.672
fallback,vector,i64,128,reverse,lessTyped,4,1,512,232.422
fallback,vector,i64,128,reverse,lessTyped,3,1,512,271.484
fallback,vector,i64,128,reverse,lessTyped,3,2,512,279.297
fallback,vector,i64,128,reverse,lessTyped,5,2,512,253.906
fallback,vector,i64,128,reverse,lessTyped,4,2,512,250.000
fallback,vector,i64,128,reverse,lessTyped,5,3,512,265.625
fallback,vector,i64,128,reverse,lessTyped,3,3,512,255.859
fallback,vector,i64,128,reverse,lessTyped,4,3,512,267.578
fallback,vector,i64,128,reverse,lessTyped,4,4,512,271.484
fallback,vector,i64,128,reverse,lessTyped,3,4,512,261.719
fallback,vector,i64,128,reverse,lessTyped,5,4,512,228.516
fallback,vector,i64,128,reverse,lessTyped,3,5,512,267.578
fallback,vector,i64,128,reverse,lessTyped,5,5,512,261.719
fallback,vector,i64,128,reverse,lessTyped,4,5,512,246.094
fallback,vector,i64,128,reverse,lessTyped,5,6,512,273.438
fallback,vector,i64,128,reverse,lessTyped,4,6,512,279.297
fallback,vector,i64,128,reverse,lessTyped,3,6,512,250.000
fallback,vector,i64,128,reverse,greaterTyped,4,0,512,347.656
fallback,vector,i64,128,reverse,greaterTyped,3,0,512,304.688
fallback,vector,i64,128,reverse,greaterTyped,5,0,512,302.734
fallback,vector,i64,128,reverse,greaterTyped,5,1,512,337.891
fallback,vector,i64,128,reverse,greaterTyped,3,1,512,298.828
fallback,vector,i64,128,reverse,greaterTyped,4,1,512,324.219
fallback,vector,i64,128,reverse,greaterTyped,3,2,512,328.125
fallback,vector,i64,128,reverse,greaterTyped,5,2,512,316.406
fallback,vector,i64,128,reverse,greaterTyped,4,2,512,335.938
fallback,vector,i64,128,reverse,greaterTyped,4,3,512,318.359
fallback,vector,i64,128,reverse,greaterTyped,3,3,512,308.594
fallback,vector,i64,128,reverse,greaterTyped,5,3,512,333.984
fallback,vector,i64,128,reverse,greaterTyped,4,4,512,314.453
fallback,vector,i64,128,reverse,greaterTyped,5,4,512,324.219
fallback,vector,i64,128,reverse,greaterTyped,3,4,512,322.266
fallback,vector,i64,128,reverse,greaterTyped,5,5,512,304.688
fallback,vector,i64,128,reverse,greaterTyped,3,5,512,347.656
fallback,vector,i64,128,reverse,greaterTyped,4,5,512,322.266
fallback,vector,i64,128,reverse,greaterTyped,5,6,512,306.641
fallback,vector,i64,128,reverse,greaterTyped,4,6,512,349.609
fallback,vector,i64,128,reverse,greaterTyped,3,6,512,306.641
fallback,vector,i64,128,nearly,lessVoid,3,0,512,345.703
fallback,vector,i64,128,nearly,lessVoid,5,0,512,320.312
fallback,vector,i64,128,nearly,lessVoid,4,0,512,345.703
fallback,vector,i64,128,nearly,lessVoid,4,1,512,332.031
fallback,vector,i64,128,nearly,lessVoid,3,1,512,341.797
fallback,vector,i64,128,nearly,lessVoid,5,1,512,347.656
fallback,vector,i64,128,nearly,lessVoid,4,2,512,322.266
fallback,vector,i64,128,nearly,lessVoid,5,2,512,351.562
fallback,vector,i64,128,nearly,lessVoid,3,2,512,361.328
fallback,vector,i64,128,nearly,lessVoid,5,3,512,330.078
fallback,vector,i64,128,nearly,lessVoid,3,3,512,369.141
fallback,vector,i64,128,nearly,lessVoid,4,3,512,324.219
fallback,vector,i64,128,nearly,lessVoid,4,4,512,347.656
fallback,vector,i64,128,nearly,lessVoid,3,4,512,357.422
fallback,vector,i64,128,nearly,lessVoid,5,4,512,328.125
fallback,vector,i64,128,nearly,lessVoid,3,5,512,378.906
fallback,vector,i64,128,nearly,lessVoid,5,5,512,320.312
fallback,vector,i64,128,nearly,lessVoid,4,5,512,355.469
fallback,vector,i64,128,nearly,lessVoid,5,6,512,333.984
fallback,vector,i64,128,nearly,lessVoid,3,6,512,341.797
fallback,vector,i64,128,nearly,lessVoid,4,6,512,353.516
fallback,vector,i64,128,nearly,lessTyped,3,0,512,330.078
fallback,vector,i64,128,nearly,lessTyped,5,0,512,357.422
fallback,vector,i64,128,nearly,lessTyped,4,0,512,349.609
fallback,vector,i64,128,nearly,lessTyped,5,1,512,345.703
fallback,vector,i64,128,nearly,lessTyped,4,1,512,337.891
fallback,vector,i64,128,nearly,lessTyped,3,1,512,326.172
fallback,vector,i64,128,nearly,lessTyped,4,2,512,357.422
fallback,vector,i64,128,nearly,lessTyped,5,2,512,324.219
fallback,vector,i64,128,nearly,lessTyped,3,2,512,349.609
fallback,vector,i64,128,nearly,lessTyped,3,3,512,347.656
fallback,vector,i64,128,nearly,lessTyped,5,3,512,326.172
fallback,vector,i64,128,nearly,lessTyped,4,3,512,361.328
fallback,vector,i64,128,nearly,lessTyped,5,4,512,314.453
fallback,vector,i64,128,nearly,lessTyped,3,4,512,335.938
fallback,vector,i64,128,nearly,lessTyped,4,4,512,330.078
fallback,vector,i64,128,nearly,lessTyped,5,5,512,332.031
fallback,vector,i64,128,nearly,lessTyped,3,5,512,392.578
fallback,vector,i64,128,nearly,lessTyped,4,5,512,341.797
fallback,vector,i64,128,nearly,lessTyped,3,6,512,343.750
fallback,vector,i64,128,nearly,lessTyped,5,6,512,322.266
fallback,vector,i64,128,nearly,lessTyped,4,6,512,332.031
fallback,vector,i64,128,nearly,greaterTyped,4,0,512,320.312
fallback,vector,i64,128,nearly,greaterTyped,3,0,512,308.594
fallback,vector,i64,128,nearly,greaterTyped,5,0,512,345.703
fallback,vector,i64,128,nearly,greaterTyped,5,1,512,308.594
fallback,vector,i64,128,nearly,greaterTyped,4,1,512,306.641
fallback,vector,i64,128,nearly,greaterTyped,3,1,512,343.750
fallback,vector,i64,128,nearly,greaterTyped,3,2,512,296.875
fallback,vector,i64,128,nearly,greaterTyped,5,2,512,310.547
fallback,vector,i64,128,nearly,greaterTyped,4,2,512,335.938
fallback,vector,i64,128,nearly,greaterTyped,5,3,512,310.547
fallback,vector,i64,128,nearly,greaterTyped,3,3,512,337.891
fallback,vector,i64,128,nearly,greaterTyped,4,3,512,310.547
fallback,vector,i64,128,nearly,greaterTyped,4,4,512,304.688
fallback,vector,i64,128,nearly,greaterTyped,5,4,512,324.219
fallback,vector,i64,128,nearly,greaterTyped,3,4,512,308.594
fallback,vector,i64,128,nearly,greaterTyped,5,5,512,298.828
fallback,vector,i64,128,nearly,greaterTyped,4,5,512,330.078
fallback,vector,i64,128,nearly,greaterTyped,3,5,512,279.297
fallback,vector,i64,128,nearly,greaterTyped,5,6,512,318.359
fallback,vector,i64,128,nearly,greaterTyped,3,6,512,361.328
fallback,vector,i64,128,nearly,greaterTyped,4,6,512,355.469
fallback,vector,i64,512,full,lessVoid,5,0,403,2483.871
fallback,vector,i64,512,full,lessVoid,3,0,387,2583.979
fallback,vector,i64,512,full,lessVoid,4,0,409,2449.878
fallback,vector,i64,512,full,lessVoid,4,1,411,2433.090
fallback,vector,i64,512,full,lessVoid,5,1,403,2486.352
fallback,vector,i64,512,full,lessVoid,3,1,400,2505.000
fallback,vector,i64,512,full,lessVoid,3,2,397,2521.411
fallback,vector,i64,512,full,lessVoid,5,2,394,2538.071
fallback,vector,i64,512,full,lessVoid,4,2,420,2383.333
fallback,vector,i64,512,full,lessVoid,4,3,428,2336.449
fallback,vector,i64,512,full,lessVoid,3,3,407,2459.459
fallback,vector,i64,512,full,lessVoid,5,3,414,2417.874
fallback,vector,i64,512,full,lessVoid,3,4,418,2392.344
fallback,vector,i64,512,full,lessVoid,4,4,423,2364.066
fallback,vector,i64,512,full,lessVoid,5,4,421,2375.297
fallback,vector,i64,512,full,lessVoid,5,5,404,2477.723
fallback,vector,i64,512,full,lessVoid,4,5,414,2420.290
fallback,vector,i64,512,full,lessVoid,3,5,411,2435.523
fallback,vector,i64,512,full,lessVoid,5,6,412,2427.184
fallback,vector,i64,512,full,lessVoid,4,6,412,2429.612
fallback,vector,i64,512,full,lessVoid,3,6,394,2538.071
fallback,vector,i64,512,full,lessTyped,5,0,421,2375.297
fallback,vector,i64,512,full,lessTyped,4,0,414,2417.874
fallback,vector,i64,512,full,lessTyped,3,0,411,2433.090
fallback,vector,i64,512,full,lessTyped,5,1,401,2496.259
fallback,vector,i64,512,full,lessTyped,3,1,418,2397.129
fallback,vector,i64,512,full,lessTyped,4,1,391,2557.545
fallback,vector,i64,512,full,lessTyped,4,2,425,2352.941
fallback,vector,i64,512,full,lessTyped,3,2,408,2455.882
fallback,vector,i64,512,full,lessTyped,5,2,408,2450.980
fallback,vector,i64,512,full,lessTyped,4,3,424,2358.491
fallback,vector,i64,512,full,lessTyped,3,3,407,2457.002
fallback,vector,i64,512,full,lessTyped,5,3,400,2505.000
fallback,vector,i64,512,full,lessTyped,5,4,397,2518.892
fallback,vector,i64,512,full,lessTyped,3,4,416,2403.846
fallback,vector,i64,512,full,lessTyped,4,4,404,2480.198
fallback,vector,i64,512,full,lessTyped,4,5,384,2604.167
fallback,vector,i64,512,full,lessTyped,5,5,414,2417.874
fallback,vector,i64,512,full,lessTyped,3,5,421,2377.672
fallback,vector,i64,512,full,lessTyped,5,6,405,2471.605
fallback,vector,i64,512,full,lessTyped,3,6,424,2358.491
fallback,vector,i64,512,full,lessTyped,4,6,414,2415.459
fallback,vector,i64,512,full,greaterTyped,3,0,445,2247.191
fallback,vector,i64,512,full,greaterTyped,5,0,425,2355.294
fallback,vector,i64,512,full,greaterTyped,4,0,426,2349.765
fallback,vector,i64,512,full,greaterTyped,5,1,429,2333.333
fallback,vector,i64,512,full,greaterTyped,4,1,419,2391.408
fallback,vector,i64,512,full,greaterTyped,3,1,420,2383.333
fallback,vector,i64,512,full,greaterTyped,4,2,404,2477.723
fallback,vector,i64,512,full,greaterTyped,5,2,418,2394.737
fallback,vector,i64,512,full,greaterTyped,3,2,450,2224.444
fallback,vector,i64,512,full,greaterTyped,5,3,432,2314.815
fallback,vector,i64,512,full,greaterTyped,4,3,443,2259.594
fallback,vector,i64,512,full,greaterTyped,3,3,428,2338.785
fallback,vector,i64,512,full,greaterTyped,4,4,425,2352.941
fallback,vector,i64,512,full,greaterTyped,5,4,424,2360.849
fallback,vector,i64,512,full,greaterTyped,3,4,419,2389.021
fallback,vector,i64,512,full,greaterTyped,3,5,423,2368.794
fallback,vector,i64,512,full,greaterTyped,4,5,404,2480.198
fallback,vector,i64,512,full,greaterTyped,5,5,431,2322.506
fallback,vector,i64,512,full,greaterTyped,5,6,434,2304.147
fallback,vector,i64,512,full,greaterTyped,4,6,443,2259.594
fallback,vector,i64,512,full,greaterTyped,3,6,433,2311.778
pipeline,vector,i64,512,full,lessVoid,6,0,382,2617.801
pipeline,vector,i64,512,full,lessVoid,0,0,363,2754.821
pipeline,vector,i64,512,full,lessVoid,2,0,367,2730.245
pipeline,vector,i64,512,full,lessVoid,1,0,365,2745.205
pipeline,vector,i64,512,full,lessVoid,0,1,363,2754.821
pipeline,vector,i64,512,full,lessVoid,2,1,355,2819.718
pipeline,vector,i64,512,full,lessVoid,1,1,365,2742.466
pipeline,vector,i64,512,full,lessVoid,6,1,357,2801.120
pipeline,vector,i64,512,full,lessVoid,1,2,357,2801.120
pipeline,vector,i64,512,full,lessVoid,6,2,357,2801.120
pipeline,vector,i64,512,full,lessVoid,2,2,355,2850.704
pipeline,vector,i64,512,full,lessVoid,0,2,363,2754.821
pipeline,vector,i64,512,full,lessVoid,0,3,364,2750.000
pipeline,vector,i64,512,full,lessVoid,1,3,355,2816.901
pipeline,vector,i64,512,full,lessVoid,6,3,361,2770.083
pipeline,vector,i64,512,full,lessVoid,2,3,353,2835.694
pipeline,vector,i64,512,full,lessVoid,1,4,361,2772.853
pipeline,vector,i64,512,full,lessVoid,0,4,357,2806.723
pipeline,vector,i64,512,full,lessVoid,6,4,356,2814.607
pipeline,vector,i64,512,full,lessVoid,2,4,354,2830.508
pipeline,vector,i64,512,full,lessVoid,2,5,355,2819.718
pipeline,vector,i64,512,full,lessVoid,1,5,356,2808.989
pipeline,vector,i64,512,full,lessVoid,0,5,363,2757.576
pipeline,vector,i64,512,full,lessVoid,6,5,369,2710.027
pipeline,vector,i64,512,full,lessVoid,0,6,366,2732.240
pipeline,vector,i64,512,full,lessVoid,1,6,358,2793.296
pipeline,vector,i64,512,full,lessVoid,2,6,350,2862.857
pipeline,vector,i64,512,full,lessVoid,6,6,354,2827.684
pipeline,vector,i64,512,full,greaterTyped,2,0,367,2724.796
pipeline,vector,i64,512,full,greaterTyped,0,0,371,2698.113
pipeline,vector,i64,512,full,greaterTyped,1,0,369,2715.447
pipeline,vector,i64,512,full,greaterTyped,6,0,372,2693.548
pipeline,vector,i64,512,full,greaterTyped,1,1,364,2752.747
pipeline,vector,i64,512,full,greaterTyped,2,1,338,2964.497
pipeline,vector,i64,512,full,greaterTyped,0,1,363,2757.576
pipeline,vector,i64,512,full,greaterTyped,6,1,363,2760.331
pipeline,vector,i64,512,full,greaterTyped,1,2,378,2645.503
pipeline,vector,i64,512,full,greaterTyped,0,2,379,2638.522
pipeline,vector,i64,512,full,greaterTyped,6,2,368,2722.826
pipeline,vector,i64,512,full,greaterTyped,2,2,366,2737.705
pipeline,vector,i64,512,full,greaterTyped,6,3,362,2765.193
pipeline,vector,i64,512,full,greaterTyped,0,3,354,2830.508
pipeline,vector,i64,512,full,greaterTyped,1,3,368,2720.109
pipeline,vector,i64,512,full,greaterTyped,2,3,347,2887.608
pipeline,vector,i64,512,full,greaterTyped,2,4,331,3027.190
pipeline,vector,i64,512,full,greaterTyped,1,4,355,2816.901
pipeline,vector,i64,512,full,greaterTyped,6,4,373,2686.327
pipeline,vector,i64,512,full,greaterTyped,0,4,371,2700.809
pipeline,vector,i64,512,full,greaterTyped,6,5,364,2750.000
pipeline,vector,i64,512,full,greaterTyped,1,5,353,2832.861
pipeline,vector,i64,512,full,greaterTyped,0,5,370,2702.703
pipeline,vector,i64,512,full,greaterTyped,2,5,375,2672.000
pipeline,vector,i64,512,full,greaterTyped,2,6,378,2645.503
pipeline,vector,i64,512,full,greaterTyped,6,6,375,2672.000
pipeline,vector,i64,512,full,greaterTyped,1,6,373,2686.327
pipeline,vector,i64,512,full,greaterTyped,0,6,373,2686.327
fallback,vector,i64,512,bits22,lessVoid,5,0,434,2304.147
fallback,vector,i64,512,bits22,lessVoid,4,0,449,2229.399
fallback,vector,i64,512,bits22,lessVoid,3,0,399,2506.266
fallback,vector,i64,512,bits22,lessVoid,4,1,350,2857.143
fallback,vector,i64,512,bits22,lessVoid,5,1,397,2518.892
fallback,vector,i64,512,bits22,lessVoid,3,1,404,2480.198
fallback,vector,i64,512,bits22,lessVoid,3,2,420,2383.333
fallback,vector,i64,512,bits22,lessVoid,4,2,421,2377.672
fallback,vector,i64,512,bits22,lessVoid,5,2,356,2808.989
fallback,vector,i64,512,bits22,lessVoid,4,3,404,2480.198
fallback,vector,i64,512,bits22,lessVoid,3,3,418,2392.344
fallback,vector,i64,512,bits22,lessVoid,5,3,425,2355.294
fallback,vector,i64,512,bits22,lessVoid,3,4,401,2498.753
fallback,vector,i64,512,bits22,lessVoid,5,4,400,2500.000
fallback,vector,i64,512,bits22,lessVoid,4,4,378,2648.148
fallback,vector,i64,512,bits22,lessVoid,3,5,408,2453.431
fallback,vector,i64,512,bits22,lessVoid,5,5,384,2606.771
fallback,vector,i64,512,bits22,lessVoid,4,5,429,2333.333
fallback,vector,i64,512,bits22,lessVoid,5,6,414,2415.459
fallback,vector,i64,512,bits22,lessVoid,3,6,413,2421.308
fallback,vector,i64,512,bits22,lessVoid,4,6,413,2421.308
fallback,vector,i64,512,bits22,lessTyped,5,0,447,2241.611
fallback,vector,i64,512,bits22,lessTyped,3,0,443,2259.594
fallback,vector,i64,512,bits22,lessTyped,4,0,431,2324.826
fallback,vector,i64,512,bits22,lessTyped,4,1,430,2325.581
fallback,vector,i64,512,bits22,lessTyped,3,1,439,2277.904
fallback,vector,i64,512,bits22,lessTyped,5,1,397,2528.967
fallback,vector,i64,512,bits22,lessTyped,4,2,390,2564.103
fallback,vector,i64,512,bits22,lessTyped,3,2,436,2295.872
fallback,vector,i64,512,bits22,lessTyped,5,2,434,2306.452
fallback,vector,i64,512,bits22,lessTyped,4,3,434,2306.452
fallback,vector,i64,512,bits22,lessTyped,5,3,455,2202.198
fallback,vector,i64,512,bits22,lessTyped,3,3,442,2262.443
fallback,vector,i64,512,bits22,lessTyped,5,4,446,2244.395
fallback,vector,i64,512,bits22,lessTyped,3,4,428,2336.449
fallback,vector,i64,512,bits22,lessTyped,4,4,443,2261.851
fallback,vector,i64,512,bits22,lessTyped,3,5,411,2435.523
fallback,vector,i64,512,bits22,lessTyped,5,5,410,2441.463
fallback,vector,i64,512,bits22,lessTyped,4,5,415,2412.048
fallback,vector,i64,512,bits22,lessTyped,5,6,414,2417.874
fallback,vector,i64,512,bits22,lessTyped,3,6,407,2457.002
fallback,vector,i64,512,bits22,lessTyped,4,6,415,2431.325
fallback,vector,i64,512,bits22,greaterTyped,5,0,430,2327.907
fallback,vector,i64,512,bits22,greaterTyped,4,0,409,2444.988
fallback,vector,i64,512,bits22,greaterTyped,3,0,416,2406.250
fallback,vector,i64,512,bits22,greaterTyped,3,1,414,2417.874
fallback,vector,i64,512,bits22,greaterTyped,4,1,412,2429.612
fallback,vector,i64,512,bits22,greaterTyped,5,1,435,2303.448
fallback,vector,i64,512,bits22,greaterTyped,4,2,418,2392.344
fallback,vector,i64,512,bits22,greaterTyped,3,2,415,2409.639
fallback,vector,i64,512,bits22,greaterTyped,5,2,418,2394.737
fallback,vector,i64,512,bits22,greaterTyped,5,3,429,2333.333
fallback,vector,i64,512,bits22,greaterTyped,4,3,407,2457.002
fallback,vector,i64,512,bits22,greaterTyped,3,3,415,2412.048
fallback,vector,i64,512,bits22,greaterTyped,4,4,407,2461.916
fallback,vector,i64,512,bits22,greaterTyped,5,4,418,2394.737
fallback,vector,i64,512,bits22,greaterTyped,3,4,423,2364.066
fallback,vector,i64,512,bits22,greaterTyped,4,5,408,2450.980
fallback,vector,i64,512,bits22,greaterTyped,3,5,426,2347.418
fallback,vector,i64,512,bits22,greaterTyped,5,5,413,2421.308
fallback,vector,i64,512,bits22,greaterTyped,3,6,440,2272.727
fallback,vector,i64,512,bits22,greaterTyped,4,6,425,2355.294
fallback,vector,i64,512,bits22,greaterTyped,5,6,410,2441.463
pipeline,vector,i64,512,bits22,lessVoid,2,0,377,2652.520
pipeline,vector,i64,512,bits22,lessVoid,1,0,399,2506.266
pipeline,vector,i64,512,bits22,lessVoid,6,0,376,2662.234
pipeline,vector,i64,512,bits22,lessVoid,0,0,356,2811.798
pipeline,vector,i64,512,bits22,lessVoid,2,1,373,2683.646
pipeline,vector,i64,512,bits22,lessVoid,6,1,376,2662.234
pipeline,vector,i64,512,bits22,lessVoid,0,1,371,2698.113
pipeline,vector,i64,512,bits22,lessVoid,1,1,372,2688.172
pipeline,vector,i64,512,bits22,lessVoid,1,2,383,2613.577
pipeline,vector,i64,512,bits22,lessVoid,6,2,373,2683.646
pipeline,vector,i64,512,bits22,lessVoid,0,2,374,2673.797
pipeline,vector,i64,512,bits22,lessVoid,2,2,367,2724.796
pipeline,vector,i64,512,bits22,lessVoid,2,3,375,2669.333
pipeline,vector,i64,512,bits22,lessVoid,6,3,379,2643.799
pipeline,vector,i64,512,bits22,lessVoid,1,3,374,2673.797
pipeline,vector,i64,512,bits22,lessVoid,0,3,371,2695.418
pipeline,vector,i64,512,bits22,lessVoid,6,4,375,2672.000
pipeline,vector,i64,512,bits22,lessVoid,0,4,361,2775.623
pipeline,vector,i64,512,bits22,lessVoid,1,4,365,2742.466
pipeline,vector,i64,512,bits22,lessVoid,2,4,357,2801.120
pipeline,vector,i64,512,bits22,lessVoid,0,5,381,2624.672
pipeline,vector,i64,512,bits22,lessVoid,1,5,378,2648.148
pipeline,vector,i64,512,bits22,lessVoid,2,5,375,2669.333
pipeline,vector,i64,512,bits22,lessVoid,6,5,377,2657.825
pipeline,vector,i64,512,bits22,lessVoid,1,6,370,2708.108
pipeline,vector,i64,512,bits22,lessVoid,0,6,368,2722.826
pipeline,vector,i64,512,bits22,lessVoid,2,6,369,2712.737
pipeline,vector,i64,512,bits22,lessVoid,6,6,368,2717.391
pipeline,vector,i64,512,bits22,greaterTyped,0,0,366,2734.973
pipeline,vector,i64,512,bits22,greaterTyped,1,0,370,2702.703
pipeline,vector,i64,512,bits22,greaterTyped,6,0,369,2710.027
pipeline,vector,i64,512,bits22,greaterTyped,2,0,357,2803.922
pipeline,vector,i64,512,bits22,greaterTyped,6,1,370,2702.703
pipeline,vector,i64,512,bits22,greaterTyped,1,1,366,2732.240
pipeline,vector,i64,512,bits22,greaterTyped,0,1,365,2742.466
pipeline,vector,i64,512,bits22,greaterTyped,2,1,373,2683.646
pipeline,vector,i64,512,bits22,greaterTyped,1,2,364,2752.747
pipeline,vector,i64,512,bits22,greaterTyped,2,2,371,2700.809
pipeline,vector,i64,512,bits22,greaterTyped,6,2,374,2673.797
pipeline,vector,i64,512,bits22,greaterTyped,0,2,365,2745.205
pipeline,vector,i64,512,bits22,greaterTyped,1,3,371,2695.418
pipeline,vector,i64,512,bits22,greaterTyped,0,3,371,2695.418
pipeline,vector,i64,512,bits22,greaterTyped,6,3,375,2666.667
pipeline,vector,i64,512,bits22,greaterTyped,2,3,369,2712.737
pipeline,vector,i64,512,bits22,greaterTyped,1,4,363,2757.576
pipeline,vector,i64,512,bits22,greaterTyped,6,4,372,2690.860
pipeline,vector,i64,512,bits22,greaterTyped,0,4,368,2720.109
pipeline,vector,i64,512,bits22,greaterTyped,2,4,365,2742.466
pipeline,vector,i64,512,bits22,greaterTyped,1,5,361,2775.623
pipeline,vector,i64,512,bits22,greaterTyped,6,5,376,2659.574
pipeline,vector,i64,512,bits22,greaterTyped,0,5,369,2710.027
pipeline,vector,i64,512,bits22,greaterTyped,2,5,373,2683.646
pipeline,vector,i64,512,bits22,greaterTyped,0,6,367,2724.796
pipeline,vector,i64,512,bits22,greaterTyped,6,6,375,2672.000
pipeline,vector,i64,512,bits22,greaterTyped,1,6,359,2785.515
pipeline,vector,i64,512,bits22,greaterTyped,2,6,362,2767.956
fallback,vector,i64,512,gaps,lessVoid,5,0,454,2202.643
fallback,vector,i64,512,gaps,lessVoid,3,0,437,2290.618
fallback,vector,i64,512,gaps,lessVoid,4,0,451,2221.729
fallback,vector,i64,512,gaps,lessVoid,4,1,441,2269.841
fallback,vector,i64,512,gaps,lessVoid,3,1,437,2288.330
fallback,vector,i64,512,gaps,lessVoid,5,1,447,2239.374
fallback,vector,i64,512,gaps,lessVoid,5,2,444,2254.505
fallback,vector,i64,512,gaps,lessVoid,3,2,444,2254.505
fallback,vector,i64,512,gaps,lessVoid,4,2,451,2217.295
fallback,vector,i64,512,gaps,lessVoid,4,3,452,2214.602
fallback,vector,i64,512,gaps,lessVoid,3,3,449,2229.399
fallback,vector,i64,512,gaps,lessVoid,5,3,441,2272.109
fallback,vector,i64,512,gaps,lessVoid,4,4,454,2204.846
fallback,vector,i64,512,gaps,lessVoid,3,4,443,2259.594
fallback,vector,i64,512,gaps,lessVoid,5,4,444,2254.505
fallback,vector,i64,512,gaps,lessVoid,5,5,453,2209.713
fallback,vector,i64,512,gaps,lessVoid,4,5,450,2222.222
fallback,vector,i64,512,gaps,lessVoid,3,5,447,2237.136
fallback,vector,i64,512,gaps,lessVoid,4,6,447,2239.374
fallback,vector,i64,512,gaps,lessVoid,3,6,415,2409.639
fallback,vector,i64,512,gaps,lessVoid,5,6,448,2234.375
fallback,vector,i64,512,gaps,lessTyped,5,0,469,2132.196
fallback,vector,i64,512,gaps,lessTyped,4,0,460,2173.913
fallback,vector,i64,512,gaps,lessTyped,3,0,455,2200.000
fallback,vector,i64,512,gaps,lessTyped,4,1,457,2188.184
fallback,vector,i64,512,gaps,lessTyped,5,1,461,2171.367
fallback,vector,i64,512,gaps,lessTyped,3,1,454,2204.846
fallback,vector,i64,512,gaps,lessTyped,4,2,472,2120.763
fallback,vector,i64,512,gaps,lessTyped,5,2,451,2219.512
fallback,vector,i64,512,gaps,lessTyped,3,2,447,2239.374
fallback,vector,i64,512,gaps,lessTyped,4,3,445,2249.438
fallback,vector,i64,512,gaps,lessTyped,5,3,437,2288.330
fallback,vector,i64,512,gaps,lessTyped,3,3,447,2239.374
fallback,vector,i64,512,gaps,lessTyped,5,4,444,2254.505
fallback,vector,i64,512,gaps,lessTyped,3,4,451,2219.512
fallback,vector,i64,512,gaps,lessTyped,4,4,442,2262.443
fallback,vector,i64,512,gaps,lessTyped,3,5,447,2239.374
fallback,vector,i64,512,gaps,lessTyped,4,5,451,2219.512
fallback,vector,i64,512,gaps,lessTyped,5,5,447,2237.136
fallback,vector,i64,512,gaps,lessTyped,5,6,435,2301.149
fallback,vector,i64,512,gaps,lessTyped,4,6,454,2204.846
fallback,vector,i64,512,gaps,lessTyped,3,6,448,2232.143
fallback,vector,i64,512,gaps,greaterTyped,4,0,434,2308.756
fallback,vector,i64,512,gaps,greaterTyped,5,0,437,2288.330
fallback,vector,i64,512,gaps,greaterTyped,3,0,400,2502.500
fallback,vector,i64,512,gaps,greaterTyped,5,1,419,2386.635
fallback,vector,i64,512,gaps,greaterTyped,3,1,419,2389.021
fallback,vector,i64,512,gaps,greaterTyped,4,1,443,2257.336
fallback,vector,i64,512,gaps,greaterTyped,4,2,443,2257.336
fallback,vector,i64,512,gaps,greaterTyped,5,2,433,2309.469
fallback,vector,i64,512,gaps,greaterTyped,3,2,428,2338.785
fallback,vector,i64,512,gaps,greaterTyped,4,3,412,2427.184
fallback,vector,i64,512,gaps,greaterTyped,3,3,429,2333.333
fallback,vector,i64,512,gaps,greaterTyped,5,3,433,2309.469
fallback,vector,i64,512,gaps,greaterTyped,3,4,441,2267.574
fallback,vector,i64,512,gaps,greaterTyped,4,4,449,2229.399
fallback,vector,i64,512,gaps,greaterTyped,5,4,433,2309.469
fallback,vector,i64,512,gaps,greaterTyped,3,5,446,2244.395
fallback,vector,i64,512,gaps,greaterTyped,5,5,427,2341.920
fallback,vector,i64,512,gaps,greaterTyped,4,5,458,2187.773
fallback,vector,i64,512,gaps,greaterTyped,5,6,419,2386.635
fallback,vector,i64,512,gaps,greaterTyped,3,6,442,2262.443
fallback,vector,i64,512,gaps,greaterTyped,4,6,433,2311.778
pipeline,vector,i64,512,gaps,lessVoid,2,0,398,2512.563
pipeline,vector,i64,512,gaps,lessVoid,1,0,388,2579.897
pipeline,vector,i64,512,gaps,lessVoid,6,0,396,2525.253
pipeline,vector,i64,512,gaps,lessVoid,0,0,395,2531.646
pipeline,vector,i64,512,gaps,lessVoid,0,1,408,2453.431
pipeline,vector,i64,512,gaps,lessVoid,6,1,393,2547.074
pipeline,vector,i64,512,gaps,lessVoid,1,1,406,2465.517
pipeline,vector,i64,512,gaps,lessVoid,2,1,387,2583.979
pipeline,vector,i64,512,gaps,lessVoid,1,2,400,2505.000
pipeline,vector,i64,512,gaps,lessVoid,6,2,367,2724.796
pipeline,vector,i64,512,gaps,lessVoid,0,2,400,2502.500
pipeline,vector,i64,512,gaps,lessVoid,2,2,401,2498.753
pipeline,vector,i64,512,gaps,lessVoid,2,3,395,2534.177
pipeline,vector,i64,512,gaps,lessVoid,0,3,393,2547.074
pipeline,vector,i64,512,gaps,lessVoid,6,3,395,2531.646
pipeline,vector,i64,512,gaps,lessVoid,1,3,395,2534.177
pipeline,vector,i64,512,gaps,lessVoid,2,4,393,2544.529
pipeline,vector,i64,512,gaps,lessVoid,1,4,390,2564.103
pipeline,vector,i64,512,gaps,lessVoid,6,4,394,2543.147
pipeline,vector,i64,512,gaps,lessVoid,0,4,405,2474.074
pipeline,vector,i64,512,gaps,lessVoid,0,5,399,2506.266
pipeline,vector,i64,512,gaps,lessVoid,6,5,398,2512.563
pipeline,vector,i64,512,gaps,lessVoid,1,5,388,2579.897
pipeline,vector,i64,512,gaps,lessVoid,2,5,395,2536.709
pipeline,vector,i64,512,gaps,lessVoid,0,6,390,2566.667
pipeline,vector,i64,512,gaps,lessVoid,6,6,397,2521.411
pipeline,vector,i64,512,gaps,lessVoid,1,6,399,2508.772
pipeline,vector,i64,512,gaps,lessVoid,2,6,390,2569.231
pipeline,vector,i64,512,gaps,greaterTyped,2,0,355,2816.901
pipeline,vector,i64,512,gaps,greaterTyped,0,0,368,2722.826
pipeline,vector,i64,512,gaps,greaterTyped,6,0,374,2676.471
pipeline,vector,i64,512,gaps,greaterTyped,1,0,377,2657.825
pipeline,vector,i64,512,gaps,greaterTyped,6,1,363,2754.821
pipeline,vector,i64,512,gaps,greaterTyped,2,1,376,2662.234
pipeline,vector,i64,512,gaps,greaterTyped,1,1,362,2762.431
pipeline,vector,i64,512,gaps,greaterTyped,0,1,366,2732.240
pipeline,vector,i64,512,gaps,greaterTyped,6,2,346,2890.173
pipeline,vector,i64,512,gaps,greaterTyped,2,2,362,2767.956
pipeline,vector,i64,512,gaps,greaterTyped,0,2,363,2760.331
pipeline,vector,i64,512,gaps,greaterTyped,1,2,372,2690.860
pipeline,vector,i64,512,gaps,greaterTyped,2,3,375,2669.333
pipeline,vector,i64,512,gaps,greaterTyped,0,3,365,2739.726
pipeline,vector,i64,512,gaps,greaterTyped,1,3,374,2679.144
pipeline,vector,i64,512,gaps,greaterTyped,6,3,361,2772.853
pipeline,vector,i64,512,gaps,greaterTyped,6,4,354,2824.859
pipeline,vector,i64,512,gaps,greaterTyped,2,4,368,2717.391
pipeline,vector,i64,512,gaps,greaterTyped,1,4,368,2720.109
pipeline,vector,i64,512,gaps,greaterTyped,0,4,364,2750.000
pipeline,vector,i64,512,gaps,greaterTyped,6,5,371,2695.418
pipeline,vector,i64,512,gaps,greaterTyped,1,5,376,2664.894
pipeline,vector,i64,512,gaps,greaterTyped,0,5,366,2734.973
pipeline,vector,i64,512,gaps,greaterTyped,2,5,375,2669.333
pipeline,vector,i64,512,gaps,greaterTyped,6,6,356,2808.989
pipeline,vector,i64,512,gaps,greaterTyped,1,6,366,2734.973
pipeline,vector,i64,512,gaps,greaterTyped,2,6,365,2742.466
pipeline,vector,i64,512,gaps,greaterTyped,0,6,366,2732.240
fallback,vector,i64,512,ordered,lessVoid,4,0,512,1748.047
fallback,vector,i64,512,ordered,lessVoid,5,0,512,1769.531
fallback,vector,i64,512,ordered,lessVoid,3,0,512,1718.750
fallback,vector,i64,512,ordered,lessVoid,5,1,512,1734.375
fallback,vector,i64,512,ordered,lessVoid,3,1,512,1699.219
fallback,vector,i64,512,ordered,lessVoid,4,1,512,1759.766
fallback,vector,i64,512,ordered,lessVoid,4,2,512,1722.656
fallback,vector,i64,512,ordered,lessVoid,3,2,512,1699.219
fallback,vector,i64,512,ordered,lessVoid,5,2,512,1750.000
fallback,vector,i64,512,ordered,lessVoid,5,3,512,1699.219
fallback,vector,i64,512,ordered,lessVoid,4,3,512,1845.703
fallback,vector,i64,512,ordered,lessVoid,3,3,512,1703.125
fallback,vector,i64,512,ordered,lessVoid,5,4,512,1687.500
fallback,vector,i64,512,ordered,lessVoid,4,4,512,1728.516
fallback,vector,i64,512,ordered,lessVoid,3,4,512,1697.266
fallback,vector,i64,512,ordered,lessVoid,4,5,512,1775.391
fallback,vector,i64,512,ordered,lessVoid,3,5,512,1726.562
fallback,vector,i64,512,ordered,lessVoid,5,5,512,1697.266
fallback,vector,i64,512,ordered,lessVoid,5,6,512,1744.141
fallback,vector,i64,512,ordered,lessVoid,3,6,512,1757.812
fallback,vector,i64,512,ordered,lessVoid,4,6,512,1716.797
fallback,vector,i64,512,ordered,lessTyped,5,0,512,1712.891
fallback,vector,i64,512,ordered,lessTyped,3,0,512,1701.172
fallback,vector,i64,512,ordered,lessTyped,4,0,512,1730.469
fallback,vector,i64,512,ordered,lessTyped,4,1,512,1734.375
fallback,vector,i64,512,ordered,lessTyped,5,1,512,1753.906
fallback,vector,i64,512,ordered,lessTyped,3,1,512,1765.625
fallback,vector,i64,512,ordered,lessTyped,5,2,512,1712.891
fallback,vector,i64,512,ordered,lessTyped,4,2,512,1701.172
fallback,vector,i64,512,ordered,lessTyped,3,2,512,1695.312
fallback,vector,i64,512,ordered,lessTyped,4,3,512,1730.469
fallback,vector,i64,512,ordered,lessTyped,3,3,512,1716.797
fallback,vector,i64,512,ordered,lessTyped,5,3,512,1699.219
fallback,vector,i64,512,ordered,lessTyped,3,4,512,1759.766
fallback,vector,i64,512,ordered,lessTyped,4,4,512,1740.234
fallback,vector,i64,512,ordered,lessTyped,5,4,512,1730.469
fallback,vector,i64,512,ordered,lessTyped,5,5,512,1740.234
fallback,vector,i64,512,ordered,lessTyped,4,5,512,1734.375
fallback,vector,i64,512,ordered,lessTyped,3,5,512,1746.094
fallback,vector,i64,512,ordered,lessTyped,3,6,512,1728.516
fallback,vector,i64,512,ordered,lessTyped,5,6,512,1718.750
fallback,vector,i64,512,ordered,lessTyped,4,6,512,1726.562
fallback,vector,i64,512,ordered,greaterTyped,4,0,512,1269.531
fallback,vector,i64,512,ordered,greaterTyped,5,0,512,1271.484
fallback,vector,i64,512,ordered,greaterTyped,3,0,512,1287.109
fallback,vector,i64,512,ordered,greaterTyped,5,1,512,1294.922
fallback,vector,i64,512,ordered,greaterTyped,4,1,512,1287.109
fallback,vector,i64,512,ordered,greaterTyped,3,1,512,1285.156
fallback,vector,i64,512,ordered,greaterTyped,3,2,512,1281.250
fallback,vector,i64,512,ordered,greaterTyped,5,2,512,1314.453
fallback,vector,i64,512,ordered,greaterTyped,4,2,512,1404.297
fallback,vector,i64,512,ordered,greaterTyped,5,3,512,1292.969
fallback,vector,i64,512,ordered,greaterTyped,3,3,512,1357.422
fallback,vector,i64,512,ordered,greaterTyped,4,3,512,1289.062
fallback,vector,i64,512,ordered,greaterTyped,4,4,512,1351.562
fallback,vector,i64,512,ordered,greaterTyped,3,4,512,1253.906
fallback,vector,i64,512,ordered,greaterTyped,5,4,512,1341.797
fallback,vector,i64,512,ordered,greaterTyped,3,5,512,1343.750
fallback,vector,i64,512,ordered,greaterTyped,4,5,512,1312.500
fallback,vector,i64,512,ordered,greaterTyped,5,5,512,1361.328
fallback,vector,i64,512,ordered,greaterTyped,4,6,512,1291.016
fallback,vector,i64,512,ordered,greaterTyped,5,6,512,1333.984
fallback,vector,i64,512,ordered,greaterTyped,3,6,512,1359.375
fallback,vector,i64,512,reverse,lessVoid,4,0,512,1376.953
fallback,vector,i64,512,reverse,lessVoid,5,0,512,1332.031
fallback,vector,i64,512,reverse,lessVoid,3,0,512,1294.922
fallback,vector,i64,512,reverse,lessVoid,5,1,512,1353.516
fallback,vector,i64,512,reverse,lessVoid,3,1,512,1345.703
fallback,vector,i64,512,reverse,lessVoid,4,1,512,1339.844
fallback,vector,i64,512,reverse,lessVoid,4,2,512,1322.266
fallback,vector,i64,512,reverse,lessVoid,5,2,512,1380.859
fallback,vector,i64,512,reverse,lessVoid,3,2,512,1351.562
fallback,vector,i64,512,reverse,lessVoid,4,3,512,1349.609
fallback,vector,i64,512,reverse,lessVoid,5,3,512,1341.797
fallback,vector,i64,512,reverse,lessVoid,3,3,512,1353.516
fallback,vector,i64,512,reverse,lessVoid,4,4,512,1361.328
fallback,vector,i64,512,reverse,lessVoid,5,4,512,1318.359
fallback,vector,i64,512,reverse,lessVoid,3,4,512,1283.203
fallback,vector,i64,512,reverse,lessVoid,3,5,512,1353.516
fallback,vector,i64,512,reverse,lessVoid,5,5,512,1380.859
fallback,vector,i64,512,reverse,lessVoid,4,5,512,1378.906
fallback,vector,i64,512,reverse,lessVoid,5,6,512,1365.234
fallback,vector,i64,512,reverse,lessVoid,3,6,512,1375.000
fallback,vector,i64,512,reverse,lessVoid,4,6,512,1328.125
fallback,vector,i64,512,reverse,lessTyped,3,0,512,1324.219
fallback,vector,i64,512,reverse,lessTyped,4,0,512,1316.406
fallback,vector,i64,512,reverse,lessTyped,5,0,512,1343.750
fallback,vector,i64,512,reverse,lessTyped,5,1,512,1355.469
fallback,vector,i64,512,reverse,lessTyped,4,1,512,1343.750
fallback,vector,i64,512,reverse,lessTyped,3,1,512,1277.344
fallback,vector,i64,512,reverse,lessTyped,3,2,512,1349.609
fallback,vector,i64,512,reverse,lessTyped,4,2,512,1353.516
fallback,vector,i64,512,reverse,lessTyped,5,2,512,1337.891
fallback,vector,i64,512,reverse,lessTyped,5,3,512,1316.406
fallback,vector,i64,512,reverse,lessTyped,4,3,512,1359.375
fallback,vector,i64,512,reverse,lessTyped,3,3,512,1332.031
fallback,vector,i64,512,reverse,lessTyped,5,4,512,1367.188
fallback,vector,i64,512,reverse,lessTyped,4,4,512,1322.266
fallback,vector,i64,512,reverse,lessTyped,3,4,512,1347.656
fallback,vector,i64,512,reverse,lessTyped,3,5,512,1378.906
fallback,vector,i64,512,reverse,lessTyped,4,5,512,1373.047
fallback,vector,i64,512,reverse,lessTyped,5,5,512,1296.875
fallback,vector,i64,512,reverse,lessTyped,3,6,512,1324.219
fallback,vector,i64,512,reverse,lessTyped,5,6,512,1359.375
fallback,vector,i64,512,reverse,lessTyped,4,6,512,1367.188
fallback,vector,i64,512,reverse,greaterTyped,3,0,512,1746.094
fallback,vector,i64,512,reverse,greaterTyped,5,0,512,1789.062
fallback,vector,i64,512,reverse,greaterTyped,4,0,512,1738.281
fallback,vector,i64,512,reverse,greaterTyped,5,1,512,1746.094
fallback,vector,i64,512,reverse,greaterTyped,3,1,512,1679.688
fallback,vector,i64,512,reverse,greaterTyped,4,1,512,1779.297
fallback,vector,i64,512,reverse,greaterTyped,4,2,512,1728.516
fallback,vector,i64,512,reverse,greaterTyped,5,2,512,1753.906
fallback,vector,i64,512,reverse,greaterTyped,3,2,512,1699.219
fallback,vector,i64,512,reverse,greaterTyped,3,3,512,1751.953
fallback,vector,i64,512,reverse,greaterTyped,5,3,512,1818.359
fallback,vector,i64,512,reverse,greaterTyped,4,3,512,1783.203
fallback,vector,i64,512,reverse,greaterTyped,3,4,512,1744.141
fallback,vector,i64,512,reverse,greaterTyped,5,4,512,1689.453
fallback,vector,i64,512,reverse,greaterTyped,4,4,512,1791.016
fallback,vector,i64,512,reverse,greaterTyped,3,5,512,1703.125
fallback,vector,i64,512,reverse,greaterTyped,4,5,512,1769.531
fallback,vector,i64,512,reverse,greaterTyped,5,5,512,1736.328
fallback,vector,i64,512,reverse,greaterTyped,3,6,512,1732.422
fallback,vector,i64,512,reverse,greaterTyped,5,6,512,1736.328
fallback,vector,i64,512,reverse,greaterTyped,4,6,512,1791.016
fallback,vector,i64,512,nearly,lessVoid,5,0,512,1710.938
fallback,vector,i64,512,nearly,lessVoid,4,0,512,1705.078
fallback,vector,i64,512,nearly,lessVoid,3,0,512,1812.500
fallback,vector,i64,512,nearly,lessVoid,5,1,512,1763.672
fallback,vector,i64,512,nearly,lessVoid,3,1,512,1722.656
fallback,vector,i64,512,nearly,lessVoid,4,1,512,1736.328
fallback,vector,i64,512,nearly,lessVoid,4,2,512,1734.375
fallback,vector,i64,512,nearly,lessVoid,5,2,512,1634.766
fallback,vector,i64,512,nearly,lessVoid,3,2,512,1708.984
fallback,vector,i64,512,nearly,lessVoid,5,3,512,1730.469
fallback,vector,i64,512,nearly,lessVoid,4,3,512,1765.625
fallback,vector,i64,512,nearly,lessVoid,3,3,512,1683.594
fallback,vector,i64,512,nearly,lessVoid,4,4,512,1736.328
fallback,vector,i64,512,nearly,lessVoid,5,4,512,1699.219
fallback,vector,i64,512,nearly,lessVoid,3,4,512,1726.562
fallback,vector,i64,512,nearly,lessVoid,5,5,512,1697.266
fallback,vector,i64,512,nearly,lessVoid,3,5,512,1734.375
fallback,vector,i64,512,nearly,lessVoid,4,5,512,1751.953
fallback,vector,i64,512,nearly,lessVoid,4,6,512,1761.719
fallback,vector,i64,512,nearly,lessVoid,5,6,512,1658.203
fallback,vector,i64,512,nearly,lessVoid,3,6,512,1765.625
fallback,vector,i64,512,nearly,lessTyped,3,0,512,1695.312
fallback,vector,i64,512,nearly,lessTyped,4,0,512,1775.391
fallback,vector,i64,512,nearly,lessTyped,5,0,512,1767.578
fallback,vector,i64,512,nearly,lessTyped,4,1,512,1763.672
fallback,vector,i64,512,nearly,lessTyped,5,1,512,1771.484
fallback,vector,i64,512,nearly,lessTyped,3,1,512,1765.625
fallback,vector,i64,512,nearly,lessTyped,5,2,512,1685.547
fallback,vector,i64,512,nearly,lessTyped,4,2,512,1769.531
fallback,vector,i64,512,nearly,lessTyped,3,2,512,1705.078
fallback,vector,i64,512,nearly,lessTyped,4,3,512,1773.438
fallback,vector,i64,512,nearly,lessTyped,3,3,512,1695.312
fallback,vector,i64,512,nearly,lessTyped,5,3,512,1796.875
fallback,vector,i64,512,nearly,lessTyped,3,4,512,1742.188
fallback,vector,i64,512,nearly,lessTyped,4,4,512,1677.734
fallback,vector,i64,512,nearly,lessTyped,5,4,512,1792.969
fallback,vector,i64,512,nearly,lessTyped,4,5,512,1746.094
fallback,vector,i64,512,nearly,lessTyped,5,5,512,1707.031
fallback,vector,i64,512,nearly,lessTyped,3,5,512,1722.656
fallback,vector,i64,512,nearly,lessTyped,4,6,512,1730.469
fallback,vector,i64,512,nearly,lessTyped,3,6,512,1744.141
fallback,vector,i64,512,nearly,lessTyped,5,6,512,1703.125
fallback,vector,i64,512,nearly,greaterTyped,5,0,512,1701.172
fallback,vector,i64,512,nearly,greaterTyped,3,0,512,1675.781
fallback,vector,i64,512,nearly,greaterTyped,4,0,512,1740.234
fallback,vector,i64,512,nearly,greaterTyped,3,1,512,1662.109
fallback,vector,i64,512,nearly,greaterTyped,4,1,512,1705.078
fallback,vector,i64,512,nearly,greaterTyped,5,1,512,1746.094
fallback,vector,i64,512,nearly,greaterTyped,3,2,512,1671.875
fallback,vector,i64,512,nearly,greaterTyped,4,2,512,1804.688
fallback,vector,i64,512,nearly,greaterTyped,5,2,512,1792.969
fallback,vector,i64,512,nearly,greaterTyped,5,3,512,1691.406
fallback,vector,i64,512,nearly,greaterTyped,4,3,512,1699.219
fallback,vector,i64,512,nearly,greaterTyped,3,3,512,1687.500
fallback,vector,i64,512,nearly,greaterTyped,4,4,512,1720.703
fallback,vector,i64,512,nearly,greaterTyped,5,4,512,1667.969
fallback,vector,i64,512,nearly,greaterTyped,3,4,512,1673.828
fallback,vector,i64,512,nearly,greaterTyped,5,5,512,1662.109
fallback,vector,i64,512,nearly,greaterTyped,3,5,512,1730.469
fallback,vector,i64,512,nearly,greaterTyped,4,5,512,1683.594
fallback,vector,i64,512,nearly,greaterTyped,3,6,512,1695.312
fallback,vector,i64,512,nearly,greaterTyped,5,6,512,1757.812
fallback,vector,i64,512,nearly,greaterTyped,4,6,512,1699.219
fallback,vector,i64,4096,full,lessVoid,3,0,40,25125.000
fallback,vector,i64,4096,full,lessVoid,5,0,31,32354.839
fallback,vector,i64,4096,full,lessVoid,4,0,34,29735.294
fallback,vector,i64,4096,full,lessVoid,3,1,39,25923.077
fallback,vector,i64,4096,full,lessVoid,5,1,37,27108.108
fallback,vector,i64,4096,full,lessVoid,4,1,35,29142.857
fallback,vector,i64,4096,full,lessVoid,4,2,41,24609.756
fallback,vector,i64,4096,full,lessVoid,5,2,38,26921.053
fallback,vector,i64,4096,full,lessVoid,3,2,38,26368.421
fallback,vector,i64,4096,full,lessVoid,4,3,36,27777.778
fallback,vector,i64,4096,full,lessVoid,3,3,36,28166.667
fallback,vector,i64,4096,full,lessVoid,5,3,40,25275.000
fallback,vector,i64,4096,full,lessVoid,5,4,42,24119.048
fallback,vector,i64,4096,full,lessVoid,4,4,40,25375.000
fallback,vector,i64,4096,full,lessVoid,3,4,40,25225.000
fallback,vector,i64,4096,full,lessVoid,4,5,41,24414.634
fallback,vector,i64,4096,full,lessVoid,5,5,39,26128.205
fallback,vector,i64,4096,full,lessVoid,3,5,38,26657.895
fallback,vector,i64,4096,full,lessVoid,5,6,41,24804.878
fallback,vector,i64,4096,full,lessVoid,4,6,38,26368.421
fallback,vector,i64,4096,full,lessVoid,3,6,40,25175.000
fallback,vector,i64,4096,full,lessTyped,4,0,24,44333.333
fallback,vector,i64,4096,full,lessTyped,5,0,33,30909.091
fallback,vector,i64,4096,full,lessTyped,3,0,29,34862.069
fallback,vector,i64,4096,full,lessTyped,4,1,35,29228.571
fallback,vector,i64,4096,full,lessTyped,5,1,37,27378.378
fallback,vector,i64,4096,full,lessTyped,3,1,37,27216.216
fallback,vector,i64,4096,full,lessTyped,3,2,42,23976.190
fallback,vector,i64,4096,full,lessTyped,5,2,38,26815.789
fallback,vector,i64,4096,full,lessTyped,4,2,36,28333.333
fallback,vector,i64,4096,full,lessTyped,4,3,40,25600.000
fallback,vector,i64,4096,full,lessTyped,5,3,35,29200.000
fallback,vector,i64,4096,full,lessTyped,3,3,36,27972.222
fallback,vector,i64,4096,full,lessTyped,4,4,42,24047.619
fallback,vector,i64,4096,full,lessTyped,5,4,38,26421.053
fallback,vector,i64,4096,full,lessTyped,3,4,37,27216.216
fallback,vector,i64,4096,full,lessTyped,5,5,40,25300.000
fallback,vector,i64,4096,full,lessTyped,3,5,40,25125.000
fallback,vector,i64,4096,full,lessTyped,4,5,37,27054.054
fallback,vector,i64,4096,full,lessTyped,5,6,38,26921.053
fallback,vector,i64,4096,full,lessTyped,4,6,36,28222.222
fallback,vector,i64,4096,full,lessTyped,3,6,35,28742.857
fallback,vector,i64,4096,full,greaterTyped,3,0,40,25325.000
fallback,vector,i64,4096,full,greaterTyped,4,0,38,26368.421
fallback,vector,i64,4096,full,greaterTyped,5,0,36,28333.333
fallback,vector,i64,4096,full,greaterTyped,5,1,42,24380.952
fallback,vector,i64,4096,full,greaterTyped,3,1,33,31333.333
fallback,vector,i64,4096,full,greaterTyped,4,1,35,28657.143
fallback,vector,i64,4096,full,greaterTyped,5,2,36,27805.556
fallback,vector,i64,4096,full,greaterTyped,3,2,34,29941.176
fallback,vector,i64,4096,full,greaterTyped,4,2,36,28111.111
fallback,vector,i64,4096,full,greaterTyped,3,3,41,24926.829
fallback,vector,i64,4096,full,greaterTyped,5,3,38,26473.684
fallback,vector,i64,4096,full,greaterTyped,4,3,41,24975.610
fallback,vector,i64,4096,full,greaterTyped,3,4,38,26684.211
fallback,vector,i64,4096,full,greaterTyped,4,4,40,25250.000
fallback,vector,i64,4096,full,greaterTyped,5,4,33,30575.758
fallback,vector,i64,4096,full,greaterTyped,3,5,42,24214.286
fallback,vector,i64,4096,full,greaterTyped,5,5,40,25450.000
fallback,vector,i64,4096,full,greaterTyped,4,5,36,28222.222
fallback,vector,i64,4096,full,greaterTyped,5,6,42,23857.143
fallback,vector,i64,4096,full,greaterTyped,3,6,40,25550.000
fallback,vector,i64,4096,full,greaterTyped,4,6,41,24585.366
pipeline,vector,i64,4096,full,lessVoid,2,0,47,21659.574
pipeline,vector,i64,4096,full,lessVoid,0,0,45,22466.667
pipeline,vector,i64,4096,full,lessVoid,1,0,44,22750.000
pipeline,vector,i64,4096,full,lessVoid,6,0,46,21869.565
pipeline,vector,i64,4096,full,lessVoid,6,1,45,22355.556
pipeline,vector,i64,4096,full,lessVoid,0,1,44,22863.636
pipeline,vector,i64,4096,full,lessVoid,1,1,45,22644.444
pipeline,vector,i64,4096,full,lessVoid,2,1,43,23627.907
pipeline,vector,i64,4096,full,lessVoid,2,2,45,22511.111
pipeline,vector,i64,4096,full,lessVoid,0,2,47,21595.745
pipeline,vector,i64,4096,full,lessVoid,6,2,46,22086.957
pipeline,vector,i64,4096,full,lessVoid,1,2,45,22511.111
pipeline,vector,i64,4096,full,lessVoid,6,3,44,22886.364
pipeline,vector,i64,4096,full,lessVoid,2,3,46,22130.435
pipeline,vector,i64,4096,full,lessVoid,0,3,45,22400.000
pipeline,vector,i64,4096,full,lessVoid,1,3,45,22711.111
pipeline,vector,i64,4096,full,lessVoid,2,4,45,22688.889
pipeline,vector,i64,4096,full,lessVoid,0,4,44,23181.818
pipeline,vector,i64,4096,full,lessVoid,1,4,48,21125.000
pipeline,vector,i64,4096,full,lessVoid,6,4,45,22222.222
pipeline,vector,i64,4096,full,lessVoid,2,5,45,22577.778
pipeline,vector,i64,4096,full,lessVoid,0,5,43,23604.651
pipeline,vector,i64,4096,full,lessVoid,6,5,41,24585.366
pipeline,vector,i64,4096,full,lessVoid,1,5,40,25000.000
pipeline,vector,i64,4096,full,lessVoid,0,6,42,24166.667
pipeline,vector,i64,4096,full,lessVoid,1,6,43,23279.070
pipeline,vector,i64,4096,full,lessVoid,2,6,41,24731.707
pipeline,vector,i64,4096,full,lessVoid,6,6,40,25450.000
pipeline,vector,i64,4096,full,greaterTyped,2,0,43,23674.419
pipeline,vector,i64,4096,full,greaterTyped,0,0,43,23697.674
pipeline,vector,i64,4096,full,greaterTyped,6,0,40,25525.000
pipeline,vector,i64,4096,full,greaterTyped,1,0,43,23441.860
pipeline,vector,i64,4096,full,greaterTyped,1,1,43,23441.860
pipeline,vector,i64,4096,full,greaterTyped,6,1,36,27916.667
pipeline,vector,i64,4096,full,greaterTyped,2,1,43,23325.581
pipeline,vector,i64,4096,full,greaterTyped,0,1,44,23181.818
pipeline,vector,i64,4096,full,greaterTyped,1,2,44,23136.364
pipeline,vector,i64,4096,full,greaterTyped,0,2,43,23581.395
pipeline,vector,i64,4096,full,greaterTyped,2,2,42,23880.952
pipeline,vector,i64,4096,full,greaterTyped,6,2,37,27162.162
pipeline,vector,i64,4096,full,greaterTyped,6,3,38,26763.158
pipeline,vector,i64,4096,full,greaterTyped,0,3,43,23767.442
pipeline,vector,i64,4096,full,greaterTyped,1,3,42,23928.571
pipeline,vector,i64,4096,full,greaterTyped,2,3,42,24071.429
pipeline,vector,i64,4096,full,greaterTyped,2,4,42,23928.571
pipeline,vector,i64,4096,full,greaterTyped,0,4,43,23720.930
pipeline,vector,i64,4096,full,greaterTyped,6,4,38,26815.789
pipeline,vector,i64,4096,full,greaterTyped,1,4,41,24682.927
pipeline,vector,i64,4096,full,greaterTyped,0,5,42,24333.333
pipeline,vector,i64,4096,full,greaterTyped,2,5,41,24707.317
pipeline,vector,i64,4096,full,greaterTyped,6,5,37,27513.514
pipeline,vector,i64,4096,full,greaterTyped,1,5,42,23857.143
pipeline,vector,i64,4096,full,greaterTyped,0,6,41,24731.707
pipeline,vector,i64,4096,full,greaterTyped,2,6,42,23904.762
pipeline,vector,i64,4096,full,greaterTyped,6,6,39,25923.077
pipeline,vector,i64,4096,full,greaterTyped,1,6,42,24166.667
fallback,vector,i64,4096,bits22,lessVoid,3,0,35,28857.143
fallback,vector,i64,4096,bits22,lessVoid,4,0,39,26256.410
fallback,vector,i64,4096,bits22,lessVoid,5,0,35,28657.143
fallback,vector,i64,4096,bits22,lessVoid,5,1,42,23952.381
fallback,vector,i64,4096,bits22,lessVoid,3,1,39,25743.590
fallback,vector,i64,4096,bits22,lessVoid,4,1,33,30606.061
fallback,vector,i64,4096,bits22,lessVoid,3,2,36,28361.111
fallback,vector,i64,4096,bits22,lessVoid,5,2,37,27405.405
fallback,vector,i64,4096,bits22,lessVoid,4,2,40,25100.000
fallback,vector,i64,4096,bits22,lessVoid,4,3,42,24357.143
fallback,vector,i64,4096,bits22,lessVoid,5,3,41,24951.220
fallback,vector,i64,4096,bits22,lessVoid,3,3,38,26500.000
fallback,vector,i64,4096,bits22,lessVoid,4,4,39,25666.667
fallback,vector,i64,4096,bits22,lessVoid,3,4,41,24926.829
fallback,vector,i64,4096,bits22,lessVoid,5,4,38,26710.526
fallback,vector,i64,4096,bits22,lessVoid,3,5,38,26684.211
fallback,vector,i64,4096,bits22,lessVoid,4,5,39,26102.564
fallback,vector,i64,4096,bits22,lessVoid,5,5,39,25923.077
fallback,vector,i64,4096,bits22,lessVoid,5,6,40,25400.000
fallback,vector,i64,4096,bits22,lessVoid,3,6,39,26076.923
fallback,vector,i64,4096,bits22,lessVoid,4,6,39,26153.846
fallback,vector,i64,4096,bits22,lessTyped,5,0,34,29794.118
fallback,vector,i64,4096,bits22,lessTyped,3,0,41,24853.659
fallback,vector,i64,4096,bits22,lessTyped,4,0,36,28333.333
fallback,vector,i64,4096,bits22,lessTyped,3,1,37,27405.405
fallback,vector,i64,4096,bits22,lessTyped,5,1,36,28250.000
fallback,vector,i64,4096,bits22,lessTyped,4,1,37,27432.432
fallback,vector,i64,4096,bits22,lessTyped,3,2,30,35833.333
fallback,vector,i64,4096,bits22,lessTyped,5,2,29,35275.862
fallback,vector,i64,4096,bits22,lessTyped,4,2,29,35241.379
fallback,vector,i64,4096,bits22,lessTyped,5,3,42,24333.333
fallback,vector,i64,4096,bits22,lessTyped,3,3,35,28971.429
fallback,vector,i64,4096,bits22,lessTyped,4,3,34,30411.765
fallback,vector,i64,4096,bits22,lessTyped,3,4,42,24166.667
fallback,vector,i64,4096,bits22,lessTyped,5,4,37,27540.541
fallback,vector,i64,4096,bits22,lessTyped,4,4,35,28657.143
fallback,vector,i64,4096,bits22,lessTyped,4,5,38,26552.632
fallback,vector,i64,4096,bits22,lessTyped,5,5,41,24560.976
fallback,vector,i64,4096,bits22,lessTyped,3,5,37,27054.054
fallback,vector,i64,4096,bits22,lessTyped,4,6,39,26102.564
fallback,vector,i64,4096,bits22,lessTyped,3,6,41,24512.195
fallback,vector,i64,4096,bits22,lessTyped,5,6,38,26894.737
fallback,vector,i64,4096,bits22,greaterTyped,5,0,37,27297.297
fallback,vector,i64,4096,bits22,greaterTyped,4,0,39,25897.436
fallback,vector,i64,4096,bits22,greaterTyped,3,0,37,27162.162
fallback,vector,i64,4096,bits22,greaterTyped,4,1,40,25550.000
fallback,vector,i64,4096,bits22,greaterTyped,3,1,42,24166.667
fallback,vector,i64,4096,bits22,greaterTyped,5,1,37,27540.541
fallback,vector,i64,4096,bits22,greaterTyped,4,2,31,32806.452
fallback,vector,i64,4096,bits22,greaterTyped,5,2,29,35103.448
fallback,vector,i64,4096,bits22,greaterTyped,3,2,35,29085.714
fallback,vector,i64,4096,bits22,greaterTyped,3,3,43,23581.395
fallback,vector,i64,4096,bits22,greaterTyped,5,3,37,27270.270
fallback,vector,i64,4096,bits22,greaterTyped,4,3,37,27135.135
fallback,vector,i64,4096,bits22,greaterTyped,4,4,41,24731.707
fallback,vector,i64,4096,bits22,greaterTyped,5,4,40,25275.000
fallback,vector,i64,4096,bits22,greaterTyped,3,4,36,28361.111
fallback,vector,i64,4096,bits22,greaterTyped,4,5,39,26102.564
fallback,vector,i64,4096,bits22,greaterTyped,3,5,42,24404.762
fallback,vector,i64,4096,bits22,greaterTyped,5,5,36,28138.889
fallback,vector,i64,4096,bits22,greaterTyped,4,6,39,26153.846
fallback,vector,i64,4096,bits22,greaterTyped,3,6,37,27054.054
fallback,vector,i64,4096,bits22,greaterTyped,5,6,39,26076.923
pipeline,vector,i64,4096,bits22,lessVoid,0,0,101,9910.891
pipeline,vector,i64,4096,bits22,lessVoid,6,0,99,10101.010
pipeline,vector,i64,4096,bits22,lessVoid,2,0,101,9970.297
pipeline,vector,i64,4096,bits22,lessVoid,1,0,100,10050.000
pipeline,vector,i64,4096,bits22,lessVoid,2,1,99,10131.313
pipeline,vector,i64,4096,bits22,lessVoid,6,1,101,9990.099
pipeline,vector,i64,4096,bits22,lessVoid,0,1,101,9900.990
pipeline,vector,i64,4096,bits22,lessVoid,1,1,101,9970.297
pipeline,vector,i64,4096,bits22,lessVoid,6,2,102,9872.549
pipeline,vector,i64,4096,bits22,lessVoid,1,2,101,9940.594
pipeline,vector,i64,4096,bits22,lessVoid,2,2,101,9920.792
pipeline,vector,i64,4096,bits22,lessVoid,0,2,101,10000.000
pipeline,vector,i64,4096,bits22,lessVoid,6,3,98,10214.286
pipeline,vector,i64,4096,bits22,lessVoid,0,3,101,9960.396
pipeline,vector,i64,4096,bits22,lessVoid,2,3,101,9940.594
pipeline,vector,i64,4096,bits22,lessVoid,1,3,101,9910.891
pipeline,vector,i64,4096,bits22,lessVoid,2,4,100,10080.000
pipeline,vector,i64,4096,bits22,lessVoid,0,4,101,9960.396
pipeline,vector,i64,4096,bits22,lessVoid,6,4,101,9910.891
pipeline,vector,i64,4096,bits22,lessVoid,1,4,99,10121.212
pipeline,vector,i64,4096,bits22,lessVoid,2,5,107,9373.832
pipeline,vector,i64,4096,bits22,lessVoid,1,5,110,9163.636
pipeline,vector,i64,4096,bits22,lessVoid,6,5,106,9443.396
pipeline,vector,i64,4096,bits22,lessVoid,0,5,104,9653.846
pipeline,vector,i64,4096,bits22,lessVoid,6,6,103,9737.864
pipeline,vector,i64,4096,bits22,lessVoid,0,6,100,10010.000
pipeline,vector,i64,4096,bits22,lessVoid,2,6,100,10020.000
pipeline,vector,i64,4096,bits22,lessVoid,1,6,102,9813.725
pipeline,vector,i64,4096,bits22,greaterTyped,2,0,102,9862.745
pipeline,vector,i64,4096,bits22,greaterTyped,1,0,102,9852.941
pipeline,vector,i64,4096,bits22,greaterTyped,0,0,98,10295.918
pipeline,vector,i64,4096,bits22,greaterTyped,6,0,94,10680.851
pipeline,vector,i64,4096,bits22,greaterTyped,6,1,95,10526.316
pipeline,vector,i64,4096,bits22,greaterTyped,0,1,101,9950.495
pipeline,vector,i64,4096,bits22,greaterTyped,2,1,100,10020.000
pipeline,vector,i64,4096,bits22,greaterTyped,1,1,100,10020.000
pipeline,vector,i64,4096,bits22,greaterTyped,6,2,93,10827.957
pipeline,vector,i64,4096,bits22,greaterTyped,1,2,104,9653.846
pipeline,vector,i64,4096,bits22,greaterTyped,0,2,100,10010.000
pipeline,vector,i64,4096,bits22,greaterTyped,2,2,101,9980.198
pipeline,vector,i64,4096,bits22,greaterTyped,1,3,101,9900.990
pipeline,vector,i64,4096,bits22,greaterTyped,6,3,94,10648.936
pipeline,vector,i64,4096,bits22,greaterTyped,2,3,101,9910.891
pipeline,vector,i64,4096,bits22,greaterTyped,0,3,101,9940.594
pipeline,vector,i64,4096,bits22,greaterTyped,1,4,100,10050.000
pipeline,vector,i64,4096,bits22,greaterTyped,6,4,92,10967.391
pipeline,vector,i64,4096,bits22,greaterTyped,0,4,111,9018.018
pipeline,vector,i64,4096,bits22,greaterTyped,2,4,107,9345.794
pipeline,vector,i64,4096,bits22,greaterTyped,0,5,105,9580.952
pipeline,vector,i64,4096,bits22,greaterTyped,6,5,95,10610.526
pipeline,vector,i64,4096,bits22,greaterTyped,1,5,103,9718.447
pipeline,vector,i64,4096,bits22,greaterTyped,2,5,101,9950.495
pipeline,vector,i64,4096,bits22,greaterTyped,2,6,100,10020.000
pipeline,vector,i64,4096,bits22,greaterTyped,6,6,93,10838.710
pipeline,vector,i64,4096,bits22,greaterTyped,0,6,102,9892.157
pipeline,vector,i64,4096,bits22,greaterTyped,1,6,103,9776.699
fallback,vector,i64,4096,gaps,lessVoid,4,0,41,24902.439
fallback,vector,i64,4096,gaps,lessVoid,3,0,42,24452.381
fallback,vector,i64,4096,gaps,lessVoid,5,0,39,26128.205
fallback,vector,i64,4096,gaps,lessVoid,5,1,43,23744.186
fallback,vector,i64,4096,gaps,lessVoid,4,1,41,24951.220
fallback,vector,i64,4096,gaps,lessVoid,3,1,41,24682.927
fallback,vector,i64,4096,gaps,lessVoid,5,2,41,24804.878
fallback,vector,i64,4096,gaps,lessVoid,4,2,41,24658.537
fallback,vector,i64,4096,gaps,lessVoid,3,2,42,24047.619
fallback,vector,i64,4096,gaps,lessVoid,5,3,40,25100.000
fallback,vector,i64,4096,gaps,lessVoid,3,3,42,23928.571
fallback,vector,i64,4096,gaps,lessVoid,4,3,41,24756.098
fallback,vector,i64,4096,gaps,lessVoid,4,4,42,24166.667
fallback,vector,i64,4096,gaps,lessVoid,5,4,42,23880.952
fallback,vector,i64,4096,gaps,lessVoid,3,4,41,24414.634
fallback,vector,i64,4096,gaps,lessVoid,3,5,42,24261.905
fallback,vector,i64,4096,gaps,lessVoid,4,5,42,24309.524
fallback,vector,i64,4096,gaps,lessVoid,5,5,40,25150.000
fallback,vector,i64,4096,gaps,lessVoid,5,6,42,24119.048
fallback,vector,i64,4096,gaps,lessVoid,4,6,41,24756.098
fallback,vector,i64,4096,gaps,lessVoid,3,6,43,23744.186
fallback,vector,i64,4096,gaps,lessTyped,5,0,42,24214.286
fallback,vector,i64,4096,gaps,lessTyped,3,0,40,25375.000
fallback,vector,i64,4096,gaps,lessTyped,4,0,40,25175.000
fallback,vector,i64,4096,gaps,lessTyped,4,1,42,24214.286
fallback,vector,i64,4096,gaps,lessTyped,5,1,42,24214.286
fallback,vector,i64,4096,gaps,lessTyped,3,1,41,24853.659
fallback,vector,i64,4096,gaps,lessTyped,5,2,42,24357.143
fallback,vector,i64,4096,gaps,lessTyped,3,2,41,24731.707
fallback,vector,i64,4096,gaps,lessTyped,4,2,41,24536.585
fallback,vector,i64,4096,gaps,lessTyped,3,3,40,25000.000
fallback,vector,i64,4096,gaps,lessTyped,5,3,41,24536.585
fallback,vector,i64,4096,gaps,lessTyped,4,3,41,24414.634
fallback,vector,i64,4096,gaps,lessTyped,4,4,42,24166.667
fallback,vector,i64,4096,gaps,lessTyped,3,4,41,24512.195
fallback,vector,i64,4096,gaps,lessTyped,5,4,42,24166.667
fallback,vector,i64,4096,gaps,lessTyped,4,5,42,24214.286
fallback,vector,i64,4096,gaps,lessTyped,3,5,41,24439.024
fallback,vector,i64,4096,gaps,lessTyped,5,5,35,29171.429
fallback,vector,i64,4096,gaps,lessTyped,3,6,33,30606.061
fallback,vector,i64,4096,gaps,lessTyped,5,6,43,23627.907
fallback,vector,i64,4096,gaps,lessTyped,4,6,38,26894.737
fallback,vector,i64,4096,gaps,greaterTyped,5,0,44,23204.545
fallback,vector,i64,4096,gaps,greaterTyped,3,0,35,29114.286
fallback,vector,i64,4096,gaps,greaterTyped,4,0,37,27594.595
fallback,vector,i64,4096,gaps,greaterTyped,5,1,33,30909.091
fallback,vector,i64,4096,gaps,greaterTyped,4,1,37,27783.784
fallback,vector,i64,4096,gaps,greaterTyped,3,1,37,27540.541
fallback,vector,i64,4096,gaps,greaterTyped,4,2,43,23302.326
fallback,vector,i64,4096,gaps,greaterTyped,5,2,36,28361.111
fallback,vector,i64,4096,gaps,greaterTyped,3,2,41,24658.537
fallback,vector,i64,4096,gaps,greaterTyped,5,3,39,25897.436
fallback,vector,i64,4096,gaps,greaterTyped,3,3,43,23534.884
fallback,vector,i64,4096,gaps,greaterTyped,4,3,42,24047.619
fallback,vector,i64,4096,gaps,greaterTyped,4,4,44,22954.545
fallback,vector,i64,4096,gaps,greaterTyped,3,4,43,23418.605
fallback,vector,i64,4096,gaps,greaterTyped,5,4,42,24333.333
fallback,vector,i64,4096,gaps,greaterTyped,5,5,43,23511.628
fallback,vector,i64,4096,gaps,greaterTyped,4,5,43,23581.395
fallback,vector,i64,4096,gaps,greaterTyped,3,5,41,24634.146
fallback,vector,i64,4096,gaps,greaterTyped,5,6,42,24000.000
fallback,vector,i64,4096,gaps,greaterTyped,4,6,43,23488.372
fallback,vector,i64,4096,gaps,greaterTyped,3,6,42,23809.524
pipeline,vector,i64,4096,gaps,lessVoid,1,0,55,18327.273
pipeline,vector,i64,4096,gaps,lessVoid,0,0,57,17719.298
pipeline,vector,i64,4096,gaps,lessVoid,6,0,57,17771.930
pipeline,vector,i64,4096,gaps,lessVoid,2,0,56,17964.286
pipeline,vector,i64,4096,gaps,lessVoid,0,1,56,18107.143
pipeline,vector,i64,4096,gaps,lessVoid,6,1,56,17946.429
pipeline,vector,i64,4096,gaps,lessVoid,1,1,57,17614.035
pipeline,vector,i64,4096,gaps,lessVoid,2,1,57,17824.561
pipeline,vector,i64,4096,gaps,lessVoid,6,2,55,18309.091
pipeline,vector,i64,4096,gaps,lessVoid,0,2,57,17631.579
pipeline,vector,i64,4096,gaps,lessVoid,1,2,56,17964.286
pipeline,vector,i64,4096,gaps,lessVoid,2,2,57,17807.018
pipeline,vector,i64,4096,gaps,lessVoid,1,3,56,18089.286
pipeline,vector,i64,4096,gaps,lessVoid,0,3,57,17614.035
pipeline,vector,i64,4096,gaps,lessVoid,2,3,57,17789.474
pipeline,vector,i64,4096,gaps,lessVoid,6,3,53,18905.660
pipeline,vector,i64,4096,gaps,lessVoid,1,4,55,18272.727
pipeline,vector,i64,4096,gaps,lessVoid,2,4,54,18555.556
pipeline,vector,i64,4096,gaps,lessVoid,0,4,58,17465.517
pipeline,vector,i64,4096,gaps,lessVoid,6,4,58,17293.103
pipeline,vector,i64,4096,gaps,lessVoid,6,5,58,17482.759
pipeline,vector,i64,4096,gaps,lessVoid,2,5,58,17379.310
pipeline,vector,i64,4096,gaps,lessVoid,0,5,58,17258.621
pipeline,vector,i64,4096,gaps,lessVoid,1,5,56,18089.286
pipeline,vector,i64,4096,gaps,lessVoid,1,6,57,17596.491
pipeline,vector,i64,4096,gaps,lessVoid,6,6,59,17203.390
pipeline,vector,i64,4096,gaps,lessVoid,2,6,58,17396.552
pipeline,vector,i64,4096,gaps,lessVoid,0,6,58,17379.310
pipeline,vector,i64,4096,gaps,greaterTyped,2,0,58,17465.517
pipeline,vector,i64,4096,gaps,greaterTyped,0,0,57,17666.667
pipeline,vector,i64,4096,gaps,greaterTyped,1,0,58,17396.552
pipeline,vector,i64,4096,gaps,greaterTyped,6,0,57,17684.211
pipeline,vector,i64,4096,gaps,greaterTyped,0,1,58,17500.000
pipeline,vector,i64,4096,gaps,greaterTyped,2,1,56,18035.714
pipeline,vector,i64,4096,gaps,greaterTyped,6,1,58,17431.034
pipeline,vector,i64,4096,gaps,greaterTyped,1,1,55,18418.182
pipeline,vector,i64,4096,gaps,greaterTyped,2,2,57,17789.474
pipeline,vector,i64,4096,gaps,greaterTyped,6,2,57,17614.035
pipeline,vector,i64,4096,gaps,greaterTyped,0,2,57,17684.211
pipeline,vector,i64,4096,gaps,greaterTyped,1,2,57,17666.667
pipeline,vector,i64,4096,gaps,greaterTyped,0,3,56,17910.714
pipeline,vector,i64,4096,gaps,greaterTyped,6,3,57,17736.842
pipeline,vector,i64,4096,gaps,greaterTyped,2,3,56,17910.714
pipeline,vector,i64,4096,gaps,greaterTyped,1,3,53,19037.736
pipeline,vector,i64,4096,gaps,greaterTyped,0,4,58,17465.517
pipeline,vector,i64,4096,gaps,greaterTyped,2,4,56,18160.714
pipeline,vector,i64,4096,gaps,greaterTyped,6,4,55,18436.364
pipeline,vector,i64,4096,gaps,greaterTyped,1,4,57,17666.667
pipeline,vector,i64,4096,gaps,greaterTyped,0,5,56,17982.143
pipeline,vector,i64,4096,gaps,greaterTyped,6,5,57,17701.754
pipeline,vector,i64,4096,gaps,greaterTyped,1,5,57,17842.105
pipeline,vector,i64,4096,gaps,greaterTyped,2,5,54,18888.889
pipeline,vector,i64,4096,gaps,greaterTyped,0,6,56,18107.143
pipeline,vector,i64,4096,gaps,greaterTyped,2,6,57,17596.491
pipeline,vector,i64,4096,gaps,greaterTyped,1,6,56,18035.714
pipeline,vector,i64,4096,gaps,greaterTyped,6,6,52,19307.692
fallback,vector,i64,4096,ordered,lessVoid,3,0,56,18160.714
fallback,vector,i64,4096,ordered,lessVoid,4,0,56,18089.286
fallback,vector,i64,4096,ordered,lessVoid,5,0,56,18000.000
fallback,vector,i64,4096,ordered,lessVoid,4,1,54,18574.074
fallback,vector,i64,4096,ordered,lessVoid,5,1,55,18200.000
fallback,vector,i64,4096,ordered,lessVoid,3,1,55,18218.182
fallback,vector,i64,4096,ordered,lessVoid,3,2,55,18454.545
fallback,vector,i64,4096,ordered,lessVoid,5,2,53,18943.396
fallback,vector,i64,4096,ordered,lessVoid,4,2,54,18814.815
fallback,vector,i64,4096,ordered,lessVoid,5,3,56,17875.000
fallback,vector,i64,4096,ordered,lessVoid,3,3,55,18254.545
fallback,vector,i64,4096,ordered,lessVoid,4,3,55,18490.909
fallback,vector,i64,4096,ordered,lessVoid,3,4,55,18218.182
fallback,vector,i64,4096,ordered,lessVoid,4,4,53,18886.792
fallback,vector,i64,4096,ordered,lessVoid,5,4,55,18218.182
fallback,vector,i64,4096,ordered,lessVoid,5,5,53,19056.604
fallback,vector,i64,4096,ordered,lessVoid,4,5,54,18722.222
fallback,vector,i64,4096,ordered,lessVoid,3,5,56,17982.143
fallback,vector,i64,4096,ordered,lessVoid,4,6,54,18611.111
fallback,vector,i64,4096,ordered,lessVoid,5,6,56,17964.286
fallback,vector,i64,4096,ordered,lessVoid,3,6,56,18107.143
fallback,vector,i64,4096,ordered,lessTyped,3,0,56,17982.143
fallback,vector,i64,4096,ordered,lessTyped,5,0,54,18574.074
fallback,vector,i64,4096,ordered,lessTyped,4,0,54,18611.111
fallback,vector,i64,4096,ordered,lessTyped,4,1,55,18418.182
fallback,vector,i64,4096,ordered,lessTyped,3,1,56,17982.143
fallback,vector,i64,4096,ordered,lessTyped,5,1,54,18759.259
fallback,vector,i64,4096,ordered,lessTyped,4,2,54,18666.667
fallback,vector,i64,4096,ordered,lessTyped,5,2,54,18851.852
fallback,vector,i64,4096,ordered,lessTyped,3,2,54,18574.074
fallback,vector,i64,4096,ordered,lessTyped,5,3,56,18000.000
fallback,vector,i64,4096,ordered,lessTyped,3,3,53,18924.528
fallback,vector,i64,4096,ordered,lessTyped,4,3,56,18017.857
fallback,vector,i64,4096,ordered,lessTyped,4,4,54,18611.111
fallback,vector,i64,4096,ordered,lessTyped,5,4,54,18648.148
fallback,vector,i64,4096,ordered,lessTyped,3,4,56,18107.143
fallback,vector,i64,4096,ordered,lessTyped,4,5,53,19132.075
fallback,vector,i64,4096,ordered,lessTyped,5,5,54,18666.667
fallback,vector,i64,4096,ordered,lessTyped,3,5,56,18000.000
fallback,vector,i64,4096,ordered,lessTyped,4,6,54,18777.778
fallback,vector,i64,4096,ordered,lessTyped,3,6,56,18035.714
fallback,vector,i64,4096,ordered,lessTyped,5,6,53,19075.472
fallback,vector,i64,4096,ordered,greaterTyped,4,0,71,14154.930
fallback,vector,i64,4096,ordered,greaterTyped,3,0,75,13413.333
fallback,vector,i64,4096,ordered,greaterTyped,5,0,76,13315.789
fallback,vector,i64,4096,ordered,greaterTyped,4,1,76,13328.947
fallback,vector,i64,4096,ordered,greaterTyped,3,1,74,13581.081
fallback,vector,i64,4096,ordered,greaterTyped,5,1,76,13315.789
fallback,vector,i64,4096,ordered,greaterTyped,4,2,75,13426.667
fallback,vector,i64,4096,ordered,greaterTyped,5,2,73,13808.219
fallback,vector,i64,4096,ordered,greaterTyped,3,2,75,13346.667
fallback,vector,i64,4096,ordered,greaterTyped,4,3,74,13554.054
fallback,vector,i64,4096,ordered,greaterTyped,5,3,73,13808.219
fallback,vector,i64,4096,ordered,greaterTyped,3,3,75,13480.000
fallback,vector,i64,4096,ordered,greaterTyped,3,4,75,13413.333
fallback,vector,i64,4096,ordered,greaterTyped,5,4,75,13386.667
fallback,vector,i64,4096,ordered,greaterTyped,4,4,70,14300.000
fallback,vector,i64,4096,ordered,greaterTyped,4,5,75,13400.000
fallback,vector,i64,4096,ordered,greaterTyped,3,5,76,13302.632
fallback,vector,i64,4096,ordered,greaterTyped,5,5,75,13493.333
fallback,vector,i64,4096,ordered,greaterTyped,3,6,75,13333.333
fallback,vector,i64,4096,ordered,greaterTyped,5,6,73,13808.219
fallback,vector,i64,4096,ordered,greaterTyped,4,6,75,13453.333
fallback,vector,i64,4096,reverse,lessVoid,5,0,75,13373.333
fallback,vector,i64,4096,reverse,lessVoid,4,0,76,13263.158
fallback,vector,i64,4096,reverse,lessVoid,3,0,75,13346.667
fallback,vector,i64,4096,reverse,lessVoid,3,1,75,13373.333
fallback,vector,i64,4096,reverse,lessVoid,5,1,74,13621.622
fallback,vector,i64,4096,reverse,lessVoid,4,1,71,14225.352
fallback,vector,i64,4096,reverse,lessVoid,3,2,74,13702.703
fallback,vector,i64,4096,reverse,lessVoid,4,2,75,13346.667
fallback,vector,i64,4096,reverse,lessVoid,5,2,74,13689.189
fallback,vector,i64,4096,reverse,lessVoid,5,3,75,13400.000
fallback,vector,i64,4096,reverse,lessVoid,3,3,74,13540.541
fallback,vector,i64,4096,reverse,lessVoid,4,3,75,13360.000
fallback,vector,i64,4096,reverse,lessVoid,3,4,73,13849.315
fallback,vector,i64,4096,reverse,lessVoid,5,4,74,13635.135
fallback,vector,i64,4096,reverse,lessVoid,4,4,72,14041.667
fallback,vector,i64,4096,reverse,lessVoid,3,5,75,13493.333
fallback,vector,i64,4096,reverse,lessVoid,5,5,76,13328.947
fallback,vector,i64,4096,reverse,lessVoid,4,5,75,13413.333
fallback,vector,i64,4096,reverse,lessVoid,3,6,75,13346.667
fallback,vector,i64,4096,reverse,lessVoid,5,6,74,13608.108
fallback,vector,i64,4096,reverse,lessVoid,4,6,75,13360.000
fallback,vector,i64,4096,reverse,lessTyped,3,0,75,13413.333
fallback,vector,i64,4096,reverse,lessTyped,4,0,74,13513.514
fallback,vector,i64,4096,reverse,lessTyped,5,0,75,13386.667
fallback,vector,i64,4096,reverse,lessTyped,5,1,75,13386.667
fallback,vector,i64,4096,reverse,lessTyped,4,1,75,13386.667
fallback,vector,i64,4096,reverse,lessTyped,3,1,72,13972.222
fallback,vector,i64,4096,reverse,lessTyped,4,2,74,13675.676
fallback,vector,i64,4096,reverse,lessTyped,3,2,75,13360.000
fallback,vector,i64,4096,reverse,lessTyped,5,2,73,13767.123
fallback,vector,i64,4096,reverse,lessTyped,4,3,74,13635.135
fallback,vector,i64,4096,reverse,lessTyped,5,3,75,13333.333
fallback,vector,i64,4096,reverse,lessTyped,3,3,74,13513.514
fallback,vector,i64,4096,reverse,lessTyped,5,4,75,13400.000
fallback,vector,i64,4096,reverse,lessTyped,4,4,70,14428.571
fallback,vector,i64,4096,reverse,lessTyped,3,4,75,13466.667
fallback,vector,i64,4096,reverse,lessTyped,5,5,75,13360.000
fallback,vector,i64,4096,reverse,lessTyped,3,5,75,13466.667
fallback,vector,i64,4096,reverse,lessTyped,4,5,75,13373.333
fallback,vector,i64,4096,reverse,lessTyped,5,6,72,13958.333
fallback,vector,i64,4096,reverse,lessTyped,4,6,74,13689.189
fallback,vector,i64,4096,reverse,lessTyped,3,6,75,13453.333
fallback,vector,i64,4096,reverse,greaterTyped,5,0,56,17964.286
fallback,vector,i64,4096,reverse,greaterTyped,3,0,56,17964.286
fallback,vector,i64,4096,reverse,greaterTyped,4,0,55,18236.364
fallback,vector,i64,4096,reverse,greaterTyped,5,1,55,18290.909
fallback,vector,i64,4096,reverse,greaterTyped,3,1,56,18017.857
fallback,vector,i64,4096,reverse,greaterTyped,4,1,53,19169.811
fallback,vector,i64,4096,reverse,greaterTyped,3,2,55,18327.273
fallback,vector,i64,4096,reverse,greaterTyped,5,2,55,18254.545
fallback,vector,i64,4096,reverse,greaterTyped,4,2,55,18400.000
fallback,vector,i64,4096,reverse,greaterTyped,3,3,57,17842.105
fallback,vector,i64,4096,reverse,greaterTyped,5,3,56,17928.571
fallback,vector,i64,4096,reverse,greaterTyped,4,3,55,18309.091
fallback,vector,i64,4096,reverse,greaterTyped,4,4,55,18436.364
fallback,vector,i64,4096,reverse,greaterTyped,5,4,54,18814.815
fallback,vector,i64,4096,reverse,greaterTyped,3,4,56,17982.143
fallback,vector,i64,4096,reverse,greaterTyped,4,5,54,18648.148
fallback,vector,i64,4096,reverse,greaterTyped,5,5,56,18107.143
fallback,vector,i64,4096,reverse,greaterTyped,3,5,55,18345.455
fallback,vector,i64,4096,reverse,greaterTyped,3,6,56,18071.429
fallback,vector,i64,4096,reverse,greaterTyped,5,6,56,17892.857
fallback,vector,i64,4096,reverse,greaterTyped,4,6,55,18381.818
fallback,vector,i64,4096,nearly,lessVoid,3,0,51,19823.529
fallback,vector,i64,4096,nearly,lessVoid,4,0,51,19901.961
fallback,vector,i64,4096,nearly,lessVoid,5,0,54,18777.778
fallback,vector,i64,4096,nearly,lessVoid,5,1,52,19384.615
fallback,vector,i64,4096,nearly,lessVoid,4,1,48,21187.500
fallback,vector,i64,4096,nearly,lessVoid,3,1,51,19627.451
fallback,vector,i64,4096,nearly,lessVoid,5,2,54,18759.259
fallback,vector,i64,4096,nearly,lessVoid,4,2,51,19901.961
fallback,vector,i64,4096,nearly,lessVoid,3,2,50,20220.000
fallback,vector,i64,4096,nearly,lessVoid,5,3,54,18703.704
fallback,vector,i64,4096,nearly,lessVoid,3,3,51,19607.843
fallback,vector,i64,4096,nearly,lessVoid,4,3,51,19882.353
fallback,vector,i64,4096,nearly,lessVoid,3,4,49,20653.061
fallback,vector,i64,4096,nearly,lessVoid,5,4,54,18814.815
fallback,vector,i64,4096,nearly,lessVoid,4,4,51,19823.529
fallback,vector,i64,4096,nearly,lessVoid,3,5,50,20000.000
fallback,vector,i64,4096,nearly,lessVoid,4,5,51,19823.529
fallback,vector,i64,4096,nearly,lessVoid,5,5,52,19442.308
fallback,vector,i64,4096,nearly,lessVoid,3,6,51,19823.529
fallback,vector,i64,4096,nearly,lessVoid,4,6,51,19862.745
fallback,vector,i64,4096,nearly,lessVoid,5,6,52,19384.615
fallback,vector,i64,4096,nearly,lessTyped,3,0,51,19607.843
fallback,vector,i64,4096,nearly,lessTyped,5,0,51,19823.529
fallback,vector,i64,4096,nearly,lessTyped,4,0,51,19941.176
fallback,vector,i64,4096,nearly,lessTyped,3,1,51,19921.569
fallback,vector,i64,4096,nearly,lessTyped,4,1,46,22065.217
fallback,vector,i64,4096,nearly,lessTyped,5,1,51,19725.490
fallback,vector,i64,4096,nearly,lessTyped,5,2,51,19705.882
fallback,vector,i64,4096,nearly,lessTyped,3,2,51,19686.275
fallback,vector,i64,4096,nearly,lessTyped,4,2,50,20140.000
fallback,vector,i64,4096,nearly,lessTyped,4,3,50,20000.000
fallback,vector,i64,4096,nearly,lessTyped,5,3,51,19764.706
fallback,vector,i64,4096,nearly,lessTyped,3,3,52,19480.769
fallback,vector,i64,4096,nearly,lessTyped,5,4,48,21000.000
fallback,vector,i64,4096,nearly,lessTyped,3,4,52,19557.692
fallback,vector,i64,4096,nearly,lessTyped,4,4,51,19921.569
fallback,vector,i64,4096,nearly,lessTyped,3,5,50,20200.000
fallback,vector,i64,4096,nearly,lessTyped,5,5,51,19803.922
fallback,vector,i64,4096,nearly,lessTyped,4,5,51,19960.784
fallback,vector,i64,4096,nearly,lessTyped,3,6,52,19500.000
fallback,vector,i64,4096,nearly,lessTyped,5,6,51,19666.667
fallback,vector,i64,4096,nearly,lessTyped,4,6,49,20612.245
fallback,vector,i64,4096,nearly,greaterTyped,5,0,50,20380.000
fallback,vector,i64,4096,nearly,greaterTyped,4,0,47,21382.979
fallback,vector,i64,4096,nearly,greaterTyped,3,0,50,20380.000
fallback,vector,i64,4096,nearly,greaterTyped,3,1,51,19921.569
fallback,vector,i64,4096,nearly,greaterTyped,4,1,47,21340.426
fallback,vector,i64,4096,nearly,greaterTyped,5,1,48,21000.000
fallback,vector,i64,4096,nearly,greaterTyped,5,2,49,20653.061
fallback,vector,i64,4096,nearly,greaterTyped,4,2,48,21229.167
fallback,vector,i64,4096,nearly,greaterTyped,3,2,50,20080.000
fallback,vector,i64,4096,nearly,greaterTyped,3,3,51,19862.745
fallback,vector,i64,4096,nearly,greaterTyped,4,3,49,20530.612
fallback,vector,i64,4096,nearly,greaterTyped,5,3,49,20673.469
fallback,vector,i64,4096,nearly,greaterTyped,4,4,46,22043.478
fallback,vector,i64,4096,nearly,greaterTyped,5,4,49,20530.612
fallback,vector,i64,4096,nearly,greaterTyped,3,4,51,19960.784
fallback,vector,i64,4096,nearly,greaterTyped,4,5,48,20895.833
fallback,vector,i64,4096,nearly,greaterTyped,3,5,50,20140.000
fallback,vector,i64,4096,nearly,greaterTyped,5,5,48,21000.000
fallback,vector,i64,4096,nearly,greaterTyped,5,6,50,20220.000
fallback,vector,i64,4096,nearly,greaterTyped,4,6,49,20448.980
fallback,vector,i64,4096,nearly,greaterTyped,3,6,48,20875.000
fallback,vector,i64,1000000,full,lessVoid,3,0,1,40568000.000
fallback,vector,i64,1000000,full,lessVoid,5,0,1,40691000.000
fallback,vector,i64,1000000,full,lessVoid,4,0,1,40499000.000
fallback,vector,i64,1000000,full,lessVoid,3,1,1,40144000.000
fallback,vector,i64,1000000,full,lessVoid,4,1,1,42454000.000
fallback,vector,i64,1000000,full,lessVoid,5,1,1,40819000.000
fallback,vector,i64,1000000,full,lessVoid,3,2,1,40737000.000
fallback,vector,i64,1000000,full,lessVoid,4,2,1,40771000.000
fallback,vector,i64,1000000,full,lessVoid,5,2,1,40540000.000
fallback,vector,i64,1000000,full,lessVoid,4,3,1,40737000.000
fallback,vector,i64,1000000,full,lessVoid,3,3,1,40591000.000
fallback,vector,i64,1000000,full,lessVoid,5,3,1,40706000.000
fallback,vector,i64,1000000,full,lessVoid,5,4,1,40605000.000
fallback,vector,i64,1000000,full,lessVoid,4,4,1,40750000.000
fallback,vector,i64,1000000,full,lessVoid,3,4,1,40586000.000
fallback,vector,i64,1000000,full,lessVoid,3,5,1,40582000.000
fallback,vector,i64,1000000,full,lessVoid,4,5,1,40736000.000
fallback,vector,i64,1000000,full,lessVoid,5,5,1,40778000.000
fallback,vector,i64,1000000,full,lessVoid,3,6,1,40814000.000
fallback,vector,i64,1000000,full,lessVoid,4,6,1,40812000.000
fallback,vector,i64,1000000,full,lessVoid,5,6,1,40623000.000
fallback,vector,i64,1000000,full,lessTyped,4,0,1,40534000.000
fallback,vector,i64,1000000,full,lessTyped,5,0,1,40455000.000
fallback,vector,i64,1000000,full,lessTyped,3,0,1,40654000.000
fallback,vector,i64,1000000,full,lessTyped,5,1,1,42310000.000
fallback,vector,i64,1000000,full,lessTyped,3,1,1,40465000.000
fallback,vector,i64,1000000,full,lessTyped,4,1,1,40630000.000
fallback,vector,i64,1000000,full,lessTyped,5,2,1,40815000.000
fallback,vector,i64,1000000,full,lessTyped,4,2,1,40650000.000
fallback,vector,i64,1000000,full,lessTyped,3,2,1,40382000.000
fallback,vector,i64,1000000,full,lessTyped,4,3,1,40682000.000
fallback,vector,i64,1000000,full,lessTyped,5,3,1,40288000.000
fallback,vector,i64,1000000,full,lessTyped,3,3,1,40237000.000
fallback,vector,i64,1000000,full,lessTyped,4,4,1,40336000.000
fallback,vector,i64,1000000,full,lessTyped,3,4,1,40468000.000
fallback,vector,i64,1000000,full,lessTyped,5,4,1,40536000.000
fallback,vector,i64,1000000,full,lessTyped,4,5,1,40625000.000
fallback,vector,i64,1000000,full,lessTyped,3,5,1,40267000.000
fallback,vector,i64,1000000,full,lessTyped,5,5,1,40396000.000
fallback,vector,i64,1000000,full,lessTyped,5,6,1,40427000.000
fallback,vector,i64,1000000,full,lessTyped,3,6,1,40592000.000
fallback,vector,i64,1000000,full,lessTyped,4,6,1,40582000.000
fallback,vector,i64,1000000,full,greaterTyped,3,0,1,39781000.000
fallback,vector,i64,1000000,full,greaterTyped,4,0,1,40114000.000
fallback,vector,i64,1000000,full,greaterTyped,5,0,1,39916000.000
fallback,vector,i64,1000000,full,greaterTyped,3,1,1,39872000.000
fallback,vector,i64,1000000,full,greaterTyped,4,1,1,39723000.000
fallback,vector,i64,1000000,full,greaterTyped,5,1,1,39840000.000
fallback,vector,i64,1000000,full,greaterTyped,4,2,1,39972000.000
fallback,vector,i64,1000000,full,greaterTyped,5,2,1,39737000.000
fallback,vector,i64,1000000,full,greaterTyped,3,2,1,39741000.000
fallback,vector,i64,1000000,full,greaterTyped,3,3,1,39777000.000
fallback,vector,i64,1000000,full,greaterTyped,5,3,1,40568000.000
fallback,vector,i64,1000000,full,greaterTyped,4,3,1,40593000.000
fallback,vector,i64,1000000,full,greaterTyped,3,4,1,39930000.000
fallback,vector,i64,1000000,full,greaterTyped,5,4,1,40240000.000
fallback,vector,i64,1000000,full,greaterTyped,4,4,1,39737000.000
fallback,vector,i64,1000000,full,greaterTyped,3,5,1,39700000.000
fallback,vector,i64,1000000,full,greaterTyped,5,5,1,39743000.000
fallback,vector,i64,1000000,full,greaterTyped,4,5,1,40084000.000
fallback,vector,i64,1000000,full,greaterTyped,4,6,1,39881000.000
fallback,vector,i64,1000000,full,greaterTyped,3,6,1,39763000.000
fallback,vector,i64,1000000,full,greaterTyped,5,6,1,40000000.000
pipeline,vector,i64,1000000,full,lessVoid,1,0,1,6752000.000
pipeline,vector,i64,1000000,full,lessVoid,2,0,1,6813000.000
pipeline,vector,i64,1000000,full,lessVoid,6,0,1,6765000.000
pipeline,vector,i64,1000000,full,lessVoid,0,0,1,6980000.000
pipeline,vector,i64,1000000,full,lessVoid,6,1,1,6799000.000
pipeline,vector,i64,1000000,full,lessVoid,1,1,1,6867000.000
pipeline,vector,i64,1000000,full,lessVoid,0,1,1,6942000.000
pipeline,vector,i64,1000000,full,lessVoid,2,1,1,6927000.000
pipeline,vector,i64,1000000,full,lessVoid,1,2,1,6804000.000
pipeline,vector,i64,1000000,full,lessVoid,2,2,1,6788000.000
pipeline,vector,i64,1000000,full,lessVoid,0,2,1,6942000.000
pipeline,vector,i64,1000000,full,lessVoid,6,2,1,6921000.000
pipeline,vector,i64,1000000,full,lessVoid,6,3,1,6808000.000
pipeline,vector,i64,1000000,full,lessVoid,0,3,1,6894000.000
pipeline,vector,i64,1000000,full,lessVoid,2,3,1,6991000.000
pipeline,vector,i64,1000000,full,lessVoid,1,3,1,6837000.000
pipeline,vector,i64,1000000,full,lessVoid,0,4,1,6798000.000
pipeline,vector,i64,1000000,full,lessVoid,1,4,1,6913000.000
pipeline,vector,i64,1000000,full,lessVoid,2,4,1,6830000.000
pipeline,vector,i64,1000000,full,lessVoid,6,4,1,6870000.000
pipeline,vector,i64,1000000,full,lessVoid,0,5,1,6890000.000
pipeline,vector,i64,1000000,full,lessVoid,2,5,1,6828000.000
pipeline,vector,i64,1000000,full,lessVoid,6,5,1,6827000.000
pipeline,vector,i64,1000000,full,lessVoid,1,5,1,6826000.000
pipeline,vector,i64,1000000,full,lessVoid,2,6,1,6910000.000
pipeline,vector,i64,1000000,full,lessVoid,1,6,1,7059000.000
pipeline,vector,i64,1000000,full,lessVoid,6,6,1,6711000.000
pipeline,vector,i64,1000000,full,lessVoid,0,6,1,7089000.000
pipeline,vector,i64,1000000,full,greaterTyped,0,0,1,6677000.000
pipeline,vector,i64,1000000,full,greaterTyped,6,0,1,7500000.000
pipeline,vector,i64,1000000,full,greaterTyped,1,0,1,6814000.000
pipeline,vector,i64,1000000,full,greaterTyped,2,0,1,7196000.000
pipeline,vector,i64,1000000,full,greaterTyped,1,1,1,6799000.000
pipeline,vector,i64,1000000,full,greaterTyped,0,1,1,6965000.000
pipeline,vector,i64,1000000,full,greaterTyped,2,1,1,7135000.000
pipeline,vector,i64,1000000,full,greaterTyped,6,1,1,7584000.000
pipeline,vector,i64,1000000,full,greaterTyped,6,2,1,7620000.000
pipeline,vector,i64,1000000,full,greaterTyped,2,2,1,6896000.000
pipeline,vector,i64,1000000,full,greaterTyped,1,2,1,6837000.000
pipeline,vector,i64,1000000,full,greaterTyped,0,2,1,6817000.000
pipeline,vector,i64,1000000,full,greaterTyped,6,3,1,7366000.000
pipeline,vector,i64,1000000,full,greaterTyped,0,3,1,6966000.000
pipeline,vector,i64,1000000,full,greaterTyped,2,3,1,7542000.000
pipeline,vector,i64,1000000,full,greaterTyped,1,3,1,7608000.000
pipeline,vector,i64,1000000,full,greaterTyped,2,4,1,7554000.000
pipeline,vector,i64,1000000,full,greaterTyped,1,4,1,7801000.000
pipeline,vector,i64,1000000,full,greaterTyped,0,4,1,8146000.000
pipeline,vector,i64,1000000,full,greaterTyped,6,4,1,8511000.000
pipeline,vector,i64,1000000,full,greaterTyped,6,5,1,8712000.000
pipeline,vector,i64,1000000,full,greaterTyped,0,5,1,7999000.000
pipeline,vector,i64,1000000,full,greaterTyped,1,5,1,7722000.000
pipeline,vector,i64,1000000,full,greaterTyped,2,5,1,7903000.000
pipeline,vector,i64,1000000,full,greaterTyped,6,6,1,8027000.000
pipeline,vector,i64,1000000,full,greaterTyped,0,6,1,7513000.000
pipeline,vector,i64,1000000,full,greaterTyped,2,6,1,7734000.000
pipeline,vector,i64,1000000,full,greaterTyped,1,6,1,7839000.000
fallback,vector,i64,1000000,bits22,lessVoid,5,0,1,45103000.000
fallback,vector,i64,1000000,bits22,lessVoid,3,0,1,43672000.000
fallback,vector,i64,1000000,bits22,lessVoid,4,0,1,46559000.000
fallback,vector,i64,1000000,bits22,lessVoid,3,1,1,46188000.000
fallback,vector,i64,1000000,bits22,lessVoid,4,1,1,45473000.000
fallback,vector,i64,1000000,bits22,lessVoid,5,1,1,44460000.000
fallback,vector,i64,1000000,bits22,lessVoid,5,2,1,44003000.000
fallback,vector,i64,1000000,bits22,lessVoid,3,2,1,43768000.000
fallback,vector,i64,1000000,bits22,lessVoid,4,2,1,46068000.000
fallback,vector,i64,1000000,bits22,lessVoid,4,3,1,45657000.000
fallback,vector,i64,1000000,bits22,lessVoid,5,3,1,44878000.000
fallback,vector,i64,1000000,bits22,lessVoid,3,3,1,42678000.000
fallback,vector,i64,1000000,bits22,lessVoid,5,4,1,42083000.000
fallback,vector,i64,1000000,bits22,lessVoid,3,4,1,43282000.000
fallback,vector,i64,1000000,bits22,lessVoid,4,4,1,46166000.000
fallback,vector,i64,1000000,bits22,lessVoid,3,5,1,44414000.000
fallback,vector,i64,1000000,bits22,lessVoid,5,5,1,45433000.000
fallback,vector,i64,1000000,bits22,lessVoid,4,5,1,44666000.000
fallback,vector,i64,1000000,bits22,lessVoid,4,6,1,46127000.000
fallback,vector,i64,1000000,bits22,lessVoid,3,6,1,47081000.000
fallback,vector,i64,1000000,bits22,lessVoid,5,6,1,45352000.000
fallback,vector,i64,1000000,bits22,lessTyped,4,0,1,43381000.000
fallback,vector,i64,1000000,bits22,lessTyped,5,0,1,42896000.000
fallback,vector,i64,1000000,bits22,lessTyped,3,0,1,43935000.000
fallback,vector,i64,1000000,bits22,lessTyped,5,1,1,42115000.000
fallback,vector,i64,1000000,bits22,lessTyped,4,1,1,40632000.000
fallback,vector,i64,1000000,bits22,lessTyped,3,1,1,40403000.000
fallback,vector,i64,1000000,bits22,lessTyped,5,2,1,40303000.000
fallback,vector,i64,1000000,bits22,lessTyped,4,2,1,40410000.000
fallback,vector,i64,1000000,bits22,lessTyped,3,2,1,40869000.000
fallback,vector,i64,1000000,bits22,lessTyped,3,3,1,40325000.000
fallback,vector,i64,1000000,bits22,lessTyped,5,3,1,40416000.000
fallback,vector,i64,1000000,bits22,lessTyped,4,3,1,40294000.000
fallback,vector,i64,1000000,bits22,lessTyped,3,4,1,40469000.000
fallback,vector,i64,1000000,bits22,lessTyped,5,4,1,40562000.000
fallback,vector,i64,1000000,bits22,lessTyped,4,4,1,40272000.000
fallback,vector,i64,1000000,bits22,lessTyped,5,5,1,40313000.000
fallback,vector,i64,1000000,bits22,lessTyped,3,5,1,40368000.000
fallback,vector,i64,1000000,bits22,lessTyped,4,5,1,40326000.000
fallback,vector,i64,1000000,bits22,lessTyped,3,6,1,40394000.000
fallback,vector,i64,1000000,bits22,lessTyped,4,6,1,40511000.000
fallback,vector,i64,1000000,bits22,lessTyped,5,6,1,40392000.000
fallback,vector,i64,1000000,bits22,greaterTyped,3,0,1,40047000.000
fallback,vector,i64,1000000,bits22,greaterTyped,4,0,1,40146000.000
fallback,vector,i64,1000000,bits22,greaterTyped,5,0,1,40230000.000
fallback,vector,i64,1000000,bits22,greaterTyped,3,1,1,40157000.000
fallback,vector,i64,1000000,bits22,greaterTyped,4,1,1,40669000.000
fallback,vector,i64,1000000,bits22,greaterTyped,5,1,1,40174000.000
fallback,vector,i64,1000000,bits22,greaterTyped,5,2,1,40243000.000
fallback,vector,i64,1000000,bits22,greaterTyped,4,2,1,40344000.000
fallback,vector,i64,1000000,bits22,greaterTyped,3,2,1,39954000.000
fallback,vector,i64,1000000,bits22,greaterTyped,4,3,1,40523000.000
fallback,vector,i64,1000000,bits22,greaterTyped,3,3,1,40069000.000
fallback,vector,i64,1000000,bits22,greaterTyped,5,3,1,40058000.000
fallback,vector,i64,1000000,bits22,greaterTyped,4,4,1,40129000.000
fallback,vector,i64,1000000,bits22,greaterTyped,5,4,1,40566000.000
fallback,vector,i64,1000000,bits22,greaterTyped,3,4,1,40195000.000
fallback,vector,i64,1000000,bits22,greaterTyped,3,5,1,40030000.000
fallback,vector,i64,1000000,bits22,greaterTyped,4,5,1,40047000.000
fallback,vector,i64,1000000,bits22,greaterTyped,5,5,1,40080000.000
fallback,vector,i64,1000000,bits22,greaterTyped,4,6,1,40225000.000
fallback,vector,i64,1000000,bits22,greaterTyped,3,6,1,40171000.000
fallback,vector,i64,1000000,bits22,greaterTyped,5,6,1,40061000.000
pipeline,vector,i64,1000000,bits22,lessVoid,2,0,1,3326000.000
pipeline,vector,i64,1000000,bits22,lessVoid,1,0,1,3549000.000
pipeline,vector,i64,1000000,bits22,lessVoid,6,0,1,3299000.000
pipeline,vector,i64,1000000,bits22,lessVoid,0,0,1,3431000.000
pipeline,vector,i64,1000000,bits22,lessVoid,0,1,1,3307000.000
pipeline,vector,i64,1000000,bits22,lessVoid,6,1,1,3239000.000
pipeline,vector,i64,1000000,bits22,lessVoid,1,1,1,3502000.000
pipeline,vector,i64,1000000,bits22,lessVoid,2,1,1,3466000.000
pipeline,vector,i64,1000000,bits22,lessVoid,1,2,1,3246000.000
pipeline,vector,i64,1000000,bits22,lessVoid,6,2,1,3440000.000
pipeline,vector,i64,1000000,bits22,lessVoid,2,2,1,3556000.000
pipeline,vector,i64,1000000,bits22,lessVoid,0,2,1,3431000.000
pipeline,vector,i64,1000000,bits22,lessVoid,0,3,1,3363000.000
pipeline,vector,i64,1000000,bits22,lessVoid,6,3,1,3502000.000
pipeline,vector,i64,1000000,bits22,lessVoid,1,3,1,3447000.000
pipeline,vector,i64,1000000,bits22,lessVoid,2,3,1,3309000.000
pipeline,vector,i64,1000000,bits22,lessVoid,0,4,1,3364000.000
pipeline,vector,i64,1000000,bits22,lessVoid,2,4,1,3570000.000
pipeline,vector,i64,1000000,bits22,lessVoid,1,4,1,3418000.000
pipeline,vector,i64,1000000,bits22,lessVoid,6,4,1,3363000.000
pipeline,vector,i64,1000000,bits22,lessVoid,1,5,1,3528000.000
pipeline,vector,i64,1000000,bits22,lessVoid,6,5,1,3590000.000
pipeline,vector,i64,1000000,bits22,lessVoid,2,5,1,3240000.000
pipeline,vector,i64,1000000,bits22,lessVoid,0,5,1,3510000.000
pipeline,vector,i64,1000000,bits22,lessVoid,1,6,1,3338000.000
pipeline,vector,i64,1000000,bits22,lessVoid,2,6,1,3552000.000
pipeline,vector,i64,1000000,bits22,lessVoid,6,6,1,3493000.000
pipeline,vector,i64,1000000,bits22,lessVoid,0,6,1,3293000.000
pipeline,vector,i64,1000000,bits22,greaterTyped,6,0,1,3765000.000
pipeline,vector,i64,1000000,bits22,greaterTyped,0,0,1,3532000.000
pipeline,vector,i64,1000000,bits22,greaterTyped,1,0,1,3531000.000
pipeline,vector,i64,1000000,bits22,greaterTyped,2,0,1,3479000.000
pipeline,vector,i64,1000000,bits22,greaterTyped,0,1,1,3282000.000
pipeline,vector,i64,1000000,bits22,greaterTyped,2,1,1,3484000.000
pipeline,vector,i64,1000000,bits22,greaterTyped,1,1,1,3530000.000
pipeline,vector,i64,1000000,bits22,greaterTyped,6,1,1,3512000.000
pipeline,vector,i64,1000000,bits22,greaterTyped,1,2,1,3360000.000
pipeline,vector,i64,1000000,bits22,greaterTyped,2,2,1,3354000.000
pipeline,vector,i64,1000000,bits22,greaterTyped,6,2,1,3538000.000
pipeline,vector,i64,1000000,bits22,greaterTyped,0,2,1,3361000.000
pipeline,vector,i64,1000000,bits22,greaterTyped,6,3,1,3601000.000
pipeline,vector,i64,1000000,bits22,greaterTyped,0,3,1,3351000.000
pipeline,vector,i64,1000000,bits22,greaterTyped,1,3,1,3306000.000
pipeline,vector,i64,1000000,bits22,greaterTyped,2,3,1,3362000.000
pipeline,vector,i64,1000000,bits22,greaterTyped,1,4,1,3324000.000
pipeline,vector,i64,1000000,bits22,greaterTyped,6,4,1,3521000.000
pipeline,vector,i64,1000000,bits22,greaterTyped,0,4,1,3327000.000
pipeline,vector,i64,1000000,bits22,greaterTyped,2,4,1,3362000.000
pipeline,vector,i64,1000000,bits22,greaterTyped,6,5,1,3575000.000
pipeline,vector,i64,1000000,bits22,greaterTyped,2,5,1,3414000.000
pipeline,vector,i64,1000000,bits22,greaterTyped,0,5,1,3304000.000
pipeline,vector,i64,1000000,bits22,greaterTyped,1,5,1,3383000.000
pipeline,vector,i64,1000000,bits22,greaterTyped,6,6,1,3510000.000
pipeline,vector,i64,1000000,bits22,greaterTyped,2,6,1,3376000.000
pipeline,vector,i64,1000000,bits22,greaterTyped,0,6,1,3338000.000
pipeline,vector,i64,1000000,bits22,greaterTyped,1,6,1,3354000.000
fallback,vector,i64,1000000,gaps,lessVoid,4,0,1,21492000.000
fallback,vector,i64,1000000,gaps,lessVoid,5,0,1,21659000.000
fallback,vector,i64,1000000,gaps,lessVoid,3,0,1,21444000.000
fallback,vector,i64,1000000,gaps,lessVoid,5,1,1,21195000.000
fallback,vector,i64,1000000,gaps,lessVoid,4,1,1,21376000.000
fallback,vector,i64,1000000,gaps,lessVoid,3,1,1,21540000.000
fallback,vector,i64,1000000,gaps,lessVoid,3,2,1,21771000.000
fallback,vector,i64,1000000,gaps,lessVoid,4,2,1,21759000.000
fallback,vector,i64,1000000,gaps,lessVoid,5,2,1,21702000.000
fallback,vector,i64,1000000,gaps,lessVoid,4,3,1,21268000.000
fallback,vector,i64,1000000,gaps,lessVoid,5,3,1,21228000.000
fallback,vector,i64,1000000,gaps,lessVoid,3,3,1,21200000.000
fallback,vector,i64,1000000,gaps,lessVoid,3,4,1,21173000.000
fallback,vector,i64,1000000,gaps,lessVoid,5,4,1,21230000.000
fallback,vector,i64,1000000,gaps,lessVoid,4,4,1,24841000.000
fallback,vector,i64,1000000,gaps,lessVoid,5,5,1,23037000.000
fallback,vector,i64,1000000,gaps,lessVoid,3,5,1,23599000.000
fallback,vector,i64,1000000,gaps,lessVoid,4,5,1,24436000.000
fallback,vector,i64,1000000,gaps,lessVoid,3,6,1,22443000.000
fallback,vector,i64,1000000,gaps,lessVoid,5,6,1,23188000.000
fallback,vector,i64,1000000,gaps,lessVoid,4,6,1,23097000.000
fallback,vector,i64,1000000,gaps,lessTyped,3,0,1,23126000.000
fallback,vector,i64,1000000,gaps,lessTyped,4,0,1,22867000.000
fallback,vector,i64,1000000,gaps,lessTyped,5,0,1,23129000.000
fallback,vector,i64,1000000,gaps,lessTyped,3,1,1,22315000.000
fallback,vector,i64,1000000,gaps,lessTyped,4,1,1,22961000.000
fallback,vector,i64,1000000,gaps,lessTyped,5,1,1,23226000.000
fallback,vector,i64,1000000,gaps,lessTyped,3,2,1,22942000.000
fallback,vector,i64,1000000,gaps,lessTyped,5,2,1,22739000.000
fallback,vector,i64,1000000,gaps,lessTyped,4,2,1,22844000.000
fallback,vector,i64,1000000,gaps,lessTyped,5,3,1,24295000.000
fallback,vector,i64,1000000,gaps,lessTyped,3,3,1,23301000.000
fallback,vector,i64,1000000,gaps,lessTyped,4,3,1,22717000.000
fallback,vector,i64,1000000,gaps,lessTyped,4,4,1,22936000.000
fallback,vector,i64,1000000,gaps,lessTyped,3,4,1,22728000.000
fallback,vector,i64,1000000,gaps,lessTyped,5,4,1,22841000.000
fallback,vector,i64,1000000,gaps,lessTyped,3,5,1,23215000.000
fallback,vector,i64,1000000,gaps,lessTyped,4,5,1,23296000.000
fallback,vector,i64,1000000,gaps,lessTyped,5,5,1,23615000.000
fallback,vector,i64,1000000,gaps,lessTyped,3,6,1,23071000.000
fallback,vector,i64,1000000,gaps,lessTyped,4,6,1,23358000.000
fallback,vector,i64,1000000,gaps,lessTyped,5,6,1,22636000.000
fallback,vector,i64,1000000,gaps,greaterTyped,5,0,1,23083000.000
fallback,vector,i64,1000000,gaps,greaterTyped,4,0,1,23153000.000
fallback,vector,i64,1000000,gaps,greaterTyped,3,0,1,23612000.000
fallback,vector,i64,1000000,gaps,greaterTyped,4,1,1,23248000.000
fallback,vector,i64,1000000,gaps,greaterTyped,3,1,1,23538000.000
fallback,vector,i64,1000000,gaps,greaterTyped,5,1,1,22930000.000
fallback,vector,i64,1000000,gaps,greaterTyped,5,2,1,23245000.000
fallback,vector,i64,1000000,gaps,greaterTyped,4,2,1,23991000.000
fallback,vector,i64,1000000,gaps,greaterTyped,3,2,1,24361000.000
fallback,vector,i64,1000000,gaps,greaterTyped,4,3,1,23054000.000
fallback,vector,i64,1000000,gaps,greaterTyped,5,3,1,22186000.000
fallback,vector,i64,1000000,gaps,greaterTyped,3,3,1,21717000.000
fallback,vector,i64,1000000,gaps,greaterTyped,4,4,1,23038000.000
fallback,vector,i64,1000000,gaps,greaterTyped,3,4,1,24364000.000
fallback,vector,i64,1000000,gaps,greaterTyped,5,4,1,24134000.000
fallback,vector,i64,1000000,gaps,greaterTyped,5,5,1,24237000.000
fallback,vector,i64,1000000,gaps,greaterTyped,3,5,1,22712000.000
fallback,vector,i64,1000000,gaps,greaterTyped,4,5,1,23025000.000
fallback,vector,i64,1000000,gaps,greaterTyped,3,6,1,22692000.000
fallback,vector,i64,1000000,gaps,greaterTyped,5,6,1,24070000.000
fallback,vector,i64,1000000,gaps,greaterTyped,4,6,1,22893000.000
pipeline,vector,i64,1000000,gaps,lessVoid,0,0,1,4589000.000
pipeline,vector,i64,1000000,gaps,lessVoid,6,0,1,3397000.000
pipeline,vector,i64,1000000,gaps,lessVoid,1,0,1,3533000.000
pipeline,vector,i64,1000000,gaps,lessVoid,2,0,1,3456000.000
pipeline,vector,i64,1000000,gaps,lessVoid,0,1,1,4715000.000
pipeline,vector,i64,1000000,gaps,lessVoid,6,1,1,3417000.000
pipeline,vector,i64,1000000,gaps,lessVoid,2,1,1,3413000.000
pipeline,vector,i64,1000000,gaps,lessVoid,1,1,1,3375000.000
pipeline,vector,i64,1000000,gaps,lessVoid,1,2,1,3673000.000
pipeline,vector,i64,1000000,gaps,lessVoid,6,2,1,3337000.000
pipeline,vector,i64,1000000,gaps,lessVoid,0,2,1,4521000.000
pipeline,vector,i64,1000000,gaps,lessVoid,2,2,1,3587000.000
pipeline,vector,i64,1000000,gaps,lessVoid,0,3,1,4871000.000
pipeline,vector,i64,1000000,gaps,lessVoid,6,3,1,3822000.000
pipeline,vector,i64,1000000,gaps,lessVoid,1,3,1,3463000.000
pipeline,vector,i64,1000000,gaps,lessVoid,2,3,1,3826000.000
pipeline,vector,i64,1000000,gaps,lessVoid,0,4,1,4601000.000
pipeline,vector,i64,1000000,gaps,lessVoid,2,4,1,3633000.000
pipeline,vector,i64,1000000,gaps,lessVoid,1,4,1,3309000.000
pipeline,vector,i64,1000000,gaps,lessVoid,6,4,1,3380000.000
pipeline,vector,i64,1000000,gaps,lessVoid,1,5,1,3376000.000
pipeline,vector,i64,1000000,gaps,lessVoid,0,5,1,4848000.000
pipeline,vector,i64,1000000,gaps,lessVoid,6,5,1,3563000.000
pipeline,vector,i64,1000000,gaps,lessVoid,2,5,1,3374000.000
pipeline,vector,i64,1000000,gaps,lessVoid,2,6,1,3482000.000
pipeline,vector,i64,1000000,gaps,lessVoid,0,6,1,4569000.000
pipeline,vector,i64,1000000,gaps,lessVoid,6,6,1,3391000.000
pipeline,vector,i64,1000000,gaps,lessVoid,1,6,1,3399000.000
pipeline,vector,i64,1000000,gaps,greaterTyped,6,0,1,3485000.000
pipeline,vector,i64,1000000,gaps,greaterTyped,1,0,1,3379000.000
pipeline,vector,i64,1000000,gaps,greaterTyped,2,0,1,3572000.000
pipeline,vector,i64,1000000,gaps,greaterTyped,0,0,1,4614000.000
pipeline,vector,i64,1000000,gaps,greaterTyped,6,1,1,3601000.000
pipeline,vector,i64,1000000,gaps,greaterTyped,2,1,1,3653000.000
pipeline,vector,i64,1000000,gaps,greaterTyped,0,1,1,4949000.000
pipeline,vector,i64,1000000,gaps,greaterTyped,1,1,1,3664000.000
pipeline,vector,i64,1000000,gaps,greaterTyped,2,2,1,3632000.000
pipeline,vector,i64,1000000,gaps,greaterTyped,1,2,1,3608000.000
pipeline,vector,i64,1000000,gaps,greaterTyped,0,2,1,4742000.000
pipeline,vector,i64,1000000,gaps,greaterTyped,6,2,1,3482000.000
pipeline,vector,i64,1000000,gaps,greaterTyped,0,3,1,4738000.000
pipeline,vector,i64,1000000,gaps,greaterTyped,1,3,1,3615000.000
pipeline,vector,i64,1000000,gaps,greaterTyped,2,3,1,3661000.000
pipeline,vector,i64,1000000,gaps,greaterTyped,6,3,1,3645000.000
pipeline,vector,i64,1000000,gaps,greaterTyped,2,4,1,3321000.000
pipeline,vector,i64,1000000,gaps,greaterTyped,1,4,1,3564000.000
pipeline,vector,i64,1000000,gaps,greaterTyped,6,4,1,4248000.000
pipeline,vector,i64,1000000,gaps,greaterTyped,0,4,1,4748000.000
pipeline,vector,i64,1000000,gaps,greaterTyped,6,5,1,4973000.000
pipeline,vector,i64,1000000,gaps,greaterTyped,2,5,1,3349000.000
pipeline,vector,i64,1000000,gaps,greaterTyped,1,5,1,3332000.000
pipeline,vector,i64,1000000,gaps,greaterTyped,0,5,1,4537000.000
pipeline,vector,i64,1000000,gaps,greaterTyped,6,6,1,3436000.000
pipeline,vector,i64,1000000,gaps,greaterTyped,0,6,1,4552000.000
pipeline,vector,i64,1000000,gaps,greaterTyped,1,6,1,3636000.000
pipeline,vector,i64,1000000,gaps,greaterTyped,2,6,1,3459000.000
fallback,vector,i64,1000000,ordered,lessVoid,3,0,1,7250000.000
fallback,vector,i64,1000000,ordered,lessVoid,4,0,1,7694000.000
fallback,vector,i64,1000000,ordered,lessVoid,5,0,1,7332000.000
fallback,vector,i64,1000000,ordered,lessVoid,3,1,1,7393000.000
fallback,vector,i64,1000000,ordered,lessVoid,5,1,1,7512000.000
fallback,vector,i64,1000000,ordered,lessVoid,4,1,1,7568000.000
fallback,vector,i64,1000000,ordered,lessVoid,3,2,1,7435000.000
fallback,vector,i64,1000000,ordered,lessVoid,4,2,1,7623000.000
fallback,vector,i64,1000000,ordered,lessVoid,5,2,1,7372000.000
fallback,vector,i64,1000000,ordered,lessVoid,5,3,1,7377000.000
fallback,vector,i64,1000000,ordered,lessVoid,3,3,1,7431000.000
fallback,vector,i64,1000000,ordered,lessVoid,4,3,1,7779000.000
fallback,vector,i64,1000000,ordered,lessVoid,4,4,1,7573000.000
fallback,vector,i64,1000000,ordered,lessVoid,3,4,1,7345000.000
fallback,vector,i64,1000000,ordered,lessVoid,5,4,1,7583000.000
fallback,vector,i64,1000000,ordered,lessVoid,3,5,1,8145000.000
fallback,vector,i64,1000000,ordered,lessVoid,4,5,1,8022000.000
fallback,vector,i64,1000000,ordered,lessVoid,5,5,1,7773000.000
fallback,vector,i64,1000000,ordered,lessVoid,4,6,1,7984000.000
fallback,vector,i64,1000000,ordered,lessVoid,3,6,1,7880000.000
fallback,vector,i64,1000000,ordered,lessVoid,5,6,1,7951000.000
fallback,vector,i64,1000000,ordered,lessTyped,3,0,1,7772000.000
fallback,vector,i64,1000000,ordered,lessTyped,5,0,1,8162000.000
fallback,vector,i64,1000000,ordered,lessTyped,4,0,1,8083000.000
fallback,vector,i64,1000000,ordered,lessTyped,3,1,1,7770000.000
fallback,vector,i64,1000000,ordered,lessTyped,5,1,1,7105000.000
fallback,vector,i64,1000000,ordered,lessTyped,4,1,1,8285000.000
fallback,vector,i64,1000000,ordered,lessTyped,5,2,1,8091000.000
fallback,vector,i64,1000000,ordered,lessTyped,3,2,1,7742000.000
fallback,vector,i64,1000000,ordered,lessTyped,4,2,1,8134000.000
fallback,vector,i64,1000000,ordered,lessTyped,3,3,1,8096000.000
fallback,vector,i64,1000000,ordered,lessTyped,4,3,1,8526000.000
fallback,vector,i64,1000000,ordered,lessTyped,5,3,1,8291000.000
fallback,vector,i64,1000000,ordered,lessTyped,5,4,1,8223000.000
fallback,vector,i64,1000000,ordered,lessTyped,3,4,1,7986000.000
fallback,vector,i64,1000000,ordered,lessTyped,4,4,1,8073000.000
fallback,vector,i64,1000000,ordered,lessTyped,5,5,1,7877000.000
fallback,vector,i64,1000000,ordered,lessTyped,3,5,1,7837000.000
fallback,vector,i64,1000000,ordered,lessTyped,4,5,1,7968000.000
fallback,vector,i64,1000000,ordered,lessTyped,4,6,1,7918000.000
fallback,vector,i64,1000000,ordered,lessTyped,5,6,1,7947000.000
fallback,vector,i64,1000000,ordered,lessTyped,3,6,1,7881000.000
fallback,vector,i64,1000000,ordered,greaterTyped,4,0,1,5654000.000
fallback,vector,i64,1000000,ordered,greaterTyped,5,0,1,5728000.000
fallback,vector,i64,1000000,ordered,greaterTyped,3,0,1,5772000.000
fallback,vector,i64,1000000,ordered,greaterTyped,4,1,1,5925000.000
fallback,vector,i64,1000000,ordered,greaterTyped,5,1,1,5651000.000
fallback,vector,i64,1000000,ordered,greaterTyped,3,1,1,5666000.000
fallback,vector,i64,1000000,ordered,greaterTyped,4,2,1,5770000.000
fallback,vector,i64,1000000,ordered,greaterTyped,3,2,1,5890000.000
fallback,vector,i64,1000000,ordered,greaterTyped,5,2,1,5538000.000
fallback,vector,i64,1000000,ordered,greaterTyped,5,3,1,5747000.000
fallback,vector,i64,1000000,ordered,greaterTyped,4,3,1,5686000.000
fallback,vector,i64,1000000,ordered,greaterTyped,3,3,1,5731000.000
fallback,vector,i64,1000000,ordered,greaterTyped,4,4,1,5652000.000
fallback,vector,i64,1000000,ordered,greaterTyped,3,4,1,5693000.000
fallback,vector,i64,1000000,ordered,greaterTyped,5,4,1,5697000.000
fallback,vector,i64,1000000,ordered,greaterTyped,5,5,1,5995000.000
fallback,vector,i64,1000000,ordered,greaterTyped,3,5,1,5848000.000
fallback,vector,i64,1000000,ordered,greaterTyped,4,5,1,5759000.000
fallback,vector,i64,1000000,ordered,greaterTyped,5,6,1,5743000.000
fallback,vector,i64,1000000,ordered,greaterTyped,4,6,1,5728000.000
fallback,vector,i64,1000000,ordered,greaterTyped,3,6,1,5779000.000
pipeline,vector,i64,1000000,ordered,lessVoid,1,0,4,252000.000
pipeline,vector,i64,1000000,ordered,lessVoid,0,0,4,260000.000
pipeline,vector,i64,1000000,ordered,lessVoid,2,0,5,250600.000
pipeline,vector,i64,1000000,ordered,lessVoid,6,0,4,259500.000
pipeline,vector,i64,1000000,ordered,lessVoid,2,1,5,243600.000
pipeline,vector,i64,1000000,ordered,lessVoid,6,1,5,249200.000
pipeline,vector,i64,1000000,ordered,lessVoid,1,1,4,252000.000
pipeline,vector,i64,1000000,ordered,lessVoid,0,1,5,249200.000
pipeline,vector,i64,1000000,ordered,lessVoid,2,2,5,242800.000
pipeline,vector,i64,1000000,ordered,lessVoid,0,2,4,262250.000
pipeline,vector,i64,1000000,ordered,lessVoid,6,2,4,252500.000
pipeline,vector,i64,1000000,ordered,lessVoid,1,2,4,262500.000
pipeline,vector,i64,1000000,ordered,lessVoid,2,3,4,275250.000
pipeline,vector,i64,1000000,ordered,lessVoid,1,3,4,261000.000
pipeline,vector,i64,1000000,ordered,lessVoid,6,3,4,251750.000
pipeline,vector,i64,1000000,ordered,lessVoid,0,3,5,251800.000
pipeline,vector,i64,1000000,ordered,lessVoid,2,4,4,255750.000
pipeline,vector,i64,1000000,ordered,lessVoid,6,4,4,250750.000
pipeline,vector,i64,1000000,ordered,lessVoid,1,4,4,253500.000
pipeline,vector,i64,1000000,ordered,lessVoid,0,4,4,250250.000
pipeline,vector,i64,1000000,ordered,lessVoid,6,5,4,253000.000
pipeline,vector,i64,1000000,ordered,lessVoid,1,5,4,252250.000
pipeline,vector,i64,1000000,ordered,lessVoid,2,5,4,276250.000
pipeline,vector,i64,1000000,ordered,lessVoid,0,5,4,255500.000
pipeline,vector,i64,1000000,ordered,lessVoid,6,6,4,252500.000
pipeline,vector,i64,1000000,ordered,lessVoid,2,6,4,256500.000
pipeline,vector,i64,1000000,ordered,lessVoid,0,6,5,246600.000
pipeline,vector,i64,1000000,ordered,lessVoid,1,6,4,263000.000
pipeline,vector,i64,1000000,ordered,greaterTyped,1,0,3,427333.333
pipeline,vector,i64,1000000,ordered,greaterTyped,2,0,3,432666.667
pipeline,vector,i64,1000000,ordered,greaterTyped,0,0,3,428000.000
pipeline,vector,i64,1000000,ordered,greaterTyped,6,0,3,425666.667
pipeline,vector,i64,1000000,ordered,greaterTyped,6,1,3,415333.333
pipeline,vector,i64,1000000,ordered,greaterTyped,0,1,3,432333.333
pipeline,vector,i64,1000000,ordered,greaterTyped,1,1,3,411333.333
pipeline,vector,i64,1000000,ordered,greaterTyped,2,1,3,428333.333
pipeline,vector,i64,1000000,ordered,greaterTyped,6,2,3,435000.000
pipeline,vector,i64,1000000,ordered,greaterTyped,0,2,3,432000.000
pipeline,vector,i64,1000000,ordered,greaterTyped,2,2,3,440666.667
pipeline,vector,i64,1000000,ordered,greaterTyped,1,2,3,422000.000
pipeline,vector,i64,1000000,ordered,greaterTyped,1,3,3,431000.000
pipeline,vector,i64,1000000,ordered,greaterTyped,6,3,3,442333.333
pipeline,vector,i64,1000000,ordered,greaterTyped,0,3,3,426333.333
pipeline,vector,i64,1000000,ordered,greaterTyped,2,3,3,433333.333
pipeline,vector,i64,1000000,ordered,greaterTyped,1,4,3,425333.333
pipeline,vector,i64,1000000,ordered,greaterTyped,6,4,3,439333.333
pipeline,vector,i64,1000000,ordered,greaterTyped,2,4,3,421666.667
pipeline,vector,i64,1000000,ordered,greaterTyped,0,4,3,431333.333
pipeline,vector,i64,1000000,ordered,greaterTyped,0,5,3,413000.000
pipeline,vector,i64,1000000,ordered,greaterTyped,1,5,3,411333.333
pipeline,vector,i64,1000000,ordered,greaterTyped,2,5,3,417333.333
pipeline,vector,i64,1000000,ordered,greaterTyped,6,5,3,419666.667
pipeline,vector,i64,1000000,ordered,greaterTyped,6,6,3,417666.667
pipeline,vector,i64,1000000,ordered,greaterTyped,0,6,3,416333.333
pipeline,vector,i64,1000000,ordered,greaterTyped,2,6,3,418666.667
pipeline,vector,i64,1000000,ordered,greaterTyped,1,6,3,415333.333
fallback,vector,i64,1000000,reverse,lessVoid,3,0,1,5411000.000
fallback,vector,i64,1000000,reverse,lessVoid,5,0,1,5412000.000
fallback,vector,i64,1000000,reverse,lessVoid,4,0,1,5380000.000
fallback,vector,i64,1000000,reverse,lessVoid,4,1,1,5240000.000
fallback,vector,i64,1000000,reverse,lessVoid,5,1,1,5165000.000
fallback,vector,i64,1000000,reverse,lessVoid,3,1,1,5137000.000
fallback,vector,i64,1000000,reverse,lessVoid,4,2,1,5198000.000
fallback,vector,i64,1000000,reverse,lessVoid,3,2,1,5251000.000
fallback,vector,i64,1000000,reverse,lessVoid,5,2,1,5200000.000
fallback,vector,i64,1000000,reverse,lessVoid,3,3,1,5213000.000
fallback,vector,i64,1000000,reverse,lessVoid,4,3,1,5274000.000
fallback,vector,i64,1000000,reverse,lessVoid,5,3,1,5237000.000
fallback,vector,i64,1000000,reverse,lessVoid,3,4,1,5093000.000
fallback,vector,i64,1000000,reverse,lessVoid,5,4,1,5203000.000
fallback,vector,i64,1000000,reverse,lessVoid,4,4,1,5278000.000
fallback,vector,i64,1000000,reverse,lessVoid,4,5,1,5234000.000
fallback,vector,i64,1000000,reverse,lessVoid,5,5,1,5244000.000
fallback,vector,i64,1000000,reverse,lessVoid,3,5,1,5269000.000
fallback,vector,i64,1000000,reverse,lessVoid,3,6,1,5313000.000
fallback,vector,i64,1000000,reverse,lessVoid,5,6,1,5343000.000
fallback,vector,i64,1000000,reverse,lessVoid,4,6,1,5343000.000
fallback,vector,i64,1000000,reverse,lessTyped,3,0,1,5271000.000
fallback,vector,i64,1000000,reverse,lessTyped,5,0,1,5270000.000
fallback,vector,i64,1000000,reverse,lessTyped,4,0,1,5309000.000
fallback,vector,i64,1000000,reverse,lessTyped,3,1,1,5310000.000
fallback,vector,i64,1000000,reverse,lessTyped,4,1,1,5269000.000
fallback,vector,i64,1000000,reverse,lessTyped,5,1,1,5341000.000
fallback,vector,i64,1000000,reverse,lessTyped,5,2,1,5280000.000
fallback,vector,i64,1000000,reverse,lessTyped,4,2,1,5268000.000
fallback,vector,i64,1000000,reverse,lessTyped,3,2,1,5302000.000
fallback,vector,i64,1000000,reverse,lessTyped,5,3,1,5277000.000
fallback,vector,i64,1000000,reverse,lessTyped,3,3,1,5253000.000
fallback,vector,i64,1000000,reverse,lessTyped,4,3,1,5311000.000
fallback,vector,i64,1000000,reverse,lessTyped,5,4,1,5309000.000
fallback,vector,i64,1000000,reverse,lessTyped,3,4,1,5280000.000
fallback,vector,i64,1000000,reverse,lessTyped,4,4,1,5259000.000
fallback,vector,i64,1000000,reverse,lessTyped,5,5,1,5153000.000
fallback,vector,i64,1000000,reverse,lessTyped,3,5,1,5140000.000
fallback,vector,i64,1000000,reverse,lessTyped,4,5,1,5276000.000
fallback,vector,i64,1000000,reverse,lessTyped,4,6,1,5170000.000
fallback,vector,i64,1000000,reverse,lessTyped,5,6,1,5257000.000
fallback,vector,i64,1000000,reverse,lessTyped,3,6,1,5124000.000
fallback,vector,i64,1000000,reverse,greaterTyped,4,0,1,7253000.000
fallback,vector,i64,1000000,reverse,greaterTyped,5,0,1,7223000.000
fallback,vector,i64,1000000,reverse,greaterTyped,3,0,1,7179000.000
fallback,vector,i64,1000000,reverse,greaterTyped,3,1,1,7239000.000
fallback,vector,i64,1000000,reverse,greaterTyped,5,1,1,7228000.000
fallback,vector,i64,1000000,reverse,greaterTyped,4,1,1,7273000.000
fallback,vector,i64,1000000,reverse,greaterTyped,4,2,1,7753000.000
fallback,vector,i64,1000000,reverse,greaterTyped,5,2,1,7359000.000
fallback,vector,i64,1000000,reverse,greaterTyped,3,2,1,7190000.000
fallback,vector,i64,1000000,reverse,greaterTyped,3,3,1,7261000.000
fallback,vector,i64,1000000,reverse,greaterTyped,4,3,1,7290000.000
fallback,vector,i64,1000000,reverse,greaterTyped,5,3,1,7158000.000
fallback,vector,i64,1000000,reverse,greaterTyped,5,4,1,7168000.000
fallback,vector,i64,1000000,reverse,greaterTyped,3,4,1,7233000.000
fallback,vector,i64,1000000,reverse,greaterTyped,4,4,1,7275000.000
fallback,vector,i64,1000000,reverse,greaterTyped,5,5,1,7252000.000
fallback,vector,i64,1000000,reverse,greaterTyped,3,5,1,7239000.000
fallback,vector,i64,1000000,reverse,greaterTyped,4,5,1,7237000.000
fallback,vector,i64,1000000,reverse,greaterTyped,5,6,1,7272000.000
fallback,vector,i64,1000000,reverse,greaterTyped,4,6,1,7248000.000
fallback,vector,i64,1000000,reverse,greaterTyped,3,6,1,7174000.000
pipeline,vector,i64,1000000,reverse,lessVoid,1,0,3,416333.333
pipeline,vector,i64,1000000,reverse,lessVoid,0,0,3,403666.667
pipeline,vector,i64,1000000,reverse,lessVoid,6,0,3,408666.667
pipeline,vector,i64,1000000,reverse,lessVoid,2,0,3,407666.667
pipeline,vector,i64,1000000,reverse,lessVoid,6,1,3,407666.667
pipeline,vector,i64,1000000,reverse,lessVoid,1,1,3,405666.667
pipeline,vector,i64,1000000,reverse,lessVoid,0,1,3,407666.667
pipeline,vector,i64,1000000,reverse,lessVoid,2,1,3,403333.333
pipeline,vector,i64,1000000,reverse,lessVoid,6,2,3,407000.000
pipeline,vector,i64,1000000,reverse,lessVoid,0,2,3,406333.333
pipeline,vector,i64,1000000,reverse,lessVoid,2,2,3,408666.667
pipeline,vector,i64,1000000,reverse,lessVoid,1,2,3,406666.667
pipeline,vector,i64,1000000,reverse,lessVoid,6,3,3,416000.000
pipeline,vector,i64,1000000,reverse,lessVoid,1,3,3,406000.000
pipeline,vector,i64,1000000,reverse,lessVoid,2,3,3,413666.667
pipeline,vector,i64,1000000,reverse,lessVoid,0,3,3,409666.667
pipeline,vector,i64,1000000,reverse,lessVoid,1,4,3,406333.333
pipeline,vector,i64,1000000,reverse,lessVoid,0,4,3,410333.333
pipeline,vector,i64,1000000,reverse,lessVoid,6,4,3,406333.333
pipeline,vector,i64,1000000,reverse,lessVoid,2,4,3,409333.333
pipeline,vector,i64,1000000,reverse,lessVoid,2,5,3,409000.000
pipeline,vector,i64,1000000,reverse,lessVoid,1,5,3,409666.667
pipeline,vector,i64,1000000,reverse,lessVoid,6,5,3,410000.000
pipeline,vector,i64,1000000,reverse,lessVoid,0,5,3,409000.000
pipeline,vector,i64,1000000,reverse,lessVoid,6,6,3,423333.333
pipeline,vector,i64,1000000,reverse,lessVoid,1,6,3,405333.333
pipeline,vector,i64,1000000,reverse,lessVoid,2,6,3,413666.667
pipeline,vector,i64,1000000,reverse,lessVoid,0,6,3,419000.000
pipeline,vector,i64,1000000,reverse,greaterTyped,2,0,5,240200.000
pipeline,vector,i64,1000000,reverse,greaterTyped,6,0,5,238400.000
pipeline,vector,i64,1000000,reverse,greaterTyped,1,0,5,240800.000
pipeline,vector,i64,1000000,reverse,greaterTyped,0,0,5,239800.000
pipeline,vector,i64,1000000,reverse,greaterTyped,1,1,5,243000.000
pipeline,vector,i64,1000000,reverse,greaterTyped,6,1,5,238600.000
pipeline,vector,i64,1000000,reverse,greaterTyped,0,1,5,242400.000
pipeline,vector,i64,1000000,reverse,greaterTyped,2,1,5,246800.000
pipeline,vector,i64,1000000,reverse,greaterTyped,2,2,5,242200.000
pipeline,vector,i64,1000000,reverse,greaterTyped,1,2,5,244600.000
pipeline,vector,i64,1000000,reverse,greaterTyped,6,2,5,239600.000
pipeline,vector,i64,1000000,reverse,greaterTyped,0,2,5,239200.000
pipeline,vector,i64,1000000,reverse,greaterTyped,2,3,5,242000.000
pipeline,vector,i64,1000000,reverse,greaterTyped,1,3,5,242800.000
pipeline,vector,i64,1000000,reverse,greaterTyped,6,3,5,240400.000
pipeline,vector,i64,1000000,reverse,greaterTyped,0,3,5,242400.000
pipeline,vector,i64,1000000,reverse,greaterTyped,0,4,5,239200.000
pipeline,vector,i64,1000000,reverse,greaterTyped,2,4,5,241400.000
pipeline,vector,i64,1000000,reverse,greaterTyped,6,4,5,247000.000
pipeline,vector,i64,1000000,reverse,greaterTyped,1,4,5,237400.000
pipeline,vector,i64,1000000,reverse,greaterTyped,1,5,5,238600.000
pipeline,vector,i64,1000000,reverse,greaterTyped,6,5,5,243400.000
pipeline,vector,i64,1000000,reverse,greaterTyped,0,5,5,242000.000
pipeline,vector,i64,1000000,reverse,greaterTyped,2,5,5,239800.000
pipeline,vector,i64,1000000,reverse,greaterTyped,0,6,5,241600.000
pipeline,vector,i64,1000000,reverse,greaterTyped,6,6,5,240200.000
pipeline,vector,i64,1000000,reverse,greaterTyped,2,6,3,425333.333
pipeline,vector,i64,1000000,reverse,greaterTyped,1,6,5,227600.000
fallback,vector,i64,1000000,nearly,lessVoid,5,0,1,8884000.000
fallback,vector,i64,1000000,nearly,lessVoid,3,0,1,8986000.000
fallback,vector,i64,1000000,nearly,lessVoid,4,0,1,9093000.000
fallback,vector,i64,1000000,nearly,lessVoid,4,1,1,8999000.000
fallback,vector,i64,1000000,nearly,lessVoid,5,1,1,8890000.000
fallback,vector,i64,1000000,nearly,lessVoid,3,1,1,9015000.000
fallback,vector,i64,1000000,nearly,lessVoid,3,2,1,8953000.000
fallback,vector,i64,1000000,nearly,lessVoid,5,2,1,8997000.000
fallback,vector,i64,1000000,nearly,lessVoid,4,2,1,9259000.000
fallback,vector,i64,1000000,nearly,lessVoid,4,3,1,8970000.000
fallback,vector,i64,1000000,nearly,lessVoid,5,3,1,8920000.000
fallback,vector,i64,1000000,nearly,lessVoid,3,3,1,8980000.000
fallback,vector,i64,1000000,nearly,lessVoid,4,4,1,9061000.000
fallback,vector,i64,1000000,nearly,lessVoid,5,4,1,9007000.000
fallback,vector,i64,1000000,nearly,lessVoid,3,4,1,8973000.000
fallback,vector,i64,1000000,nearly,lessVoid,3,5,1,9070000.000
fallback,vector,i64,1000000,nearly,lessVoid,5,5,1,8986000.000
fallback,vector,i64,1000000,nearly,lessVoid,4,5,1,9153000.000
fallback,vector,i64,1000000,nearly,lessVoid,3,6,1,9108000.000
fallback,vector,i64,1000000,nearly,lessVoid,4,6,1,9128000.000
fallback,vector,i64,1000000,nearly,lessVoid,5,6,1,9143000.000
fallback,vector,i64,1000000,nearly,lessTyped,3,0,1,8994000.000
fallback,vector,i64,1000000,nearly,lessTyped,4,0,1,9039000.000
fallback,vector,i64,1000000,nearly,lessTyped,5,0,1,8994000.000
fallback,vector,i64,1000000,nearly,lessTyped,5,1,1,8934000.000
fallback,vector,i64,1000000,nearly,lessTyped,4,1,1,9032000.000
fallback,vector,i64,1000000,nearly,lessTyped,3,1,1,8989000.000
fallback,vector,i64,1000000,nearly,lessTyped,3,2,1,9029000.000
fallback,vector,i64,1000000,nearly,lessTyped,5,2,1,9033000.000
fallback,vector,i64,1000000,nearly,lessTyped,4,2,1,9000000.000
fallback,vector,i64,1000000,nearly,lessTyped,4,3,1,9013000.000
fallback,vector,i64,1000000,nearly,lessTyped,3,3,1,9098000.000
fallback,vector,i64,1000000,nearly,lessTyped,5,3,1,9045000.000
fallback,vector,i64,1000000,nearly,lessTyped,4,4,1,9098000.000
fallback,vector,i64,1000000,nearly,lessTyped,5,4,1,9022000.000
fallback,vector,i64,1000000,nearly,lessTyped,3,4,1,8995000.000
fallback,vector,i64,1000000,nearly,lessTyped,5,5,1,8982000.000
fallback,vector,i64,1000000,nearly,lessTyped,3,5,1,8996000.000
fallback,vector,i64,1000000,nearly,lessTyped,4,5,1,9050000.000
fallback,vector,i64,1000000,nearly,lessTyped,3,6,1,9056000.000
fallback,vector,i64,1000000,nearly,lessTyped,5,6,1,9010000.000
fallback,vector,i64,1000000,nearly,lessTyped,4,6,1,9147000.000
fallback,vector,i64,1000000,nearly,greaterTyped,3,0,1,13116000.000
fallback,vector,i64,1000000,nearly,greaterTyped,4,0,1,13183000.000
fallback,vector,i64,1000000,nearly,greaterTyped,5,0,1,13213000.000
fallback,vector,i64,1000000,nearly,greaterTyped,4,1,1,13339000.000
fallback,vector,i64,1000000,nearly,greaterTyped,3,1,1,13365000.000
fallback,vector,i64,1000000,nearly,greaterTyped,5,1,1,13261000.000
fallback,vector,i64,1000000,nearly,greaterTyped,4,2,1,13411000.000
fallback,vector,i64,1000000,nearly,greaterTyped,3,2,1,13404000.000
fallback,vector,i64,1000000,nearly,greaterTyped,5,2,1,13098000.000
fallback,vector,i64,1000000,nearly,greaterTyped,4,3,1,13081000.000
fallback,vector,i64,1000000,nearly,greaterTyped,5,3,1,13052000.000
fallback,vector,i64,1000000,nearly,greaterTyped,3,3,1,13180000.000
fallback,vector,i64,1000000,nearly,greaterTyped,3,4,1,13051000.000
fallback,vector,i64,1000000,nearly,greaterTyped,4,4,1,13015000.000
fallback,vector,i64,1000000,nearly,greaterTyped,5,4,1,13039000.000
fallback,vector,i64,1000000,nearly,greaterTyped,4,5,1,13131000.000
fallback,vector,i64,1000000,nearly,greaterTyped,5,5,1,13152000.000
fallback,vector,i64,1000000,nearly,greaterTyped,3,5,1,13162000.000
fallback,vector,i64,1000000,nearly,greaterTyped,5,6,1,13199000.000
fallback,vector,i64,1000000,nearly,greaterTyped,4,6,1,13067000.000
fallback,vector,i64,1000000,nearly,greaterTyped,3,6,1,13156000.000
pipeline,vector,i64,1000000,nearly,lessVoid,6,0,1,5924000.000
pipeline,vector,i64,1000000,nearly,lessVoid,2,0,1,6026000.000
pipeline,vector,i64,1000000,nearly,lessVoid,0,0,1,6234000.000
pipeline,vector,i64,1000000,nearly,lessVoid,1,0,1,6086000.000
pipeline,vector,i64,1000000,nearly,lessVoid,6,1,1,6220000.000
pipeline,vector,i64,1000000,nearly,lessVoid,1,1,1,6101000.000
pipeline,vector,i64,1000000,nearly,lessVoid,0,1,1,6321000.000
pipeline,vector,i64,1000000,nearly,lessVoid,2,1,1,5957000.000
pipeline,vector,i64,1000000,nearly,lessVoid,6,2,1,6232000.000
pipeline,vector,i64,1000000,nearly,lessVoid,1,2,1,6085000.000
pipeline,vector,i64,1000000,nearly,lessVoid,0,2,1,6346000.000
pipeline,vector,i64,1000000,nearly,lessVoid,2,2,1,6174000.000
pipeline,vector,i64,1000000,nearly,lessVoid,0,3,1,6117000.000
pipeline,vector,i64,1000000,nearly,lessVoid,6,3,1,6313000.000
pipeline,vector,i64,1000000,nearly,lessVoid,1,3,1,6200000.000
pipeline,vector,i64,1000000,nearly,lessVoid,2,3,1,5944000.000
pipeline,vector,i64,1000000,nearly,lessVoid,2,4,1,6227000.000
pipeline,vector,i64,1000000,nearly,lessVoid,1,4,1,6130000.000
pipeline,vector,i64,1000000,nearly,lessVoid,6,4,1,5926000.000
pipeline,vector,i64,1000000,nearly,lessVoid,0,4,1,6167000.000
pipeline,vector,i64,1000000,nearly,lessVoid,2,5,1,5973000.000
pipeline,vector,i64,1000000,nearly,lessVoid,1,5,1,6004000.000
pipeline,vector,i64,1000000,nearly,lessVoid,6,5,1,5989000.000
pipeline,vector,i64,1000000,nearly,lessVoid,0,5,1,6204000.000
pipeline,vector,i64,1000000,nearly,lessVoid,0,6,1,6194000.000
pipeline,vector,i64,1000000,nearly,lessVoid,6,6,1,6270000.000
pipeline,vector,i64,1000000,nearly,lessVoid,1,6,1,5996000.000
pipeline,vector,i64,1000000,nearly,lessVoid,2,6,1,6007000.000
pipeline,vector,i64,1000000,nearly,greaterTyped,6,0,1,6685000.000
pipeline,vector,i64,1000000,nearly,greaterTyped,2,0,1,6101000.000
pipeline,vector,i64,1000000,nearly,greaterTyped,0,0,1,6103000.000
pipeline,vector,i64,1000000,nearly,greaterTyped,1,0,1,5990000.000
pipeline,vector,i64,1000000,nearly,greaterTyped,0,1,1,6087000.000
pipeline,vector,i64,1000000,nearly,greaterTyped,1,1,1,6251000.000
pipeline,vector,i64,1000000,nearly,greaterTyped,2,1,1,6038000.000
pipeline,vector,i64,1000000,nearly,greaterTyped,6,1,1,6595000.000
pipeline,vector,i64,1000000,nearly,greaterTyped,6,2,1,6648000.000
pipeline,vector,i64,1000000,nearly,greaterTyped,0,2,1,6058000.000
pipeline,vector,i64,1000000,nearly,greaterTyped,1,2,1,6057000.000
pipeline,vector,i64,1000000,nearly,greaterTyped,2,2,1,6099000.000
pipeline,vector,i64,1000000,nearly,greaterTyped,0,3,1,6065000.000
pipeline,vector,i64,1000000,nearly,greaterTyped,6,3,1,6789000.000
pipeline,vector,i64,1000000,nearly,greaterTyped,2,3,1,6123000.000
pipeline,vector,i64,1000000,nearly,greaterTyped,1,3,1,6192000.000
pipeline,vector,i64,1000000,nearly,greaterTyped,0,4,1,6066000.000
pipeline,vector,i64,1000000,nearly,greaterTyped,2,4,1,6083000.000
pipeline,vector,i64,1000000,nearly,greaterTyped,1,4,1,6044000.000
pipeline,vector,i64,1000000,nearly,greaterTyped,6,4,1,6618000.000
pipeline,vector,i64,1000000,nearly,greaterTyped,6,5,1,6524000.000
pipeline,vector,i64,1000000,nearly,greaterTyped,0,5,1,6347000.000
pipeline,vector,i64,1000000,nearly,greaterTyped,1,5,1,6072000.000
pipeline,vector,i64,1000000,nearly,greaterTyped,2,5,1,6031000.000
pipeline,vector,i64,1000000,nearly,greaterTyped,0,6,1,6099000.000
pipeline,vector,i64,1000000,nearly,greaterTyped,1,6,1,6154000.000
pipeline,vector,i64,1000000,nearly,greaterTyped,6,6,1,6648000.000
pipeline,vector,i64,1000000,nearly,greaterTyped,2,6,1,6062000.000
pipeline,array,i64,65536,full,lessVoid,2,0,3,414333.333
pipeline,array,i64,65536,full,lessVoid,0,0,1,2115000.000
pipeline,array,i64,65536,full,lessVoid,1,0,3,421666.667
pipeline,array,i64,65536,full,lessVoid,6,0,3,404000.000
pipeline,array,i64,65536,full,lessVoid,0,1,1,2056000.000
pipeline,array,i64,65536,full,lessVoid,2,1,3,400000.000
pipeline,array,i64,65536,full,lessVoid,1,1,3,429666.667
pipeline,array,i64,65536,full,lessVoid,6,1,3,405666.667
pipeline,array,i64,65536,full,lessVoid,2,2,3,421666.667
pipeline,array,i64,65536,full,lessVoid,1,2,3,410000.000
pipeline,array,i64,65536,full,lessVoid,6,2,3,419333.333
pipeline,array,i64,65536,full,lessVoid,0,2,1,2147000.000
pipeline,array,i64,65536,full,lessVoid,6,3,3,397333.333
pipeline,array,i64,65536,full,lessVoid,0,3,1,2095000.000
pipeline,array,i64,65536,full,lessVoid,2,3,3,411666.667
pipeline,array,i64,65536,full,lessVoid,1,3,3,404666.667
pipeline,array,i64,65536,full,lessVoid,2,4,3,416000.000
pipeline,array,i64,65536,full,lessVoid,6,4,3,399333.333
pipeline,array,i64,65536,full,lessVoid,1,4,3,415000.000
pipeline,array,i64,65536,full,lessVoid,0,4,1,2111000.000
pipeline,array,i64,65536,full,lessVoid,6,5,3,393333.333
pipeline,array,i64,65536,full,lessVoid,0,5,1,2082000.000
pipeline,array,i64,65536,full,lessVoid,1,5,3,399333.333
pipeline,array,i64,65536,full,lessVoid,2,5,3,417666.667
pipeline,array,i64,65536,full,lessVoid,2,6,3,401666.667
pipeline,array,i64,65536,full,lessVoid,6,6,3,410666.667
pipeline,array,i64,65536,full,lessVoid,1,6,3,428333.333
pipeline,array,i64,65536,full,lessVoid,0,6,1,2147000.000
pipeline,array,i64,65536,full,greaterTyped,1,0,3,407333.333
pipeline,array,i64,65536,full,greaterTyped,0,0,1,2155000.000
pipeline,array,i64,65536,full,greaterTyped,6,0,3,419666.667
pipeline,array,i64,65536,full,greaterTyped,2,0,3,418333.333
pipeline,array,i64,65536,full,greaterTyped,1,1,3,401333.333
pipeline,array,i64,65536,full,greaterTyped,2,1,3,415666.667
pipeline,array,i64,65536,full,greaterTyped,6,1,3,420000.000
pipeline,array,i64,65536,full,greaterTyped,0,1,1,2164000.000
pipeline,array,i64,65536,full,greaterTyped,1,2,3,409666.667
pipeline,array,i64,65536,full,greaterTyped,0,2,1,2127000.000
pipeline,array,i64,65536,full,greaterTyped,6,2,3,400000.000
pipeline,array,i64,65536,full,greaterTyped,2,2,3,439333.333
pipeline,array,i64,65536,full,greaterTyped,0,3,1,2148000.000
pipeline,array,i64,65536,full,greaterTyped,1,3,3,396666.667
pipeline,array,i64,65536,full,greaterTyped,6,3,3,407333.333
pipeline,array,i64,65536,full,greaterTyped,2,3,3,418333.333
pipeline,array,i64,65536,full,greaterTyped,6,4,3,408000.000
pipeline,array,i64,65536,full,greaterTyped,0,4,1,2241000.000
pipeline,array,i64,65536,full,greaterTyped,1,4,3,422000.000
pipeline,array,i64,65536,full,greaterTyped,2,4,3,402666.667
pipeline,array,i64,65536,full,greaterTyped,1,5,3,400666.667
pipeline,array,i64,65536,full,greaterTyped,0,5,1,2103000.000
pipeline,array,i64,65536,full,greaterTyped,2,5,3,400333.333
pipeline,array,i64,65536,full,greaterTyped,6,5,3,428666.667
pipeline,array,i64,65536,full,greaterTyped,1,6,3,401666.667
pipeline,array,i64,65536,full,greaterTyped,2,6,3,396333.333
pipeline,array,i64,65536,full,greaterTyped,6,6,3,387333.333
pipeline,array,i64,65536,full,greaterTyped,0,6,1,2140000.000
pipeline,array,i64,65536,bits22,lessVoid,1,0,6,185333.333
pipeline,array,i64,65536,bits22,lessVoid,6,0,5,308000.000
pipeline,array,i64,65536,bits22,lessVoid,0,0,1,2249000.000
pipeline,array,i64,65536,bits22,lessVoid,2,0,6,180166.667
pipeline,array,i64,65536,bits22,lessVoid,2,1,6,176166.667
pipeline,array,i64,65536,bits22,lessVoid,6,1,5,204800.000
pipeline,array,i64,65536,bits22,lessVoid,0,1,1,2116000.000
pipeline,array,i64,65536,bits22,lessVoid,1,1,6,189500.000
pipeline,array,i64,65536,bits22,lessVoid,6,2,5,208200.000
pipeline,array,i64,65536,bits22,lessVoid,2,2,6,188166.667
pipeline,array,i64,65536,bits22,lessVoid,0,2,1,2137000.000
pipeline,array,i64,65536,bits22,lessVoid,1,2,6,195500.000
pipeline,array,i64,65536,bits22,lessVoid,2,3,6,176166.667
pipeline,array,i64,65536,bits22,lessVoid,0,3,1,2073000.000
pipeline,array,i64,65536,bits22,lessVoid,6,3,6,192833.333
pipeline,array,i64,65536,bits22,lessVoid,1,3,6,197500.000
pipeline,array,i64,65536,bits22,lessVoid,0,4,1,2230000.000
pipeline,array,i64,65536,bits22,lessVoid,1,4,6,186000.000
pipeline,array,i64,65536,bits22,lessVoid,6,4,6,180666.667
pipeline,array,i64,65536,bits22,lessVoid,2,4,6,196666.667
pipeline,array,i64,65536,bits22,lessVoid,1,5,6,195333.333
pipeline,array,i64,65536,bits22,lessVoid,2,5,6,178833.333
pipeline,array,i64,65536,bits22,lessVoid,0,5,1,2192000.000
pipeline,array,i64,65536,bits22,lessVoid,6,5,5,202600.000
pipeline,array,i64,65536,bits22,lessVoid,1,6,6,188500.000
pipeline,array,i64,65536,bits22,lessVoid,6,6,6,170666.667
pipeline,array,i64,65536,bits22,lessVoid,2,6,6,189166.667
pipeline,array,i64,65536,bits22,lessVoid,0,6,1,2151000.000
pipeline,array,i64,65536,bits22,greaterTyped,0,0,1,2231000.000
pipeline,array,i64,65536,bits22,greaterTyped,6,0,6,193666.667
pipeline,array,i64,65536,bits22,greaterTyped,2,0,6,186833.333
pipeline,array,i64,65536,bits22,greaterTyped,1,0,6,194500.000
pipeline,array,i64,65536,bits22,greaterTyped,0,1,1,2175000.000
pipeline,array,i64,65536,bits22,greaterTyped,2,1,6,184333.333
pipeline,array,i64,65536,bits22,greaterTyped,6,1,6,196333.333
pipeline,array,i64,65536,bits22,greaterTyped,1,1,5,208000.000
pipeline,array,i64,65536,bits22,greaterTyped,2,2,6,171833.333
pipeline,array,i64,65536,bits22,greaterTyped,1,2,6,198000.000
pipeline,array,i64,65536,bits22,greaterTyped,0,2,1,2226000.000
pipeline,array,i64,65536,bits22,greaterTyped,6,2,6,183833.333
pipeline,array,i64,65536,bits22,greaterTyped,1,3,6,193500.000
pipeline,array,i64,65536,bits22,greaterTyped,6,3,6,176833.333
pipeline,array,i64,65536,bits22,greaterTyped,0,3,1,2135000.000
pipeline,array,i64,65536,bits22,greaterTyped,2,3,5,205200.000
pipeline,array,i64,65536,bits22,greaterTyped,0,4,1,2124000.000
pipeline,array,i64,65536,bits22,greaterTyped,2,4,6,180666.667
pipeline,array,i64,65536,bits22,greaterTyped,1,4,7,167857.143
pipeline,array,i64,65536,bits22,greaterTyped,6,4,6,188000.000
pipeline,array,i64,65536,bits22,greaterTyped,0,5,1,2163000.000
pipeline,array,i64,65536,bits22,greaterTyped,1,5,6,197833.333
pipeline,array,i64,65536,bits22,greaterTyped,6,5,6,176333.333
pipeline,array,i64,65536,bits22,greaterTyped,2,5,6,186666.667
pipeline,array,i64,65536,bits22,greaterTyped,0,6,1,2133000.000
pipeline,array,i64,65536,bits22,greaterTyped,2,6,6,195500.000
pipeline,array,i64,65536,bits22,greaterTyped,6,6,6,181833.333
pipeline,array,i64,65536,bits22,greaterTyped,1,6,6,193000.000
pipeline,array,i64,65536,gaps,lessVoid,0,0,1,1390000.000
pipeline,array,i64,65536,gaps,lessVoid,1,0,4,277250.000
pipeline,array,i64,65536,gaps,lessVoid,6,0,4,326500.000
pipeline,array,i64,65536,gaps,lessVoid,2,0,4,275000.000
pipeline,array,i64,65536,gaps,lessVoid,6,1,4,282250.000
pipeline,array,i64,65536,gaps,lessVoid,2,1,4,285000.000
pipeline,array,i64,65536,gaps,lessVoid,1,1,4,322500.000
pipeline,array,i64,65536,gaps,lessVoid,0,1,1,1391000.000
pipeline,array,i64,65536,gaps,lessVoid,0,2,1,1334000.000
pipeline,array,i64,65536,gaps,lessVoid,1,2,4,298750.000
pipeline,array,i64,65536,gaps,lessVoid,6,2,4,298250.000
pipeline,array,i64,65536,gaps,lessVoid,2,2,4,305500.000
pipeline,array,i64,65536,gaps,lessVoid,1,3,4,276500.000
pipeline,array,i64,65536,gaps,lessVoid,2,3,4,311250.000
pipeline,array,i64,65536,gaps,lessVoid,6,3,4,310000.000
pipeline,array,i64,65536,gaps,lessVoid,0,3,1,1397000.000
pipeline,array,i64,65536,gaps,lessVoid,1,4,4,308250.000
pipeline,array,i64,65536,gaps,lessVoid,2,4,4,280000.000
pipeline,array,i64,65536,gaps,lessVoid,6,4,4,295500.000
pipeline,array,i64,65536,gaps,lessVoid,0,4,1,1439000.000
pipeline,array,i64,65536,gaps,lessVoid,2,5,4,259750.000
pipeline,array,i64,65536,gaps,lessVoid,1,5,4,302250.000
pipeline,array,i64,65536,gaps,lessVoid,6,5,4,312750.000
pipeline,array,i64,65536,gaps,lessVoid,0,5,1,1371000.000
pipeline,array,i64,65536,gaps,lessVoid,6,6,4,288250.000
pipeline,array,i64,65536,gaps,lessVoid,0,6,1,1387000.000
pipeline,array,i64,65536,gaps,lessVoid,2,6,4,310000.000
pipeline,array,i64,65536,gaps,lessVoid,1,6,4,282000.000
pipeline,array,i64,65536,gaps,greaterTyped,2,0,3,333333.333
pipeline,array,i64,65536,gaps,greaterTyped,6,0,4,328500.000
pipeline,array,i64,65536,gaps,greaterTyped,0,0,1,1518000.000
pipeline,array,i64,65536,gaps,greaterTyped,1,0,4,345000.000
pipeline,array,i64,65536,gaps,greaterTyped,1,1,3,373000.000
pipeline,array,i64,65536,gaps,greaterTyped,6,1,3,338333.333
pipeline,array,i64,65536,gaps,greaterTyped,2,1,4,333500.000
pipeline,array,i64,65536,gaps,greaterTyped,0,1,1,1556000.000
pipeline,array,i64,65536,gaps,greaterTyped,1,2,4,328750.000
pipeline,array,i64,65536,gaps,greaterTyped,6,2,3,363333.333
pipeline,array,i64,65536,gaps,greaterTyped,0,2,1,1575000.000
pipeline,array,i64,65536,gaps,greaterTyped,2,2,4,326000.000
pipeline,array,i64,65536,gaps,greaterTyped,0,3,1,1369000.000
pipeline,array,i64,65536,gaps,greaterTyped,1,3,4,292750.000
pipeline,array,i64,65536,gaps,greaterTyped,2,3,4,302000.000
pipeline,array,i64,65536,gaps,greaterTyped,6,3,4,304750.000
pipeline,array,i64,65536,gaps,greaterTyped,6,4,4,300250.000
pipeline,array,i64,65536,gaps,greaterTyped,1,4,4,291750.000
pipeline,array,i64,65536,gaps,greaterTyped,0,4,1,1586000.000
pipeline,array,i64,65536,gaps,greaterTyped,2,4,3,377333.333
pipeline,array,i64,65536,gaps,greaterTyped,0,5,1,1569000.000
pipeline,array,i64,65536,gaps,greaterTyped,6,5,3,345333.333
pipeline,array,i64,65536,gaps,greaterTyped,1,5,4,285250.000
pipeline,array,i64,65536,gaps,greaterTyped,2,5,4,321750.000
pipeline,array,i64,65536,gaps,greaterTyped,2,6,4,274500.000
pipeline,array,i64,65536,gaps,greaterTyped,6,6,4,347750.000
pipeline,array,i64,65536,gaps,greaterTyped,0,6,1,1593000.000
pipeline,array,i64,65536,gaps,greaterTyped,1,6,4,346250.000
