type,n,bits,gaps,pattern,comparator,method,round,repeats,ns
i32,384,12,0,0,lessVoid,6,1,237,4223.629
i32,384,12,0,0,lessVoid,5,1,256,3214.844
i32,384,12,0,0,lessVoid,0,1,256,3683.594
i32,384,12,0,0,lessVoid,2,1,252,3976.190
i32,384,12,0,0,lessVoid,2,2,243,4115.226
i32,384,12,0,0,lessVoid,0,2,256,3738.281
i32,384,12,0,0,lessVoid,6,2,256,3863.281
i32,384,12,0,0,lessVoid,5,2,256,3042.969
i32,384,12,0,0,lessVoid,2,3,256,3355.469
i32,384,12,0,0,lessVoid,5,3,256,2875.000
i32,384,12,0,0,lessVoid,6,3,256,3476.562
i32,384,12,0,0,lessVoid,0,3,256,3375.000
i32,384,12,0,0,lessVoid,5,4,256,2902.344
i32,384,12,0,0,lessVoid,2,4,256,3378.906
i32,384,12,0,0,lessVoid,6,4,256,3765.625
i32,384,12,0,0,lessVoid,0,4,256,3339.844
i32,384,12,0,0,lessVoid,5,5,256,2777.344
i32,384,12,0,0,lessVoid,0,5,256,3003.906
i32,384,12,0,0,lessVoid,6,5,256,3105.469
i32,384,12,0,0,lessVoid,2,5,256,3000.000
i32,384,20,0,0,lessVoid,6,1,256,2968.750
i32,384,20,0,0,lessVoid,2,1,256,2699.219
i32,384,20,0,0,lessVoid,5,1,256,2218.750
i32,384,20,0,0,lessVoid,0,1,256,2660.156
i32,384,20,0,0,lessVoid,5,2,256,2234.375
i32,384,20,0,0,lessVoid,2,2,256,2691.406
i32,384,20,0,0,lessVoid,6,2,256,2273.438
i32,384,20,0,0,lessVoid,0,2,256,1855.469
i32,384,20,0,0,lessVoid,0,3,256,2308.594
i32,384,20,0,0,lessVoid,5,3,256,1460.938
i32,384,20,0,0,lessVoid,6,3,256,2605.469
i32,384,20,0,0,lessVoid,2,3,256,2664.062
i32,384,20,0,0,lessVoid,2,4,256,2679.688
i32,384,20,0,0,lessVoid,6,4,256,2660.156
i32,384,20,0,0,lessVoid,5,4,256,2171.875
i32,384,20,0,0,lessVoid,0,4,256,2550.781
i32,384,20,0,0,lessVoid,6,5,256,2550.781
i32,384,20,0,0,lessVoid,2,5,256,2492.188
i32,384,20,0,0,lessVoid,5,5,256,2062.500
i32,384,20,0,0,lessVoid,0,5,256,2550.781
i32,384,24,0,0,lessVoid,5,1,256,2101.562
i32,384,24,0,0,lessVoid,0,1,256,2476.562
i32,384,24,0,0,lessVoid,2,1,256,2406.250
i32,384,24,0,0,lessVoid,6,1,256,2515.625
i32,384,24,0,0,lessVoid,2,2,256,2457.031
i32,384,24,0,0,lessVoid,0,2,256,2378.906
i32,384,24,0,0,lessVoid,6,2,256,2445.312
i32,384,24,0,0,lessVoid,5,2,256,2058.594
i32,384,24,0,0,lessVoid,0,3,256,2417.969
i32,384,24,0,0,lessVoid,2,3,256,2441.406
i32,384,24,0,0,lessVoid,5,3,256,2070.312
i32,384,24,0,0,lessVoid,6,3,256,2402.344
i32,384,24,0,0,lessVoid,0,4,256,2281.250
i32,384,24,0,0,lessVoid,5,4,256,1980.469
i32,384,24,0,0,lessVoid,6,4,256,2332.031
i32,384,24,0,0,lessVoid,2,4,256,2386.719
i32,384,24,0,0,lessVoid,0,5,256,2253.906
i32,384,24,0,0,lessVoid,2,5,256,2300.781
i32,384,24,0,0,lessVoid,5,5,256,1976.562
i32,384,24,0,0,lessVoid,6,5,256,2328.125
i32,384,32,0,0,lessVoid,0,1,256,2390.625
i32,384,32,0,0,lessVoid,2,1,256,2390.625
i32,384,32,0,0,lessVoid,6,1,256,2324.219
i32,384,32,0,0,lessVoid,5,1,256,2050.781
i32,384,32,0,0,lessVoid,0,2,256,2320.312
i32,384,32,0,0,lessVoid,6,2,256,2375.000
i32,384,32,0,0,lessVoid,2,2,256,2351.562
i32,384,32,0,0,lessVoid,5,2,256,2058.594
i32,384,32,0,0,lessVoid,5,3,256,2050.781
i32,384,32,0,0,lessVoid,2,3,256,2355.469
i32,384,32,0,0,lessVoid,6,3,256,2355.469
i32,384,32,0,0,lessVoid,0,3,256,2375.000
i32,384,32,0,0,lessVoid,2,4,256,2308.594
i32,384,32,0,0,lessVoid,5,4,256,1925.781
i32,384,32,0,0,lessVoid,6,4,256,2324.219
i32,384,32,0,0,lessVoid,0,4,256,2308.594
i32,384,32,0,0,lessVoid,5,5,256,1929.688
i32,384,32,0,0,lessVoid,2,5,256,2339.844
i32,384,32,0,0,lessVoid,6,5,256,2320.312
i32,384,32,0,0,lessVoid,0,5,256,2269.531
i32,384,8,16,0,lessVoid,0,1,256,2082.031
i32,384,8,16,0,lessVoid,6,1,256,2105.469
i32,384,8,16,0,lessVoid,2,1,256,2128.906
i32,384,8,16,0,lessVoid,5,1,256,1730.469
i32,384,8,16,0,lessVoid,5,2,256,1707.031
i32,384,8,16,0,lessVoid,2,2,256,2101.562
i32,384,8,16,0,lessVoid,0,2,256,2160.156
i32,384,8,16,0,lessVoid,6,2,256,2148.438
i32,384,8,16,0,lessVoid,5,3,256,1851.562
i32,384,8,16,0,lessVoid,2,3,256,2175.781
i32,384,8,16,0,lessVoid,6,3,256,2042.969
i32,384,8,16,0,lessVoid,0,3,256,2257.812
i32,384,8,16,0,lessVoid,0,4,256,2289.062
i32,384,8,16,0,lessVoid,5,4,256,1835.938
i32,384,8,16,0,lessVoid,2,4,256,2109.375
i32,384,8,16,0,lessVoid,6,4,256,2160.156
i32,384,8,16,0,lessVoid,5,5,256,1726.562
i32,384,8,16,0,lessVoid,0,5,256,2105.469
i32,384,8,16,0,lessVoid,6,5,256,2160.156
i32,384,8,16,0,lessVoid,2,5,256,2097.656
i32,1536,12,0,0,lessVoid,5,1,107,9401.869
i32,1536,12,0,0,lessVoid,2,1,256,3839.844
i32,1536,12,0,0,lessVoid,6,1,256,3699.219
i32,1536,12,0,0,lessVoid,0,1,256,3609.375
i32,1536,12,0,0,lessVoid,5,2,121,8280.992
i32,1536,12,0,0,lessVoid,2,2,256,3562.500
i32,1536,12,0,0,lessVoid,0,2,256,3597.656
i32,1536,12,0,0,lessVoid,6,2,255,3921.569
i32,1536,12,0,0,lessVoid,6,3,252,3984.127
i32,1536,12,0,0,lessVoid,2,3,256,3625.000
i32,1536,12,0,0,lessVoid,5,3,116,8681.034
i32,1536,12,0,0,lessVoid,0,3,256,3730.469
i32,1536,12,0,0,lessVoid,2,4,256,3500.000
i32,1536,12,0,0,lessVoid,5,4,120,8400.000
i32,1536,12,0,0,lessVoid,6,4,256,3652.344
i32,1536,12,0,0,lessVoid,0,4,256,3707.031
i32,1536,12,0,0,lessVoid,6,5,256,3855.469
i32,1536,12,0,0,lessVoid,5,5,110,9154.545
i32,1536,12,0,0,lessVoid,0,5,256,3757.812
i32,1536,12,0,0,lessVoid,2,5,256,3585.938
i32,1536,20,0,0,lessVoid,6,1,188,5319.149
i32,1536,20,0,0,lessVoid,2,1,206,4868.932
i32,1536,20,0,0,lessVoid,0,1,218,4596.330
i32,1536,20,0,0,lessVoid,5,1,119,8462.185
i32,1536,20,0,0,lessVoid,5,2,124,8064.516
i32,1536,20,0,0,lessVoid,2,2,220,4563.636
i32,1536,20,0,0,lessVoid,0,2,224,4468.750
i32,1536,20,0,0,lessVoid,6,2,224,4473.214
i32,1536,20,0,0,lessVoid,6,3,205,4878.049
i32,1536,20,0,0,lessVoid,0,3,219,4579.909
i32,1536,20,0,0,lessVoid,5,3,122,8229.508
i32,1536,20,0,0,lessVoid,2,3,218,4605.505
i32,1536,20,0,0,lessVoid,2,4,209,4794.258
i32,1536,20,0,0,lessVoid,6,4,215,4665.116
i32,1536,20,0,0,lessVoid,5,4,123,8146.341
i32,1536,20,0,0,lessVoid,0,4,215,4655.814
i32,1536,20,0,0,lessVoid,0,5,206,4864.078
i32,1536,20,0,0,lessVoid,2,5,209,4794.258
i32,1536,20,0,0,lessVoid,6,5,207,4845.411
i32,1536,20,0,0,lessVoid,5,5,107,9392.523
i32,1536,24,0,0,lessVoid,6,1,232,4318.966
i32,1536,24,0,0,lessVoid,0,1,247,4056.680
i32,1536,24,0,0,lessVoid,5,1,124,8088.710
i32,1536,24,0,0,lessVoid,2,1,250,4016.000
i32,1536,24,0,0,lessVoid,5,2,123,8138.211
i32,1536,24,0,0,lessVoid,6,2,256,3832.031
i32,1536,24,0,0,lessVoid,0,2,254,3937.008
i32,1536,24,0,0,lessVoid,2,2,242,4132.231
i32,1536,24,0,0,lessVoid,2,3,228,4385.965
i32,1536,24,0,0,lessVoid,6,3,233,4304.721
i32,1536,24,0,0,lessVoid,0,3,239,4188.285
i32,1536,24,0,0,lessVoid,5,3,124,8088.710
i32,1536,24,0,0,lessVoid,5,4,124,8080.645
i32,1536,24,0,0,lessVoid,2,4,246,4077.236
i32,1536,24,0,0,lessVoid,0,4,247,4056.680
i32,1536,24,0,0,lessVoid,6,4,239,4184.100
i32,1536,24,0,0,lessVoid,0,5,237,4232.068
i32,1536,24,0,0,lessVoid,6,5,241,4157.676
i32,1536,24,0,0,lessVoid,5,5,125,8032.000
i32,1536,24,0,0,lessVoid,2,5,251,3988.048
i32,1536,32,0,0,lessVoid,5,1,114,8780.702
i32,1536,32,0,0,lessVoid,2,1,186,5403.226
i32,1536,32,0,0,lessVoid,0,1,173,5786.127
i32,1536,32,0,0,lessVoid,6,1,173,5803.468
i32,1536,32,0,0,lessVoid,5,2,118,8483.051
i32,1536,32,0,0,lessVoid,6,2,182,5516.484
i32,1536,32,0,0,lessVoid,2,2,184,5456.522
i32,1536,32,0,0,lessVoid,0,2,186,5403.226
i32,1536,32,0,0,lessVoid,0,3,179,5608.939
i32,1536,32,0,0,lessVoid,2,3,186,5381.720
i32,1536,32,0,0,lessVoid,5,3,123,8186.992
i32,1536,32,0,0,lessVoid,6,3,187,5368.984
i32,1536,32,0,0,lessVoid,6,4,186,5376.344
i32,1536,32,0,0,lessVoid,5,4,123,8178.862
i32,1536,32,0,0,lessVoid,2,4,185,5432.432
i32,1536,32,0,0,lessVoid,0,4,185,5427.027
i32,1536,32,0,0,lessVoid,0,5,179,5586.592
i32,1536,32,0,0,lessVoid,2,5,184,5434.783
i32,1536,32,0,0,lessVoid,6,5,186,5376.344
i32,1536,32,0,0,lessVoid,5,5,118,8500.000
i32,1536,8,16,0,lessVoid,2,1,147,6802.721
i32,1536,8,16,0,lessVoid,5,1,125,8032.000
i32,1536,8,16,0,lessVoid,0,1,87,11609.195
i32,1536,8,16,0,lessVoid,6,1,150,6706.667
i32,1536,8,16,0,lessVoid,5,2,127,7897.638
i32,1536,8,16,0,lessVoid,0,2,88,11420.455
i32,1536,8,16,0,lessVoid,2,2,152,6611.842
i32,1536,8,16,0,lessVoid,6,2,150,6666.667
i32,1536,8,16,0,lessVoid,5,3,122,8254.098
i32,1536,8,16,0,lessVoid,2,3,140,7164.286
i32,1536,8,16,0,lessVoid,0,3,86,11686.047
i32,1536,8,16,0,lessVoid,6,3,149,6711.409
i32,1536,8,16,0,lessVoid,5,4,121,8272.727
i32,1536,8,16,0,lessVoid,2,4,142,7070.423
i32,1536,8,16,0,lessVoid,6,4,149,6718.121
i32,1536,8,16,0,lessVoid,0,4,86,11720.930
i32,1536,8,16,0,lessVoid,5,5,121,8289.256
i32,1536,8,16,0,lessVoid,6,5,152,6618.421
i32,1536,8,16,0,lessVoid,2,5,149,6724.832
i32,1536,8,16,0,lessVoid,0,5,87,11540.230
i32,4095,12,0,0,lessVoid,2,1,113,8911.504
i32,4095,12,0,0,lessVoid,6,1,114,8771.930
i32,4095,12,0,0,lessVoid,5,1,40,25425.000
i32,4095,12,0,0,lessVoid,0,1,116,8672.414
i32,4095,12,0,0,lessVoid,5,2,40,25325.000
i32,4095,12,0,0,lessVoid,0,2,116,8629.310
i32,4095,12,0,0,lessVoid,6,2,115,8695.652
i32,4095,12,0,0,lessVoid,2,2,114,8815.789
i32,4095,12,0,0,lessVoid,2,3,113,8858.407
i32,4095,12,0,0,lessVoid,5,3,39,25692.308
i32,4095,12,0,0,lessVoid,0,3,113,8876.106
i32,4095,12,0,0,lessVoid,6,3,115,8704.348
i32,4095,12,0,0,lessVoid,5,4,40,25125.000
i32,4095,12,0,0,lessVoid,2,4,112,8946.429
i32,4095,12,0,0,lessVoid,6,4,121,8280.992
i32,4095,12,0,0,lessVoid,0,4,119,8403.361
i32,4095,12,0,0,lessVoid,0,5,116,8655.172
i32,4095,12,0,0,lessVoid,6,5,113,8911.504
i32,4095,12,0,0,lessVoid,5,5,33,30333.333
i32,4095,12,0,0,lessVoid,2,5,119,8445.378
i32,4095,20,0,0,lessVoid,2,1,86,11720.930
i32,4095,20,0,0,lessVoid,6,1,90,11211.111
i32,4095,20,0,0,lessVoid,0,1,88,11420.455
i32,4095,20,0,0,lessVoid,5,1,35,28800.000
i32,4095,20,0,0,lessVoid,2,2,91,11065.934
i32,4095,20,0,0,lessVoid,0,2,88,11443.182
i32,4095,20,0,0,lessVoid,6,2,89,11303.371
i32,4095,20,0,0,lessVoid,5,2,39,25769.231
i32,4095,20,0,0,lessVoid,2,3,88,11386.364
i32,4095,20,0,0,lessVoid,6,3,86,11662.791
i32,4095,20,0,0,lessVoid,0,3,88,11397.727
i32,4095,20,0,0,lessVoid,5,3,18,69055.556
i32,4095,20,0,0,lessVoid,5,4,38,26631.579
i32,4095,20,0,0,lessVoid,0,4,91,11076.923
i32,4095,20,0,0,lessVoid,2,4,91,11087.912
i32,4095,20,0,0,lessVoid,6,4,89,11247.191
i32,4095,20,0,0,lessVoid,6,5,85,11858.824
i32,4095,20,0,0,lessVoid,2,5,90,11200.000
i32,4095,20,0,0,lessVoid,5,5,41,24731.707
i32,4095,20,0,0,lessVoid,0,5,89,11337.079
i32,4095,24,0,0,lessVoid,0,1,94,10659.574
i32,4095,24,0,0,lessVoid,6,1,98,10234.694
i32,4095,24,0,0,lessVoid,5,1,32,31312.500
i32,4095,24,0,0,lessVoid,2,1,100,10030.000
i32,4095,24,0,0,lessVoid,6,2,98,10255.102
i32,4095,24,0,0,lessVoid,2,2,98,10275.510
i32,4095,24,0,0,lessVoid,5,2,31,32354.839
i32,4095,24,0,0,lessVoid,0,2,98,10234.694
i32,4095,24,0,0,lessVoid,5,3,31,32838.710
i32,4095,24,0,0,lessVoid,0,3,99,10202.020
i32,4095,24,0,0,lessVoid,6,3,97,10319.588
i32,4095,24,0,0,lessVoid,2,3,96,10427.083
i32,4095,24,0,0,lessVoid,2,4,98,10285.714
i32,4095,24,0,0,lessVoid,5,4,32,31375.000
i32,4095,24,0,0,lessVoid,0,4,99,10191.919
i32,4095,24,0,0,lessVoid,6,4,94,10734.043
i32,4095,24,0,0,lessVoid,6,5,96,10500.000
i32,4095,24,0,0,lessVoid,5,5,32,32093.750
i32,4095,24,0,0,lessVoid,2,5,100,10080.000
i32,4095,24,0,0,lessVoid,0,5,96,10500.000
i32,4095,32,0,0,lessVoid,2,1,75,13453.333
i32,4095,32,0,0,lessVoid,5,1,41,24902.439
i32,4095,32,0,0,lessVoid,0,1,77,13064.935
i32,4095,32,0,0,lessVoid,6,1,75,13440.000
i32,4095,32,0,0,lessVoid,5,2,40,25025.000
i32,4095,32,0,0,lessVoid,0,2,76,13171.053
i32,4095,32,0,0,lessVoid,2,2,74,13581.081
i32,4095,32,0,0,lessVoid,6,2,73,13780.822
i32,4095,32,0,0,lessVoid,5,3,40,25400.000
i32,4095,32,0,0,lessVoid,6,3,75,13333.333
i32,4095,32,0,0,lessVoid,2,3,74,13540.541
i32,4095,32,0,0,lessVoid,0,3,75,13493.333
i32,4095,32,0,0,lessVoid,2,4,73,13726.027
i32,4095,32,0,0,lessVoid,0,4,74,13635.135
i32,4095,32,0,0,lessVoid,6,4,74,13648.649
i32,4095,32,0,0,lessVoid,5,4,40,25475.000
i32,4095,32,0,0,lessVoid,2,5,69,14623.188
i32,4095,32,0,0,lessVoid,5,5,38,26921.053
i32,4095,32,0,0,lessVoid,0,5,76,13171.053
i32,4095,32,0,0,lessVoid,6,5,73,13835.616
i32,4095,8,16,0,lessVoid,5,1,35,29285.714
i32,4095,8,16,0,lessVoid,2,1,59,17220.339
i32,4095,8,16,0,lessVoid,6,1,59,17118.644
i32,4095,8,16,0,lessVoid,0,1,34,29970.588
i32,4095,8,16,0,lessVoid,5,2,40,25275.000
i32,4095,8,16,0,lessVoid,0,2,34,29441.176
i32,4095,8,16,0,lessVoid,6,2,59,17152.542
i32,4095,8,16,0,lessVoid,2,2,57,17736.842
i32,4095,8,16,0,lessVoid,5,3,36,27888.889
i32,4095,8,16,0,lessVoid,2,3,60,16933.333
i32,4095,8,16,0,lessVoid,0,3,35,29028.571
i32,4095,8,16,0,lessVoid,6,3,58,17379.310
i32,4095,8,16,0,lessVoid,6,4,59,17067.797
i32,4095,8,16,0,lessVoid,0,4,34,29823.529
i32,4095,8,16,0,lessVoid,5,4,40,25250.000
i32,4095,8,16,0,lessVoid,2,4,58,17362.069
i32,4095,8,16,0,lessVoid,5,5,36,28361.111
i32,4095,8,16,0,lessVoid,6,5,59,17152.542
i32,4095,8,16,0,lessVoid,2,5,58,17379.310
i32,4095,8,16,0,lessVoid,0,5,34,29852.941
i32,4096,12,0,0,lessVoid,6,1,109,9201.835
i32,4096,12,0,0,lessVoid,5,1,42,23809.524
i32,4096,12,0,0,lessVoid,2,1,118,8474.576
i32,4096,12,0,0,lessVoid,0,1,119,8411.765
i32,4096,12,0,0,lessVoid,5,2,43,23767.442
i32,4096,12,0,0,lessVoid,2,2,118,8483.051
i32,4096,12,0,0,lessVoid,6,2,117,8581.197
i32,4096,12,0,0,lessVoid,0,2,111,9072.072
i32,4096,12,0,0,lessVoid,2,3,111,9036.036
i32,4096,12,0,0,lessVoid,5,3,42,24023.810
i32,4096,12,0,0,lessVoid,0,3,118,8491.525
i32,4096,12,0,0,lessVoid,6,3,116,8637.931
i32,4096,12,0,0,lessVoid,2,4,116,8681.034
i32,4096,12,0,0,lessVoid,5,4,42,23928.571
i32,4096,12,0,0,lessVoid,0,4,118,8516.949
i32,4096,12,0,0,lessVoid,6,4,111,9027.027
i32,4096,12,0,0,lessVoid,5,5,40,25250.000
i32,4096,12,0,0,lessVoid,6,5,118,8516.949
i32,4096,12,0,0,lessVoid,0,5,121,8330.579
i32,4096,12,0,0,lessVoid,2,5,123,8162.602
i32,4096,20,0,0,lessVoid,0,1,86,11720.930
i32,4096,20,0,0,lessVoid,5,1,41,24878.049
i32,4096,20,0,0,lessVoid,6,1,119,8420.168
i32,4096,20,0,0,lessVoid,2,1,87,11609.195
i32,4096,20,0,0,lessVoid,5,2,40,25025.000
i32,4096,20,0,0,lessVoid,2,2,89,11280.899
i32,4096,20,0,0,lessVoid,0,2,87,11540.230
i32,4096,20,0,0,lessVoid,6,2,111,9054.054
i32,4096,20,0,0,lessVoid,2,3,87,11540.230
i32,4096,20,0,0,lessVoid,5,3,40,25150.000
i32,4096,20,0,0,lessVoid,6,3,119,8436.975
i32,4096,20,0,0,lessVoid,0,3,86,11651.163
i32,4096,20,0,0,lessVoid,5,4,40,25025.000
i32,4096,20,0,0,lessVoid,2,4,88,11397.727
i32,4096,20,0,0,lessVoid,0,4,87,11609.195
i32,4096,20,0,0,lessVoid,6,4,104,9644.231
i32,4096,20,0,0,lessVoid,6,5,121,8264.463
i32,4096,20,0,0,lessVoid,5,5,34,30029.412
i32,4096,20,0,0,lessVoid,2,5,92,10967.391
i32,4096,20,0,0,lessVoid,0,5,93,10784.946
i32,4096,24,0,0,lessVoid,2,1,93,10774.194
i32,4096,24,0,0,lessVoid,0,1,94,10670.213
i32,4096,24,0,0,lessVoid,5,1,42,24095.238
i32,4096,24,0,0,lessVoid,6,1,94,10648.936
i32,4096,24,0,0,lessVoid,5,2,43,23767.442
i32,4096,24,0,0,lessVoid,0,2,94,10638.298
i32,4096,24,0,0,lessVoid,2,2,94,10680.851
i32,4096,24,0,0,lessVoid,6,2,88,11375.000
i32,4096,24,0,0,lessVoid,6,3,91,11032.967
i32,4096,24,0,0,lessVoid,5,3,42,23809.524
i32,4096,24,0,0,lessVoid,0,3,94,10638.298
i32,4096,24,0,0,lessVoid,2,3,94,10712.766
i32,4096,24,0,0,lessVoid,2,4,94,10723.404
i32,4096,24,0,0,lessVoid,0,4,92,10956.522
i32,4096,24,0,0,lessVoid,6,4,93,10817.204
i32,4096,24,0,0,lessVoid,5,4,37,27081.081
i32,4096,24,0,0,lessVoid,0,5,94,10680.851
i32,4096,24,0,0,lessVoid,6,5,94,10734.043
i32,4096,24,0,0,lessVoid,2,5,94,10723.404
i32,4096,24,0,0,lessVoid,5,5,41,24682.927
i32,4096,32,0,0,lessVoid,2,1,76,13302.632
i32,4096,32,0,0,lessVoid,6,1,84,11904.762
i32,4096,32,0,0,lessVoid,5,1,41,24560.976
i32,4096,32,0,0,lessVoid,0,1,78,12871.795
i32,4096,32,0,0,lessVoid,2,2,76,13184.211
i32,4096,32,0,0,lessVoid,5,2,42,23976.190
i32,4096,32,0,0,lessVoid,0,2,79,12670.886
i32,4096,32,0,0,lessVoid,6,2,80,12575.000
i32,4096,32,0,0,lessVoid,6,3,83,12144.578
i32,4096,32,0,0,lessVoid,5,3,41,24536.585
i32,4096,32,0,0,lessVoid,2,3,78,12871.795
i32,4096,32,0,0,lessVoid,0,3,75,13400.000
i32,4096,32,0,0,lessVoid,5,4,42,24333.333
i32,4096,32,0,0,lessVoid,0,4,77,12987.013
i32,4096,32,0,0,lessVoid,2,4,77,13103.896
i32,4096,32,0,0,lessVoid,6,4,80,12650.000
i32,4096,32,0,0,lessVoid,5,5,41,24609.756
i32,4096,32,0,0,lessVoid,0,5,79,12683.544
i32,4096,32,0,0,lessVoid,6,5,84,11952.381
i32,4096,32,0,0,lessVoid,2,5,77,13077.922
i32,4096,8,16,0,lessVoid,5,1,42,24261.905
i32,4096,8,16,0,lessVoid,6,1,58,17275.862
i32,4096,8,16,0,lessVoid,2,1,58,17275.862
i32,4096,8,16,0,lessVoid,0,1,34,29676.471
i32,4096,8,16,0,lessVoid,2,2,59,17101.695
i32,4096,8,16,0,lessVoid,5,2,42,24166.667
i32,4096,8,16,0,lessVoid,6,2,59,17118.644
i32,4096,8,16,0,lessVoid,0,2,31,32419.355
i32,4096,8,16,0,lessVoid,6,3,57,17578.947
i32,4096,8,16,0,lessVoid,0,3,34,29794.118
i32,4096,8,16,0,lessVoid,5,3,42,23809.524
i32,4096,8,16,0,lessVoid,2,3,58,17293.103
i32,4096,8,16,0,lessVoid,2,4,59,17169.492
i32,4096,8,16,0,lessVoid,0,4,35,29171.429
i32,4096,8,16,0,lessVoid,5,4,42,24261.905
i32,4096,8,16,0,lessVoid,6,4,54,18629.630
i32,4096,8,16,0,lessVoid,5,5,41,24560.976
i32,4096,8,16,0,lessVoid,2,5,58,17275.862
i32,4096,8,16,0,lessVoid,0,5,34,29411.765
i32,4096,8,16,0,lessVoid,6,5,59,17203.390
i32,4097,12,0,0,lessVoid,2,1,111,9072.072
i32,4097,12,0,0,lessVoid,5,1,41,24804.878
i32,4097,12,0,0,lessVoid,0,1,112,8928.571
i32,4097,12,0,0,lessVoid,6,1,111,9081.081
i32,4097,12,0,0,lessVoid,5,2,42,24119.048
i32,4097,12,0,0,lessVoid,2,2,113,8876.106
i32,4097,12,0,0,lessVoid,0,2,112,8964.286
i32,4097,12,0,0,lessVoid,6,2,107,9373.832
i32,4097,12,0,0,lessVoid,6,3,109,9174.312
i32,4097,12,0,0,lessVoid,5,3,41,24658.537
i32,4097,12,0,0,lessVoid,0,3,113,8876.106
i32,4097,12,0,0,lessVoid,2,3,112,8955.357
i32,4097,12,0,0,lessVoid,2,4,111,9009.009
i32,4097,12,0,0,lessVoid,0,4,111,9081.081
i32,4097,12,0,0,lessVoid,6,4,110,9118.182
i32,4097,12,0,0,lessVoid,5,4,38,26342.105
i32,4097,12,0,0,lessVoid,6,5,108,9268.519
i32,4097,12,0,0,lessVoid,5,5,42,23833.333
i32,4097,12,0,0,lessVoid,2,5,113,8849.558
i32,4097,12,0,0,lessVoid,0,5,114,8815.789
i32,4097,20,0,0,lessVoid,6,1,107,9345.794
i32,4097,20,0,0,lessVoid,0,1,85,11870.588
i32,4097,20,0,0,lessVoid,5,1,41,24390.244
i32,4097,20,0,0,lessVoid,2,1,86,11732.558
i32,4097,20,0,0,lessVoid,6,2,110,9163.636
i32,4097,20,0,0,lessVoid,5,2,40,25025.000
i32,4097,20,0,0,lessVoid,0,2,86,11651.163
i32,4097,20,0,0,lessVoid,2,2,81,12481.481
i32,4097,20,0,0,lessVoid,6,3,107,9411.215
i32,4097,20,0,0,lessVoid,5,3,41,24560.976
i32,4097,20,0,0,lessVoid,0,3,85,11870.588
i32,4097,20,0,0,lessVoid,2,3,84,11928.571
i32,4097,20,0,0,lessVoid,6,4,108,9296.296
i32,4097,20,0,0,lessVoid,0,4,83,12060.241
i32,4097,20,0,0,lessVoid,5,4,41,24439.024
i32,4097,20,0,0,lessVoid,2,4,82,12207.317
i32,4097,20,0,0,lessVoid,2,5,83,12060.241
i32,4097,20,0,0,lessVoid,5,5,41,24390.244
i32,4097,20,0,0,lessVoid,0,5,85,11823.529
i32,4097,20,0,0,lessVoid,6,5,109,9192.661
i32,4097,24,0,0,lessVoid,0,1,99,10141.414
i32,4097,24,0,0,lessVoid,6,1,99,10191.919
i32,4097,24,0,0,lessVoid,5,1,40,25425.000
i32,4097,24,0,0,lessVoid,2,1,99,10202.020
i32,4097,24,0,0,lessVoid,2,2,97,10402.062
i32,4097,24,0,0,lessVoid,6,2,97,10381.443
i32,4097,24,0,0,lessVoid,5,2,42,24190.476
i32,4097,24,0,0,lessVoid,0,2,97,10402.062
i32,4097,24,0,0,lessVoid,5,3,41,24609.756
i32,4097,24,0,0,lessVoid,0,3,100,10030.000
i32,4097,24,0,0,lessVoid,2,3,93,10784.946
i32,4097,24,0,0,lessVoid,6,3,99,10141.414
i32,4097,24,0,0,lessVoid,2,4,97,10371.134
i32,4097,24,0,0,lessVoid,5,4,39,25666.667
i32,4097,24,0,0,lessVoid,6,4,92,10967.391
i32,4097,24,0,0,lessVoid,0,4,89,11247.191
i32,4097,24,0,0,lessVoid,6,5,102,9803.922
i32,4097,24,0,0,lessVoid,2,5,103,9747.573
i32,4097,24,0,0,lessVoid,0,5,105,9542.857
i32,4097,24,0,0,lessVoid,5,5,36,28333.333
i32,4097,32,0,0,lessVoid,0,1,80,12512.500
i32,4097,32,0,0,lessVoid,6,1,92,10869.565
i32,4097,32,0,0,lessVoid,5,1,33,30939.394
i32,4097,32,0,0,lessVoid,2,1,82,12231.707
i32,4097,32,0,0,lessVoid,0,2,80,12600.000
i32,4097,32,0,0,lessVoid,6,2,87,11494.253
i32,4097,32,0,0,lessVoid,2,2,80,12637.500
i32,4097,32,0,0,lessVoid,5,2,41,24585.366
i32,4097,32,0,0,lessVoid,0,3,80,12562.500
i32,4097,32,0,0,lessVoid,2,3,80,12637.500
i32,4097,32,0,0,lessVoid,6,3,86,11744.186
i32,4097,32,0,0,lessVoid,5,3,41,24634.146
i32,4097,32,0,0,lessVoid,2,4,80,12537.500
i32,4097,32,0,0,lessVoid,0,4,77,13142.857
i32,4097,32,0,0,lessVoid,5,4,42,24309.524
i32,4097,32,0,0,lessVoid,6,4,85,11894.118
i32,4097,32,0,0,lessVoid,6,5,87,11620.690
i32,4097,32,0,0,lessVoid,0,5,78,12948.718
i32,4097,32,0,0,lessVoid,5,5,42,24333.333
i32,4097,32,0,0,lessVoid,2,5,81,12407.407
i32,4097,8,16,0,lessVoid,6,1,59,17050.847
i32,4097,8,16,0,lessVoid,5,1,42,24119.048
i32,4097,8,16,0,lessVoid,0,1,35,29257.143
i32,4097,8,16,0,lessVoid,2,1,60,16933.333
i32,4097,8,16,0,lessVoid,6,2,60,16916.667
i32,4097,8,16,0,lessVoid,5,2,43,23418.605
i32,4097,8,16,0,lessVoid,2,2,58,17258.621
i32,4097,8,16,0,lessVoid,0,2,34,30000.000
i32,4097,8,16,0,lessVoid,2,3,58,17241.379
i32,4097,8,16,0,lessVoid,5,3,43,23465.116
i32,4097,8,16,0,lessVoid,0,3,35,29314.286
i32,4097,8,16,0,lessVoid,6,3,59,17000.000
i32,4097,8,16,0,lessVoid,6,4,58,17413.793
i32,4097,8,16,0,lessVoid,2,4,58,17310.345
i32,4097,8,16,0,lessVoid,0,4,35,29285.714
i32,4097,8,16,0,lessVoid,5,4,41,24414.634
i32,4097,8,16,0,lessVoid,0,5,35,29342.857
i32,4097,8,16,0,lessVoid,5,5,42,24190.476
i32,4097,8,16,0,lessVoid,2,5,60,16933.333
i32,4097,8,16,0,lessVoid,6,5,60,16833.333
i32,32768,12,0,0,lessVoid,2,1,15,69533.333
i32,32768,12,0,0,lessVoid,6,1,15,68000.000
i32,32768,12,0,0,lessVoid,0,1,15,69200.000
i32,32768,12,0,0,lessVoid,5,1,2,919500.000
i32,32768,12,0,0,lessVoid,6,2,15,68333.333
i32,32768,12,0,0,lessVoid,0,2,15,70000.000
i32,32768,12,0,0,lessVoid,5,2,2,887000.000
i32,32768,12,0,0,lessVoid,2,2,16,66500.000
i32,32768,12,0,0,lessVoid,6,3,15,68733.333
i32,32768,12,0,0,lessVoid,2,3,15,68133.333
i32,32768,12,0,0,lessVoid,0,3,15,68466.667
i32,32768,12,0,0,lessVoid,5,3,2,956500.000
i32,32768,12,0,0,lessVoid,2,4,15,69266.667
i32,32768,12,0,0,lessVoid,6,4,15,69133.333
i32,32768,12,0,0,lessVoid,0,4,14,74714.286
i32,32768,12,0,0,lessVoid,5,4,2,918000.000
i32,32768,12,0,0,lessVoid,2,5,16,66750.000
i32,32768,12,0,0,lessVoid,5,5,2,910000.000
i32,32768,12,0,0,lessVoid,0,5,16,66875.000
i32,32768,12,0,0,lessVoid,6,5,15,67933.333
i32,32768,20,0,0,lessVoid,2,1,10,101100.000
i32,32768,20,0,0,lessVoid,0,1,11,92909.091
i32,32768,20,0,0,lessVoid,6,1,16,65312.500
i32,32768,20,0,0,lessVoid,5,1,2,974000.000
i32,32768,20,0,0,lessVoid,2,2,11,95727.273
i32,32768,20,0,0,lessVoid,6,2,15,70200.000
i32,32768,20,0,0,lessVoid,5,2,2,922500.000
i32,32768,20,0,0,lessVoid,0,2,10,102600.000
i32,32768,20,0,0,lessVoid,0,3,10,100700.000
i32,32768,20,0,0,lessVoid,5,3,2,915500.000
i32,32768,20,0,0,lessVoid,6,3,16,63250.000
i32,32768,20,0,0,lessVoid,2,3,11,93545.455
i32,32768,20,0,0,lessVoid,2,4,11,92818.182
i32,32768,20,0,0,lessVoid,0,4,11,97000.000
i32,32768,20,0,0,lessVoid,5,4,2,956000.000
i32,32768,20,0,0,lessVoid,6,4,15,69933.333
i32,32768,20,0,0,lessVoid,2,5,11,91454.545
i32,32768,20,0,0,lessVoid,0,5,11,92181.818
i32,32768,20,0,0,lessVoid,5,5,2,946000.000
i32,32768,20,0,0,lessVoid,6,5,15,69933.333
i32,32768,24,0,0,lessVoid,0,1,12,85416.667
i32,32768,24,0,0,lessVoid,6,1,12,85750.000
i32,32768,24,0,0,lessVoid,5,1,2,965500.000
i32,32768,24,0,0,lessVoid,2,1,11,92818.182
i32,32768,24,0,0,lessVoid,5,2,2,928000.000
i32,32768,24,0,0,lessVoid,2,2,12,90500.000
i32,32768,24,0,0,lessVoid,6,2,12,84666.667
i32,32768,24,0,0,lessVoid,0,2,11,92000.000
i32,32768,24,0,0,lessVoid,5,3,1,1005000.000
i32,32768,24,0,0,lessVoid,2,3,12,87666.667
i32,32768,24,0,0,lessVoid,6,3,10,101100.000
i32,32768,24,0,0,lessVoid,0,3,13,80769.231
i32,32768,24,0,0,lessVoid,2,4,12,83500.000
i32,32768,24,0,0,lessVoid,6,4,13,81538.462
i32,32768,24,0,0,lessVoid,0,4,13,77153.846
i32,32768,24,0,0,lessVoid,5,4,2,991000.000
i32,32768,24,0,0,lessVoid,6,5,13,77153.846
i32,32768,24,0,0,lessVoid,0,5,13,79769.231
i32,32768,24,0,0,lessVoid,5,5,2,959500.000
i32,32768,24,0,0,lessVoid,2,5,13,81538.462
i32,32768,32,0,0,lessVoid,5,1,2,935000.000
i32,32768,32,0,0,lessVoid,0,1,9,113777.778
i32,32768,32,0,0,lessVoid,6,1,11,94727.273
i32,32768,32,0,0,lessVoid,2,1,10,105000.000
i32,32768,32,0,0,lessVoid,5,2,2,945000.000
i32,32768,32,0,0,lessVoid,6,2,11,93000.000
i32,32768,32,0,0,lessVoid,2,2,10,104900.000
i32,32768,32,0,0,lessVoid,0,2,9,117333.333
i32,32768,32,0,0,lessVoid,0,3,9,116111.111
i32,32768,32,0,0,lessVoid,2,3,10,106600.000
i32,32768,32,0,0,lessVoid,5,3,2,915000.000
i32,32768,32,0,0,lessVoid,6,3,12,88666.667
i32,32768,32,0,0,lessVoid,2,4,10,104000.000
i32,32768,32,0,0,lessVoid,6,4,12,90500.000
i32,32768,32,0,0,lessVoid,0,4,9,112111.111
i32,32768,32,0,0,lessVoid,5,4,1,1000000.000
i32,32768,32,0,0,lessVoid,6,5,12,88916.667
i32,32768,32,0,0,lessVoid,5,5,2,957500.000
i32,32768,32,0,0,lessVoid,0,5,10,105800.000
i32,32768,32,0,0,lessVoid,2,5,9,114111.111
i32,32768,8,16,0,lessVoid,6,1,8,135000.000
i32,32768,8,16,0,lessVoid,5,1,2,634000.000
i32,32768,8,16,0,lessVoid,0,1,6,196333.333
i32,32768,8,16,0,lessVoid,2,1,8,130875.000
i32,32768,8,16,0,lessVoid,5,2,2,631500.000
i32,32768,8,16,0,lessVoid,0,2,6,201000.000
i32,32768,8,16,0,lessVoid,6,2,8,131625.000
i32,32768,8,16,0,lessVoid,2,2,8,129875.000
i32,32768,8,16,0,lessVoid,2,3,8,135625.000
i32,32768,8,16,0,lessVoid,6,3,8,130375.000
i32,32768,8,16,0,lessVoid,0,3,5,211400.000
i32,32768,8,16,0,lessVoid,5,3,2,630500.000
i32,32768,8,16,0,lessVoid,0,4,6,204166.667
i32,32768,8,16,0,lessVoid,5,4,2,603000.000
i32,32768,8,16,0,lessVoid,6,4,8,130000.000
i32,32768,8,16,0,lessVoid,2,4,8,135375.000
i32,32768,8,16,0,lessVoid,2,5,8,135500.000
i32,32768,8,16,0,lessVoid,0,5,5,215400.000
i32,32768,8,16,0,lessVoid,5,5,2,618000.000
i32,32768,8,16,0,lessVoid,6,5,8,133750.000
i32,131072,12,0,0,lessVoid,5,1,1,3656000.000
i32,131072,12,0,0,lessVoid,2,1,3,358333.333
i32,131072,12,0,0,lessVoid,6,1,3,338666.667
i32,131072,12,0,0,lessVoid,0,1,3,339666.667
i32,131072,12,0,0,lessVoid,5,2,1,3657000.000
i32,131072,12,0,0,lessVoid,2,2,3,350333.333
i32,131072,12,0,0,lessVoid,6,2,3,337666.667
i32,131072,12,0,0,lessVoid,0,2,3,365000.000
i32,131072,12,0,0,lessVoid,5,3,1,3751000.000
i32,131072,12,0,0,lessVoid,2,3,4,334250.000
i32,131072,12,0,0,lessVoid,0,3,3,350666.667
i32,131072,12,0,0,lessVoid,6,3,3,333333.333
i32,131072,12,0,0,lessVoid,2,4,3,336666.667
i32,131072,12,0,0,lessVoid,6,4,4,321500.000
i32,131072,12,0,0,lessVoid,0,4,3,348666.667
i32,131072,12,0,0,lessVoid,5,4,1,3728000.000
i32,131072,12,0,0,lessVoid,0,5,3,356000.000
i32,131072,12,0,0,lessVoid,2,5,3,375000.000
i32,131072,12,0,0,lessVoid,6,5,3,358666.667
i32,131072,12,0,0,lessVoid,5,5,1,3699000.000
i32,131072,20,0,0,lessVoid,2,1,3,424000.000
i32,131072,20,0,0,lessVoid,0,1,3,441666.667
i32,131072,20,0,0,lessVoid,5,1,1,4454000.000
i32,131072,20,0,0,lessVoid,6,1,3,338000.000
i32,131072,20,0,0,lessVoid,2,2,3,425666.667
i32,131072,20,0,0,lessVoid,5,2,1,4260000.000
i32,131072,20,0,0,lessVoid,6,2,3,339333.333
i32,131072,20,0,0,lessVoid,0,2,3,458666.667
i32,131072,20,0,0,lessVoid,6,3,4,306250.000
i32,131072,20,0,0,lessVoid,0,3,3,431000.000
i32,131072,20,0,0,lessVoid,2,3,3,444666.667
i32,131072,20,0,0,lessVoid,5,3,1,4470000.000
i32,131072,20,0,0,lessVoid,5,4,1,4286000.000
i32,131072,20,0,0,lessVoid,2,4,3,432666.667
i32,131072,20,0,0,lessVoid,0,4,2,500000.000
i32,131072,20,0,0,lessVoid,6,4,4,329500.000
i32,131072,20,0,0,lessVoid,0,5,3,448000.000
i32,131072,20,0,0,lessVoid,2,5,3,436000.000
i32,131072,20,0,0,lessVoid,6,5,4,315000.000
i32,131072,20,0,0,lessVoid,5,5,1,4388000.000
i32,131072,24,0,0,lessVoid,2,1,3,396000.000
i32,131072,24,0,0,lessVoid,6,1,3,431333.333
i32,131072,24,0,0,lessVoid,5,1,1,4541000.000
i32,131072,24,0,0,lessVoid,0,1,3,406333.333
i32,131072,24,0,0,lessVoid,5,2,1,4532000.000
i32,131072,24,0,0,lessVoid,6,2,3,376333.333
i32,131072,24,0,0,lessVoid,2,2,3,389666.667
i32,131072,24,0,0,lessVoid,0,2,3,409333.333
i32,131072,24,0,0,lessVoid,2,3,3,405000.000
i32,131072,24,0,0,lessVoid,0,3,3,420333.333
i32,131072,24,0,0,lessVoid,5,3,1,4517000.000
i32,131072,24,0,0,lessVoid,6,3,3,403333.333
i32,131072,24,0,0,lessVoid,5,4,1,4604000.000
i32,131072,24,0,0,lessVoid,6,4,3,406666.667
i32,131072,24,0,0,lessVoid,2,4,3,410666.667
i32,131072,24,0,0,lessVoid,0,4,3,426333.333
i32,131072,24,0,0,lessVoid,6,5,3,389000.000
i32,131072,24,0,0,lessVoid,2,5,3,399333.333
i32,131072,24,0,0,lessVoid,0,5,3,422000.000
i32,131072,24,0,0,lessVoid,5,5,1,4518000.000
i32,131072,32,0,0,lessVoid,6,1,3,409333.333
i32,131072,32,0,0,lessVoid,2,1,3,480333.333
i32,131072,32,0,0,lessVoid,5,1,1,4898000.000
i32,131072,32,0,0,lessVoid,0,1,2,533500.000
i32,131072,32,0,0,lessVoid,0,2,3,465333.333
i32,131072,32,0,0,lessVoid,2,2,2,515500.000
i32,131072,32,0,0,lessVoid,5,2,1,4776000.000
i32,131072,32,0,0,lessVoid,6,2,3,437666.667
i32,131072,32,0,0,lessVoid,5,3,1,4523000.000
i32,131072,32,0,0,lessVoid,6,3,3,404666.667
i32,131072,32,0,0,lessVoid,2,3,3,487000.000
i32,131072,32,0,0,lessVoid,0,3,2,522500.000
i32,131072,32,0,0,lessVoid,6,4,3,421666.667
i32,131072,32,0,0,lessVoid,2,4,3,466333.333
i32,131072,32,0,0,lessVoid,0,4,2,550500.000
i32,131072,32,0,0,lessVoid,5,4,1,4543000.000
i32,131072,32,0,0,lessVoid,5,5,1,4601000.000
i32,131072,32,0,0,lessVoid,0,5,3,489333.333
i32,131072,32,0,0,lessVoid,2,5,2,518000.000
i32,131072,32,0,0,lessVoid,6,5,3,443333.333
i32,131072,8,16,0,lessVoid,0,1,2,571000.000
i32,131072,8,16,0,lessVoid,6,1,2,674000.000
i32,131072,8,16,0,lessVoid,5,1,1,2678000.000
i32,131072,8,16,0,lessVoid,2,1,2,640000.000
i32,131072,8,16,0,lessVoid,0,2,2,531500.000
i32,131072,8,16,0,lessVoid,2,2,2,631000.000
i32,131072,8,16,0,lessVoid,6,2,2,545500.000
i32,131072,8,16,0,lessVoid,5,2,1,2677000.000
i32,131072,8,16,0,lessVoid,0,3,3,507333.333
i32,131072,8,16,0,lessVoid,2,3,2,543000.000
i32,131072,8,16,0,lessVoid,5,3,1,2687000.000
i32,131072,8,16,0,lessVoid,6,3,2,541000.000
i32,131072,8,16,0,lessVoid,6,4,2,593500.000
i32,131072,8,16,0,lessVoid,0,4,2,756000.000
i32,131072,8,16,0,lessVoid,2,4,2,506500.000
i32,131072,8,16,0,lessVoid,5,4,1,2715000.000
i32,131072,8,16,0,lessVoid,6,5,2,526000.000
i32,131072,8,16,0,lessVoid,2,5,2,643500.000
i32,131072,8,16,0,lessVoid,0,5,2,710000.000
i32,131072,8,16,0,lessVoid,5,5,1,2681000.000
i32,750000,12,0,0,lessVoid,2,1,1,2365000.000
i32,750000,12,0,0,lessVoid,5,1,1,21492000.000
i32,750000,12,0,0,lessVoid,6,1,1,2356000.000
i32,750000,12,0,0,lessVoid,0,1,1,2264000.000
i32,750000,12,0,0,lessVoid,6,2,1,2286000.000
i32,750000,12,0,0,lessVoid,2,2,1,2294000.000
i32,750000,12,0,0,lessVoid,0,2,1,2284000.000
i32,750000,12,0,0,lessVoid,5,2,1,21475000.000
i32,750000,12,0,0,lessVoid,6,3,1,2285000.000
i32,750000,12,0,0,lessVoid,2,3,1,2252000.000
i32,750000,12,0,0,lessVoid,5,3,1,21665000.000
i32,750000,12,0,0,lessVoid,0,3,1,2387000.000
i32,750000,12,0,0,lessVoid,5,4,1,22356000.000
i32,750000,12,0,0,lessVoid,2,4,1,2366000.000
i32,750000,12,0,0,lessVoid,6,4,1,2251000.000
i32,750000,12,0,0,lessVoid,0,4,1,2269000.000
i32,750000,12,0,0,lessVoid,5,5,1,21442000.000
i32,750000,12,0,0,lessVoid,2,5,1,2269000.000
i32,750000,12,0,0,lessVoid,6,5,1,2248000.000
i32,750000,12,0,0,lessVoid,0,5,1,2271000.000
i32,750000,20,0,0,lessVoid,2,1,1,2829000.000
i32,750000,20,0,0,lessVoid,5,1,1,29262000.000
i32,750000,20,0,0,lessVoid,6,1,1,2102000.000
i32,750000,20,0,0,lessVoid,0,1,1,2838000.000
i32,750000,20,0,0,lessVoid,0,2,1,2805000.000
i32,750000,20,0,0,lessVoid,6,2,1,2152000.000
i32,750000,20,0,0,lessVoid,2,2,1,3017000.000
i32,750000,20,0,0,lessVoid,5,2,1,29744000.000
i32,750000,20,0,0,lessVoid,5,3,1,29705000.000
i32,750000,20,0,0,lessVoid,6,3,1,2234000.000
i32,750000,20,0,0,lessVoid,2,3,1,2884000.000
i32,750000,20,0,0,lessVoid,0,3,1,2757000.000
i32,750000,20,0,0,lessVoid,2,4,1,2765000.000
i32,750000,20,0,0,lessVoid,6,4,1,2213000.000
i32,750000,20,0,0,lessVoid,0,4,1,2750000.000
i32,750000,20,0,0,lessVoid,5,4,1,30038000.000
i32,750000,20,0,0,lessVoid,2,5,1,2797000.000
i32,750000,20,0,0,lessVoid,6,5,1,2126000.000
i32,750000,20,0,0,lessVoid,5,5,1,29734000.000
i32,750000,20,0,0,lessVoid,0,5,1,2792000.000
i32,750000,24,0,0,lessVoid,6,1,1,2561000.000
i32,750000,24,0,0,lessVoid,2,1,1,2554000.000
i32,750000,24,0,0,lessVoid,5,1,1,28902000.000
i32,750000,24,0,0,lessVoid,0,1,1,2600000.000
i32,750000,24,0,0,lessVoid,0,2,1,2552000.000
i32,750000,24,0,0,lessVoid,2,2,1,2659000.000
i32,750000,24,0,0,lessVoid,6,2,1,2629000.000
i32,750000,24,0,0,lessVoid,5,2,1,28859000.000
i32,750000,24,0,0,lessVoid,5,3,1,28569000.000
i32,750000,24,0,0,lessVoid,0,3,1,2555000.000
i32,750000,24,0,0,lessVoid,6,3,1,2747000.000
i32,750000,24,0,0,lessVoid,2,3,1,2603000.000
i32,750000,24,0,0,lessVoid,2,4,1,2599000.000
i32,750000,24,0,0,lessVoid,6,4,1,2647000.000
i32,750000,24,0,0,lessVoid,0,4,1,2607000.000
i32,750000,24,0,0,lessVoid,5,4,1,29149000.000
i32,750000,24,0,0,lessVoid,2,5,1,2672000.000
i32,750000,24,0,0,lessVoid,5,5,1,28822000.000
i32,750000,24,0,0,lessVoid,0,5,1,2645000.000
i32,750000,24,0,0,lessVoid,6,5,1,2584000.000
i32,750000,32,0,0,lessVoid,6,1,1,2699000.000
i32,750000,32,0,0,lessVoid,0,1,1,3145000.000
i32,750000,32,0,0,lessVoid,2,1,1,3136000.000
i32,750000,32,0,0,lessVoid,5,1,1,29658000.000
i32,750000,32,0,0,lessVoid,6,2,1,2707000.000
i32,750000,32,0,0,lessVoid,5,2,1,29425000.000
i32,750000,32,0,0,lessVoid,2,2,1,3170000.000
i32,750000,32,0,0,lessVoid,0,2,1,3202000.000
i32,750000,32,0,0,lessVoid,6,3,1,2741000.000
i32,750000,32,0,0,lessVoid,5,3,1,29528000.000
i32,750000,32,0,0,lessVoid,2,3,1,3222000.000
i32,750000,32,0,0,lessVoid,0,3,1,3197000.000
i32,750000,32,0,0,lessVoid,2,4,1,3151000.000
i32,750000,32,0,0,lessVoid,0,4,1,3137000.000
i32,750000,32,0,0,lessVoid,6,4,1,2828000.000
i32,750000,32,0,0,lessVoid,5,4,1,29506000.000
i32,750000,32,0,0,lessVoid,2,5,1,3242000.000
i32,750000,32,0,0,lessVoid,6,5,1,2716000.000
i32,750000,32,0,0,lessVoid,5,5,1,29673000.000
i32,750000,32,0,0,lessVoid,0,5,1,3082000.000
i32,750000,8,16,0,lessVoid,6,1,1,2806000.000
i32,750000,8,16,0,lessVoid,0,1,1,3376000.000
i32,750000,8,16,0,lessVoid,2,1,1,2793000.000
i32,750000,8,16,0,lessVoid,5,1,1,15674000.000
i32,750000,8,16,0,lessVoid,2,2,1,2870000.000
i32,750000,8,16,0,lessVoid,5,2,1,15573000.000
i32,750000,8,16,0,lessVoid,6,2,1,3029000.000
i32,750000,8,16,0,lessVoid,0,2,1,3297000.000
i32,750000,8,16,0,lessVoid,5,3,1,15557000.000
i32,750000,8,16,0,lessVoid,2,3,1,2829000.000
i32,750000,8,16,0,lessVoid,0,3,1,3881000.000
i32,750000,8,16,0,lessVoid,6,3,1,2867000.000
i32,750000,8,16,0,lessVoid,6,4,1,3010000.000
i32,750000,8,16,0,lessVoid,0,4,1,3250000.000
i32,750000,8,16,0,lessVoid,2,4,1,2829000.000
i32,750000,8,16,0,lessVoid,5,4,1,15576000.000
i32,750000,8,16,0,lessVoid,0,5,1,3640000.000
i32,750000,8,16,0,lessVoid,5,5,1,15609000.000
i32,750000,8,16,0,lessVoid,6,5,1,2837000.000
i32,750000,8,16,0,lessVoid,2,5,1,2826000.000
i32,65536,20,0,1,lessVoid,6,1,63,15984.127
i32,65536,20,0,1,lessVoid,2,1,62,16322.581
i32,65536,20,0,1,lessVoid,0,1,62,16209.677
i32,65536,20,0,1,lessVoid,5,1,3,382666.667
i32,65536,20,0,1,lessVoid,5,2,3,376333.333
i32,65536,20,0,1,lessVoid,2,2,60,16683.333
i32,65536,20,0,1,lessVoid,0,2,63,15952.381
i32,65536,20,0,1,lessVoid,6,2,62,16241.935
i32,65536,20,0,1,lessVoid,5,3,3,383333.333
i32,65536,20,0,1,lessVoid,6,3,64,15703.125
i32,65536,20,0,1,lessVoid,0,3,63,16095.238
i32,65536,20,0,1,lessVoid,2,3,63,15888.889
i32,65536,20,0,1,lessVoid,5,4,3,378333.333
i32,65536,20,0,1,lessVoid,6,4,66,15363.636
i32,65536,20,0,1,lessVoid,2,4,65,15415.385
i32,65536,20,0,1,lessVoid,0,4,65,15492.308
i32,65536,20,0,1,lessVoid,5,5,3,377000.000
i32,65536,20,0,1,lessVoid,6,5,64,15843.750
i32,65536,20,0,1,lessVoid,0,5,62,16193.548
i32,65536,20,0,1,lessVoid,2,5,64,15750.000
i32,65536,20,0,2,lessVoid,5,1,4,280250.000
i32,65536,20,0,2,lessVoid,6,1,41,24609.756
i32,65536,20,0,2,lessVoid,0,1,41,24585.366
i32,65536,20,0,2,lessVoid,2,1,41,24829.268
i32,65536,20,0,2,lessVoid,2,2,39,26102.564
i32,65536,20,0,2,lessVoid,6,2,41,24829.268
i32,65536,20,0,2,lessVoid,0,2,40,25275.000
i32,65536,20,0,2,lessVoid,5,2,4,283500.000
i32,65536,20,0,2,lessVoid,0,3,41,24682.927
i32,65536,20,0,2,lessVoid,5,3,4,290000.000
i32,65536,20,0,2,lessVoid,6,3,41,24609.756
i32,65536,20,0,2,lessVoid,2,3,41,24585.366
i32,65536,20,0,2,lessVoid,0,4,40,25125.000
i32,65536,20,0,2,lessVoid,6,4,41,24975.610
i32,65536,20,0,2,lessVoid,2,4,41,25000.000
i32,65536,20,0,2,lessVoid,5,4,4,283750.000
i32,65536,20,0,2,lessVoid,5,5,4,293500.000
i32,65536,20,0,2,lessVoid,0,5,41,24560.976
i32,65536,20,0,2,lessVoid,6,5,41,24560.976
i32,65536,20,0,2,lessVoid,2,5,40,25025.000
i32,65536,20,0,3,lessVoid,5,1,3,439000.000
i32,65536,20,0,3,lessVoid,0,1,6,191833.333
i32,65536,20,0,3,lessVoid,6,1,8,138250.000
i32,65536,20,0,3,lessVoid,2,1,6,196333.333
i32,65536,20,0,3,lessVoid,2,2,5,201000.000
i32,65536,20,0,3,lessVoid,0,2,5,201400.000
i32,65536,20,0,3,lessVoid,6,2,8,139250.000
i32,65536,20,0,3,lessVoid,5,2,3,442333.333
i32,65536,20,0,3,lessVoid,0,3,6,193500.000
i32,65536,20,0,3,lessVoid,2,3,6,194333.333
i32,65536,20,0,3,lessVoid,5,3,3,441666.667
i32,65536,20,0,3,lessVoid,6,3,7,144000.000
i32,65536,20,0,3,lessVoid,5,4,3,432333.333
i32,65536,20,0,3,lessVoid,6,4,8,139500.000
i32,65536,20,0,3,lessVoid,2,4,6,194666.667
i32,65536,20,0,3,lessVoid,0,4,6,197500.000
i32,65536,20,0,3,lessVoid,5,5,3,433333.333
i32,65536,20,0,3,lessVoid,2,5,6,196333.333
i32,65536,20,0,3,lessVoid,6,5,8,138500.000
i32,65536,20,0,3,lessVoid,0,5,6,198000.000
i32,1000000,22,0,0,lessVoid,2,1,1,3668000.000
i32,1000000,22,0,0,lessVoid,5,1,1,39948000.000
i32,1000000,22,0,0,lessVoid,6,1,1,3152000.000
i32,1000000,22,0,0,lessVoid,0,1,1,3637000.000
i32,1000000,22,0,0,lessVoid,0,2,1,3663000.000
i32,1000000,22,0,0,lessVoid,5,2,1,39706000.000
i32,1000000,22,0,0,lessVoid,6,2,1,3086000.000
i32,1000000,22,0,0,lessVoid,2,2,1,3643000.000
i32,1000000,22,0,0,lessVoid,6,3,1,3031000.000
i32,1000000,22,0,0,lessVoid,0,3,1,3667000.000
i32,1000000,22,0,0,lessVoid,2,3,1,3700000.000
i32,1000000,22,0,0,lessVoid,5,3,1,39520000.000
i32,1000000,22,0,0,lessVoid,0,4,1,3850000.000
i32,1000000,22,0,0,lessVoid,2,4,1,3714000.000
i32,1000000,22,0,0,lessVoid,6,4,1,2974000.000
i32,1000000,22,0,0,lessVoid,5,4,1,39529000.000
i32,1000000,22,0,0,lessVoid,0,5,1,3630000.000
i32,1000000,22,0,0,lessVoid,2,5,1,3650000.000
i32,1000000,22,0,0,lessVoid,6,5,1,2915000.000
i32,1000000,22,0,0,lessVoid,5,5,1,39647000.000
i32,1000000,22,0,0,lessTyped,2,1,1,3585000.000
i32,1000000,22,0,0,lessTyped,5,1,1,39433000.000
i32,1000000,22,0,0,lessTyped,6,1,1,2980000.000
i32,1000000,22,0,0,lessTyped,0,1,1,39585000.000
i32,1000000,22,0,0,lessTyped,0,2,1,39795000.000
i32,1000000,22,0,0,lessTyped,5,2,1,39797000.000
i32,1000000,22,0,0,lessTyped,6,2,1,3146000.000
i32,1000000,22,0,0,lessTyped,2,2,1,3732000.000
i32,1000000,22,0,0,lessTyped,6,3,1,3004000.000
i32,1000000,22,0,0,lessTyped,0,3,1,40012000.000
i32,1000000,22,0,0,lessTyped,2,3,1,3785000.000
i32,1000000,22,0,0,lessTyped,5,3,1,39837000.000
i32,1000000,22,0,0,lessTyped,0,4,1,39493000.000
i32,1000000,22,0,0,lessTyped,2,4,1,3758000.000
i32,1000000,22,0,0,lessTyped,6,4,1,2902000.000
i32,1000000,22,0,0,lessTyped,5,4,1,39631000.000
i32,1000000,22,0,0,lessTyped,0,5,1,39357000.000
i32,1000000,22,0,0,lessTyped,2,5,1,3671000.000
i32,1000000,22,0,0,lessTyped,6,5,1,3487000.000
i32,1000000,22,0,0,lessTyped,5,5,1,42089000.000
i32,1000000,22,0,0,greaterTyped,2,1,1,3718000.000
i32,1000000,22,0,0,greaterTyped,5,1,1,39984000.000
i32,1000000,22,0,0,greaterTyped,6,1,1,3018000.000
i32,1000000,22,0,0,greaterTyped,0,1,1,39963000.000
i32,1000000,22,0,0,greaterTyped,0,2,1,39973000.000
i32,1000000,22,0,0,greaterTyped,5,2,1,39928000.000
i32,1000000,22,0,0,greaterTyped,6,2,1,3158000.000
i32,1000000,22,0,0,greaterTyped,2,2,1,3658000.000
i32,1000000,22,0,0,greaterTyped,6,3,1,3072000.000
i32,1000000,22,0,0,greaterTyped,0,3,1,39771000.000
i32,1000000,22,0,0,greaterTyped,2,3,1,3685000.000
i32,1000000,22,0,0,greaterTyped,5,3,1,39653000.000
i32,1000000,22,0,0,greaterTyped,0,4,1,39629000.000
i32,1000000,22,0,0,greaterTyped,2,4,1,3692000.000
i32,1000000,22,0,0,greaterTyped,6,4,1,2919000.000
i32,1000000,22,0,0,greaterTyped,5,4,1,39599000.000
i32,1000000,22,0,0,greaterTyped,0,5,1,39756000.000
i32,1000000,22,0,0,greaterTyped,2,5,1,3860000.000
i32,1000000,22,0,0,greaterTyped,6,5,1,2938000.000
i32,1000000,22,0,0,greaterTyped,5,5,1,39705000.000
i32,1000000,22,0,1,lessVoid,2,1,5,240400.000
i32,1000000,22,0,1,lessVoid,6,1,5,237800.000
i32,1000000,22,0,1,lessVoid,5,1,1,7675000.000
i32,1000000,22,0,1,lessVoid,0,1,5,239800.000
i32,1000000,22,0,1,lessVoid,5,2,1,7463000.000
i32,1000000,22,0,1,lessVoid,6,2,4,256250.000
i32,1000000,22,0,1,lessVoid,2,2,5,246400.000
i32,1000000,22,0,1,lessVoid,0,2,2,555500.000
i32,1000000,22,0,1,lessVoid,5,3,1,7510000.000
i32,1000000,22,0,1,lessVoid,6,3,5,243600.000
i32,1000000,22,0,1,lessVoid,2,3,4,250500.000
i32,1000000,22,0,1,lessVoid,0,3,5,241400.000
i32,1000000,22,0,1,lessVoid,2,4,5,246600.000
i32,1000000,22,0,1,lessVoid,5,4,1,7370000.000
i32,1000000,22,0,1,lessVoid,6,4,5,235000.000
i32,1000000,22,0,1,lessVoid,0,4,4,250250.000
i32,1000000,22,0,1,lessVoid,0,5,5,234600.000
i32,1000000,22,0,1,lessVoid,6,5,5,243600.000
i32,1000000,22,0,1,lessVoid,2,5,5,239600.000
i32,1000000,22,0,1,lessVoid,5,5,1,7246000.000
i32,1000000,22,0,1,lessTyped,2,1,5,246400.000
i32,1000000,22,0,1,lessTyped,6,1,5,238400.000
i32,1000000,22,0,1,lessTyped,5,1,1,7387000.000
i32,1000000,22,0,1,lessTyped,0,1,5,229800.000
i32,1000000,22,0,1,lessTyped,5,2,1,7355000.000
i32,1000000,22,0,1,lessTyped,6,2,5,238400.000
i32,1000000,22,0,1,lessTyped,2,2,4,254000.000
i32,1000000,22,0,1,lessTyped,0,2,5,231000.000
i32,1000000,22,0,1,lessTyped,5,3,1,7341000.000
i32,1000000,22,0,1,lessTyped,6,3,5,237000.000
i32,1000000,22,0,1,lessTyped,2,3,5,235200.000
i32,1000000,22,0,1,lessTyped,0,3,5,243600.000
i32,1000000,22,0,1,lessTyped,2,4,5,251600.000
i32,1000000,22,0,1,lessTyped,5,4,1,7313000.000
i32,1000000,22,0,1,lessTyped,6,4,5,244200.000
i32,1000000,22,0,1,lessTyped,0,4,5,241800.000
i32,1000000,22,0,1,lessTyped,0,5,5,246800.000
i32,1000000,22,0,1,lessTyped,6,5,5,245400.000
i32,1000000,22,0,1,lessTyped,2,5,4,251250.000
i32,1000000,22,0,1,lessTyped,5,5,1,7282000.000
i32,1000000,22,0,1,greaterTyped,2,1,5,242000.000
i32,1000000,22,0,1,greaterTyped,6,1,5,245800.000
i32,1000000,22,0,1,greaterTyped,5,1,1,7357000.000
i32,1000000,22,0,1,greaterTyped,0,1,5,238800.000
i32,1000000,22,0,1,greaterTyped,5,2,1,7344000.000
i32,1000000,22,0,1,greaterTyped,6,2,5,239400.000
i32,1000000,22,0,1,greaterTyped,2,2,5,237600.000
i32,1000000,22,0,1,greaterTyped,0,2,5,241400.000
i32,1000000,22,0,1,greaterTyped,5,3,1,7335000.000
i32,1000000,22,0,1,greaterTyped,6,3,5,237400.000
i32,1000000,22,0,1,greaterTyped,2,3,5,236000.000
i32,1000000,22,0,1,greaterTyped,0,3,2,552500.000
i32,1000000,22,0,1,greaterTyped,2,4,5,240600.000
i32,1000000,22,0,1,greaterTyped,5,4,1,7303000.000
i32,1000000,22,0,1,greaterTyped,6,4,5,238200.000
i32,1000000,22,0,1,greaterTyped,0,4,5,233400.000
i32,1000000,22,0,1,greaterTyped,0,5,5,239400.000
i32,1000000,22,0,1,greaterTyped,6,5,5,238200.000
i32,1000000,22,0,1,greaterTyped,2,5,5,235800.000
i32,1000000,22,0,1,greaterTyped,5,5,1,7302000.000
i32,1000000,22,0,2,lessVoid,6,1,3,365000.000
i32,1000000,22,0,2,lessVoid,0,1,3,377666.667
i32,1000000,22,0,2,lessVoid,5,1,1,5477000.000
i32,1000000,22,0,2,lessVoid,2,1,3,367333.333
i32,1000000,22,0,2,lessVoid,2,2,3,365000.000
i32,1000000,22,0,2,lessVoid,6,2,3,368000.000
i32,1000000,22,0,2,lessVoid,0,2,3,365333.333
i32,1000000,22,0,2,lessVoid,5,2,1,5622000.000
i32,1000000,22,0,2,lessVoid,0,3,3,367333.333
i32,1000000,22,0,2,lessVoid,6,3,3,366000.000
i32,1000000,22,0,2,lessVoid,5,3,1,5521000.000
i32,1000000,22,0,2,lessVoid,2,3,3,374000.000
i32,1000000,22,0,2,lessVoid,0,4,3,367333.333
i32,1000000,22,0,2,lessVoid,2,4,3,385000.000
i32,1000000,22,0,2,lessVoid,6,4,3,376000.000
i32,1000000,22,0,2,lessVoid,5,4,1,5630000.000
i32,1000000,22,0,2,lessVoid,6,5,3,374000.000
i32,1000000,22,0,2,lessVoid,5,5,1,5434000.000
i32,1000000,22,0,2,lessVoid,2,5,3,387333.333
i32,1000000,22,0,2,lessVoid,0,5,3,369333.333
i32,1000000,22,0,2,lessTyped,6,1,3,384666.667
i32,1000000,22,0,2,lessTyped,0,1,3,383000.000
i32,1000000,22,0,2,lessTyped,5,1,1,5498000.000
i32,1000000,22,0,2,lessTyped,2,1,3,387333.333
i32,1000000,22,0,2,lessTyped,2,2,3,382666.667
i32,1000000,22,0,2,lessTyped,6,2,3,379000.000
i32,1000000,22,0,2,lessTyped,0,2,3,380666.667
i32,1000000,22,0,2,lessTyped,5,2,1,5649000.000
i32,1000000,22,0,2,lessTyped,0,3,3,380666.667
i32,1000000,22,0,2,lessTyped,6,3,3,377000.000
i32,1000000,22,0,2,lessTyped,5,3,1,5560000.000
i32,1000000,22,0,2,lessTyped,2,3,3,402666.667
i32,1000000,22,0,2,lessTyped,0,4,3,377333.333
i32,1000000,22,0,2,lessTyped,2,4,3,388000.000
i32,1000000,22,0,2,lessTyped,6,4,3,379333.333
i32,1000000,22,0,2,lessTyped,5,4,1,5617000.000
i32,1000000,22,0,2,lessTyped,6,5,3,380000.000
i32,1000000,22,0,2,lessTyped,5,5,1,5540000.000
i32,1000000,22,0,2,lessTyped,2,5,3,376666.667
i32,1000000,22,0,2,lessTyped,0,5,3,376666.667
i32,1000000,22,0,2,greaterTyped,6,1,3,382000.000
i32,1000000,22,0,2,greaterTyped,0,1,3,380666.667
i32,1000000,22,0,2,greaterTyped,5,1,1,5563000.000
i32,1000000,22,0,2,greaterTyped,2,1,3,378333.333
i32,1000000,22,0,2,greaterTyped,2,2,3,382000.000
i32,1000000,22,0,2,greaterTyped,6,2,3,370000.000
i32,1000000,22,0,2,greaterTyped,0,2,3,390333.333
i32,1000000,22,0,2,greaterTyped,5,2,1,5476000.000
i32,1000000,22,0,2,greaterTyped,0,3,3,387333.333
i32,1000000,22,0,2,greaterTyped,6,3,3,373333.333
i32,1000000,22,0,2,greaterTyped,5,3,1,5465000.000
i32,1000000,22,0,2,greaterTyped,2,3,3,389000.000
i32,1000000,22,0,2,greaterTyped,0,4,3,375333.333
i32,1000000,22,0,2,greaterTyped,2,4,3,382000.000
i32,1000000,22,0,2,greaterTyped,6,4,3,377666.667
i32,1000000,22,0,2,greaterTyped,5,4,1,5580000.000
i32,1000000,22,0,2,greaterTyped,6,5,3,369000.000
i32,1000000,22,0,2,greaterTyped,5,5,1,5548000.000
i32,1000000,22,0,2,greaterTyped,2,5,3,371333.333
i32,1000000,22,0,2,greaterTyped,0,5,3,376000.000
i32,1000000,22,0,3,lessVoid,6,1,1,2620000.000
i32,1000000,22,0,3,lessVoid,0,1,1,3590000.000
i32,1000000,22,0,3,lessVoid,2,1,1,3555000.000
i32,1000000,22,0,3,lessVoid,5,1,1,9057000.000
i32,1000000,22,0,3,lessVoid,2,2,1,3533000.000
i32,1000000,22,0,3,lessVoid,6,2,1,2706000.000
i32,1000000,22,0,3,lessVoid,0,2,1,3655000.000
i32,1000000,22,0,3,lessVoid,5,2,1,9024000.000
i32,1000000,22,0,3,lessVoid,5,3,1,9061000.000
i32,1000000,22,0,3,lessVoid,0,3,1,3530000.000
i32,1000000,22,0,3,lessVoid,6,3,1,2703000.000
i32,1000000,22,0,3,lessVoid,2,3,1,3615000.000
i32,1000000,22,0,3,lessVoid,0,4,1,3674000.000
i32,1000000,22,0,3,lessVoid,6,4,1,2733000.000
i32,1000000,22,0,3,lessVoid,5,4,1,9072000.000
i32,1000000,22,0,3,lessVoid,2,4,1,3544000.000
i32,1000000,22,0,3,lessVoid,0,5,1,3580000.000
i32,1000000,22,0,3,lessVoid,6,5,1,2883000.000
i32,1000000,22,0,3,lessVoid,2,5,1,3706000.000
i32,1000000,22,0,3,lessVoid,5,5,1,9547000.000
i32,1000000,22,0,3,lessTyped,6,1,1,2967000.000
i32,1000000,22,0,3,lessTyped,0,1,1,10004000.000
i32,1000000,22,0,3,lessTyped,2,1,1,3725000.000
i32,1000000,22,0,3,lessTyped,5,1,1,9911000.000
i32,1000000,22,0,3,lessTyped,2,2,1,3819000.000
i32,1000000,22,0,3,lessTyped,6,2,1,2923000.000
i32,1000000,22,0,3,lessTyped,0,2,1,9906000.000
i32,1000000,22,0,3,lessTyped,5,2,1,9360000.000
i32,1000000,22,0,3,lessTyped,5,3,1,9135000.000
i32,1000000,22,0,3,lessTyped,0,3,1,9313000.000
i32,1000000,22,0,3,lessTyped,6,3,1,2610000.000
i32,1000000,22,0,3,lessTyped,2,3,1,3545000.000
i32,1000000,22,0,3,lessTyped,0,4,1,9300000.000
i32,1000000,22,0,3,lessTyped,6,4,1,2684000.000
i32,1000000,22,0,3,lessTyped,5,4,1,9134000.000
i32,1000000,22,0,3,lessTyped,2,4,1,3573000.000
i32,1000000,22,0,3,lessTyped,0,5,1,9461000.000
i32,1000000,22,0,3,lessTyped,6,5,1,2744000.000
i32,1000000,22,0,3,lessTyped,2,5,1,3672000.000
i32,1000000,22,0,3,lessTyped,5,5,1,9299000.000
i32,1000000,22,0,3,greaterTyped,6,1,1,3075000.000
i32,1000000,22,0,3,greaterTyped,0,1,1,9631000.000
i32,1000000,22,0,3,greaterTyped,2,1,1,3822000.000
i32,1000000,22,0,3,greaterTyped,5,1,1,9239000.000
i32,1000000,22,0,3,greaterTyped,2,2,1,3838000.000
i32,1000000,22,0,3,greaterTyped,6,2,1,2988000.000
i32,1000000,22,0,3,greaterTyped,0,2,1,9895000.000
i32,1000000,22,0,3,greaterTyped,5,2,1,9244000.000
i32,1000000,22,0,3,greaterTyped,5,3,1,9198000.000
i32,1000000,22,0,3,greaterTyped,0,3,1,9594000.000
i32,1000000,22,0,3,greaterTyped,6,3,1,2977000.000
i32,1000000,22,0,3,greaterTyped,2,3,1,3901000.000
i32,1000000,22,0,3,greaterTyped,0,4,1,9593000.000
i32,1000000,22,0,3,greaterTyped,6,4,1,2961000.000
i32,1000000,22,0,3,greaterTyped,5,4,1,9192000.000
i32,1000000,22,0,3,greaterTyped,2,4,1,3875000.000
i32,1000000,22,0,3,greaterTyped,0,5,1,9556000.000
i32,1000000,22,0,3,greaterTyped,6,5,1,2840000.000
i32,1000000,22,0,3,greaterTyped,2,5,1,3708000.000
i32,1000000,22,0,3,greaterTyped,5,5,1,9190000.000
i32,1000000,8,16,0,lessVoid,0,1,1,5097000.000
i32,1000000,8,16,0,lessVoid,6,1,1,3823000.000
i32,1000000,8,16,0,lessVoid,2,1,1,3901000.000
i32,1000000,8,16,0,lessVoid,5,1,1,21053000.000
i32,1000000,8,16,0,lessVoid,0,2,1,4509000.000
i32,1000000,8,16,0,lessVoid,2,2,1,3865000.000
i32,1000000,8,16,0,lessVoid,5,2,1,21108000.000
i32,1000000,8,16,0,lessVoid,6,2,1,3944000.000
i32,1000000,8,16,0,lessVoid,0,3,1,4477000.000
i32,1000000,8,16,0,lessVoid,6,3,1,3857000.000
i32,1000000,8,16,0,lessVoid,2,3,1,3784000.000
i32,1000000,8,16,0,lessVoid,5,3,1,21045000.000
i32,1000000,8,16,0,lessVoid,0,4,1,5077000.000
i32,1000000,8,16,0,lessVoid,6,4,1,3945000.000
i32,1000000,8,16,0,lessVoid,5,4,1,21080000.000
i32,1000000,8,16,0,lessVoid,2,4,1,3998000.000
i32,1000000,8,16,0,lessVoid,0,5,1,5028000.000
i32,1000000,8,16,0,lessVoid,6,5,1,3835000.000
i32,1000000,8,16,0,lessVoid,2,5,1,3841000.000
i32,1000000,8,16,0,lessVoid,5,5,1,21048000.000
i32,1000000,32,0,0,lessVoid,5,1,1,40540000.000
i32,1000000,32,0,0,lessVoid,0,1,1,4388000.000
i32,1000000,32,0,0,lessVoid,6,1,1,3816000.000
i32,1000000,32,0,0,lessVoid,2,1,1,4375000.000
i32,1000000,32,0,0,lessVoid,0,2,1,4457000.000
i32,1000000,32,0,0,lessVoid,5,2,1,40822000.000
i32,1000000,32,0,0,lessVoid,2,2,1,4359000.000
i32,1000000,32,0,0,lessVoid,6,2,1,3714000.000
i32,1000000,32,0,0,lessVoid,0,3,1,4341000.000
i32,1000000,32,0,0,lessVoid,2,3,1,4482000.000
i32,1000000,32,0,0,lessVoid,6,3,1,3668000.000
i32,1000000,32,0,0,lessVoid,5,3,1,40236000.000
i32,1000000,32,0,0,lessVoid,0,4,1,4376000.000
i32,1000000,32,0,0,lessVoid,2,4,1,4445000.000
i32,1000000,32,0,0,lessVoid,5,4,1,40149000.000
i32,1000000,32,0,0,lessVoid,6,4,1,3678000.000
i32,1000000,32,0,0,lessVoid,5,5,1,39865000.000
i32,1000000,32,0,0,lessVoid,6,5,1,3667000.000
i32,1000000,32,0,0,lessVoid,0,5,1,4330000.000
i32,1000000,32,0,0,lessVoid,2,5,1,4346000.000
i64,384,12,0,0,lessVoid,6,1,256,1996.094
i64,384,12,0,0,lessVoid,5,1,256,1726.562
i64,384,12,0,0,lessVoid,0,1,256,2121.094
i64,384,12,0,0,lessVoid,2,1,256,2101.562
i64,384,12,0,0,lessVoid,2,2,256,1964.844
i64,384,12,0,0,lessVoid,0,2,256,1910.156
i64,384,12,0,0,lessVoid,6,2,256,1992.188
i64,384,12,0,0,lessVoid,5,2,256,1628.906
i64,384,12,0,0,lessVoid,2,3,256,1972.656
i64,384,12,0,0,lessVoid,5,3,256,1664.062
i64,384,12,0,0,lessVoid,6,3,256,2109.375
i64,384,12,0,0,lessVoid,0,3,256,1960.938
i64,384,12,0,0,lessVoid,5,4,256,1640.625
i64,384,12,0,0,lessVoid,2,4,256,2031.250
i64,384,12,0,0,lessVoid,6,4,256,1996.094
i64,384,12,0,0,lessVoid,0,4,256,1910.156
i64,384,12,0,0,lessVoid,5,5,256,1652.344
i64,384,12,0,0,lessVoid,0,5,256,2003.906
i64,384,12,0,0,lessVoid,6,5,256,2144.531
i64,384,12,0,0,lessVoid,2,5,256,1992.188
i64,384,20,0,0,lessVoid,6,1,256,1789.062
i64,384,20,0,0,lessVoid,2,1,256,1730.469
i64,384,20,0,0,lessVoid,5,1,256,1480.469
i64,384,20,0,0,lessVoid,0,1,256,1789.062
i64,384,20,0,0,lessVoid,5,2,256,1589.844
i64,384,20,0,0,lessVoid,2,2,256,1890.625
i64,384,20,0,0,lessVoid,6,2,256,1808.594
i64,384,20,0,0,lessVoid,0,2,256,1765.625
i64,384,20,0,0,lessVoid,0,3,256,1753.906
i64,384,20,0,0,lessVoid,5,3,256,1542.969
i64,384,20,0,0,lessVoid,6,3,256,1804.688
i64,384,20,0,0,lessVoid,2,3,256,1742.188
i64,384,20,0,0,lessVoid,2,4,256,1839.844
i64,384,20,0,0,lessVoid,6,4,256,1828.125
i64,384,20,0,0,lessVoid,5,4,256,1558.594
i64,384,20,0,0,lessVoid,0,4,256,1835.938
i64,384,20,0,0,lessVoid,6,5,256,2191.406
i64,384,20,0,0,lessVoid,2,5,256,1921.875
i64,384,20,0,0,lessVoid,5,5,256,1500.000
i64,384,20,0,0,lessVoid,0,5,256,1777.344
i64,384,24,0,0,lessVoid,5,1,256,1597.656
i64,384,24,0,0,lessVoid,0,1,256,1949.219
i64,384,24,0,0,lessVoid,2,1,256,1867.188
i64,384,24,0,0,lessVoid,6,1,256,2007.812
i64,384,24,0,0,lessVoid,2,2,256,1945.312
i64,384,24,0,0,lessVoid,0,2,256,2011.719
i64,384,24,0,0,lessVoid,6,2,256,1816.406
i64,384,24,0,0,lessVoid,5,2,256,1578.125
i64,384,24,0,0,lessVoid,0,3,256,1863.281
i64,384,24,0,0,lessVoid,2,3,256,1941.406
i64,384,24,0,0,lessVoid,5,3,256,1589.844
i64,384,24,0,0,lessVoid,6,3,256,1871.094
i64,384,24,0,0,lessVoid,0,4,256,1851.562
i64,384,24,0,0,lessVoid,5,4,256,1546.875
i64,384,24,0,0,lessVoid,6,4,256,1886.719
i64,384,24,0,0,lessVoid,2,4,256,1871.094
i64,384,24,0,0,lessVoid,0,5,256,1906.250
i64,384,24,0,0,lessVoid,2,5,256,1835.938
i64,384,24,0,0,lessVoid,5,5,256,1562.500
i64,384,24,0,0,lessVoid,6,5,256,1921.875
i64,384,64,0,0,lessVoid,0,1,256,1785.156
i64,384,64,0,0,lessVoid,5,1,256,1535.156
i64,384,64,0,0,lessVoid,2,1,256,1796.875
i64,384,64,0,0,lessVoid,6,1,256,1878.906
i64,384,64,0,0,lessVoid,0,2,256,1832.031
i64,384,64,0,0,lessVoid,2,2,256,1937.500
i64,384,64,0,0,lessVoid,6,2,256,1902.344
i64,384,64,0,0,lessVoid,5,2,256,1601.562
i64,384,64,0,0,lessVoid,2,3,256,1894.531
i64,384,64,0,0,lessVoid,5,3,256,1628.906
i64,384,64,0,0,lessVoid,0,3,256,1960.938
i64,384,64,0,0,lessVoid,6,3,256,1882.812
i64,384,64,0,0,lessVoid,6,4,256,1902.344
i64,384,64,0,0,lessVoid,5,4,256,1593.750
i64,384,64,0,0,lessVoid,0,4,256,1882.812
i64,384,64,0,0,lessVoid,2,4,256,2046.875
i64,384,64,0,0,lessVoid,2,5,256,1914.062
i64,384,64,0,0,lessVoid,0,5,256,1859.375
i64,384,64,0,0,lessVoid,6,5,256,1933.594
i64,384,64,0,0,lessVoid,5,5,256,1554.688
i64,384,8,16,0,lessVoid,0,1,256,1816.406
i64,384,8,16,0,lessVoid,6,1,256,1824.219
i64,384,8,16,0,lessVoid,2,1,256,1820.312
i64,384,8,16,0,lessVoid,5,1,256,1593.750
i64,384,8,16,0,lessVoid,5,2,256,1609.375
i64,384,8,16,0,lessVoid,2,2,256,1875.000
i64,384,8,16,0,lessVoid,0,2,256,1929.688
i64,384,8,16,0,lessVoid,6,2,256,1960.938
i64,384,8,16,0,lessVoid,5,3,256,1648.438
i64,384,8,16,0,lessVoid,2,3,256,2023.438
i64,384,8,16,0,lessVoid,6,3,256,1953.125
i64,384,8,16,0,lessVoid,0,3,256,1917.969
i64,384,8,16,0,lessVoid,0,4,256,1917.969
i64,384,8,16,0,lessVoid,5,4,256,1566.406
i64,384,8,16,0,lessVoid,2,4,256,1777.344
i64,384,8,16,0,lessVoid,6,4,256,1949.219
i64,384,8,16,0,lessVoid,5,5,256,1542.969
i64,384,8,16,0,lessVoid,0,5,256,1980.469
i64,384,8,16,0,lessVoid,6,5,256,1964.844
i64,384,8,16,0,lessVoid,2,5,256,1964.844
i64,1536,12,0,0,lessVoid,5,1,122,8213.115
i64,1536,12,0,0,lessVoid,2,1,256,3757.812
i64,1536,12,0,0,lessVoid,6,1,256,3796.875
i64,1536,12,0,0,lessVoid,0,1,256,3800.781
i64,1536,12,0,0,lessVoid,5,2,122,8221.311
i64,1536,12,0,0,lessVoid,2,2,256,3750.000
i64,1536,12,0,0,lessVoid,0,2,250,4000.000
i64,1536,12,0,0,lessVoid,6,2,256,3773.438
i64,1536,12,0,0,lessVoid,6,3,256,3855.469
i64,1536,12,0,0,lessVoid,2,3,256,3871.094
i64,1536,12,0,0,lessVoid,5,3,120,8366.667
i64,1536,12,0,0,lessVoid,0,3,256,3671.875
i64,1536,12,0,0,lessVoid,2,4,256,3816.406
i64,1536,12,0,0,lessVoid,5,4,117,8555.556
i64,1536,12,0,0,lessVoid,6,4,256,3765.625
i64,1536,12,0,0,lessVoid,0,4,256,3750.000
i64,1536,12,0,0,lessVoid,6,5,256,3730.469
i64,1536,12,0,0,lessVoid,5,5,121,8297.521
i64,1536,12,0,0,lessVoid,0,5,256,3718.750
i64,1536,12,0,0,lessVoid,2,5,256,3824.219
i64,1536,20,0,0,lessVoid,6,1,207,4845.411
i64,1536,20,0,0,lessVoid,2,1,205,4887.805
i64,1536,20,0,0,lessVoid,0,1,207,4855.072
i64,1536,20,0,0,lessVoid,5,1,120,8375.000
i64,1536,20,0,0,lessVoid,5,2,122,8237.705
i64,1536,20,0,0,lessVoid,2,2,210,4780.952
i64,1536,20,0,0,lessVoid,0,2,201,4980.100
i64,1536,20,0,0,lessVoid,6,2,208,4812.500
i64,1536,20,0,0,lessVoid,6,3,209,4784.689
i64,1536,20,0,0,lessVoid,0,3,203,4935.961
i64,1536,20,0,0,lessVoid,5,3,118,8483.051
i64,1536,20,0,0,lessVoid,2,3,211,4739.336
i64,1536,20,0,0,lessVoid,2,4,204,4921.569
i64,1536,20,0,0,lessVoid,6,4,201,4980.100
i64,1536,20,0,0,lessVoid,5,4,115,8695.652
i64,1536,20,0,0,lessVoid,0,4,212,4726.415
i64,1536,20,0,0,lessVoid,0,5,208,4817.308
i64,1536,20,0,0,lessVoid,2,5,205,4878.049
i64,1536,20,0,0,lessVoid,6,5,205,4897.561
i64,1536,20,0,0,lessVoid,5,5,118,8474.576
i64,1536,24,0,0,lessVoid,6,1,237,4236.287
i64,1536,24,0,0,lessVoid,0,1,235,4268.085
i64,1536,24,0,0,lessVoid,5,1,115,8721.739
i64,1536,24,0,0,lessVoid,2,1,238,4218.487
i64,1536,24,0,0,lessVoid,5,2,115,8765.217
i64,1536,24,0,0,lessVoid,6,2,238,4214.286
i64,1536,24,0,0,lessVoid,0,2,235,4263.830
i64,1536,24,0,0,lessVoid,2,2,233,4309.013
i64,1536,24,0,0,lessVoid,2,3,232,4310.345
i64,1536,24,0,0,lessVoid,6,3,231,4337.662
i64,1536,24,0,0,lessVoid,0,3,233,4296.137
i64,1536,24,0,0,lessVoid,5,3,114,8771.930
i64,1536,24,0,0,lessVoid,5,4,117,8615.385
i64,1536,24,0,0,lessVoid,2,4,234,4277.778
i64,1536,24,0,0,lessVoid,0,4,233,4291.845
i64,1536,24,0,0,lessVoid,6,4,235,4268.085
i64,1536,24,0,0,lessVoid,0,5,233,4300.429
i64,1536,24,0,0,lessVoid,6,5,234,4286.325
i64,1536,24,0,0,lessVoid,5,5,113,8893.805
i64,1536,24,0,0,lessVoid,2,5,244,4102.459
i64,1536,64,0,0,lessVoid,5,1,121,8297.521
i64,1536,64,0,0,lessVoid,0,1,99,10131.313
i64,1536,64,0,0,lessVoid,6,1,104,9692.308
i64,1536,64,0,0,lessVoid,2,1,104,9615.385
i64,1536,64,0,0,lessVoid,0,2,106,9471.698
i64,1536,64,0,0,lessVoid,6,2,102,9803.922
i64,1536,64,0,0,lessVoid,5,2,118,8533.898
i64,1536,64,0,0,lessVoid,2,2,103,9728.155
i64,1536,64,0,0,lessVoid,2,3,105,9523.810
i64,1536,64,0,0,lessVoid,6,3,105,9561.905
i64,1536,64,0,0,lessVoid,5,3,122,8213.115
i64,1536,64,0,0,lessVoid,0,3,107,9411.215
i64,1536,64,0,0,lessVoid,5,4,122,8229.508
i64,1536,64,0,0,lessVoid,6,4,101,9950.495
i64,1536,64,0,0,lessVoid,0,4,107,9420.561
i64,1536,64,0,0,lessVoid,2,4,106,9481.132
i64,1536,64,0,0,lessVoid,2,5,105,9600.000
i64,1536,64,0,0,lessVoid,5,5,123,8154.472
i64,1536,64,0,0,lessVoid,6,5,103,9718.447
i64,1536,64,0,0,lessVoid,0,5,106,9452.830
i64,1536,8,16,0,lessVoid,2,1,146,6890.411
i64,1536,8,16,0,lessVoid,5,1,128,7867.188
i64,1536,8,16,0,lessVoid,0,1,86,11755.814
i64,1536,8,16,0,lessVoid,6,1,145,6910.345
i64,1536,8,16,0,lessVoid,5,2,124,8080.645
i64,1536,8,16,0,lessVoid,0,2,80,12537.500
i64,1536,8,16,0,lessVoid,2,2,145,6903.448
i64,1536,8,16,0,lessVoid,6,2,145,6924.138
i64,1536,8,16,0,lessVoid,5,3,128,7859.375
i64,1536,8,16,0,lessVoid,2,3,142,7042.254
i64,1536,8,16,0,lessVoid,0,3,85,11847.059
i64,1536,8,16,0,lessVoid,6,3,145,6917.241
i64,1536,8,16,0,lessVoid,5,4,125,8064.000
i64,1536,8,16,0,lessVoid,2,4,131,7664.122
i64,1536,8,16,0,lessVoid,6,4,137,7313.869
i64,1536,8,16,0,lessVoid,0,4,85,11764.706
i64,1536,8,16,0,lessVoid,5,5,126,7960.317
i64,1536,8,16,0,lessVoid,6,5,145,6910.345
i64,1536,8,16,0,lessVoid,2,5,143,7020.979
i64,1536,8,16,0,lessVoid,0,5,86,11651.163
i64,4095,12,0,0,lessVoid,2,1,108,9324.074
i64,4095,12,0,0,lessVoid,6,1,107,9355.140
i64,4095,12,0,0,lessVoid,5,1,38,26605.263
i64,4095,12,0,0,lessVoid,0,1,107,9401.869
i64,4095,12,0,0,lessVoid,5,2,37,27378.378
i64,4095,12,0,0,lessVoid,0,2,106,9500.000
i64,4095,12,0,0,lessVoid,6,2,109,9247.706
i64,4095,12,0,0,lessVoid,2,2,107,9401.869
i64,4095,12,0,0,lessVoid,2,3,104,9644.231
i64,4095,12,0,0,lessVoid,5,3,40,25375.000
i64,4095,12,0,0,lessVoid,0,3,108,9277.778
i64,4095,12,0,0,lessVoid,6,3,106,9443.396
i64,4095,12,0,0,lessVoid,5,4,36,27888.889
i64,4095,12,0,0,lessVoid,2,4,109,9229.358
i64,4095,12,0,0,lessVoid,6,4,106,9452.830
i64,4095,12,0,0,lessVoid,0,4,105,9580.952
i64,4095,12,0,0,lessVoid,0,5,107,9345.794
i64,4095,12,0,0,lessVoid,6,5,106,9481.132
i64,4095,12,0,0,lessVoid,5,5,40,25575.000
i64,4095,12,0,0,lessVoid,2,5,104,9644.231
i64,4095,20,0,0,lessVoid,2,1,86,11662.791
i64,4095,20,0,0,lessVoid,6,1,84,11964.286
i64,4095,20,0,0,lessVoid,0,1,82,12280.488
i64,4095,20,0,0,lessVoid,5,1,38,26342.105
i64,4095,20,0,0,lessVoid,2,2,85,11823.529
i64,4095,20,0,0,lessVoid,0,2,84,11952.381
i64,4095,20,0,0,lessVoid,6,2,88,11375.000
i64,4095,20,0,0,lessVoid,5,2,33,30333.333
i64,4095,20,0,0,lessVoid,2,3,87,11574.713
i64,4095,20,0,0,lessVoid,6,3,88,11386.364
i64,4095,20,0,0,lessVoid,0,3,86,11674.419
i64,4095,20,0,0,lessVoid,5,3,36,28222.222
i64,4095,20,0,0,lessVoid,5,4,42,24047.619
i64,4095,20,0,0,lessVoid,0,4,87,11505.747
i64,4095,20,0,0,lessVoid,2,4,85,11788.235
i64,4095,20,0,0,lessVoid,6,4,84,12000.000
i64,4095,20,0,0,lessVoid,6,5,76,13289.474
i64,4095,20,0,0,lessVoid,2,5,83,12132.530
i64,4095,20,0,0,lessVoid,5,5,36,27833.333
i64,4095,20,0,0,lessVoid,0,5,75,13426.667
i64,4095,24,0,0,lessVoid,0,1,94,10734.043
i64,4095,24,0,0,lessVoid,6,1,93,10774.194
i64,4095,24,0,0,lessVoid,5,1,28,36214.286
i64,4095,24,0,0,lessVoid,2,1,90,11166.667
i64,4095,24,0,0,lessVoid,6,2,91,11010.989
i64,4095,24,0,0,lessVoid,2,2,93,10849.462
i64,4095,24,0,0,lessVoid,5,2,41,24829.268
i64,4095,24,0,0,lessVoid,0,2,94,10670.213
i64,4095,24,0,0,lessVoid,5,3,42,24095.238
i64,4095,24,0,0,lessVoid,0,3,93,10784.946
i64,4095,24,0,0,lessVoid,6,3,87,11586.207
i64,4095,24,0,0,lessVoid,2,3,91,11000.000
i64,4095,24,0,0,lessVoid,2,4,92,10902.174
i64,4095,24,0,0,lessVoid,5,4,40,25250.000
i64,4095,24,0,0,lessVoid,0,4,95,10642.105
i64,4095,24,0,0,lessVoid,6,4,91,11076.923
i64,4095,24,0,0,lessVoid,6,5,91,11098.901
i64,4095,24,0,0,lessVoid,5,5,41,24439.024
i64,4095,24,0,0,lessVoid,2,5,85,11823.529
i64,4095,24,0,0,lessVoid,0,5,92,10967.391
i64,4095,64,0,0,lessVoid,0,1,41,24609.756
i64,4095,64,0,0,lessVoid,5,1,38,26421.053
i64,4095,64,0,0,lessVoid,2,1,41,24804.878
i64,4095,64,0,0,lessVoid,6,1,42,24285.714
i64,4095,64,0,0,lessVoid,0,2,42,24309.524
i64,4095,64,0,0,lessVoid,6,2,42,24285.714
i64,4095,64,0,0,lessVoid,5,2,42,24309.524
i64,4095,64,0,0,lessVoid,2,2,42,24095.238
i64,4095,64,0,0,lessVoid,0,3,41,24439.024
i64,4095,64,0,0,lessVoid,2,3,41,24829.268
i64,4095,64,0,0,lessVoid,6,3,40,25075.000
i64,4095,64,0,0,lessVoid,5,3,41,24560.976
i64,4095,64,0,0,lessVoid,2,4,43,23767.442
i64,4095,64,0,0,lessVoid,5,4,41,24878.049
i64,4095,64,0,0,lessVoid,0,4,42,24000.000
i64,4095,64,0,0,lessVoid,6,4,42,24309.524
i64,4095,64,0,0,lessVoid,6,5,42,24357.143
i64,4095,64,0,0,lessVoid,0,5,40,25225.000
i64,4095,64,0,0,lessVoid,2,5,41,24439.024
i64,4095,64,0,0,lessVoid,5,5,41,24609.756
i64,4095,8,16,0,lessVoid,5,1,42,23928.571
i64,4095,8,16,0,lessVoid,2,1,50,20400.000
i64,4095,8,16,0,lessVoid,6,1,54,18759.259
i64,4095,8,16,0,lessVoid,0,1,33,31000.000
i64,4095,8,16,0,lessVoid,5,2,42,23809.524
i64,4095,8,16,0,lessVoid,0,2,33,31090.909
i64,4095,8,16,0,lessVoid,6,2,54,18574.074
i64,4095,8,16,0,lessVoid,2,2,54,18685.185
i64,4095,8,16,0,lessVoid,5,3,43,23465.116
i64,4095,8,16,0,lessVoid,2,3,49,20591.837
i64,4095,8,16,0,lessVoid,0,3,33,31151.515
i64,4095,8,16,0,lessVoid,6,3,53,18962.264
i64,4095,8,16,0,lessVoid,6,4,53,18886.792
i64,4095,8,16,0,lessVoid,0,4,33,30727.273
i64,4095,8,16,0,lessVoid,5,4,43,23465.116
i64,4095,8,16,0,lessVoid,2,4,54,18759.259
i64,4095,8,16,0,lessVoid,5,5,42,24261.905
i64,4095,8,16,0,lessVoid,6,5,49,20775.510
i64,4095,8,16,0,lessVoid,2,5,54,18759.259
i64,4095,8,16,0,lessVoid,0,5,33,30666.667
i64,4096,12,0,0,lessVoid,6,1,98,10255.102
i64,4096,12,0,0,lessVoid,5,1,42,24357.143
i64,4096,12,0,0,lessVoid,2,1,110,9145.455
i64,4096,12,0,0,lessVoid,0,1,109,9183.486
i64,4096,12,0,0,lessVoid,5,2,41,24487.805
i64,4096,12,0,0,lessVoid,2,2,109,9201.835
i64,4096,12,0,0,lessVoid,6,2,105,9523.810
i64,4096,12,0,0,lessVoid,0,2,105,9552.381
i64,4096,12,0,0,lessVoid,2,3,100,10010.000
i64,4096,12,0,0,lessVoid,5,3,40,25125.000
i64,4096,12,0,0,lessVoid,0,3,111,9072.072
i64,4096,12,0,0,lessVoid,6,3,108,9324.074
i64,4096,12,0,0,lessVoid,2,4,107,9345.794
i64,4096,12,0,0,lessVoid,5,4,41,24634.146
i64,4096,12,0,0,lessVoid,0,4,111,9054.054
i64,4096,12,0,0,lessVoid,6,4,108,9324.074
i64,4096,12,0,0,lessVoid,5,5,37,27108.108
i64,4096,12,0,0,lessVoid,6,5,110,9118.182
i64,4096,12,0,0,lessVoid,0,5,108,9268.519
i64,4096,12,0,0,lessVoid,2,5,108,9314.815
i64,4096,20,0,0,lessVoid,0,1,79,12734.177
i64,4096,20,0,0,lessVoid,5,1,40,25525.000
i64,4096,20,0,0,lessVoid,6,1,104,9634.615
i64,4096,20,0,0,lessVoid,2,1,81,12382.716
i64,4096,20,0,0,lessVoid,5,2,40,25025.000
i64,4096,20,0,0,lessVoid,2,2,83,12120.482
i64,4096,20,0,0,lessVoid,0,2,80,12575.000
i64,4096,20,0,0,lessVoid,6,2,95,10642.105
i64,4096,20,0,0,lessVoid,2,3,79,12746.835
i64,4096,20,0,0,lessVoid,5,3,33,30545.455
i64,4096,20,0,0,lessVoid,6,3,109,9201.835
i64,4096,20,0,0,lessVoid,0,3,84,11904.762
i64,4096,20,0,0,lessVoid,5,4,41,24731.707
i64,4096,20,0,0,lessVoid,2,4,84,11916.667
i64,4096,20,0,0,lessVoid,0,4,84,12011.905
i64,4096,20,0,0,lessVoid,6,4,100,10040.000
i64,4096,20,0,0,lessVoid,6,5,103,9737.864
i64,4096,20,0,0,lessVoid,5,5,41,24878.049
i64,4096,20,0,0,lessVoid,2,5,84,12023.810
i64,4096,20,0,0,lessVoid,0,5,81,12481.481
i64,4096,24,0,0,lessVoid,2,1,87,11505.747
i64,4096,24,0,0,lessVoid,0,1,87,11597.701
i64,4096,24,0,0,lessVoid,5,1,41,24829.268
i64,4096,24,0,0,lessVoid,6,1,88,11454.545
i64,4096,24,0,0,lessVoid,5,2,41,24780.488
i64,4096,24,0,0,lessVoid,0,2,89,11235.955
i64,4096,24,0,0,lessVoid,2,2,85,11835.294
i64,4096,24,0,0,lessVoid,6,2,86,11674.419
i64,4096,24,0,0,lessVoid,6,3,86,11627.907
i64,4096,24,0,0,lessVoid,5,3,42,24261.905
i64,4096,24,0,0,lessVoid,0,3,87,11540.230
i64,4096,24,0,0,lessVoid,2,3,87,11551.724
i64,4096,24,0,0,lessVoid,2,4,87,11540.230
i64,4096,24,0,0,lessVoid,0,4,87,11528.736
i64,4096,24,0,0,lessVoid,6,4,83,12072.289
i64,4096,24,0,0,lessVoid,5,4,42,24333.333
i64,4096,24,0,0,lessVoid,0,5,88,11386.364
i64,4096,24,0,0,lessVoid,6,5,87,11528.736
i64,4096,24,0,0,lessVoid,2,5,88,11500.000
i64,4096,24,0,0,lessVoid,5,5,41,24853.659
i64,4096,64,0,0,lessVoid,2,1,42,24071.429
i64,4096,64,0,0,lessVoid,6,1,44,22818.182
i64,4096,64,0,0,lessVoid,0,1,41,24731.707
i64,4096,64,0,0,lessVoid,5,1,41,24609.756
i64,4096,64,0,0,lessVoid,6,2,45,22466.667
i64,4096,64,0,0,lessVoid,5,2,39,26076.923
i64,4096,64,0,0,lessVoid,2,2,41,24853.659
i64,4096,64,0,0,lessVoid,0,2,41,24634.146
i64,4096,64,0,0,lessVoid,5,3,41,24878.049
i64,4096,64,0,0,lessVoid,2,3,42,24071.429
i64,4096,64,0,0,lessVoid,6,3,45,22600.000
i64,4096,64,0,0,lessVoid,0,3,41,24731.707
i64,4096,64,0,0,lessVoid,0,4,41,24634.146
i64,4096,64,0,0,lessVoid,2,4,39,25641.026
i64,4096,64,0,0,lessVoid,5,4,32,31250.000
i64,4096,64,0,0,lessVoid,6,4,48,21020.833
i64,4096,64,0,0,lessVoid,2,5,44,22727.273
i64,4096,64,0,0,lessVoid,5,5,42,24214.286
i64,4096,64,0,0,lessVoid,0,5,45,22666.667
i64,4096,64,0,0,lessVoid,6,5,47,21553.191
i64,4096,8,16,0,lessVoid,5,1,38,26815.789
i64,4096,8,16,0,lessVoid,6,1,55,18454.545
i64,4096,8,16,0,lessVoid,2,1,54,18537.037
i64,4096,8,16,0,lessVoid,0,1,33,31181.818
i64,4096,8,16,0,lessVoid,2,2,54,18740.741
i64,4096,8,16,0,lessVoid,5,2,40,25425.000
i64,4096,8,16,0,lessVoid,6,2,54,18648.148
i64,4096,8,16,0,lessVoid,0,2,33,30909.091
i64,4096,8,16,0,lessVoid,6,3,54,18592.593
i64,4096,8,16,0,lessVoid,0,3,33,30969.697
i64,4096,8,16,0,lessVoid,5,3,43,23651.163
i64,4096,8,16,0,lessVoid,2,3,54,18592.593
i64,4096,8,16,0,lessVoid,2,4,54,18629.630
i64,4096,8,16,0,lessVoid,0,4,30,33533.333
i64,4096,8,16,0,lessVoid,5,4,43,23627.907
i64,4096,8,16,0,lessVoid,6,4,54,18537.037
i64,4096,8,16,0,lessVoid,5,5,42,23809.524
i64,4096,8,16,0,lessVoid,2,5,53,19018.868
i64,4096,8,16,0,lessVoid,0,5,33,30939.394
i64,4096,8,16,0,lessVoid,6,5,54,18592.593
i64,4097,12,0,0,lessVoid,2,1,106,9471.698
i64,4097,12,0,0,lessVoid,5,1,41,24756.098
i64,4097,12,0,0,lessVoid,0,1,107,9373.832
i64,4097,12,0,0,lessVoid,6,1,104,9692.308
i64,4097,12,0,0,lessVoid,5,2,40,25175.000
i64,4097,12,0,0,lessVoid,2,2,106,9481.132
i64,4097,12,0,0,lessVoid,0,2,105,9590.476
i64,4097,12,0,0,lessVoid,6,2,106,9500.000
i64,4097,12,0,0,lessVoid,6,3,105,9571.429
i64,4097,12,0,0,lessVoid,5,3,42,23928.571
i64,4097,12,0,0,lessVoid,0,3,107,9420.561
i64,4097,12,0,0,lessVoid,2,3,105,9552.381
i64,4097,12,0,0,lessVoid,2,4,103,9747.573
i64,4097,12,0,0,lessVoid,0,4,105,9580.952
i64,4097,12,0,0,lessVoid,6,4,102,9862.745
i64,4097,12,0,0,lessVoid,5,4,41,24560.976
i64,4097,12,0,0,lessVoid,6,5,105,9523.810
i64,4097,12,0,0,lessVoid,5,5,42,24238.095
i64,4097,12,0,0,lessVoid,2,5,106,9500.000
i64,4097,12,0,0,lessVoid,0,5,106,9481.132
i64,4097,20,0,0,lessVoid,6,1,101,9930.693
i64,4097,20,0,0,lessVoid,0,1,79,12708.861
i64,4097,20,0,0,lessVoid,5,1,40,25600.000
i64,4097,20,0,0,lessVoid,2,1,82,12292.683
i64,4097,20,0,0,lessVoid,6,2,100,10030.000
i64,4097,20,0,0,lessVoid,5,2,41,24682.927
i64,4097,20,0,0,lessVoid,0,2,82,12304.878
i64,4097,20,0,0,lessVoid,2,2,81,12419.753
i64,4097,20,0,0,lessVoid,6,3,99,10191.919
i64,4097,20,0,0,lessVoid,5,3,41,24926.829
i64,4097,20,0,0,lessVoid,0,3,82,12231.707
i64,4097,20,0,0,lessVoid,2,3,80,12637.500
i64,4097,20,0,0,lessVoid,6,4,100,10090.000
i64,4097,20,0,0,lessVoid,0,4,80,12537.500
i64,4097,20,0,0,lessVoid,5,4,40,25050.000
i64,4097,20,0,0,lessVoid,2,4,82,12256.098
i64,4097,20,0,0,lessVoid,2,5,81,12419.753
i64,4097,20,0,0,lessVoid,5,5,40,25225.000
i64,4097,20,0,0,lessVoid,0,5,82,12292.683
i64,4097,20,0,0,lessVoid,6,5,100,10070.000
i64,4097,24,0,0,lessVoid,0,1,87,11574.713
i64,4097,24,0,0,lessVoid,6,1,89,11325.843
i64,4097,24,0,0,lessVoid,5,1,38,26394.737
i64,4097,24,0,0,lessVoid,2,1,91,11043.956
i64,4097,24,0,0,lessVoid,2,2,89,11269.663
i64,4097,24,0,0,lessVoid,6,2,88,11420.455
i64,4097,24,0,0,lessVoid,5,2,41,24585.366
i64,4097,24,0,0,lessVoid,0,2,90,11122.222
i64,4097,24,0,0,lessVoid,5,3,41,24658.537
i64,4097,24,0,0,lessVoid,0,3,90,11133.333
i64,4097,24,0,0,lessVoid,2,3,86,11662.791
i64,4097,24,0,0,lessVoid,6,3,87,11517.241
i64,4097,24,0,0,lessVoid,2,4,89,11292.135
i64,4097,24,0,0,lessVoid,5,4,41,24390.244
i64,4097,24,0,0,lessVoid,6,4,90,11166.667
i64,4097,24,0,0,lessVoid,0,4,88,11431.818
i64,4097,24,0,0,lessVoid,6,5,89,11269.663
i64,4097,24,0,0,lessVoid,2,5,88,11420.455
i64,4097,24,0,0,lessVoid,0,5,88,11488.636
i64,4097,24,0,0,lessVoid,5,5,34,30088.235
i64,4097,64,0,0,lessVoid,2,1,42,24142.857
i64,4097,64,0,0,lessVoid,5,1,40,25275.000
i64,4097,64,0,0,lessVoid,0,1,43,23534.884
i64,4097,64,0,0,lessVoid,6,1,46,22000.000
i64,4097,64,0,0,lessVoid,2,2,42,24214.286
i64,4097,64,0,0,lessVoid,0,2,41,24463.415
i64,4097,64,0,0,lessVoid,5,2,41,24780.488
i64,4097,64,0,0,lessVoid,6,2,47,21468.085
i64,4097,64,0,0,lessVoid,5,3,41,24853.659
i64,4097,64,0,0,lessVoid,2,3,42,24428.571
i64,4097,64,0,0,lessVoid,0,3,41,24512.195
i64,4097,64,0,0,lessVoid,6,3,45,22311.111
i64,4097,64,0,0,lessVoid,6,4,45,22511.111
i64,4097,64,0,0,lessVoid,5,4,41,24756.098
i64,4097,64,0,0,lessVoid,2,4,43,23511.628
i64,4097,64,0,0,lessVoid,0,4,42,24261.905
i64,4097,64,0,0,lessVoid,5,5,39,25897.436
i64,4097,64,0,0,lessVoid,2,5,42,23857.143
i64,4097,64,0,0,lessVoid,0,5,42,24380.952
i64,4097,64,0,0,lessVoid,6,5,45,22311.111
i64,4097,8,16,0,lessVoid,6,1,53,19094.340
i64,4097,8,16,0,lessVoid,5,1,41,24390.244
i64,4097,8,16,0,lessVoid,0,1,33,31000.000
i64,4097,8,16,0,lessVoid,2,1,54,18537.037
i64,4097,8,16,0,lessVoid,6,2,54,18740.741
i64,4097,8,16,0,lessVoid,5,2,43,23534.884
i64,4097,8,16,0,lessVoid,2,2,54,18722.222
i64,4097,8,16,0,lessVoid,0,2,33,30727.273
i64,4097,8,16,0,lessVoid,2,3,53,19132.075
i64,4097,8,16,0,lessVoid,5,3,41,24512.195
i64,4097,8,16,0,lessVoid,0,3,33,30818.182
i64,4097,8,16,0,lessVoid,6,3,54,18796.296
i64,4097,8,16,0,lessVoid,6,4,54,18814.815
i64,4097,8,16,0,lessVoid,2,4,54,18592.593
i64,4097,8,16,0,lessVoid,0,4,33,30818.182
i64,4097,8,16,0,lessVoid,5,4,43,23720.930
i64,4097,8,16,0,lessVoid,0,5,31,33032.258
i64,4097,8,16,0,lessVoid,5,5,41,24512.195
i64,4097,8,16,0,lessVoid,2,5,54,18537.037
i64,4097,8,16,0,lessVoid,6,5,54,18611.111
i64,32768,12,0,0,lessVoid,2,1,14,75000.000
i64,32768,12,0,0,lessVoid,6,1,14,76928.571
i64,32768,12,0,0,lessVoid,0,1,14,76928.571
i64,32768,12,0,0,lessVoid,5,1,2,916000.000
i64,32768,12,0,0,lessVoid,6,2,14,75214.286
i64,32768,12,0,0,lessVoid,0,2,13,78461.538
i64,32768,12,0,0,lessVoid,5,2,2,896000.000
i64,32768,12,0,0,lessVoid,2,2,14,74642.857
i64,32768,12,0,0,lessVoid,6,3,14,75714.286
i64,32768,12,0,0,lessVoid,2,3,13,77153.846
i64,32768,12,0,0,lessVoid,0,3,13,77846.154
i64,32768,12,0,0,lessVoid,5,3,2,872500.000
i64,32768,12,0,0,lessVoid,2,4,14,76642.857
i64,32768,12,0,0,lessVoid,6,4,13,77384.615
i64,32768,12,0,0,lessVoid,0,4,14,76571.429
i64,32768,12,0,0,lessVoid,5,4,2,885500.000
i64,32768,12,0,0,lessVoid,2,5,14,75285.714
i64,32768,12,0,0,lessVoid,5,5,2,905000.000
i64,32768,12,0,0,lessVoid,0,5,12,88416.667
i64,32768,12,0,0,lessVoid,6,5,13,79000.000
i64,32768,20,0,0,lessVoid,2,1,10,103000.000
i64,32768,20,0,0,lessVoid,0,1,11,97727.273
i64,32768,20,0,0,lessVoid,6,1,15,71000.000
i64,32768,20,0,0,lessVoid,5,1,1,1031000.000
i64,32768,20,0,0,lessVoid,2,2,10,100900.000
i64,32768,20,0,0,lessVoid,6,2,14,72571.429
i64,32768,20,0,0,lessVoid,5,2,1,1042000.000
i64,32768,20,0,0,lessVoid,0,2,10,106000.000
i64,32768,20,0,0,lessVoid,0,3,10,104900.000
i64,32768,20,0,0,lessVoid,5,3,2,974500.000
i64,32768,20,0,0,lessVoid,6,3,15,68933.333
i64,32768,20,0,0,lessVoid,2,3,11,98454.545
i64,32768,20,0,0,lessVoid,2,4,10,100900.000
i64,32768,20,0,0,lessVoid,0,4,11,101909.091
i64,32768,20,0,0,lessVoid,5,4,1,1086000.000
i64,32768,20,0,0,lessVoid,6,4,14,73714.286
i64,32768,20,0,0,lessVoid,2,5,11,98000.000
i64,32768,20,0,0,lessVoid,0,5,10,106400.000
i64,32768,20,0,0,lessVoid,5,5,2,985500.000
i64,32768,20,0,0,lessVoid,6,5,14,73071.429
i64,32768,24,0,0,lessVoid,0,1,11,91181.818
i64,32768,24,0,0,lessVoid,6,1,11,92000.000
i64,32768,24,0,0,lessVoid,5,1,1,1023000.000
i64,32768,24,0,0,lessVoid,2,1,10,100100.000
i64,32768,24,0,0,lessVoid,5,2,1,1045000.000
i64,32768,24,0,0,lessVoid,2,2,12,89750.000
i64,32768,24,0,0,lessVoid,6,2,11,91090.909
i64,32768,24,0,0,lessVoid,0,2,11,97000.000
i64,32768,24,0,0,lessVoid,5,3,2,1001000.000
i64,32768,24,0,0,lessVoid,2,3,12,89333.333
i64,32768,24,0,0,lessVoid,6,3,11,93363.636
i64,32768,24,0,0,lessVoid,0,3,11,92636.364
i64,32768,24,0,0,lessVoid,2,4,11,91727.273
i64,32768,24,0,0,lessVoid,6,4,11,92181.818
i64,32768,24,0,0,lessVoid,0,4,11,91909.091
i64,32768,24,0,0,lessVoid,5,4,2,958500.000
i64,32768,24,0,0,lessVoid,6,5,12,90666.667
i64,32768,24,0,0,lessVoid,0,5,11,95272.727
i64,32768,24,0,0,lessVoid,5,5,2,943500.000
i64,32768,24,0,0,lessVoid,2,5,12,89666.667
i64,32768,64,0,0,lessVoid,2,1,6,199166.667
i64,32768,64,0,0,lessVoid,0,1,5,214600.000
i64,32768,64,0,0,lessVoid,5,1,2,975500.000
i64,32768,64,0,0,lessVoid,6,1,6,180666.667
i64,32768,64,0,0,lessVoid,0,2,5,241800.000
i64,32768,64,0,0,lessVoid,2,2,5,231200.000
i64,32768,64,0,0,lessVoid,5,2,1,1010000.000
i64,32768,64,0,0,lessVoid,6,2,6,184000.000
i64,32768,64,0,0,lessVoid,2,3,5,212000.000
i64,32768,64,0,0,lessVoid,6,3,6,185666.667
i64,32768,64,0,0,lessVoid,5,3,2,988000.000
i64,32768,64,0,0,lessVoid,0,3,5,229200.000
i64,32768,64,0,0,lessVoid,0,4,5,216400.000
i64,32768,64,0,0,lessVoid,5,4,2,939000.000
i64,32768,64,0,0,lessVoid,2,4,5,209800.000
i64,32768,64,0,0,lessVoid,6,4,6,185333.333
i64,32768,64,0,0,lessVoid,5,5,2,944000.000
i64,32768,64,0,0,lessVoid,2,5,5,239800.000
i64,32768,64,0,0,lessVoid,6,5,6,191833.333
i64,32768,64,0,0,lessVoid,0,5,5,234000.000
i64,32768,8,16,0,lessVoid,6,1,8,138750.000
i64,32768,8,16,0,lessVoid,5,1,2,639500.000
i64,32768,8,16,0,lessVoid,0,1,5,239800.000
i64,32768,8,16,0,lessVoid,2,1,7,143000.000
i64,32768,8,16,0,lessVoid,5,2,2,629000.000
i64,32768,8,16,0,lessVoid,0,2,5,247200.000
i64,32768,8,16,0,lessVoid,6,2,7,155857.143
i64,32768,8,16,0,lessVoid,2,2,7,146285.714
i64,32768,8,16,0,lessVoid,2,3,7,150857.143
i64,32768,8,16,0,lessVoid,6,3,8,141250.000
i64,32768,8,16,0,lessVoid,0,3,5,241400.000
i64,32768,8,16,0,lessVoid,5,3,2,693000.000
i64,32768,8,16,0,lessVoid,0,4,5,258400.000
i64,32768,8,16,0,lessVoid,5,4,2,673500.000
i64,32768,8,16,0,lessVoid,6,4,8,143500.000
i64,32768,8,16,0,lessVoid,2,4,7,148571.429
i64,32768,8,16,0,lessVoid,2,5,7,157000.000
i64,32768,8,16,0,lessVoid,0,5,5,229600.000
i64,32768,8,16,0,lessVoid,5,5,2,631000.000
i64,32768,8,16,0,lessVoid,6,5,8,143500.000
i64,131072,12,0,0,lessVoid,5,1,1,3693000.000
i64,131072,12,0,0,lessVoid,2,1,3,375000.000
i64,131072,12,0,0,lessVoid,6,1,3,380666.667
i64,131072,12,0,0,lessVoid,0,1,3,358666.667
i64,131072,12,0,0,lessVoid,5,2,1,3686000.000
i64,131072,12,0,0,lessVoid,2,2,3,365333.333
i64,131072,12,0,0,lessVoid,6,2,3,375666.667
i64,131072,12,0,0,lessVoid,0,2,3,391666.667
i64,131072,12,0,0,lessVoid,5,3,1,3793000.000
i64,131072,12,0,0,lessVoid,2,3,3,649000.000
i64,131072,12,0,0,lessVoid,0,3,1,1657000.000
i64,131072,12,0,0,lessVoid,6,3,1,1881000.000
i64,131072,12,0,0,lessVoid,2,4,1,1430000.000
i64,131072,12,0,0,lessVoid,6,4,2,851500.000
i64,131072,12,0,0,lessVoid,0,4,2,663500.000
i64,131072,12,0,0,lessVoid,5,4,1,4617000.000
i64,131072,12,0,0,lessVoid,0,5,3,375666.667
i64,131072,12,0,0,lessVoid,2,5,3,457000.000
i64,131072,12,0,0,lessVoid,6,5,3,427000.000
i64,131072,12,0,0,lessVoid,5,5,1,3803000.000
i64,131072,20,0,0,lessVoid,2,1,2,603000.000
i64,131072,20,0,0,lessVoid,0,1,3,463666.667
i64,131072,20,0,0,lessVoid,5,1,1,4505000.000
i64,131072,20,0,0,lessVoid,6,1,3,343333.333
i64,131072,20,0,0,lessVoid,2,2,3,464000.000
i64,131072,20,0,0,lessVoid,5,2,1,4520000.000
i64,131072,20,0,0,lessVoid,6,2,3,351000.000
i64,131072,20,0,0,lessVoid,0,2,3,473666.667
i64,131072,20,0,0,lessVoid,6,3,3,345333.333
i64,131072,20,0,0,lessVoid,0,3,3,450666.667
i64,131072,20,0,0,lessVoid,2,3,3,509000.000
i64,131072,20,0,0,lessVoid,5,3,1,4421000.000
i64,131072,20,0,0,lessVoid,5,4,1,4588000.000
i64,131072,20,0,0,lessVoid,2,4,3,476000.000
i64,131072,20,0,0,lessVoid,0,4,3,460333.333
i64,131072,20,0,0,lessVoid,6,4,3,353333.333
i64,131072,20,0,0,lessVoid,0,5,3,456333.333
i64,131072,20,0,0,lessVoid,2,5,3,500000.000
i64,131072,20,0,0,lessVoid,6,5,3,349333.333
i64,131072,20,0,0,lessVoid,5,5,1,4389000.000
i64,131072,24,0,0,lessVoid,2,1,3,422000.000
i64,131072,24,0,0,lessVoid,6,1,3,478333.333
i64,131072,24,0,0,lessVoid,5,1,1,4554000.000
i64,131072,24,0,0,lessVoid,0,1,3,407333.333
i64,131072,24,0,0,lessVoid,5,2,1,4489000.000
i64,131072,24,0,0,lessVoid,6,2,3,455333.333
i64,131072,24,0,0,lessVoid,2,2,3,430666.667
i64,131072,24,0,0,lessVoid,0,2,3,431000.000
i64,131072,24,0,0,lessVoid,2,3,3,426333.333
i64,131072,24,0,0,lessVoid,0,3,3,407333.333
i64,131072,24,0,0,lessVoid,5,3,1,4596000.000
i64,131072,24,0,0,lessVoid,6,3,3,430666.667
i64,131072,24,0,0,lessVoid,5,4,1,4540000.000
i64,131072,24,0,0,lessVoid,6,4,3,405333.333
i64,131072,24,0,0,lessVoid,2,4,3,437000.000
i64,131072,24,0,0,lessVoid,0,4,3,440333.333
i64,131072,24,0,0,lessVoid,6,5,3,404333.333
i64,131072,24,0,0,lessVoid,2,5,3,438000.000
i64,131072,24,0,0,lessVoid,0,5,3,438666.667
i64,131072,24,0,0,lessVoid,5,5,1,4477000.000
i64,131072,64,0,0,lessVoid,5,1,1,4518000.000
i64,131072,64,0,0,lessVoid,2,1,2,900500.000
i64,131072,64,0,0,lessVoid,6,1,2,774500.000
i64,131072,64,0,0,lessVoid,0,1,2,908000.000
i64,131072,64,0,0,lessVoid,6,2,2,769000.000
i64,131072,64,0,0,lessVoid,2,2,2,910500.000
i64,131072,64,0,0,lessVoid,5,2,1,4428000.000
i64,131072,64,0,0,lessVoid,0,2,2,895000.000
i64,131072,64,0,0,lessVoid,5,3,1,4480000.000
i64,131072,64,0,0,lessVoid,2,3,2,905500.000
i64,131072,64,0,0,lessVoid,0,3,2,926000.000
i64,131072,64,0,0,lessVoid,6,3,2,792500.000
i64,131072,64,0,0,lessVoid,0,4,2,914500.000
i64,131072,64,0,0,lessVoid,5,4,1,4422000.000
i64,131072,64,0,0,lessVoid,2,4,2,905000.000
i64,131072,64,0,0,lessVoid,6,4,2,810500.000
i64,131072,64,0,0,lessVoid,5,5,1,4388000.000
i64,131072,64,0,0,lessVoid,2,5,2,872500.000
i64,131072,64,0,0,lessVoid,6,5,2,777500.000
i64,131072,64,0,0,lessVoid,0,5,2,935500.000
i64,131072,8,16,0,lessVoid,0,1,2,921000.000
i64,131072,8,16,0,lessVoid,6,1,3,481333.333
i64,131072,8,16,0,lessVoid,5,1,1,2673000.000
i64,131072,8,16,0,lessVoid,2,1,3,521333.333
i64,131072,8,16,0,lessVoid,0,2,2,914000.000
i64,131072,8,16,0,lessVoid,2,2,3,522666.667
i64,131072,8,16,0,lessVoid,6,2,3,489666.667
i64,131072,8,16,0,lessVoid,5,2,1,2677000.000
i64,131072,8,16,0,lessVoid,0,3,2,842000.000
i64,131072,8,16,0,lessVoid,2,3,3,532666.667
i64,131072,8,16,0,lessVoid,5,3,1,2702000.000
i64,131072,8,16,0,lessVoid,6,3,2,506500.000
i64,131072,8,16,0,lessVoid,6,4,2,626000.000
i64,131072,8,16,0,lessVoid,0,4,2,820500.000
i64,131072,8,16,0,lessVoid,2,4,2,552000.000
i64,131072,8,16,0,lessVoid,5,4,1,2732000.000
i64,131072,8,16,0,lessVoid,6,5,2,511500.000
i64,131072,8,16,0,lessVoid,2,5,3,471666.667
i64,131072,8,16,0,lessVoid,0,5,2,910000.000
i64,131072,8,16,0,lessVoid,5,5,1,2638000.000
i64,750000,12,0,0,lessVoid,2,1,1,2455000.000
i64,750000,12,0,0,lessVoid,5,1,1,21565000.000
i64,750000,12,0,0,lessVoid,6,1,1,2505000.000
i64,750000,12,0,0,lessVoid,0,1,1,2480000.000
i64,750000,12,0,0,lessVoid,6,2,1,2494000.000
i64,750000,12,0,0,lessVoid,2,2,1,2471000.000
i64,750000,12,0,0,lessVoid,0,2,1,2636000.000
i64,750000,12,0,0,lessVoid,5,2,1,22093000.000
i64,750000,12,0,0,lessVoid,6,3,1,2577000.000
i64,750000,12,0,0,lessVoid,2,3,1,2676000.000
i64,750000,12,0,0,lessVoid,5,3,1,21603000.000
i64,750000,12,0,0,lessVoid,0,3,1,2549000.000
i64,750000,12,0,0,lessVoid,5,4,1,21766000.000
i64,750000,12,0,0,lessVoid,2,4,1,2597000.000
i64,750000,12,0,0,lessVoid,6,4,1,2664000.000
i64,750000,12,0,0,lessVoid,0,4,1,2933000.000
i64,750000,12,0,0,lessVoid,5,5,1,22048000.000
i64,750000,12,0,0,lessVoid,2,5,1,2611000.000
i64,750000,12,0,0,lessVoid,6,5,1,2466000.000
i64,750000,12,0,0,lessVoid,0,5,1,2778000.000
i64,750000,20,0,0,lessVoid,2,1,1,3326000.000
i64,750000,20,0,0,lessVoid,5,1,1,29678000.000
i64,750000,20,0,0,lessVoid,6,1,1,2547000.000
i64,750000,20,0,0,lessVoid,0,1,1,3114000.000
i64,750000,20,0,0,lessVoid,0,2,1,3244000.000
i64,750000,20,0,0,lessVoid,6,2,1,2354000.000
i64,750000,20,0,0,lessVoid,2,2,1,3231000.000
i64,750000,20,0,0,lessVoid,5,2,1,29398000.000
i64,750000,20,0,0,lessVoid,5,3,1,29309000.000
i64,750000,20,0,0,lessVoid,6,3,1,2453000.000
i64,750000,20,0,0,lessVoid,2,3,1,3129000.000
i64,750000,20,0,0,lessVoid,0,3,1,3057000.000
i64,750000,20,0,0,lessVoid,2,4,1,3081000.000
i64,750000,20,0,0,lessVoid,6,4,1,2424000.000
i64,750000,20,0,0,lessVoid,0,4,1,3058000.000
i64,750000,20,0,0,lessVoid,5,4,1,29343000.000
i64,750000,20,0,0,lessVoid,2,5,1,3148000.000
i64,750000,20,0,0,lessVoid,6,5,1,2380000.000
i64,750000,20,0,0,lessVoid,5,5,1,30637000.000
i64,750000,20,0,0,lessVoid,0,5,1,3336000.000
i64,750000,24,0,0,lessVoid,6,1,1,3202000.000
i64,750000,24,0,0,lessVoid,2,1,1,3217000.000
i64,750000,24,0,0,lessVoid,5,1,1,29541000.000
i64,750000,24,0,0,lessVoid,0,1,1,3311000.000
i64,750000,24,0,0,lessVoid,0,2,1,3206000.000
i64,750000,24,0,0,lessVoid,2,2,1,3131000.000
i64,750000,24,0,0,lessVoid,6,2,1,3221000.000
i64,750000,24,0,0,lessVoid,5,2,1,29769000.000
i64,750000,24,0,0,lessVoid,5,3,1,32031000.000
i64,750000,24,0,0,lessVoid,0,3,1,3467000.000
i64,750000,24,0,0,lessVoid,6,3,1,3100000.000
i64,750000,24,0,0,lessVoid,2,3,1,3219000.000
i64,750000,24,0,0,lessVoid,2,4,1,3140000.000
i64,750000,24,0,0,lessVoid,6,4,1,3396000.000
i64,750000,24,0,0,lessVoid,0,4,1,3323000.000
i64,750000,24,0,0,lessVoid,5,4,1,29294000.000
i64,750000,24,0,0,lessVoid,2,5,1,3170000.000
i64,750000,24,0,0,lessVoid,5,5,1,29487000.000
i64,750000,24,0,0,lessVoid,0,5,1,3227000.000
i64,750000,24,0,0,lessVoid,6,5,1,3320000.000
i64,750000,64,0,0,lessVoid,5,1,1,29419000.000
i64,750000,64,0,0,lessVoid,0,1,1,6154000.000
i64,750000,64,0,0,lessVoid,2,1,1,6030000.000
i64,750000,64,0,0,lessVoid,6,1,1,4946000.000
i64,750000,64,0,0,lessVoid,5,2,1,29244000.000
i64,750000,64,0,0,lessVoid,0,2,1,6126000.000
i64,750000,64,0,0,lessVoid,2,2,1,5876000.000
i64,750000,64,0,0,lessVoid,6,2,1,4751000.000
i64,750000,64,0,0,lessVoid,2,3,1,6149000.000
i64,750000,64,0,0,lessVoid,0,3,1,6024000.000
i64,750000,64,0,0,lessVoid,5,3,1,29150000.000
i64,750000,64,0,0,lessVoid,6,3,1,4891000.000
i64,750000,64,0,0,lessVoid,5,4,1,29343000.000
i64,750000,64,0,0,lessVoid,0,4,1,6180000.000
i64,750000,64,0,0,lessVoid,2,4,1,6053000.000
i64,750000,64,0,0,lessVoid,6,4,1,5016000.000
i64,750000,64,0,0,lessVoid,5,5,1,29313000.000
i64,750000,64,0,0,lessVoid,2,5,1,6136000.000
i64,750000,64,0,0,lessVoid,0,5,1,6019000.000
i64,750000,64,0,0,lessVoid,6,5,1,4932000.000
i64,750000,8,16,0,lessVoid,6,1,1,3071000.000
i64,750000,8,16,0,lessVoid,0,1,1,5094000.000
i64,750000,8,16,0,lessVoid,2,1,1,3116000.000
i64,750000,8,16,0,lessVoid,5,1,1,15719000.000
i64,750000,8,16,0,lessVoid,2,2,1,3460000.000
i64,750000,8,16,0,lessVoid,5,2,1,15857000.000
i64,750000,8,16,0,lessVoid,6,2,1,3268000.000
i64,750000,8,16,0,lessVoid,0,2,1,5145000.000
i64,750000,8,16,0,lessVoid,5,3,1,15825000.000
i64,750000,8,16,0,lessVoid,2,3,1,3260000.000
i64,750000,8,16,0,lessVoid,0,3,1,5700000.000
i64,750000,8,16,0,lessVoid,6,3,1,3322000.000
i64,750000,8,16,0,lessVoid,6,4,1,3143000.000
i64,750000,8,16,0,lessVoid,0,4,1,5293000.000
i64,750000,8,16,0,lessVoid,2,4,1,3085000.000
i64,750000,8,16,0,lessVoid,5,4,1,15767000.000
i64,750000,8,16,0,lessVoid,0,5,1,5222000.000
i64,750000,8,16,0,lessVoid,5,5,1,15806000.000
i64,750000,8,16,0,lessVoid,6,5,1,3142000.000
i64,750000,8,16,0,lessVoid,2,5,1,3333000.000
i64,65536,20,0,1,lessVoid,6,1,68,14838.235
i64,65536,20,0,1,lessVoid,2,1,67,15044.776
i64,65536,20,0,1,lessVoid,0,1,65,15476.923
i64,65536,20,0,1,lessVoid,5,1,3,404666.667
i64,65536,20,0,1,lessVoid,5,2,3,379333.333
i64,65536,20,0,1,lessVoid,2,2,66,15303.030
i64,65536,20,0,1,lessVoid,0,2,65,15415.385
i64,65536,20,0,1,lessVoid,6,2,65,15661.538
i64,65536,20,0,1,lessVoid,5,3,3,400000.000
i64,65536,20,0,1,lessVoid,6,3,65,15446.154
i64,65536,20,0,1,lessVoid,0,3,65,15569.231
i64,65536,20,0,1,lessVoid,2,3,65,15569.231
i64,65536,20,0,1,lessVoid,5,4,3,418000.000
i64,65536,20,0,1,lessVoid,6,4,65,15492.308
i64,65536,20,0,1,lessVoid,2,4,64,15750.000
i64,65536,20,0,1,lessVoid,0,4,65,15476.923
i64,65536,20,0,1,lessVoid,5,5,3,383000.000
i64,65536,20,0,1,lessVoid,6,5,62,16354.839
i64,65536,20,0,1,lessVoid,0,5,65,15600.000
i64,65536,20,0,1,lessVoid,2,5,65,15600.000
i64,65536,20,0,2,lessVoid,5,1,4,291250.000
i64,65536,20,0,2,lessVoid,6,1,40,25025.000
i64,65536,20,0,2,lessVoid,0,1,38,26552.632
i64,65536,20,0,2,lessVoid,2,1,40,25475.000
i64,65536,20,0,2,lessVoid,2,2,40,25175.000
i64,65536,20,0,2,lessVoid,6,2,39,25692.308
i64,65536,20,0,2,lessVoid,0,2,40,25550.000
i64,65536,20,0,2,lessVoid,5,2,4,296250.000
i64,65536,20,0,2,lessVoid,0,3,40,25400.000
i64,65536,20,0,2,lessVoid,5,3,4,288250.000
i64,65536,20,0,2,lessVoid,6,3,40,25300.000
i64,65536,20,0,2,lessVoid,2,3,40,25450.000
i64,65536,20,0,2,lessVoid,0,4,39,26153.846
i64,65536,20,0,2,lessVoid,6,4,39,25769.231
i64,65536,20,0,2,lessVoid,2,4,40,25450.000
i64,65536,20,0,2,lessVoid,5,4,4,290750.000
i64,65536,20,0,2,lessVoid,5,5,4,284750.000
i64,65536,20,0,2,lessVoid,0,5,40,25400.000
i64,65536,20,0,2,lessVoid,6,5,39,26076.923
i64,65536,20,0,2,lessVoid,2,5,40,25525.000
i64,65536,20,0,3,lessVoid,5,1,3,442333.333
i64,65536,20,0,3,lessVoid,0,1,5,206600.000
i64,65536,20,0,3,lessVoid,6,1,7,157285.714
i64,65536,20,0,3,lessVoid,2,1,5,216600.000
i64,65536,20,0,3,lessVoid,2,2,5,213800.000
i64,65536,20,0,3,lessVoid,0,2,5,221400.000
i64,65536,20,0,3,lessVoid,6,2,7,161571.429
i64,65536,20,0,3,lessVoid,5,2,3,438333.333
i64,65536,20,0,3,lessVoid,0,3,5,212000.000
i64,65536,20,0,3,lessVoid,2,3,5,218800.000
i64,65536,20,0,3,lessVoid,5,3,3,435333.333
i64,65536,20,0,3,lessVoid,6,3,7,165000.000
i64,65536,20,0,3,lessVoid,5,4,3,462333.333
i64,65536,20,0,3,lessVoid,6,4,7,149857.143
i64,65536,20,0,3,lessVoid,2,4,5,208800.000
i64,65536,20,0,3,lessVoid,0,4,5,217200.000
i64,65536,20,0,3,lessVoid,5,5,3,445000.000
i64,65536,20,0,3,lessVoid,2,5,5,215000.000
i64,65536,20,0,3,lessVoid,6,5,6,168833.333
i64,65536,20,0,3,lessVoid,0,5,5,224400.000
i64,1000000,22,0,0,lessVoid,2,1,1,4126000.000
i64,1000000,22,0,0,lessVoid,5,1,1,40123000.000
i64,1000000,22,0,0,lessVoid,6,1,1,3419000.000
i64,1000000,22,0,0,lessVoid,0,1,1,4014000.000
i64,1000000,22,0,0,lessVoid,0,2,1,3927000.000
i64,1000000,22,0,0,lessVoid,5,2,1,39830000.000
i64,1000000,22,0,0,lessVoid,6,2,1,3488000.000
i64,1000000,22,0,0,lessVoid,2,2,1,3953000.000
i64,1000000,22,0,0,lessVoid,6,3,1,3306000.000
i64,1000000,22,0,0,lessVoid,0,3,1,3951000.000
i64,1000000,22,0,0,lessVoid,2,3,1,4073000.000
i64,1000000,22,0,0,lessVoid,5,3,1,39778000.000
i64,1000000,22,0,0,lessVoid,0,4,1,4325000.000
i64,1000000,22,0,0,lessVoid,2,4,1,4477000.000
i64,1000000,22,0,0,lessVoid,6,4,1,3519000.000
i64,1000000,22,0,0,lessVoid,5,4,1,40065000.000
i64,1000000,22,0,0,lessVoid,0,5,1,4385000.000
i64,1000000,22,0,0,lessVoid,2,5,1,4123000.000
i64,1000000,22,0,0,lessVoid,6,5,1,3274000.000
i64,1000000,22,0,0,lessVoid,5,5,1,40151000.000
i64,1000000,22,0,0,lessTyped,2,1,1,3959000.000
i64,1000000,22,0,0,lessTyped,5,1,1,39905000.000
i64,1000000,22,0,0,lessTyped,6,1,1,3413000.000
i64,1000000,22,0,0,lessTyped,0,1,1,39425000.000
i64,1000000,22,0,0,lessTyped,0,2,1,39919000.000
i64,1000000,22,0,0,lessTyped,5,2,1,39660000.000
i64,1000000,22,0,0,lessTyped,6,2,1,3452000.000
i64,1000000,22,0,0,lessTyped,2,2,1,3912000.000
i64,1000000,22,0,0,lessTyped,6,3,1,3335000.000
i64,1000000,22,0,0,lessTyped,0,3,1,39579000.000
i64,1000000,22,0,0,lessTyped,2,3,1,4158000.000
i64,1000000,22,0,0,lessTyped,5,3,1,39848000.000
i64,1000000,22,0,0,lessTyped,0,4,1,40030000.000
i64,1000000,22,0,0,lessTyped,2,4,1,4283000.000
i64,1000000,22,0,0,lessTyped,6,4,1,3340000.000
i64,1000000,22,0,0,lessTyped,5,4,1,40061000.000
i64,1000000,22,0,0,lessTyped,0,5,1,39753000.000
i64,1000000,22,0,0,lessTyped,2,5,1,4332000.000
i64,1000000,22,0,0,lessTyped,6,5,1,3435000.000
i64,1000000,22,0,0,lessTyped,5,5,1,39865000.000
i64,1000000,22,0,0,greaterTyped,2,1,1,4028000.000
i64,1000000,22,0,0,greaterTyped,5,1,1,39414000.000
i64,1000000,22,0,0,greaterTyped,6,1,1,3649000.000
i64,1000000,22,0,0,greaterTyped,0,1,1,39760000.000
i64,1000000,22,0,0,greaterTyped,0,2,1,39872000.000
i64,1000000,22,0,0,greaterTyped,5,2,1,39600000.000
i64,1000000,22,0,0,greaterTyped,6,2,1,3507000.000
i64,1000000,22,0,0,greaterTyped,2,2,1,3999000.000
i64,1000000,22,0,0,greaterTyped,6,3,1,3337000.000
i64,1000000,22,0,0,greaterTyped,0,3,1,40204000.000
i64,1000000,22,0,0,greaterTyped,2,3,1,4443000.000
i64,1000000,22,0,0,greaterTyped,5,3,1,39883000.000
i64,1000000,22,0,0,greaterTyped,0,4,1,39811000.000
i64,1000000,22,0,0,greaterTyped,2,4,1,4260000.000
i64,1000000,22,0,0,greaterTyped,6,4,1,3467000.000
i64,1000000,22,0,0,greaterTyped,5,4,1,39865000.000
i64,1000000,22,0,0,greaterTyped,0,5,1,39603000.000
i64,1000000,22,0,0,greaterTyped,2,5,1,4130000.000
i64,1000000,22,0,0,greaterTyped,6,5,1,3280000.000
i64,1000000,22,0,0,greaterTyped,5,5,1,39557000.000
i64,1000000,22,0,1,lessVoid,2,1,5,223800.000
i64,1000000,22,0,1,lessVoid,6,1,5,229400.000
i64,1000000,22,0,1,lessVoid,5,1,1,7295000.000
i64,1000000,22,0,1,lessVoid,0,1,5,227200.000
i64,1000000,22,0,1,lessVoid,5,2,1,7419000.000
i64,1000000,22,0,1,lessVoid,6,2,5,227000.000
i64,1000000,22,0,1,lessVoid,2,2,5,223800.000
i64,1000000,22,0,1,lessVoid,0,2,5,222200.000
i64,1000000,22,0,1,lessVoid,5,3,1,7277000.000
i64,1000000,22,0,1,lessVoid,6,3,5,229600.000
i64,1000000,22,0,1,lessVoid,2,3,5,224200.000
i64,1000000,22,0,1,lessVoid,0,3,5,223000.000
i64,1000000,22,0,1,lessVoid,2,4,5,225000.000
i64,1000000,22,0,1,lessVoid,5,4,1,7253000.000
i64,1000000,22,0,1,lessVoid,6,4,5,226400.000
i64,1000000,22,0,1,lessVoid,0,4,5,223000.000
i64,1000000,22,0,1,lessVoid,0,5,5,224800.000
i64,1000000,22,0,1,lessVoid,6,5,5,229800.000
i64,1000000,22,0,1,lessVoid,2,5,5,232000.000
i64,1000000,22,0,1,lessVoid,5,5,1,7258000.000
i64,1000000,22,0,1,lessTyped,2,1,5,231000.000
i64,1000000,22,0,1,lessTyped,6,1,5,224800.000
i64,1000000,22,0,1,lessTyped,5,1,1,7250000.000
i64,1000000,22,0,1,lessTyped,0,1,5,229200.000
i64,1000000,22,0,1,lessTyped,5,2,1,7253000.000
i64,1000000,22,0,1,lessTyped,6,2,5,236800.000
i64,1000000,22,0,1,lessTyped,2,2,5,223600.000
i64,1000000,22,0,1,lessTyped,0,2,5,235000.000
i64,1000000,22,0,1,lessTyped,5,3,1,7350000.000
i64,1000000,22,0,1,lessTyped,6,3,5,224600.000
i64,1000000,22,0,1,lessTyped,2,3,5,227800.000
i64,1000000,22,0,1,lessTyped,0,3,5,224600.000
i64,1000000,22,0,1,lessTyped,2,4,5,225200.000
i64,1000000,22,0,1,lessTyped,5,4,1,7310000.000
i64,1000000,22,0,1,lessTyped,6,4,5,234400.000
i64,1000000,22,0,1,lessTyped,0,4,5,224200.000
i64,1000000,22,0,1,lessTyped,0,5,5,228400.000
i64,1000000,22,0,1,lessTyped,6,5,5,223800.000
i64,1000000,22,0,1,lessTyped,2,5,5,233000.000
i64,1000000,22,0,1,lessTyped,5,5,1,7324000.000
i64,1000000,22,0,1,greaterTyped,2,1,5,238800.000
i64,1000000,22,0,1,greaterTyped,6,1,5,227000.000
i64,1000000,22,0,1,greaterTyped,5,1,1,7400000.000
i64,1000000,22,0,1,greaterTyped,0,1,5,223200.000
i64,1000000,22,0,1,greaterTyped,5,2,1,7414000.000
i64,1000000,22,0,1,greaterTyped,6,2,5,235800.000
i64,1000000,22,0,1,greaterTyped,2,2,5,224200.000
i64,1000000,22,0,1,greaterTyped,0,2,5,234200.000
i64,1000000,22,0,1,greaterTyped,5,3,1,7438000.000
i64,1000000,22,0,1,greaterTyped,6,3,5,223400.000
i64,1000000,22,0,1,greaterTyped,2,3,5,227200.000
i64,1000000,22,0,1,greaterTyped,0,3,5,229200.000
i64,1000000,22,0,1,greaterTyped,2,4,5,225600.000
i64,1000000,22,0,1,greaterTyped,5,4,1,7408000.000
i64,1000000,22,0,1,greaterTyped,6,4,5,224600.000
i64,1000000,22,0,1,greaterTyped,0,4,5,224000.000
i64,1000000,22,0,1,greaterTyped,0,5,5,232800.000
i64,1000000,22,0,1,greaterTyped,6,5,5,225600.000
i64,1000000,22,0,1,greaterTyped,2,5,5,224000.000
i64,1000000,22,0,1,greaterTyped,5,5,1,7296000.000
i64,1000000,22,0,2,lessVoid,6,1,3,393666.667
i64,1000000,22,0,2,lessVoid,0,1,3,380666.667
i64,1000000,22,0,2,lessVoid,5,1,1,5549000.000
i64,1000000,22,0,2,lessVoid,2,1,3,378666.667
i64,1000000,22,0,2,lessVoid,2,2,3,385666.667
i64,1000000,22,0,2,lessVoid,6,2,3,386000.000
i64,1000000,22,0,2,lessVoid,0,2,3,387666.667
i64,1000000,22,0,2,lessVoid,5,2,1,5499000.000
i64,1000000,22,0,2,lessVoid,0,3,3,381666.667
i64,1000000,22,0,2,lessVoid,6,3,3,389000.000
i64,1000000,22,0,2,lessVoid,5,3,1,5541000.000
i64,1000000,22,0,2,lessVoid,2,3,3,379666.667
i64,1000000,22,0,2,lessVoid,0,4,3,384000.000
i64,1000000,22,0,2,lessVoid,2,4,3,391000.000
i64,1000000,22,0,2,lessVoid,6,4,3,381000.000
i64,1000000,22,0,2,lessVoid,5,4,1,5588000.000
i64,1000000,22,0,2,lessVoid,6,5,3,382666.667
i64,1000000,22,0,2,lessVoid,5,5,1,5500000.000
i64,1000000,22,0,2,lessVoid,2,5,3,378333.333
i64,1000000,22,0,2,lessVoid,0,5,3,394666.667
i64,1000000,22,0,2,lessTyped,6,1,3,377000.000
i64,1000000,22,0,2,lessTyped,0,1,3,377333.333
i64,1000000,22,0,2,lessTyped,5,1,1,5461000.000
i64,1000000,22,0,2,lessTyped,2,1,3,386000.000
i64,1000000,22,0,2,lessTyped,2,2,3,381333.333
i64,1000000,22,0,2,lessTyped,6,2,3,379333.333
i64,1000000,22,0,2,lessTyped,0,2,3,409666.667
i64,1000000,22,0,2,lessTyped,5,2,1,5472000.000
i64,1000000,22,0,2,lessTyped,0,3,3,387000.000
i64,1000000,22,0,2,lessTyped,6,3,3,376333.333
i64,1000000,22,0,2,lessTyped,5,3,1,5515000.000
i64,1000000,22,0,2,lessTyped,2,3,3,376333.333
i64,1000000,22,0,2,lessTyped,0,4,3,377666.667
i64,1000000,22,0,2,lessTyped,2,4,3,388666.667
i64,1000000,22,0,2,lessTyped,6,4,3,377333.333
i64,1000000,22,0,2,lessTyped,5,4,1,5582000.000
i64,1000000,22,0,2,lessTyped,6,5,3,380000.000
i64,1000000,22,0,2,lessTyped,5,5,1,5520000.000
i64,1000000,22,0,2,lessTyped,2,5,3,381666.667
i64,1000000,22,0,2,lessTyped,0,5,3,379000.000
i64,1000000,22,0,2,greaterTyped,6,1,3,382333.333
i64,1000000,22,0,2,greaterTyped,0,1,3,393666.667
i64,1000000,22,0,2,greaterTyped,5,1,1,5502000.000
i64,1000000,22,0,2,greaterTyped,2,1,3,406666.667
i64,1000000,22,0,2,greaterTyped,2,2,3,378666.667
i64,1000000,22,0,2,greaterTyped,6,2,3,381333.333
i64,1000000,22,0,2,greaterTyped,0,2,3,399333.333
i64,1000000,22,0,2,greaterTyped,5,2,1,5492000.000
i64,1000000,22,0,2,greaterTyped,0,3,3,411333.333
i64,1000000,22,0,2,greaterTyped,6,3,3,385333.333
i64,1000000,22,0,2,greaterTyped,5,3,1,5575000.000
i64,1000000,22,0,2,greaterTyped,2,3,3,383666.667
i64,1000000,22,0,2,greaterTyped,0,4,3,382000.000
i64,1000000,22,0,2,greaterTyped,2,4,3,407333.333
i64,1000000,22,0,2,greaterTyped,6,4,3,375666.667
i64,1000000,22,0,2,greaterTyped,5,4,1,5624000.000
i64,1000000,22,0,2,greaterTyped,6,5,3,376333.333
i64,1000000,22,0,2,greaterTyped,5,5,1,5566000.000
i64,1000000,22,0,2,greaterTyped,2,5,3,375666.667
i64,1000000,22,0,2,greaterTyped,0,5,3,379333.333
i64,1000000,22,0,3,lessVoid,6,1,1,3535000.000
i64,1000000,22,0,3,lessVoid,0,1,1,4114000.000
i64,1000000,22,0,3,lessVoid,2,1,1,3995000.000
i64,1000000,22,0,3,lessVoid,5,1,1,9102000.000
i64,1000000,22,0,3,lessVoid,2,2,1,4063000.000
i64,1000000,22,0,3,lessVoid,6,2,1,3159000.000
i64,1000000,22,0,3,lessVoid,0,2,1,4000000.000
i64,1000000,22,0,3,lessVoid,5,2,1,9085000.000
i64,1000000,22,0,3,lessVoid,5,3,1,9039000.000
i64,1000000,22,0,3,lessVoid,0,3,1,4065000.000
i64,1000000,22,0,3,lessVoid,6,3,1,3124000.000
i64,1000000,22,0,3,lessVoid,2,3,1,4036000.000
i64,1000000,22,0,3,lessVoid,0,4,1,4000000.000
i64,1000000,22,0,3,lessVoid,6,4,1,3182000.000
i64,1000000,22,0,3,lessVoid,5,4,1,9045000.000
i64,1000000,22,0,3,lessVoid,2,4,1,4010000.000
i64,1000000,22,0,3,lessVoid,0,5,1,4022000.000
i64,1000000,22,0,3,lessVoid,6,5,1,3137000.000
i64,1000000,22,0,3,lessVoid,2,5,1,4013000.000
i64,1000000,22,0,3,lessVoid,5,5,1,9140000.000
i64,1000000,22,0,3,lessTyped,6,1,1,3213000.000
i64,1000000,22,0,3,lessTyped,0,1,1,9618000.000
i64,1000000,22,0,3,lessTyped,2,1,1,4070000.000
i64,1000000,22,0,3,lessTyped,5,1,1,9219000.000
i64,1000000,22,0,3,lessTyped,2,2,1,4085000.000
i64,1000000,22,0,3,lessTyped,6,2,1,3230000.000
i64,1000000,22,0,3,lessTyped,0,2,1,9619000.000
i64,1000000,22,0,3,lessTyped,5,2,1,9170000.000
i64,1000000,22,0,3,lessTyped,5,3,1,9157000.000
i64,1000000,22,0,3,lessTyped,0,3,1,9602000.000
i64,1000000,22,0,3,lessTyped,6,3,1,3278000.000
i64,1000000,22,0,3,lessTyped,2,3,1,4014000.000
i64,1000000,22,0,3,lessTyped,0,4,1,9519000.000
i64,1000000,22,0,3,lessTyped,6,4,1,3102000.000
i64,1000000,22,0,3,lessTyped,5,4,1,9240000.000
i64,1000000,22,0,3,lessTyped,2,4,1,3948000.000
i64,1000000,22,0,3,lessTyped,0,5,1,9554000.000
i64,1000000,22,0,3,lessTyped,6,5,1,3221000.000
i64,1000000,22,0,3,lessTyped,2,5,1,4011000.000
i64,1000000,22,0,3,lessTyped,5,5,1,9204000.000
i64,1000000,22,0,3,greaterTyped,6,1,1,3291000.000
i64,1000000,22,0,3,greaterTyped,0,1,1,9682000.000
i64,1000000,22,0,3,greaterTyped,2,1,1,4131000.000
i64,1000000,22,0,3,greaterTyped,5,1,1,9331000.000
i64,1000000,22,0,3,greaterTyped,2,2,1,4175000.000
i64,1000000,22,0,3,greaterTyped,6,2,1,3395000.000
i64,1000000,22,0,3,greaterTyped,0,2,1,9601000.000
i64,1000000,22,0,3,greaterTyped,5,2,1,9221000.000
i64,1000000,22,0,3,greaterTyped,5,3,1,9246000.000
i64,1000000,22,0,3,greaterTyped,0,3,1,9611000.000
i64,1000000,22,0,3,greaterTyped,6,3,1,3293000.000
i64,1000000,22,0,3,greaterTyped,2,3,1,4204000.000
i64,1000000,22,0,3,greaterTyped,0,4,1,9593000.000
i64,1000000,22,0,3,greaterTyped,6,4,1,3238000.000
i64,1000000,22,0,3,greaterTyped,5,4,1,9279000.000
i64,1000000,22,0,3,greaterTyped,2,4,1,4336000.000
i64,1000000,22,0,3,greaterTyped,0,5,1,9568000.000
i64,1000000,22,0,3,greaterTyped,6,5,1,3264000.000
i64,1000000,22,0,3,greaterTyped,2,5,1,4051000.000
i64,1000000,22,0,3,greaterTyped,5,5,1,9148000.000
i64,1000000,8,16,0,lessVoid,0,1,1,6715000.000
i64,1000000,8,16,0,lessVoid,6,1,1,4255000.000
i64,1000000,8,16,0,lessVoid,2,1,1,4041000.000
i64,1000000,8,16,0,lessVoid,5,1,1,21160000.000
i64,1000000,8,16,0,lessVoid,0,2,1,6679000.000
i64,1000000,8,16,0,lessVoid,2,2,1,4053000.000
i64,1000000,8,16,0,lessVoid,5,2,1,21160000.000
i64,1000000,8,16,0,lessVoid,6,2,1,4107000.000
i64,1000000,8,16,0,lessVoid,0,3,1,6762000.000
i64,1000000,8,16,0,lessVoid,6,3,1,4090000.000
i64,1000000,8,16,0,lessVoid,2,3,1,4789000.000
i64,1000000,8,16,0,lessVoid,5,3,1,21415000.000
i64,1000000,8,16,0,lessVoid,0,4,1,6932000.000
i64,1000000,8,16,0,lessVoid,6,4,1,4163000.000
i64,1000000,8,16,0,lessVoid,5,4,1,21333000.000
i64,1000000,8,16,0,lessVoid,2,4,1,4108000.000
i64,1000000,8,16,0,lessVoid,0,5,1,6952000.000
i64,1000000,8,16,0,lessVoid,6,5,1,4312000.000
i64,1000000,8,16,0,lessVoid,2,5,1,4004000.000
i64,1000000,8,16,0,lessVoid,5,5,1,21318000.000
i64,1000000,64,0,0,lessVoid,2,1,1,8316000.000
i64,1000000,64,0,0,lessVoid,6,1,1,6975000.000
i64,1000000,64,0,0,lessVoid,0,1,1,8883000.000
i64,1000000,64,0,0,lessVoid,5,1,1,41375000.000
i64,1000000,64,0,0,lessVoid,2,2,1,8466000.000
i64,1000000,64,0,0,lessVoid,0,2,1,8442000.000
i64,1000000,64,0,0,lessVoid,5,2,1,40188000.000
i64,1000000,64,0,0,lessVoid,6,2,1,6826000.000
i64,1000000,64,0,0,lessVoid,0,3,1,8008000.000
i64,1000000,64,0,0,lessVoid,2,3,1,7990000.000
i64,1000000,64,0,0,lessVoid,5,3,1,39893000.000
i64,1000000,64,0,0,lessVoid,6,3,1,6877000.000
i64,1000000,64,0,0,lessVoid,0,4,1,8028000.000
i64,1000000,64,0,0,lessVoid,2,4,1,8193000.000
i64,1000000,64,0,0,lessVoid,5,4,1,40039000.000
i64,1000000,64,0,0,lessVoid,6,4,1,6845000.000
i64,1000000,64,0,0,lessVoid,6,5,1,7073000.000
i64,1000000,64,0,0,lessVoid,2,5,1,8063000.000
i64,1000000,64,0,0,lessVoid,0,5,1,8213000.000
i64,1000000,64,0,0,lessVoid,5,5,1,40040000.000
