phase,compiler,type,n,bits,gaps,pattern,comparator,method,samples,medianNs,minNs,maxNs
stage1,gcc,i32,128,4,0,0,lessVoid,0,5,765.625,691.406,796.875
stage1,gcc,i32,128,4,0,0,lessVoid,5,5,808.594,738.281,882.812
stage1,gcc,i32,128,4,0,0,lessVoid,1,5,773.438,671.875,816.406
stage1,gcc,i32,128,4,0,0,lessTyped,0,5,738.281,707.031,753.906
stage1,gcc,i32,128,4,0,0,lessTyped,5,5,757.812,742.188,789.062
stage1,gcc,i32,128,4,0,0,lessTyped,1,5,773.438,722.656,808.594
stage1,gcc,i32,128,4,0,0,greaterVoid,0,5,652.344,593.75,695.312
stage1,gcc,i32,128,4,0,0,greaterVoid,5,5,640.625,605.469,687.5
stage1,gcc,i32,128,4,0,0,greaterVoid,1,5,628.906,621.094,699.219
stage1,gcc,i32,128,4,0,0,greaterTyped,0,5,605.469,597.656,628.906
stage1,gcc,i32,128,4,0,0,greaterTyped,5,5,628.906,609.375,644.531
stage1,gcc,i32,128,4,0,0,greaterTyped,1,5,664.062,640.625,675.781
stage1,gcc,i32,128,22,0,0,lessVoid,0,5,683.594,671.875,718.75
stage1,gcc,i32,128,22,0,0,lessVoid,1,5,656.25,648.438,714.844
stage1,gcc,i32,128,22,0,0,lessVoid,5,5,652.344,621.094,691.406
stage1,gcc,i32,128,22,0,0,lessTyped,0,5,617.188,613.281,636.719
stage1,gcc,i32,128,22,0,0,lessTyped,1,5,625.0,597.656,648.438
stage1,gcc,i32,128,22,0,0,lessTyped,5,5,597.656,582.031,628.906
stage1,gcc,i32,128,22,0,0,greaterVoid,0,5,636.719,625.0,644.531
stage1,gcc,i32,128,22,0,0,greaterVoid,1,5,667.969,652.344,683.594
stage1,gcc,i32,128,22,0,0,greaterVoid,5,5,656.25,636.719,671.875
stage1,gcc,i32,128,22,0,0,greaterTyped,0,5,582.031,574.219,632.812
stage1,gcc,i32,128,22,0,0,greaterTyped,1,5,660.156,605.469,667.969
stage1,gcc,i32,128,22,0,0,greaterTyped,5,5,585.938,570.312,636.719
stage1,gcc,i32,128,32,0,0,lessVoid,1,5,558.594,546.875,593.75
stage1,gcc,i32,128,32,0,0,lessVoid,5,5,574.219,550.781,613.281
stage1,gcc,i32,128,32,0,0,lessVoid,0,5,585.938,531.25,597.656
stage1,gcc,i32,128,32,0,0,lessTyped,1,5,542.969,527.344,566.406
stage1,gcc,i32,128,32,0,0,lessTyped,5,5,566.406,531.25,566.406
stage1,gcc,i32,128,32,0,0,lessTyped,0,5,589.844,500.0,617.188
stage1,gcc,i32,128,32,0,0,greaterVoid,1,5,574.219,562.5,613.281
stage1,gcc,i32,128,32,0,0,greaterVoid,5,5,566.406,535.156,593.75
stage1,gcc,i32,128,32,0,0,greaterVoid,0,5,519.531,511.719,531.25
stage1,gcc,i32,128,32,0,0,greaterTyped,1,5,546.875,542.969,601.562
stage1,gcc,i32,128,32,0,0,greaterTyped,5,5,515.625,500.0,535.156
stage1,gcc,i32,128,32,0,0,greaterTyped,0,5,550.781,515.625,554.688
stage1,gcc,i32,1024,4,0,0,lessVoid,0,5,1980.469,1941.406,1988.281
stage1,gcc,i32,1024,4,0,0,lessVoid,5,5,5475.41,5461.957,5681.818
stage1,gcc,i32,1024,4,0,0,lessVoid,1,5,1968.75,1941.406,2113.281
stage1,gcc,i32,1024,4,0,0,lessTyped,0,5,5235.602,5081.218,5475.41
stage1,gcc,i32,1024,4,0,0,lessTyped,5,5,5263.158,5020.0,5397.849
stage1,gcc,i32,1024,4,0,0,lessTyped,1,5,1855.469,1796.875,1921.875
stage1,gcc,i32,1024,4,0,0,greaterVoid,0,5,4812.5,4731.132,5256.545
stage1,gcc,i32,1024,4,0,0,greaterVoid,5,5,4868.932,4761.905,5240.838
stage1,gcc,i32,1024,4,0,0,greaterVoid,1,5,1792.969,1722.656,1898.438
stage1,gcc,i32,1024,4,0,0,greaterTyped,0,5,5015.0,4608.295,5154.639
stage1,gcc,i32,1024,4,0,0,greaterTyped,5,5,5154.639,4575.342,5597.765
stage1,gcc,i32,1024,4,0,0,greaterTyped,1,5,1789.062,1785.156,1898.438
stage1,gcc,i32,1024,22,0,0,lessVoid,1,5,2917.969,2875.0,3023.438
stage1,gcc,i32,1024,22,0,0,lessVoid,0,5,2980.469,2960.938,3160.156
stage1,gcc,i32,1024,22,0,0,lessVoid,5,5,4975.124,4776.19,5524.862
stage1,gcc,i32,1024,22,0,0,lessTyped,1,5,2816.406,2773.438,3050.781
stage1,gcc,i32,1024,22,0,0,lessTyped,0,5,4817.308,4766.667,4835.749
stage1,gcc,i32,1024,22,0,0,lessTyped,5,5,4766.667,4735.849,5040.201
stage1,gcc,i32,1024,22,0,0,greaterVoid,1,5,2949.219,2765.625,3039.062
stage1,gcc,i32,1024,22,0,0,greaterVoid,0,5,4975.124,4892.683,5352.941
stage1,gcc,i32,1024,22,0,0,greaterVoid,5,5,5112.245,5010.0,5278.947
stage1,gcc,i32,1024,22,0,0,greaterTyped,1,5,2886.719,2808.594,3085.938
stage1,gcc,i32,1024,22,0,0,greaterTyped,0,5,5010.0,4955.446,5191.71
stage1,gcc,i32,1024,22,0,0,greaterTyped,5,5,5096.447,4960.396,5138.462
stage1,gcc,i32,1024,32,0,0,lessVoid,5,5,4830.918,4817.308,4916.667
stage1,gcc,i32,1024,32,0,0,lessVoid,1,5,3695.312,3664.062,3808.594
stage1,gcc,i32,1024,32,0,0,lessVoid,0,5,3718.75,3707.031,3882.812
stage1,gcc,i32,1024,32,0,0,lessTyped,5,5,4878.049,4868.932,5045.226
stage1,gcc,i32,1024,32,0,0,lessTyped,1,5,3664.062,3644.531,3687.5
stage1,gcc,i32,1024,32,0,0,lessTyped,0,5,4882.927,4835.749,5091.371
stage1,gcc,i32,1024,32,0,0,greaterVoid,5,5,5181.347,5091.371,5246.073
stage1,gcc,i32,1024,32,0,0,greaterVoid,1,5,3640.625,3531.25,3683.594
stage1,gcc,i32,1024,32,0,0,greaterVoid,0,5,4945.813,4940.887,5107.143
stage1,gcc,i32,1024,32,0,0,greaterTyped,5,5,5060.606,5045.226,5329.787
stage1,gcc,i32,1024,32,0,0,greaterTyped,1,5,3593.75,3527.344,3648.438
stage1,gcc,i32,1024,32,0,0,greaterTyped,0,5,5170.103,5154.639,5352.941
stage1,gcc,i32,1000000,4,0,0,lessVoid,5,5,14480000.0,14373000.0,14494000.0
stage1,gcc,i32,1000000,4,0,0,lessVoid,0,5,2319000.0,2256000.0,2404000.0
stage1,gcc,i32,1000000,4,0,0,lessVoid,1,5,2354000.0,2309000.0,2507000.0
stage1,gcc,i32,1000000,4,0,0,lessTyped,5,5,14985000.0,14307000.0,15051000.0
stage1,gcc,i32,1000000,4,0,0,lessTyped,0,5,15308000.0,14331000.0,15357000.0
stage1,gcc,i32,1000000,4,0,0,lessTyped,1,5,2453000.0,2302000.0,2709000.0
stage1,gcc,i32,1000000,4,0,0,greaterVoid,5,5,15012000.0,14809000.0,15239000.0
stage1,gcc,i32,1000000,4,0,0,greaterVoid,0,5,14985000.0,14826000.0,15154000.0
stage1,gcc,i32,1000000,4,0,0,greaterVoid,1,5,2460000.0,2379000.0,2574000.0
stage1,gcc,i32,1000000,4,0,0,greaterTyped,5,5,14946000.0,14772000.0,15383000.0
stage1,gcc,i32,1000000,4,0,0,greaterTyped,0,5,14963000.0,14707000.0,15090000.0
stage1,gcc,i32,1000000,4,0,0,greaterTyped,1,5,2583000.0,2473000.0,2666000.0
stage1,gcc,i32,1000000,22,0,0,lessVoid,0,5,3732000.0,3592000.0,4147000.0
stage1,gcc,i32,1000000,22,0,0,lessVoid,1,5,3777000.0,3699000.0,4976000.0
stage1,gcc,i32,1000000,22,0,0,lessVoid,5,5,41245000.0,40642000.0,41969000.0
stage1,gcc,i32,1000000,22,0,0,lessTyped,0,5,40327000.0,39727000.0,41539000.0
stage1,gcc,i32,1000000,22,0,0,lessTyped,1,5,3711000.0,3631000.0,3876000.0
stage1,gcc,i32,1000000,22,0,0,lessTyped,5,5,40060000.0,39535000.0,40976000.0
stage1,gcc,i32,1000000,22,0,0,greaterVoid,0,5,40268000.0,40043000.0,40636000.0
stage1,gcc,i32,1000000,22,0,0,greaterVoid,1,5,3732000.0,3616000.0,3850000.0
stage1,gcc,i32,1000000,22,0,0,greaterVoid,5,5,40250000.0,40121000.0,40358000.0
stage1,gcc,i32,1000000,22,0,0,greaterTyped,0,5,40123000.0,39675000.0,41111000.0
stage1,gcc,i32,1000000,22,0,0,greaterTyped,1,5,3722000.0,3667000.0,3895000.0
stage1,gcc,i32,1000000,22,0,0,greaterTyped,5,5,39900000.0,39735000.0,41025000.0
stage1,gcc,i32,1000000,32,0,0,lessVoid,0,5,4369000.0,4286000.0,4512000.0
stage1,gcc,i32,1000000,32,0,0,lessVoid,5,5,40025000.0,39707000.0,40320000.0
stage1,gcc,i32,1000000,32,0,0,lessVoid,1,5,4385000.0,4340000.0,4505000.0
stage1,gcc,i32,1000000,32,0,0,lessTyped,0,5,42291000.0,41792000.0,44229000.0
stage1,gcc,i32,1000000,32,0,0,lessTyped,5,5,42559000.0,41900000.0,44652000.0
stage1,gcc,i32,1000000,32,0,0,lessTyped,1,5,4609000.0,4479000.0,4799000.0
stage1,gcc,i32,1000000,32,0,0,greaterVoid,0,5,40344000.0,40208000.0,43738000.0
stage1,gcc,i32,1000000,32,0,0,greaterVoid,5,5,40436000.0,40260000.0,40843000.0
stage1,gcc,i32,1000000,32,0,0,greaterVoid,1,5,4411000.0,4351000.0,4553000.0
stage1,gcc,i32,1000000,32,0,0,greaterTyped,0,5,40277000.0,39979000.0,43062000.0
stage1,gcc,i32,1000000,32,0,0,greaterTyped,5,5,40373000.0,40103000.0,42074000.0
stage1,gcc,i32,1000000,32,0,0,greaterTyped,1,5,4589000.0,4463000.0,4831000.0
stage1,gcc,i64,128,4,0,0,lessVoid,0,5,375.0,355.469,378.906
stage1,gcc,i64,128,4,0,0,lessVoid,5,5,390.625,378.906,394.531
stage1,gcc,i64,128,4,0,0,lessVoid,1,5,367.188,359.375,378.906
stage1,gcc,i64,128,4,0,0,lessTyped,0,5,378.906,367.188,394.531
stage1,gcc,i64,128,4,0,0,lessTyped,5,5,394.531,382.812,421.875
stage1,gcc,i64,128,4,0,0,lessTyped,1,5,386.719,371.094,406.25
stage1,gcc,i64,128,4,0,0,greaterVoid,0,5,367.188,351.562,367.188
stage1,gcc,i64,128,4,0,0,greaterVoid,5,5,363.281,347.656,394.531
stage1,gcc,i64,128,4,0,0,greaterVoid,1,5,359.375,359.375,382.812
stage1,gcc,i64,128,4,0,0,greaterTyped,0,5,355.469,347.656,390.625
stage1,gcc,i64,128,4,0,0,greaterTyped,5,5,375.0,324.219,484.375
stage1,gcc,i64,128,4,0,0,greaterTyped,1,5,382.812,359.375,433.594
stage1,gcc,i64,128,22,0,0,lessVoid,0,5,406.25,390.625,429.688
stage1,gcc,i64,128,22,0,0,lessVoid,1,5,421.875,375.0,425.781
stage1,gcc,i64,128,22,0,0,lessVoid,5,5,417.969,402.344,472.656
stage1,gcc,i64,128,22,0,0,lessTyped,0,5,402.344,378.906,410.156
stage1,gcc,i64,128,22,0,0,lessTyped,1,5,410.156,398.438,464.844
stage1,gcc,i64,128,22,0,0,lessTyped,5,5,394.531,375.0,417.969
stage1,gcc,i64,128,22,0,0,greaterVoid,0,5,425.781,421.875,437.5
stage1,gcc,i64,128,22,0,0,greaterVoid,1,5,417.969,410.156,460.938
stage1,gcc,i64,128,22,0,0,greaterVoid,5,5,414.062,402.344,433.594
stage1,gcc,i64,128,22,0,0,greaterTyped,0,5,429.688,402.344,519.531
stage1,gcc,i64,128,22,0,0,greaterTyped,1,5,425.781,421.875,503.906
stage1,gcc,i64,128,22,0,0,greaterTyped,5,5,425.781,406.25,496.094
stage1,gcc,i64,128,64,0,0,lessVoid,0,5,386.719,339.844,398.438
stage1,gcc,i64,128,64,0,0,lessVoid,1,5,390.625,367.188,410.156
stage1,gcc,i64,128,64,0,0,lessVoid,5,5,375.0,363.281,394.531
stage1,gcc,i64,128,64,0,0,lessTyped,0,5,390.625,375.0,398.438
stage1,gcc,i64,128,64,0,0,lessTyped,1,5,390.625,371.094,421.875
stage1,gcc,i64,128,64,0,0,lessTyped,5,5,386.719,371.094,394.531
stage1,gcc,i64,128,64,0,0,greaterVoid,0,5,402.344,402.344,406.25
stage1,gcc,i64,128,64,0,0,greaterVoid,1,5,398.438,386.719,437.5
stage1,gcc,i64,128,64,0,0,greaterVoid,5,5,390.625,375.0,429.688
stage1,gcc,i64,128,64,0,0,greaterTyped,0,5,417.969,382.812,441.406
stage1,gcc,i64,128,64,0,0,greaterTyped,1,5,406.25,398.438,457.031
stage1,gcc,i64,128,64,0,0,greaterTyped,5,5,417.969,398.438,496.094
stage1,gcc,i64,1024,4,0,0,lessVoid,0,5,1832.031,1734.375,1890.625
stage1,gcc,i64,1024,4,0,0,lessVoid,5,5,4484.305,4448.889,4502.242
stage1,gcc,i64,1024,4,0,0,lessVoid,1,5,1804.688,1785.156,2082.031
stage1,gcc,i64,1024,4,0,0,lessTyped,0,5,4502.242,4468.75,4617.512
stage1,gcc,i64,1024,4,0,0,lessTyped,5,5,4429.204,4379.913,4906.863
stage1,gcc,i64,1024,4,0,0,lessTyped,1,5,1835.938,1742.188,1894.531
stage1,gcc,i64,1024,4,0,0,greaterVoid,0,5,4477.679,4385.965,4542.986
stage1,gcc,i64,1024,4,0,0,greaterVoid,5,5,4473.214,4418.502,4672.897
stage1,gcc,i64,1024,4,0,0,greaterVoid,1,5,1863.281,1781.25,2171.875
stage1,gcc,i64,1024,4,0,0,greaterTyped,0,5,4403.509,4379.913,4830.918
stage1,gcc,i64,1024,4,0,0,greaterTyped,5,5,4341.991,4341.991,4575.342
stage1,gcc,i64,1024,4,0,0,greaterTyped,1,5,1843.75,1742.188,1875.0
stage1,gcc,i64,1024,22,0,0,lessVoid,1,5,3042.969,3007.812,3101.562
stage1,gcc,i64,1024,22,0,0,lessVoid,0,5,3058.594,3007.812,3101.562
stage1,gcc,i64,1024,22,0,0,lessVoid,5,5,5010.0,4911.765,5148.718
stage1,gcc,i64,1024,22,0,0,lessTyped,1,5,3042.969,2953.125,3078.125
stage1,gcc,i64,1024,22,0,0,lessTyped,0,5,4916.667,4873.786,4955.446
stage1,gcc,i64,1024,22,0,0,lessTyped,5,5,4980.1,4911.765,5535.912
stage1,gcc,i64,1024,22,0,0,greaterVoid,1,5,3015.625,2968.75,3078.125
stage1,gcc,i64,1024,22,0,0,greaterVoid,0,5,5181.347,5164.948,5427.027
stage1,gcc,i64,1024,22,0,0,greaterVoid,5,5,5159.794,5045.226,5208.333
stage1,gcc,i64,1024,22,0,0,greaterTyped,1,5,3003.906,2972.656,3156.25
stage1,gcc,i64,1024,22,0,0,greaterTyped,0,5,5159.794,5081.218,5358.289
stage1,gcc,i64,1024,22,0,0,greaterTyped,5,5,5107.143,5070.707,5555.556
stage1,gcc,i64,1024,64,0,0,lessVoid,1,5,6223.602,6090.909,6429.487
stage1,gcc,i64,1024,64,0,0,lessVoid,0,5,6005.988,5976.19,6024.096
stage1,gcc,i64,1024,64,0,0,lessVoid,5,5,5335.106,5278.947,5358.289
stage1,gcc,i64,1024,64,0,0,lessTyped,1,5,6084.848,5976.19,6388.535
stage1,gcc,i64,1024,64,0,0,lessTyped,0,5,5268.421,5186.528,5469.945
stage1,gcc,i64,1024,64,0,0,lessTyped,5,5,5552.486,5246.073,5693.182
stage1,gcc,i64,1024,64,0,0,greaterVoid,1,5,6451.613,6159.509,7215.827
stage1,gcc,i64,1024,64,0,0,greaterVoid,0,5,5786.127,5301.587,7230.216
stage1,gcc,i64,1024,64,0,0,greaterVoid,5,5,5608.939,5381.72,6000.0
stage1,gcc,i64,1024,64,0,0,greaterTyped,1,5,6256.25,6072.727,7099.291
stage1,gcc,i64,1024,64,0,0,greaterTyped,0,5,5421.622,5291.005,6416.667
stage1,gcc,i64,1024,64,0,0,greaterTyped,5,5,5392.473,5251.309,5964.286
stage1,gcc,i64,1000000,4,0,0,lessVoid,5,5,13840000.0,13768000.0,13979000.0
stage1,gcc,i64,1000000,4,0,0,lessVoid,0,5,2547000.0,2512000.0,2696000.0
stage1,gcc,i64,1000000,4,0,0,lessVoid,1,5,2501000.0,2455000.0,2588000.0
stage1,gcc,i64,1000000,4,0,0,lessTyped,5,5,13850000.0,13735000.0,14167000.0
stage1,gcc,i64,1000000,4,0,0,lessTyped,0,5,13886000.0,13782000.0,13975000.0
stage1,gcc,i64,1000000,4,0,0,lessTyped,1,5,2689000.0,2499000.0,3516000.0
stage1,gcc,i64,1000000,4,0,0,greaterVoid,5,5,13862000.0,13681000.0,14769000.0
stage1,gcc,i64,1000000,4,0,0,greaterVoid,0,5,13824000.0,13628000.0,14492000.0
stage1,gcc,i64,1000000,4,0,0,greaterVoid,1,5,2652000.0,2575000.0,3745000.0
stage1,gcc,i64,1000000,4,0,0,greaterTyped,5,5,13878000.0,13808000.0,13972000.0
stage1,gcc,i64,1000000,4,0,0,greaterTyped,0,5,14351000.0,13792000.0,14721000.0
stage1,gcc,i64,1000000,4,0,0,greaterTyped,1,5,2563000.0,2406000.0,2817000.0
stage1,gcc,i64,1000000,22,0,0,lessVoid,0,5,4251000.0,4061000.0,4431000.0
stage1,gcc,i64,1000000,22,0,0,lessVoid,1,5,4237000.0,3915000.0,4519000.0
stage1,gcc,i64,1000000,22,0,0,lessVoid,5,5,41283000.0,39904000.0,42337000.0
stage1,gcc,i64,1000000,22,0,0,lessTyped,0,5,40507000.0,39914000.0,41167000.0
stage1,gcc,i64,1000000,22,0,0,lessTyped,1,5,4400000.0,4179000.0,4561000.0
stage1,gcc,i64,1000000,22,0,0,lessTyped,5,5,40048000.0,39949000.0,40533000.0
stage1,gcc,i64,1000000,22,0,0,greaterVoid,0,5,40229000.0,39968000.0,40869000.0
stage1,gcc,i64,1000000,22,0,0,greaterVoid,1,5,4294000.0,4249000.0,5037000.0
stage1,gcc,i64,1000000,22,0,0,greaterVoid,5,5,40018000.0,39785000.0,41630000.0
stage1,gcc,i64,1000000,22,0,0,greaterTyped,0,5,40089000.0,39892000.0,43353000.0
stage1,gcc,i64,1000000,22,0,0,greaterTyped,1,5,4264000.0,4083000.0,4395000.0
stage1,gcc,i64,1000000,22,0,0,greaterTyped,5,5,40346000.0,39668000.0,41675000.0
stage1,gcc,i64,1000000,64,0,0,lessVoid,1,5,8248000.0,7943000.0,9034000.0
stage1,gcc,i64,1000000,64,0,0,lessVoid,5,5,41388000.0,39767000.0,43945000.0
stage1,gcc,i64,1000000,64,0,0,lessVoid,0,5,8283000.0,7963000.0,10145000.0
stage1,gcc,i64,1000000,64,0,0,lessTyped,1,5,8278000.0,8018000.0,8568000.0
stage1,gcc,i64,1000000,64,0,0,lessTyped,5,5,39877000.0,39548000.0,40374000.0
stage1,gcc,i64,1000000,64,0,0,lessTyped,0,5,39843000.0,39578000.0,39950000.0
stage1,gcc,i64,1000000,64,0,0,greaterVoid,1,5,8245000.0,8048000.0,8325000.0
stage1,gcc,i64,1000000,64,0,0,greaterVoid,5,5,39497000.0,39458000.0,41091000.0
stage1,gcc,i64,1000000,64,0,0,greaterVoid,0,5,39584000.0,39227000.0,40665000.0
stage1,gcc,i64,1000000,64,0,0,greaterTyped,1,5,8114000.0,7994000.0,8185000.0
stage1,gcc,i64,1000000,64,0,0,greaterTyped,5,5,39554000.0,39436000.0,39666000.0
stage1,gcc,i64,1000000,64,0,0,greaterTyped,0,5,39479000.0,39332000.0,40287000.0
stage1,clang,i32,128,4,0,0,lessVoid,1,5,567.223,563.961,581.715
stage1,clang,i32,128,4,0,0,lessVoid,0,5,569.672,559.562,615.234
stage1,clang,i32,128,4,0,0,lessVoid,5,5,555.66,551.754,556.961
stage1,clang,i32,128,4,0,0,lessTyped,1,5,565.262,564.137,567.52
stage1,clang,i32,128,4,0,0,lessTyped,0,5,522.969,521.816,553.484
stage1,clang,i32,128,4,0,0,lessTyped,5,5,557.617,557.129,626.781
stage1,clang,i32,128,4,0,0,greaterVoid,1,5,735.328,725.934,1125.957
stage1,clang,i32,128,4,0,0,greaterVoid,0,5,435.199,426.246,604.176
stage1,clang,i32,128,4,0,0,greaterVoid,5,5,751.133,718.895,984.531
stage1,clang,i32,128,4,0,0,greaterTyped,1,5,957.047,948.719,961.09
stage1,clang,i32,128,4,0,0,greaterTyped,0,5,576.172,573.895,579.77
stage1,clang,i32,128,4,0,0,greaterTyped,5,5,950.805,948.902,957.652
stage1,clang,i32,128,22,0,0,lessVoid,0,5,704.598,698.09,803.07
stage1,clang,i32,128,22,0,0,lessVoid,5,5,708.152,686.703,819.332
stage1,clang,i32,128,22,0,0,lessVoid,1,5,708.98,694.82,802.074
stage1,clang,i32,128,22,0,0,lessTyped,0,5,708.34,696.785,756.344
stage1,clang,i32,128,22,0,0,lessTyped,5,5,725.77,722.656,808.09
stage1,clang,i32,128,22,0,0,lessTyped,1,5,765.0,710.469,841.785
stage1,clang,i32,128,22,0,0,greaterVoid,0,5,670.562,635.707,720.707
stage1,clang,i32,128,22,0,0,greaterVoid,5,5,931.344,903.637,941.535
stage1,clang,i32,128,22,0,0,greaterVoid,1,5,933.254,921.52,983.859
stage1,clang,i32,128,22,0,0,greaterTyped,0,5,650.715,647.289,661.773
stage1,clang,i32,128,22,0,0,greaterTyped,5,5,848.141,834.812,865.227
stage1,clang,i32,128,22,0,0,greaterTyped,1,5,847.633,837.551,872.895
stage1,clang,i32,128,32,0,0,lessVoid,0,5,577.465,575.027,592.609
stage1,clang,i32,128,32,0,0,lessVoid,1,5,574.887,571.938,585.129
stage1,clang,i32,128,32,0,0,lessVoid,5,5,574.871,571.934,581.406
stage1,clang,i32,128,32,0,0,lessTyped,0,5,543.926,535.0,598.293
stage1,clang,i32,128,32,0,0,lessTyped,1,5,547.844,543.133,614.43
stage1,clang,i32,128,32,0,0,lessTyped,5,5,543.145,536.785,588.832
stage1,clang,i32,128,32,0,0,greaterVoid,0,5,634.938,561.867,643.051
stage1,clang,i32,128,32,0,0,greaterVoid,1,5,696.457,673.52,699.863
stage1,clang,i32,128,32,0,0,greaterVoid,5,5,697.887,669.613,708.762
stage1,clang,i32,128,32,0,0,greaterTyped,0,5,554.418,517.23,567.453
stage1,clang,i32,128,32,0,0,greaterTyped,1,5,672.59,632.465,677.09
stage1,clang,i32,128,32,0,0,greaterTyped,5,5,678.73,668.676,690.781
stage1,clang,i32,1024,4,0,0,lessVoid,0,5,1990.375,1906.117,2118.305
stage1,clang,i32,1024,4,0,0,lessVoid,5,5,3685.863,3422.359,3731.957
stage1,clang,i32,1024,4,0,0,lessVoid,1,5,1969.32,1870.734,2022.977
stage1,clang,i32,1024,4,0,0,lessTyped,0,5,2971.684,2821.297,3959.648
stage1,clang,i32,1024,4,0,0,lessTyped,5,5,3128.727,2987.832,4305.893
stage1,clang,i32,1024,4,0,0,lessTyped,1,5,1705.234,1698.551,1768.27
stage1,clang,i32,1024,4,0,0,greaterVoid,0,5,3267.574,3147.461,3283.375
stage1,clang,i32,1024,4,0,0,greaterVoid,5,5,3037.266,2988.441,3165.523
stage1,clang,i32,1024,4,0,0,greaterVoid,1,5,1602.867,1571.406,1644.832
stage1,clang,i32,1024,4,0,0,greaterTyped,0,5,3203.289,3098.133,3505.863
stage1,clang,i32,1024,4,0,0,greaterTyped,5,5,2953.57,2937.652,3002.578
stage1,clang,i32,1024,4,0,0,greaterTyped,1,5,1553.074,1509.113,1575.887
stage1,clang,i32,1024,22,0,0,lessVoid,5,5,5179.557,5065.46,5463.995
stage1,clang,i32,1024,22,0,0,lessVoid,1,5,2751.133,2671.562,2916.496
stage1,clang,i32,1024,22,0,0,lessVoid,0,5,2756.188,2666.355,3008.68
stage1,clang,i32,1024,22,0,0,lessTyped,5,5,5079.518,4974.619,5207.896
stage1,clang,i32,1024,22,0,0,lessTyped,1,5,2660.145,2617.348,2756.348
stage1,clang,i32,1024,22,0,0,lessTyped,0,5,5017.71,4834.551,5528.989
stage1,clang,i32,1024,22,0,0,greaterVoid,5,5,4722.269,4641.204,5613.128
stage1,clang,i32,1024,22,0,0,greaterVoid,1,5,2615.555,2607.25,2677.402
stage1,clang,i32,1024,22,0,0,greaterVoid,0,5,4975.965,4721.887,5285.521
stage1,clang,i32,1024,22,0,0,greaterTyped,5,5,4731.925,4665.893,4797.627
stage1,clang,i32,1024,22,0,0,greaterTyped,1,5,2723.32,2703.949,2838.246
stage1,clang,i32,1024,22,0,0,greaterTyped,0,5,5271.484,4899.98,5467.869
stage1,clang,i32,1024,32,0,0,lessVoid,0,5,3366.543,3282.059,3720.828
stage1,clang,i32,1024,32,0,0,lessVoid,1,5,3387.863,3272.297,3568.004
stage1,clang,i32,1024,32,0,0,lessVoid,5,5,4872.155,4678.528,5202.477
stage1,clang,i32,1024,32,0,0,lessTyped,0,5,5230.01,5027.216,5439.543
stage1,clang,i32,1024,32,0,0,lessTyped,1,5,3481.578,3419.281,3760.094
stage1,clang,i32,1024,32,0,0,lessTyped,5,5,5660.294,5219.396,5960.786
stage1,clang,i32,1024,32,0,0,greaterVoid,0,5,5239.578,4929.818,6279.156
stage1,clang,i32,1024,32,0,0,greaterVoid,1,5,3417.941,3302.09,3924.467
stage1,clang,i32,1024,32,0,0,greaterVoid,5,5,4841.57,4674.248,5451.277
stage1,clang,i32,1024,32,0,0,greaterTyped,0,5,4894.932,4808.312,5281.558
stage1,clang,i32,1024,32,0,0,greaterTyped,1,5,3412.766,3335.941,3455.695
stage1,clang,i32,1024,32,0,0,greaterTyped,5,5,4705.207,4651.353,4889.424
stage1,clang,i32,1000000,4,0,0,lessVoid,1,5,2301958.0,2191542.0,2555958.0
stage1,clang,i32,1000000,4,0,0,lessVoid,0,5,2322417.0,2297334.0,2399167.0
stage1,clang,i32,1000000,4,0,0,lessVoid,5,5,8181750.0,8116833.0,8678250.0
stage1,clang,i32,1000000,4,0,0,lessTyped,1,5,2248167.0,2214542.0,3075125.0
stage1,clang,i32,1000000,4,0,0,lessTyped,0,5,8103125.0,7987917.0,8175375.0
stage1,clang,i32,1000000,4,0,0,lessTyped,5,5,8010708.0,7999459.0,8120000.0
stage1,clang,i32,1000000,4,0,0,greaterVoid,1,5,2230375.0,2194459.0,2534792.0
stage1,clang,i32,1000000,4,0,0,greaterVoid,0,5,9013250.0,8989833.0,9121333.0
stage1,clang,i32,1000000,4,0,0,greaterVoid,5,5,3972125.0,3888833.0,4034042.0
stage1,clang,i32,1000000,4,0,0,greaterTyped,1,5,2229500.0,2202167.0,2312583.0
stage1,clang,i32,1000000,4,0,0,greaterTyped,0,5,9005541.0,8960416.0,9041250.0
stage1,clang,i32,1000000,4,0,0,greaterTyped,5,5,3924833.0,3888042.0,4018708.0
stage1,clang,i32,1000000,22,0,0,lessVoid,1,5,3610167.0,3543458.0,4162334.0
stage1,clang,i32,1000000,22,0,0,lessVoid,5,5,38647583.0,38530458.0,41243375.0
stage1,clang,i32,1000000,22,0,0,lessVoid,0,5,3594625.0,3487042.0,4062792.0
stage1,clang,i32,1000000,22,0,0,lessTyped,1,5,3840667.0,3657291.0,4063916.0
stage1,clang,i32,1000000,22,0,0,lessTyped,5,5,41441958.0,40898333.0,41702625.0
stage1,clang,i32,1000000,22,0,0,lessTyped,0,5,41328333.0,40188875.0,42925333.0
stage1,clang,i32,1000000,22,0,0,greaterVoid,1,5,3639000.0,3551250.0,3777542.0
stage1,clang,i32,1000000,22,0,0,greaterVoid,5,5,13821583.0,13463709.0,14417334.0
stage1,clang,i32,1000000,22,0,0,greaterVoid,0,5,40390958.0,39078917.0,41346167.0
stage1,clang,i32,1000000,22,0,0,greaterTyped,1,5,3618666.0,3505875.0,4521166.0
stage1,clang,i32,1000000,22,0,0,greaterTyped,5,5,13507500.0,13428834.0,13607292.0
stage1,clang,i32,1000000,22,0,0,greaterTyped,0,5,39002541.0,38893667.0,39260667.0
stage1,clang,i32,1000000,32,0,0,lessVoid,1,5,4273417.0,4212291.0,4382667.0
stage1,clang,i32,1000000,32,0,0,lessVoid,5,5,38500792.0,38412458.0,38597458.0
stage1,clang,i32,1000000,32,0,0,lessVoid,0,5,4261917.0,4206208.0,4365083.0
stage1,clang,i32,1000000,32,0,0,lessTyped,1,5,4306042.0,4282666.0,4454583.0
stage1,clang,i32,1000000,32,0,0,lessTyped,5,5,38864667.0,38403542.0,39293417.0
stage1,clang,i32,1000000,32,0,0,lessTyped,0,5,38823375.0,38678792.0,39725750.0
stage1,clang,i32,1000000,32,0,0,greaterVoid,1,5,4344458.0,4279833.0,5249708.0
stage1,clang,i32,1000000,32,0,0,greaterVoid,5,5,13567583.0,13462292.0,13944500.0
stage1,clang,i32,1000000,32,0,0,greaterVoid,0,5,39091334.0,38983208.0,40669125.0
stage1,clang,i32,1000000,32,0,0,greaterTyped,1,5,4360209.0,4315125.0,4573125.0
stage1,clang,i32,1000000,32,0,0,greaterTyped,5,5,13476125.0,13445333.0,13851791.0
stage1,clang,i32,1000000,32,0,0,greaterTyped,0,5,39564375.0,38949750.0,40586709.0
stage1,clang,i64,128,4,0,0,lessVoid,1,5,315.926,315.754,321.777
stage1,clang,i64,128,4,0,0,lessVoid,0,5,317.867,316.098,404.637
stage1,clang,i64,128,4,0,0,lessVoid,5,5,313.961,312.652,317.223
stage1,clang,i64,128,4,0,0,lessTyped,1,5,322.418,319.992,328.453
stage1,clang,i64,128,4,0,0,lessTyped,0,5,296.551,294.27,349.609
stage1,clang,i64,128,4,0,0,lessTyped,5,5,323.738,319.336,404.773
stage1,clang,i64,128,4,0,0,greaterVoid,1,5,385.574,381.035,396.02
stage1,clang,i64,128,4,0,0,greaterVoid,0,5,293.465,285.656,334.246
stage1,clang,i64,128,4,0,0,greaterVoid,5,5,388.543,381.348,410.672
stage1,clang,i64,128,4,0,0,greaterTyped,1,5,395.852,392.07,418.102
stage1,clang,i64,128,4,0,0,greaterTyped,0,5,316.578,283.219,352.223
stage1,clang,i64,128,4,0,0,greaterTyped,5,5,397.422,388.172,422.016
stage1,clang,i64,128,22,0,0,lessVoid,0,5,373.066,359.855,445.008
stage1,clang,i64,128,22,0,0,lessVoid,5,5,369.945,357.91,405.605
stage1,clang,i64,128,22,0,0,lessVoid,1,5,371.746,359.848,415.551
stage1,clang,i64,128,22,0,0,lessTyped,0,5,340.984,336.57,466.48
stage1,clang,i64,128,22,0,0,lessTyped,5,5,362.898,330.938,417.012
stage1,clang,i64,128,22,0,0,lessTyped,1,5,396.965,337.031,416.039
stage1,clang,i64,128,22,0,0,greaterVoid,0,5,378.418,339.188,451.176
stage1,clang,i64,128,22,0,0,greaterVoid,5,5,476.41,472.648,547.535
stage1,clang,i64,128,22,0,0,greaterVoid,1,5,473.641,463.207,517.086
stage1,clang,i64,128,22,0,0,greaterTyped,0,5,341.395,338.027,374.988
stage1,clang,i64,128,22,0,0,greaterTyped,5,5,525.219,479.641,602.852
stage1,clang,i64,128,22,0,0,greaterTyped,1,5,543.77,464.691,579.414
stage1,clang,i64,128,64,0,0,lessVoid,5,5,340.68,331.25,396.266
stage1,clang,i64,128,64,0,0,lessVoid,1,5,347.168,345.539,350.957
stage1,clang,i64,128,64,0,0,lessVoid,0,5,336.684,333.703,348.445
stage1,clang,i64,128,64,0,0,lessTyped,5,5,346.48,337.324,390.777
stage1,clang,i64,128,64,0,0,lessTyped,1,5,355.465,341.754,464.367
stage1,clang,i64,128,64,0,0,lessTyped,0,5,336.074,325.371,668.941
stage1,clang,i64,128,64,0,0,greaterVoid,5,5,440.766,425.453,555.609
stage1,clang,i64,128,64,0,0,greaterVoid,1,5,430.652,414.051,510.242
stage1,clang,i64,128,64,0,0,greaterVoid,0,5,382.48,322.062,411.109
stage1,clang,i64,128,64,0,0,greaterTyped,5,5,457.523,417.496,499.191
stage1,clang,i64,128,64,0,0,greaterTyped,1,5,431.488,418.461,541.5
stage1,clang,i64,128,64,0,0,greaterTyped,0,5,367.812,363.289,375.539
stage1,clang,i64,1024,4,0,0,lessVoid,0,5,1522.277,1508.129,1614.719
stage1,clang,i64,1024,4,0,0,lessVoid,5,5,2636.73,2564.145,2721.848
stage1,clang,i64,1024,4,0,0,lessVoid,1,5,1564.648,1499.359,1807.625
stage1,clang,i64,1024,4,0,0,lessTyped,0,5,2865.547,2785.32,3255.836
stage1,clang,i64,1024,4,0,0,lessTyped,5,5,2958.18,2907.719,3084.289
stage1,clang,i64,1024,4,0,0,lessTyped,1,5,1703.441,1660.812,1728.523
stage1,clang,i64,1024,4,0,0,greaterVoid,0,5,3315.266,3264.672,3423.027
stage1,clang,i64,1024,4,0,0,greaterVoid,5,5,3008.652,2929.676,3049.516
stage1,clang,i64,1024,4,0,0,greaterVoid,1,5,1760.898,1720.863,1938.828
stage1,clang,i64,1024,4,0,0,greaterTyped,0,5,3039.863,3006.352,3411.418
stage1,clang,i64,1024,4,0,0,greaterTyped,5,5,2629.559,2610.52,2697.941
stage1,clang,i64,1024,4,0,0,greaterTyped,1,5,1543.148,1526.988,1588.543
stage1,clang,i64,1024,22,0,0,lessVoid,5,5,5204.202,4913.397,6538.673
stage1,clang,i64,1024,22,0,0,lessVoid,1,5,2911.938,2688.812,3207.332
stage1,clang,i64,1024,22,0,0,lessVoid,0,5,2886.566,2679.98,2941.914
stage1,clang,i64,1024,22,0,0,lessTyped,5,5,5278.068,4929.207,5419.384
stage1,clang,i64,1024,22,0,0,lessTyped,1,5,2852.234,2797.688,3191.59
stage1,clang,i64,1024,22,0,0,lessTyped,0,5,5115.423,5051.783,5461.717
stage1,clang,i64,1024,22,0,0,greaterVoid,5,5,4693.523,4616.346,4734.486
stage1,clang,i64,1024,22,0,0,greaterVoid,1,5,2852.23,2717.93,2909.508
stage1,clang,i64,1024,22,0,0,greaterVoid,0,5,5251.068,5187.14,6072.461
stage1,clang,i64,1024,22,0,0,greaterTyped,5,5,4714.385,4572.105,4734.302
stage1,clang,i64,1024,22,0,0,greaterTyped,1,5,2892.238,2815.258,3106.41
stage1,clang,i64,1024,22,0,0,greaterTyped,0,5,5263.616,5155.026,5547.945
stage1,clang,i64,1024,64,0,0,lessVoid,0,5,5675.124,5051.98,6454.587
stage1,clang,i64,1024,64,0,0,lessVoid,5,5,5397.608,4956.092,5950.686
stage1,clang,i64,1024,64,0,0,lessVoid,1,5,5951.935,5051.965,6491.658
stage1,clang,i64,1024,64,0,0,lessTyped,0,5,4996.478,4942.271,5379.893
stage1,clang,i64,1024,64,0,0,lessTyped,5,5,5159.969,5023.965,5283.605
stage1,clang,i64,1024,64,0,0,lessTyped,1,5,5786.092,5714.286,6122.439
stage1,clang,i64,1024,64,0,0,greaterVoid,0,5,5040.211,4935.562,5122.235
stage1,clang,i64,1024,64,0,0,greaterVoid,5,5,4503.354,4388.377,5011.86
stage1,clang,i64,1024,64,0,0,greaterVoid,1,5,4990.701,4859.019,5283.347
stage1,clang,i64,1024,64,0,0,greaterTyped,0,5,4945.192,4933.704,5170.959
stage1,clang,i64,1024,64,0,0,greaterTyped,5,5,4441.173,4347.437,4955.851
stage1,clang,i64,1024,64,0,0,greaterTyped,1,5,4950.95,4945.813,4998.308
stage1,clang,i64,1000000,4,0,0,lessVoid,1,5,2847417.0,2682458.0,2930709.0
stage1,clang,i64,1000000,4,0,0,lessVoid,0,5,2753041.0,2583708.0,3064500.0
stage1,clang,i64,1000000,4,0,0,lessVoid,5,5,8513416.0,8246625.0,8681042.0
stage1,clang,i64,1000000,4,0,0,lessTyped,1,5,2683042.0,2533000.0,3220791.0
stage1,clang,i64,1000000,4,0,0,lessTyped,0,5,8492459.0,8380500.0,8603500.0
stage1,clang,i64,1000000,4,0,0,lessTyped,5,5,8633958.0,8548375.0,8933875.0
stage1,clang,i64,1000000,4,0,0,greaterVoid,1,5,2720167.0,2670209.0,3019666.0
stage1,clang,i64,1000000,4,0,0,greaterVoid,0,5,9592000.0,9481083.0,10358667.0
stage1,clang,i64,1000000,4,0,0,greaterVoid,5,5,4140708.0,4065125.0,4567500.0
stage1,clang,i64,1000000,4,0,0,greaterTyped,1,5,2706250.0,2569292.0,2890834.0
stage1,clang,i64,1000000,4,0,0,greaterTyped,0,5,9289833.0,9238666.0,10670625.0
stage1,clang,i64,1000000,4,0,0,greaterTyped,5,5,4010708.0,3971334.0,4346166.0
stage1,clang,i64,1000000,22,0,0,lessVoid,1,5,4328334.0,3893667.0,4516666.0
stage1,clang,i64,1000000,22,0,0,lessVoid,5,5,40003458.0,39793417.0,40544083.0
stage1,clang,i64,1000000,22,0,0,lessVoid,0,5,3826375.0,3820458.0,4381042.0
stage1,clang,i64,1000000,22,0,0,lessTyped,1,5,4225000.0,4010500.0,4516875.0
stage1,clang,i64,1000000,22,0,0,lessTyped,5,5,39549875.0,39183375.0,40464375.0
stage1,clang,i64,1000000,22,0,0,lessTyped,0,5,39422042.0,39147167.0,40155042.0
stage1,clang,i64,1000000,22,0,0,greaterVoid,1,5,4290959.0,3967750.0,4560125.0
stage1,clang,i64,1000000,22,0,0,greaterVoid,5,5,13271417.0,13194792.0,13339291.0
stage1,clang,i64,1000000,22,0,0,greaterVoid,0,5,39181958.0,39008916.0,39519416.0
stage1,clang,i64,1000000,22,0,0,greaterTyped,1,5,4072084.0,3865208.0,4241833.0
stage1,clang,i64,1000000,22,0,0,greaterTyped,5,5,13235542.0,13139208.0,13429916.0
stage1,clang,i64,1000000,22,0,0,greaterTyped,0,5,39005333.0,38983458.0,39080667.0
stage1,clang,i64,1000000,64,0,0,lessVoid,0,5,8021334.0,7781000.0,8596833.0
stage1,clang,i64,1000000,64,0,0,lessVoid,5,5,39753833.0,39618583.0,39851917.0
stage1,clang,i64,1000000,64,0,0,lessVoid,1,5,8100167.0,7762458.0,8177000.0
stage1,clang,i64,1000000,64,0,0,lessTyped,0,5,39504042.0,39483875.0,39900292.0
stage1,clang,i64,1000000,64,0,0,lessTyped,5,5,39945833.0,39553833.0,40177625.0
stage1,clang,i64,1000000,64,0,0,lessTyped,1,5,8015000.0,7814958.0,8250250.0
stage1,clang,i64,1000000,64,0,0,greaterVoid,0,5,39867875.0,39669500.0,40136000.0
stage1,clang,i64,1000000,64,0,0,greaterVoid,5,5,13372542.0,13257875.0,13555292.0
stage1,clang,i64,1000000,64,0,0,greaterVoid,1,5,8044125.0,7787792.0,8295917.0
stage1,clang,i64,1000000,64,0,0,greaterTyped,0,5,39939041.0,39590125.0,40034292.0
stage1,clang,i64,1000000,64,0,0,greaterTyped,5,5,13482125.0,13265250.0,13683083.0
stage1,clang,i64,1000000,64,0,0,greaterTyped,1,5,8111000.0,7982792.0,8307292.0
stage2,gcc,i32,1024,8,0,0,lessVoid,1,5,1457.031,1410.156,1539.062
stage2,gcc,i32,1024,8,0,0,lessVoid,2,5,1437.5,1273.438,1527.344
stage2,gcc,i32,1024,8,0,0,greaterVoid,1,5,1371.094,1359.375,1390.625
stage2,gcc,i32,1024,8,0,0,greaterVoid,2,5,1386.719,1355.469,1437.5
stage2,gcc,i32,1024,8,8,0,lessVoid,2,5,3210.938,3152.344,3335.938
stage2,gcc,i32,1024,8,8,0,lessVoid,1,5,4911.765,4845.411,5714.286
stage2,gcc,i32,1024,8,8,0,greaterVoid,2,5,3210.938,3144.531,3539.062
stage2,gcc,i32,1024,8,8,0,greaterVoid,1,5,4935.961,4864.078,5416.216
stage2,gcc,i32,1024,8,16,0,lessVoid,2,5,4817.308,4735.849,5586.592
stage2,gcc,i32,1024,8,16,0,lessVoid,1,5,8358.333,8088.71,8982.143
stage2,gcc,i32,1024,8,16,0,greaterVoid,2,5,4771.429,4735.849,4835.749
stage2,gcc,i32,1024,8,16,0,greaterVoid,1,5,8056.0,8016.0,8391.667
stage2,gcc,i32,65536,8,0,0,lessVoid,1,5,97363.636,96909.091,97545.455
stage2,gcc,i32,65536,8,0,0,lessVoid,2,5,94363.636,93909.091,95000.0
stage2,gcc,i32,65536,8,0,0,greaterVoid,1,5,93454.545,92727.273,97272.727
stage2,gcc,i32,65536,8,0,0,greaterVoid,2,5,97636.364,97181.818,100400.0
stage2,gcc,i32,65536,8,8,0,lessVoid,1,5,274250.0,255250.0,289000.0
stage2,gcc,i32,65536,8,8,0,lessVoid,2,5,188500.0,180000.0,203400.0
stage2,gcc,i32,65536,8,8,0,greaterVoid,1,5,312750.0,246000.0,616000.0
stage2,gcc,i32,65536,8,8,0,greaterVoid,2,5,210200.0,189000.0,218400.0
stage2,gcc,i32,65536,8,16,0,lessVoid,1,5,443666.667,378000.0,504333.333
stage2,gcc,i32,65536,8,16,0,lessVoid,2,5,304000.0,277250.0,343666.667
stage2,gcc,i32,65536,8,16,0,greaterVoid,1,5,460000.0,410666.667,500500.0
stage2,gcc,i32,65536,8,16,0,greaterVoid,2,5,308750.0,277750.0,335666.667
stage2,gcc,i32,1000000,8,0,0,lessVoid,1,5,2234000.0,2210000.0,2588000.0
stage2,gcc,i32,1000000,8,0,0,lessVoid,2,5,2254000.0,2222000.0,2558000.0
stage2,gcc,i32,1000000,8,0,0,greaterVoid,1,5,2278000.0,2258000.0,2318000.0
stage2,gcc,i32,1000000,8,0,0,greaterVoid,2,5,2325000.0,2244000.0,2363000.0
stage2,gcc,i32,1000000,8,8,0,lessVoid,2,5,3446000.0,3366000.0,3549000.0
stage2,gcc,i32,1000000,8,8,0,lessVoid,1,5,4102000.0,3796000.0,4236000.0
stage2,gcc,i32,1000000,8,8,0,greaterVoid,2,5,3245000.0,3151000.0,3307000.0
stage2,gcc,i32,1000000,8,8,0,greaterVoid,1,5,3486000.0,3470000.0,4440000.0
stage2,gcc,i32,1000000,8,16,0,lessVoid,1,5,5200000.0,4588000.0,5342000.0
stage2,gcc,i32,1000000,8,16,0,lessVoid,2,5,4017000.0,3891000.0,4229000.0
stage2,gcc,i32,1000000,8,16,0,greaterVoid,1,5,5214000.0,4597000.0,5297000.0
stage2,gcc,i32,1000000,8,16,0,greaterVoid,2,5,4003000.0,3948000.0,4784000.0
stage2,gcc,i64,1024,8,0,0,lessVoid,1,5,1578.125,1500.0,1722.656
stage2,gcc,i64,1024,8,0,0,lessVoid,2,5,1574.219,1496.094,1613.281
stage2,gcc,i64,1024,8,0,0,greaterVoid,1,5,1644.531,1488.281,1808.594
stage2,gcc,i64,1024,8,0,0,greaterVoid,2,5,1851.562,1628.906,1898.438
stage2,gcc,i64,1024,8,8,0,lessVoid,2,5,3285.156,3148.438,3578.125
stage2,gcc,i64,1024,8,8,0,lessVoid,1,5,4965.347,4745.283,5213.542
stage2,gcc,i64,1024,8,8,0,greaterVoid,2,5,3433.594,3414.062,3687.5
stage2,gcc,i64,1024,8,8,0,greaterVoid,1,5,4980.1,4812.5,5263.158
stage2,gcc,i64,1024,8,16,0,lessVoid,2,5,4990.05,4840.58,5196.891
stage2,gcc,i64,1024,8,16,0,lessVoid,1,5,8264.463,8178.862,8704.348
stage2,gcc,i64,1024,8,16,0,greaterVoid,2,5,5045.226,5020.0,5235.602
stage2,gcc,i64,1024,8,16,0,greaterVoid,1,5,8195.122,8138.211,8366.667
stage2,gcc,i64,65536,8,0,0,lessVoid,1,5,109400.0,108700.0,115666.667
stage2,gcc,i64,65536,8,0,0,lessVoid,2,5,111500.0,108600.0,116777.778
stage2,gcc,i64,65536,8,0,0,greaterVoid,1,5,109000.0,108100.0,111555.556
stage2,gcc,i64,65536,8,0,0,greaterVoid,2,5,114888.889,112000.0,121222.222
stage2,gcc,i64,65536,8,8,0,lessVoid,1,5,310750.0,296250.0,323750.0
stage2,gcc,i64,65536,8,8,0,lessVoid,2,5,214000.0,201800.0,216000.0
stage2,gcc,i64,65536,8,8,0,greaterVoid,1,5,292500.0,282250.0,306250.0
stage2,gcc,i64,65536,8,8,0,greaterVoid,2,5,201400.0,200000.0,222000.0
stage2,gcc,i64,65536,8,16,0,lessVoid,1,5,466666.667,460333.333,476000.0
stage2,gcc,i64,65536,8,16,0,lessVoid,2,5,296750.0,266500.0,298000.0
stage2,gcc,i64,65536,8,16,0,greaterVoid,1,5,477333.333,452000.0,500000.0
stage2,gcc,i64,65536,8,16,0,greaterVoid,2,5,282000.0,273000.0,301250.0
stage2,gcc,i64,1000000,8,0,0,lessVoid,1,5,2440000.0,2362000.0,2559000.0
stage2,gcc,i64,1000000,8,0,0,lessVoid,2,5,2456000.0,2396000.0,2548000.0
stage2,gcc,i64,1000000,8,0,0,greaterVoid,1,5,2483000.0,2434000.0,2647000.0
stage2,gcc,i64,1000000,8,0,0,greaterVoid,2,5,2559000.0,2380000.0,2627000.0
stage2,gcc,i64,1000000,8,8,0,lessVoid,2,5,4055000.0,3558000.0,4140000.0
stage2,gcc,i64,1000000,8,8,0,lessVoid,1,5,5007000.0,4845000.0,5261000.0
stage2,gcc,i64,1000000,8,8,0,greaterVoid,2,5,3669000.0,3452000.0,4164000.0
stage2,gcc,i64,1000000,8,8,0,greaterVoid,1,5,4894000.0,4668000.0,5371000.0
stage2,gcc,i64,1000000,8,16,0,lessVoid,1,5,8063000.0,7239000.0,8529000.0
stage2,gcc,i64,1000000,8,16,0,lessVoid,2,5,5129000.0,4990000.0,5148000.0
stage2,gcc,i64,1000000,8,16,0,greaterVoid,1,5,7876000.0,7799000.0,8161000.0
stage2,gcc,i64,1000000,8,16,0,greaterVoid,2,5,5022000.0,4726000.0,5237000.0
stage2,clang,i32,1024,8,0,0,lessVoid,1,5,1367.523,1275.215,1479.984
stage2,clang,i32,1024,8,0,0,lessVoid,2,5,1341.301,1204.734,1374.195
stage2,clang,i32,1024,8,0,0,greaterVoid,1,5,1401.52,1211.422,1442.168
stage2,clang,i32,1024,8,0,0,greaterVoid,2,5,1355.633,1226.723,1453.914
stage2,clang,i32,1024,8,8,0,lessVoid,2,5,3276.383,2955.094,3298.156
stage2,clang,i32,1024,8,8,0,lessVoid,1,5,5053.045,4846.633,5242.55
stage2,clang,i32,1024,8,8,0,greaterVoid,2,5,3462.773,3050.918,3971.556
stage2,clang,i32,1024,8,8,0,greaterVoid,1,5,5271.711,4733.693,5894.6
stage2,clang,i32,1024,8,16,0,lessVoid,1,5,8048.688,7811.357,9415.86
stage2,clang,i32,1024,8,16,0,lessVoid,2,5,4479.357,4450.733,5248.937
stage2,clang,i32,1024,8,16,0,greaterVoid,1,5,9006.375,7936.841,9127.236
stage2,clang,i32,1024,8,16,0,greaterVoid,2,5,5210.911,4811.087,5402.344
stage2,clang,i32,65536,8,0,0,lessVoid,1,5,84840.417,83517.25,104237.7
stage2,clang,i32,65536,8,0,0,lessVoid,2,5,88371.583,86486.083,108366.5
stage2,clang,i32,65536,8,0,0,greaterVoid,1,5,87441.083,77077.429,104220.7
stage2,clang,i32,65536,8,0,0,greaterVoid,2,5,96518.818,83621.75,119152.778
stage2,clang,i32,65536,8,8,0,lessVoid,2,5,196569.333,182486.0,214833.2
stage2,clang,i32,65536,8,8,0,lessVoid,1,5,286479.5,241975.0,321333.5
stage2,clang,i32,65536,8,8,0,greaterVoid,2,5,176347.333,168964.143,188472.167
stage2,clang,i32,65536,8,8,0,greaterVoid,1,5,266656.0,252739.5,276312.75
stage2,clang,i32,65536,8,16,0,lessVoid,2,5,312833.5,260656.25,361972.0
stage2,clang,i32,65536,8,16,0,lessVoid,1,5,449666.333,407555.667,507312.5
stage2,clang,i32,65536,8,16,0,greaterVoid,2,5,290729.25,250844.0,321083.25
stage2,clang,i32,65536,8,16,0,greaterVoid,1,5,426916.667,385444.333,518771.0
stage2,clang,i32,1000000,8,0,0,lessVoid,2,5,2466375.0,2189000.0,2629292.0
stage2,clang,i32,1000000,8,0,0,lessVoid,1,5,2480417.0,2191292.0,2537625.0
stage2,clang,i32,1000000,8,0,0,greaterVoid,2,5,2425917.0,2156833.0,2738833.0
stage2,clang,i32,1000000,8,0,0,greaterVoid,1,5,2549625.0,2204708.0,2628375.0
stage2,clang,i32,1000000,8,8,0,lessVoid,1,5,3980208.0,3916125.0,4003750.0
stage2,clang,i32,1000000,8,8,0,lessVoid,2,5,3551083.0,3416875.0,3585333.0
stage2,clang,i32,1000000,8,8,0,greaterVoid,1,5,3865583.0,3471459.0,4007375.0
stage2,clang,i32,1000000,8,8,0,greaterVoid,2,5,3637459.0,3517250.0,3733334.0
stage2,clang,i32,1000000,8,16,0,lessVoid,1,5,5118208.0,4741084.0,5570125.0
stage2,clang,i32,1000000,8,16,0,lessVoid,2,5,4386000.0,3930417.0,4563208.0
stage2,clang,i32,1000000,8,16,0,greaterVoid,1,5,5443167.0,5349875.0,5588500.0
stage2,clang,i32,1000000,8,16,0,greaterVoid,2,5,4574125.0,4499709.0,4727417.0
stage2,clang,i64,1024,8,0,0,lessVoid,1,5,1500.68,1456.543,1561.855
stage2,clang,i64,1024,8,0,0,lessVoid,2,5,1481.109,1451.656,1490.238
stage2,clang,i64,1024,8,0,0,greaterVoid,1,5,1452.504,1383.289,1505.055
stage2,clang,i64,1024,8,0,0,greaterVoid,2,5,1462.582,1392.082,1491.547
stage2,clang,i64,1024,8,8,0,lessVoid,2,5,3432.605,3388.359,3509.777
stage2,clang,i64,1024,8,8,0,lessVoid,1,5,5302.905,4865.485,5362.07
stage2,clang,i64,1024,8,8,0,greaterVoid,2,5,3253.297,3115.746,3463.879
stage2,clang,i64,1024,8,8,0,greaterVoid,1,5,5335.09,4732.538,5468.115
stage2,clang,i64,1024,8,16,0,lessVoid,1,5,9177.358,8734.757,9264.639
stage2,clang,i64,1024,8,16,0,lessVoid,2,5,5262.644,4701.695,5352.021
stage2,clang,i64,1024,8,16,0,greaterVoid,1,5,8830.825,8221.664,9259.611
stage2,clang,i64,1024,8,16,0,greaterVoid,2,5,5171.624,4655.8,5379.231
stage2,clang,i64,65536,8,0,0,lessVoid,1,5,104262.4,92799.091,109591.6
stage2,clang,i64,65536,8,0,0,lessVoid,2,5,96526.455,94363.455,125895.875
stage2,clang,i64,65536,8,0,0,greaterVoid,1,5,105283.2,96329.727,139052.125
stage2,clang,i64,65536,8,0,0,greaterVoid,2,5,103629.2,95412.909,143565.429
stage2,clang,i64,65536,8,8,0,lessVoid,2,5,252983.2,214233.6,541812.5
stage2,clang,i64,65536,8,8,0,lessVoid,1,5,296552.0,259066.4,688114.5
stage2,clang,i64,65536,8,8,0,greaterVoid,2,5,227133.4,215575.4,254864.5
stage2,clang,i64,65536,8,8,0,greaterVoid,1,5,376986.0,335277.333,458736.333
stage2,clang,i64,65536,8,16,0,lessVoid,2,5,318604.25,295437.75,343736.333
stage2,clang,i64,65536,8,16,0,lessVoid,1,5,429055.667,420833.667,533166.5
stage2,clang,i64,65536,8,16,0,greaterVoid,2,5,299708.25,260625.25,304666.75
stage2,clang,i64,65536,8,16,0,greaterVoid,1,5,516396.0,411527.333,543416.5
stage2,clang,i64,1000000,8,0,0,lessVoid,2,5,3076458.0,2651750.0,3189208.0
stage2,clang,i64,1000000,8,0,0,lessVoid,1,5,3036500.0,2742583.0,3070792.0
stage2,clang,i64,1000000,8,0,0,greaterVoid,2,5,3148458.0,2902291.0,3288709.0
stage2,clang,i64,1000000,8,0,0,greaterVoid,1,5,2825459.0,2738625.0,3169291.0
stage2,clang,i64,1000000,8,8,0,lessVoid,1,5,4495458.0,3770084.0,4897333.0
stage2,clang,i64,1000000,8,8,0,lessVoid,2,5,4077167.0,3588083.0,4129875.0
stage2,clang,i64,1000000,8,8,0,greaterVoid,1,5,4690500.0,3937375.0,5030459.0
stage2,clang,i64,1000000,8,8,0,greaterVoid,2,5,3795916.0,3704083.0,3955958.0
stage2,clang,i64,1000000,8,16,0,lessVoid,1,5,4050167.0,3987166.0,4728625.0
stage2,clang,i64,1000000,8,16,0,lessVoid,2,5,4382208.0,4194708.0,4731334.0
stage2,clang,i64,1000000,8,16,0,greaterVoid,1,5,5709209.0,5225417.0,6478042.0
stage2,clang,i64,1000000,8,16,0,greaterVoid,2,5,4451417.0,4295667.0,4563583.0
stage3,gcc,i32,256,4,0,0,lessVoid,3,5,1203.125,1160.156,1210.938
stage3,gcc,i32,256,4,0,0,lessVoid,2,5,585.938,582.031,593.75
stage3,gcc,i32,256,4,0,0,lessVoid,4,5,11709.302,11609.195,11788.235
stage3,gcc,i32,256,16,0,0,lessVoid,2,5,1218.75,1210.938,1238.281
stage3,gcc,i32,256,16,0,0,lessVoid,4,5,1222.656,1187.5,1257.812
stage3,gcc,i32,256,16,0,0,lessVoid,3,5,1191.406,1121.094,1242.188
stage3,gcc,i32,256,22,0,0,lessVoid,3,5,1207.031,1187.5,1269.531
stage3,gcc,i32,256,22,0,0,lessVoid,4,5,1214.844,1183.594,1250.0
stage3,gcc,i32,256,22,0,0,lessVoid,2,5,1203.125,1175.781,1242.188
stage3,gcc,i32,256,32,0,0,lessVoid,2,5,1214.844,1152.344,1476.562
stage3,gcc,i32,256,32,0,0,lessVoid,3,5,1207.031,1195.312,1300.781
stage3,gcc,i32,256,32,0,0,lessVoid,4,5,1210.938,1183.594,1261.719
stage3,gcc,i32,256,8,16,0,lessVoid,4,5,1425.781,1394.531,1437.5
stage3,gcc,i32,256,8,16,0,lessVoid,2,5,1386.719,1347.656,1410.156
stage3,gcc,i32,256,8,16,0,lessVoid,3,5,1406.25,1359.375,1511.719
stage3,gcc,i32,1024,4,0,0,lessVoid,2,5,1730.469,1718.75,1835.938
stage3,gcc,i32,1024,4,0,0,lessVoid,3,5,2312.5,2285.156,2371.094
stage3,gcc,i32,1024,4,0,0,lessVoid,4,5,12948.718,12721.519,12987.013
stage3,gcc,i32,1024,16,0,0,lessVoid,3,5,3824.219,3769.531,3940.945
stage3,gcc,i32,1024,16,0,0,lessVoid,4,5,30787.879,30575.758,31593.75
stage3,gcc,i32,1024,16,0,0,lessVoid,2,5,2527.344,2484.375,2605.469
stage3,gcc,i32,1024,22,0,0,lessVoid,3,5,3656.25,3644.531,3808.594
stage3,gcc,i32,1024,22,0,0,lessVoid,4,5,28472.222,28388.889,28685.714
stage3,gcc,i32,1024,22,0,0,lessVoid,2,5,3394.531,3324.219,3453.125
stage3,gcc,i32,1024,32,0,0,lessVoid,2,5,4028.112,4024.096,4157.676
stage3,gcc,i32,1024,32,0,0,lessVoid,3,5,4995.025,4975.124,5045.226
stage3,gcc,i32,1024,32,0,0,lessVoid,4,5,44130.435,43913.043,45478.261
stage3,gcc,i32,1024,8,16,0,lessVoid,2,5,5335.106,5306.878,5352.941
stage3,gcc,i32,1024,8,16,0,lessVoid,4,5,16491.803,16442.623,16733.333
stage3,gcc,i32,1024,8,16,0,lessVoid,3,5,7299.27,7223.022,7422.222
stage3,gcc,i32,4096,4,0,0,lessVoid,3,5,6301.887,6268.75,6611.842
stage3,gcc,i32,4096,4,0,0,lessVoid,4,5,16590.164,15600.0,17033.898
stage3,gcc,i32,4096,4,0,0,lessVoid,2,5,5900.0,5623.596,6060.606
stage3,gcc,i32,4096,16,0,0,lessVoid,2,5,7976.19,7707.692,8411.765
stage3,gcc,i32,4096,16,0,0,lessVoid,3,5,10340.206,9411.215,10589.474
stage3,gcc,i32,4096,16,0,0,lessVoid,4,5,42041.667,41360.0,45772.727
stage3,gcc,i32,4096,22,0,0,lessVoid,2,5,11087.912,10437.5,11823.529
stage3,gcc,i32,4096,22,0,0,lessVoid,4,5,36785.714,33366.667,37428.571
stage3,gcc,i32,4096,22,0,0,lessVoid,3,5,8483.051,8341.667,9411.215
stage3,gcc,i32,4096,32,0,0,lessVoid,4,5,56222.222,53947.368,59941.176
stage3,gcc,i32,4096,32,0,0,lessVoid,3,5,12345.679,11858.824,12910.256
stage3,gcc,i32,4096,32,0,0,lessVoid,2,5,14084.507,13930.556,14681.159
stage3,gcc,i32,4096,8,16,0,lessVoid,4,5,26102.564,22600.0,26342.105
stage3,gcc,i32,4096,8,16,0,lessVoid,2,5,19000.0,18160.714,19745.098
stage3,gcc,i32,4096,8,16,0,lessVoid,3,5,23604.651,22727.273,23833.333
stage3,gcc,i32,16384,4,0,0,lessVoid,4,5,34266.667,31593.75,36428.571
stage3,gcc,i32,16384,4,0,0,lessVoid,2,5,24609.756,22266.667,24853.659
stage3,gcc,i32,16384,4,0,0,lessVoid,3,5,25024.39,22622.222,27861.111
stage3,gcc,i32,16384,16,0,0,lessVoid,3,5,36428.571,35413.793,37666.667
stage3,gcc,i32,16384,16,0,0,lessVoid,4,5,107700.0,105500.0,109300.0
stage3,gcc,i32,16384,16,0,0,lessVoid,2,5,32709.677,32062.5,33866.667
stage3,gcc,i32,16384,22,0,0,lessVoid,2,5,45086.957,41360.0,46136.364
stage3,gcc,i32,16384,22,0,0,lessVoid,4,5,69600.0,62625.0,70733.333
stage3,gcc,i32,16384,22,0,0,lessVoid,3,5,32322.581,29529.412,36750.0
stage3,gcc,i32,16384,32,0,0,lessVoid,4,5,111300.0,105200.0,126500.0
stage3,gcc,i32,16384,32,0,0,lessVoid,2,5,51800.0,51000.0,60352.941
stage3,gcc,i32,16384,32,0,0,lessVoid,3,5,46090.909,41958.333,47857.143
stage3,gcc,i32,16384,8,16,0,lessVoid,3,5,90416.667,87750.0,91818.182
stage3,gcc,i32,16384,8,16,0,lessVoid,2,5,76571.429,74000.0,80230.769
stage3,gcc,i32,16384,8,16,0,lessVoid,4,5,60352.941,59882.353,62058.824
stage3,gcc,i32,65536,4,0,0,lessVoid,2,5,120222.222,114777.778,146000.0
stage3,gcc,i32,65536,4,0,0,lessVoid,3,5,113222.222,101600.0,115777.778
stage3,gcc,i32,65536,4,0,0,lessVoid,4,5,133125.0,122222.222,145000.0
stage3,gcc,i32,65536,16,0,0,lessVoid,4,5,365000.0,350333.333,438666.667
stage3,gcc,i32,65536,16,0,0,lessVoid,3,5,162428.571,150142.857,179666.667
stage3,gcc,i32,65536,16,0,0,lessVoid,2,5,137500.0,131875.0,172333.333
stage3,gcc,i32,65536,22,0,0,lessVoid,4,5,211800.0,194666.667,257250.0
stage3,gcc,i32,65536,22,0,0,lessVoid,2,5,210600.0,196166.667,217800.0
stage3,gcc,i32,65536,22,0,0,lessVoid,3,5,150714.286,145375.0,157428.571
stage3,gcc,i32,65536,32,0,0,lessVoid,2,5,234400.0,227800.0,240000.0
stage3,gcc,i32,65536,32,0,0,lessVoid,4,5,415666.667,376000.0,426333.333
stage3,gcc,i32,65536,32,0,0,lessVoid,3,5,195333.333,190500.0,203000.0
stage3,gcc,i32,65536,8,16,0,lessVoid,3,5,347000.0,312500.0,389333.333
stage3,gcc,i32,65536,8,16,0,lessVoid,4,5,196500.0,179666.667,223200.0
stage3,gcc,i32,65536,8,16,0,lessVoid,2,5,310750.0,289250.0,336000.0
stage3,gcc,i32,262144,4,0,0,lessVoid,3,5,615000.0,557500.0,643000.0
stage3,gcc,i32,262144,4,0,0,lessVoid,4,5,655500.0,603000.0,707000.0
stage3,gcc,i32,262144,4,0,0,lessVoid,2,5,628500.0,563000.0,660500.0
stage3,gcc,i32,262144,16,0,0,lessVoid,3,5,797000.0,728500.0,822500.0
stage3,gcc,i32,262144,16,0,0,lessVoid,4,5,1587000.0,1474000.0,1724000.0
stage3,gcc,i32,262144,16,0,0,lessVoid,2,5,689000.0,670000.0,787000.0
stage3,gcc,i32,262144,22,0,0,lessVoid,4,5,1047000.0,1009500.0,1073000.0
stage3,gcc,i32,262144,22,0,0,lessVoid,3,5,809000.0,767000.0,843000.0
stage3,gcc,i32,262144,22,0,0,lessVoid,2,5,960500.0,927500.0,1014000.0
stage3,gcc,i32,262144,32,0,0,lessVoid,4,5,1741000.0,1728000.0,1773000.0
stage3,gcc,i32,262144,32,0,0,lessVoid,3,5,977500.0,964000.0,1007000.0
stage3,gcc,i32,262144,32,0,0,lessVoid,2,5,1141000.0,1120000.0,1174000.0
stage3,gcc,i32,262144,8,16,0,lessVoid,4,5,852000.0,765000.0,1049000.0
stage3,gcc,i32,262144,8,16,0,lessVoid,3,5,1435000.0,1327000.0,1527000.0
stage3,gcc,i32,262144,8,16,0,lessVoid,2,5,1127000.0,959000.0,1239000.0
stage3,gcc,i32,1000000,4,0,0,lessVoid,2,5,2520000.0,2448000.0,2771000.0
stage3,gcc,i32,1000000,4,0,0,lessVoid,4,5,2426000.0,2374000.0,2852000.0
stage3,gcc,i32,1000000,4,0,0,lessVoid,3,5,2709000.0,2501000.0,2814000.0
stage3,gcc,i32,1000000,16,0,0,lessVoid,3,5,3301000.0,3053000.0,3490000.0
stage3,gcc,i32,1000000,16,0,0,lessVoid,2,5,3246000.0,2991000.0,3566000.0
stage3,gcc,i32,1000000,16,0,0,lessVoid,4,5,6117000.0,5596000.0,6425000.0
stage3,gcc,i32,1000000,22,0,0,lessVoid,4,5,4280000.0,4256000.0,4307000.0
stage3,gcc,i32,1000000,22,0,0,lessVoid,2,5,4143000.0,4059000.0,4384000.0
stage3,gcc,i32,1000000,22,0,0,lessVoid,3,5,3418000.0,3334000.0,3493000.0
stage3,gcc,i32,1000000,32,0,0,lessVoid,4,5,6722000.0,6527000.0,6870000.0
stage3,gcc,i32,1000000,32,0,0,lessVoid,2,5,4928000.0,4886000.0,4958000.0
stage3,gcc,i32,1000000,32,0,0,lessVoid,3,5,4285000.0,3807000.0,4414000.0
stage3,gcc,i32,1000000,8,16,0,lessVoid,2,5,4322000.0,4130000.0,4571000.0
stage3,gcc,i32,1000000,8,16,0,lessVoid,4,5,3578000.0,3387000.0,3646000.0
stage3,gcc,i32,1000000,8,16,0,lessVoid,3,5,5771000.0,5514000.0,5878000.0
stage3,gcc,i32,2000000,4,0,0,lessVoid,2,5,5185000.0,4872000.0,5449000.0
stage3,gcc,i32,2000000,4,0,0,lessVoid,4,5,5269000.0,4899000.0,5400000.0
stage3,gcc,i32,2000000,4,0,0,lessVoid,3,5,5278000.0,5217000.0,5737000.0
stage3,gcc,i32,2000000,16,0,0,lessVoid,3,5,7218000.0,6890000.0,7496000.0
stage3,gcc,i32,2000000,16,0,0,lessVoid,2,5,6883000.0,6634000.0,7064000.0
stage3,gcc,i32,2000000,16,0,0,lessVoid,4,5,13248000.0,12804000.0,13750000.0
stage3,gcc,i32,2000000,22,0,0,lessVoid,4,5,8715000.0,8266000.0,9155000.0
stage3,gcc,i32,2000000,22,0,0,lessVoid,2,5,8731000.0,8283000.0,8880000.0
stage3,gcc,i32,2000000,22,0,0,lessVoid,3,5,7118000.0,6566000.0,7331000.0
stage3,gcc,i32,2000000,32,0,0,lessVoid,3,5,8896000.0,8038000.0,9092000.0
stage3,gcc,i32,2000000,32,0,0,lessVoid,4,5,13868000.0,12428000.0,14030000.0
stage3,gcc,i32,2000000,32,0,0,lessVoid,2,5,10614000.0,10163000.0,10651000.0
stage3,gcc,i32,2000000,8,16,0,lessVoid,4,5,7112000.0,6593000.0,7338000.0
stage3,gcc,i32,2000000,8,16,0,lessVoid,3,5,11727000.0,11431000.0,11854000.0
stage3,gcc,i32,2000000,8,16,0,lessVoid,2,5,8691000.0,8527000.0,9267000.0
stage3,gcc,i64,256,4,0,0,lessVoid,3,5,1214.844,1046.875,1222.656
stage3,gcc,i64,256,4,0,0,lessVoid,2,5,613.281,527.344,625.0
stage3,gcc,i64,256,4,0,0,lessVoid,4,5,11709.302,11269.663,11858.824
stage3,gcc,i64,256,16,0,0,lessVoid,2,5,1089.844,1050.781,1128.906
stage3,gcc,i64,256,16,0,0,lessVoid,4,5,1066.406,1031.25,1113.281
stage3,gcc,i64,256,16,0,0,lessVoid,3,5,1074.219,1050.781,1132.812
stage3,gcc,i64,256,22,0,0,lessVoid,3,5,1109.375,1089.844,1347.656
stage3,gcc,i64,256,22,0,0,lessVoid,4,5,1125.0,1082.031,1343.75
stage3,gcc,i64,256,22,0,0,lessVoid,2,5,1097.656,1089.844,1328.125
stage3,gcc,i64,256,64,0,0,lessVoid,4,5,1355.469,1316.406,1382.812
stage3,gcc,i64,256,64,0,0,lessVoid,2,5,1375.0,1359.375,1402.344
stage3,gcc,i64,256,64,0,0,lessVoid,3,5,1375.0,1359.375,1449.219
stage3,gcc,i64,256,8,16,0,lessVoid,4,5,1347.656,1335.938,1363.281
stage3,gcc,i64,256,8,16,0,lessVoid,2,5,1347.656,1335.938,1355.469
stage3,gcc,i64,256,8,16,0,lessVoid,3,5,1343.75,1335.938,1382.812
stage3,gcc,i64,1024,4,0,0,lessVoid,2,5,2113.281,2078.125,2121.094
stage3,gcc,i64,1024,4,0,0,lessVoid,3,5,2679.688,2652.344,2710.938
stage3,gcc,i64,1024,4,0,0,lessVoid,4,5,13184.211,12923.077,13360.0
stage3,gcc,i64,1024,16,0,0,lessVoid,3,5,3882.812,3585.938,3937.008
stage3,gcc,i64,1024,16,0,0,lessVoid,4,5,31843.75,29941.176,33129.032
stage3,gcc,i64,1024,16,0,0,lessVoid,2,5,2570.312,2355.469,2578.125
stage3,gcc,i64,1024,22,0,0,lessVoid,3,5,3656.25,3488.281,3664.062
stage3,gcc,i64,1024,22,0,0,lessVoid,4,5,29558.824,28361.111,29794.118
stage3,gcc,i64,1024,22,0,0,lessVoid,2,5,3375.0,3355.469,3570.312
stage3,gcc,i64,1024,64,0,0,lessVoid,4,5,6512.987,6401.274,6532.468
stage3,gcc,i64,1024,64,0,0,lessVoid,3,5,6493.506,6268.75,6843.537
stage3,gcc,i64,1024,64,0,0,lessVoid,2,5,6519.481,6442.308,6555.556
stage3,gcc,i64,1024,8,16,0,lessVoid,2,5,5381.72,5368.984,5410.811
stage3,gcc,i64,1024,8,16,0,lessVoid,4,5,16409.836,16258.065,17275.862
stage3,gcc,i64,1024,8,16,0,lessVoid,3,5,7404.412,7352.941,7470.149
stage3,gcc,i64,4096,4,0,0,lessVoid,3,5,8893.805,8884.956,8964.286
stage3,gcc,i64,4096,4,0,0,lessVoid,4,5,18722.222,18629.63,19627.451
stage3,gcc,i64,4096,4,0,0,lessVoid,2,5,8264.463,8229.508,8383.333
stage3,gcc,i64,4096,16,0,0,lessVoid,2,5,9000.0,8186.992,9211.009
stage3,gcc,i64,4096,16,0,0,lessVoid,3,5,11337.079,10010.0,11597.701
stage3,gcc,i64,4096,16,0,0,lessVoid,4,5,42000.0,41400.0,47500.0
stage3,gcc,i64,4096,22,0,0,lessVoid,2,5,12500.0,11928.571,12650.0
stage3,gcc,i64,4096,22,0,0,lessVoid,4,5,38259.259,37777.778,38538.462
stage3,gcc,i64,4096,22,0,0,lessVoid,3,5,10531.25,10416.667,10763.441
stage3,gcc,i64,4096,64,0,0,lessVoid,2,5,25794.872,25692.308,27027.027
stage3,gcc,i64,4096,64,0,0,lessVoid,4,5,98181.818,98090.909,100600.0
stage3,gcc,i64,4096,64,0,0,lessVoid,3,5,23904.762,23744.186,24047.619
stage3,gcc,i64,4096,8,16,0,lessVoid,4,5,27405.405,27243.243,27702.703
stage3,gcc,i64,4096,8,16,0,lessVoid,2,5,21595.745,21446.809,22173.913
stage3,gcc,i64,4096,8,16,0,lessVoid,3,5,26307.692,26051.282,26447.368
stage3,gcc,i64,16384,4,0,0,lessVoid,4,5,44304.348,39461.538,48130.435
stage3,gcc,i64,16384,4,0,0,lessVoid,2,5,34300.0,33666.667,35068.966
stage3,gcc,i64,16384,4,0,0,lessVoid,3,5,35137.931,33032.258,51450.0
stage3,gcc,i64,16384,16,0,0,lessVoid,3,5,46227.273,42458.333,71428.571
stage3,gcc,i64,16384,16,0,0,lessVoid,4,5,106900.0,100100.0,113777.778
stage3,gcc,i64,16384,16,0,0,lessVoid,2,5,40400.0,36000.0,41833.333
stage3,gcc,i64,16384,22,0,0,lessVoid,2,5,53947.368,53526.316,55666.667
stage3,gcc,i64,16384,22,0,0,lessVoid,4,5,75357.143,73071.429,77153.846
stage3,gcc,i64,16384,22,0,0,lessVoid,3,5,42958.333,40160.0,50400.0
stage3,gcc,i64,16384,64,0,0,lessVoid,2,5,116444.444,116333.333,118111.111
stage3,gcc,i64,16384,64,0,0,lessVoid,4,5,199166.667,198833.333,221800.0
stage3,gcc,i64,16384,64,0,0,lessVoid,3,5,100300.0,98090.909,108100.0
stage3,gcc,i64,16384,8,16,0,lessVoid,3,5,98909.091,97454.545,100800.0
stage3,gcc,i64,16384,8,16,0,lessVoid,2,5,83307.692,81769.231,84666.667
stage3,gcc,i64,16384,8,16,0,lessVoid,4,5,68866.667,67133.333,70800.0
stage3,gcc,i64,65536,4,0,0,lessVoid,2,5,142625.0,135625.0,146571.429
stage3,gcc,i64,65536,4,0,0,lessVoid,3,5,142500.0,137000.0,179833.333
stage3,gcc,i64,65536,4,0,0,lessVoid,4,5,154571.429,143000.0,156142.857
stage3,gcc,i64,65536,16,0,0,lessVoid,4,5,418333.333,396333.333,432000.0
stage3,gcc,i64,65536,16,0,0,lessVoid,3,5,179500.0,174333.333,213000.0
stage3,gcc,i64,65536,16,0,0,lessVoid,2,5,156142.857,154285.714,200800.0
stage3,gcc,i64,65536,22,0,0,lessVoid,4,5,262250.0,254000.0,274500.0
stage3,gcc,i64,65536,22,0,0,lessVoid,2,5,223600.0,216800.0,235000.0
stage3,gcc,i64,65536,22,0,0,lessVoid,3,5,173500.0,162142.857,190333.333
stage3,gcc,i64,65536,64,0,0,lessVoid,2,5,485000.0,469666.667,506500.0
stage3,gcc,i64,65536,64,0,0,lessVoid,4,5,663500.0,653500.0,676000.0
stage3,gcc,i64,65536,64,0,0,lessVoid,3,5,398000.0,394333.333,446666.667
stage3,gcc,i64,65536,8,16,0,lessVoid,3,5,374666.667,370333.333,392333.333
stage3,gcc,i64,65536,8,16,0,lessVoid,4,5,244400.0,223000.0,253250.0
stage3,gcc,i64,65536,8,16,0,lessVoid,2,5,329250.0,305000.0,377000.0
stage3,gcc,i64,262144,4,0,0,lessVoid,3,5,752000.0,711500.0,792000.0
stage3,gcc,i64,262144,4,0,0,lessVoid,4,5,729000.0,712000.0,824500.0
stage3,gcc,i64,262144,4,0,0,lessVoid,2,5,738000.0,707500.0,828500.0
stage3,gcc,i64,262144,16,0,0,lessVoid,3,5,896500.0,890000.0,1235000.0
stage3,gcc,i64,262144,16,0,0,lessVoid,4,5,1745000.0,1729000.0,1770000.0
stage3,gcc,i64,262144,16,0,0,lessVoid,2,5,903500.0,876000.0,1108000.0
stage3,gcc,i64,262144,22,0,0,lessVoid,4,5,1178000.0,1151000.0,1191000.0
stage3,gcc,i64,262144,22,0,0,lessVoid,3,5,913000.0,841000.0,980000.0
stage3,gcc,i64,262144,22,0,0,lessVoid,2,5,1112000.0,1044000.0,1313000.0
stage3,gcc,i64,262144,64,0,0,lessVoid,2,5,2204000.0,2122000.0,2351000.0
stage3,gcc,i64,262144,64,0,0,lessVoid,4,5,2658000.0,2626000.0,2828000.0
stage3,gcc,i64,262144,64,0,0,lessVoid,3,5,1830000.0,1827000.0,1882000.0
stage3,gcc,i64,262144,8,16,0,lessVoid,4,5,958000.0,808000.0,1099000.0
stage3,gcc,i64,262144,8,16,0,lessVoid,3,5,1565000.0,1470000.0,1624000.0
stage3,gcc,i64,262144,8,16,0,lessVoid,2,5,1209000.0,1137000.0,1283000.0
stage3,gcc,i64,1000000,4,0,0,lessVoid,2,5,2976000.0,2658000.0,3056000.0
stage3,gcc,i64,1000000,4,0,0,lessVoid,4,5,2959000.0,2807000.0,3107000.0
stage3,gcc,i64,1000000,4,0,0,lessVoid,3,5,2779000.0,2739000.0,3056000.0
stage3,gcc,i64,1000000,16,0,0,lessVoid,3,5,3938000.0,3837000.0,4575000.0
stage3,gcc,i64,1000000,16,0,0,lessVoid,2,5,3994000.0,3609000.0,4292000.0
stage3,gcc,i64,1000000,16,0,0,lessVoid,4,5,6813000.0,6692000.0,6908000.0
stage3,gcc,i64,1000000,22,0,0,lessVoid,4,5,4847000.0,4610000.0,5105000.0
stage3,gcc,i64,1000000,22,0,0,lessVoid,2,5,4956000.0,4781000.0,4969000.0
stage3,gcc,i64,1000000,22,0,0,lessVoid,3,5,4106000.0,3895000.0,4111000.0
stage3,gcc,i64,1000000,64,0,0,lessVoid,3,5,7841000.0,7598000.0,8124000.0
stage3,gcc,i64,1000000,64,0,0,lessVoid,4,5,10396000.0,9167000.0,10573000.0
stage3,gcc,i64,1000000,64,0,0,lessVoid,2,5,9518000.0,8974000.0,10416000.0
stage3,gcc,i64,1000000,8,16,0,lessVoid,2,5,4859000.0,4637000.0,5125000.0
stage3,gcc,i64,1000000,8,16,0,lessVoid,4,5,3887000.0,3587000.0,4131000.0
stage3,gcc,i64,1000000,8,16,0,lessVoid,3,5,5893000.0,5596000.0,6294000.0
stage3,gcc,i64,2000000,4,0,0,lessVoid,2,5,5067000.0,5034000.0,5215000.0
stage3,gcc,i64,2000000,4,0,0,lessVoid,4,5,5072000.0,5032000.0,5137000.0
stage3,gcc,i64,2000000,4,0,0,lessVoid,3,5,5147000.0,5018000.0,5167000.0
stage3,gcc,i64,2000000,16,0,0,lessVoid,3,5,7202000.0,6885000.0,7366000.0
stage3,gcc,i64,2000000,16,0,0,lessVoid,2,5,7526000.0,7244000.0,9241000.0
stage3,gcc,i64,2000000,16,0,0,lessVoid,4,5,12320000.0,11606000.0,13111000.0
stage3,gcc,i64,2000000,22,0,0,lessVoid,4,5,9158000.0,9031000.0,9179000.0
stage3,gcc,i64,2000000,22,0,0,lessVoid,2,5,9412000.0,9341000.0,9579000.0
stage3,gcc,i64,2000000,22,0,0,lessVoid,3,5,7593000.0,7519000.0,7655000.0
stage3,gcc,i64,2000000,64,0,0,lessVoid,3,5,16669000.0,16301000.0,16735000.0
stage3,gcc,i64,2000000,64,0,0,lessVoid,4,5,20229000.0,19890000.0,20420000.0
stage3,gcc,i64,2000000,64,0,0,lessVoid,2,5,20811000.0,20776000.0,21318000.0
stage3,gcc,i64,2000000,8,16,0,lessVoid,4,5,7159000.0,6928000.0,7289000.0
stage3,gcc,i64,2000000,8,16,0,lessVoid,3,5,11590000.0,11248000.0,11611000.0
stage3,gcc,i64,2000000,8,16,0,lessVoid,2,5,9167000.0,9132000.0,9204000.0
stage3,clang,i32,256,4,0,0,lessVoid,4,5,10496.521,9941.406,11479.739
stage3,clang,i32,256,4,0,0,lessVoid,2,5,437.188,433.574,513.184
stage3,clang,i32,256,4,0,0,lessVoid,3,5,1056.336,937.184,1089.016
stage3,clang,i32,256,16,0,0,lessVoid,2,5,1074.414,1059.422,1096.48
stage3,clang,i32,256,16,0,0,lessVoid,3,5,1063.477,1052.398,1102.863
stage3,clang,i32,256,16,0,0,lessVoid,4,5,1065.105,1059.738,1087.109
stage3,clang,i32,256,22,0,0,lessVoid,4,5,1122.559,1111.004,1272.637
stage3,clang,i32,256,22,0,0,lessVoid,2,5,1125.016,1115.871,1156.098
stage3,clang,i32,256,22,0,0,lessVoid,3,5,1130.699,1118.531,1320.969
stage3,clang,i32,256,32,0,0,lessVoid,2,5,981.441,973.137,985.367
stage3,clang,i32,256,32,0,0,lessVoid,3,5,980.129,976.074,1079.938
stage3,clang,i32,256,32,0,0,lessVoid,4,5,1015.945,968.293,1058.105
stage3,clang,i32,256,8,16,0,lessVoid,2,5,1072.445,992.828,1085.336
stage3,clang,i32,256,8,16,0,lessVoid,3,5,1075.844,1071.938,1121.125
stage3,clang,i32,256,8,16,0,lessVoid,4,5,1067.371,1060.539,1124.191
stage3,clang,i32,1024,4,0,0,lessVoid,2,5,1566.723,1360.668,1602.18
stage3,clang,i32,1024,4,0,0,lessVoid,3,5,2133.129,1858.887,2172.672
stage3,clang,i32,1024,4,0,0,lessVoid,4,5,12001.06,11025.154,12502.1
stage3,clang,i32,1024,16,0,0,lessVoid,4,5,30237.735,26484.658,30779.091
stage3,clang,i32,1024,16,0,0,lessVoid,2,5,2131.328,1901.219,2157.277
stage3,clang,i32,1024,16,0,0,lessVoid,3,5,3419.703,3219.711,3450.648
stage3,clang,i32,1024,22,0,0,lessVoid,2,5,2833.336,2620.781,3008.484
stage3,clang,i32,1024,22,0,0,lessVoid,4,5,25698.769,25119.75,29065.429
stage3,clang,i32,1024,22,0,0,lessVoid,3,5,3070.137,2951.836,3308.273
stage3,clang,i32,1024,32,0,0,lessVoid,2,5,3715.168,3701.824,3751.641
stage3,clang,i32,1024,32,0,0,lessVoid,3,5,4634.824,4631.028,4644.079
stage3,clang,i32,1024,32,0,0,lessVoid,4,5,44614.261,44168.391,45568.227
stage3,clang,i32,1024,8,16,0,lessVoid,2,5,5070.737,5056.818,5134.836
stage3,clang,i32,1024,8,16,0,lessVoid,4,5,16510.213,16314.597,16770.867
stage3,clang,i32,1024,8,16,0,lessVoid,3,5,6971.361,6953.979,7184.514
stage3,clang,i32,4096,4,0,0,lessVoid,3,5,6195.216,6175.87,6360.222
stage3,clang,i32,4096,4,0,0,lessVoid,4,5,16066.111,16007.27,16568.311
stage3,clang,i32,4096,4,0,0,lessVoid,2,5,5624.994,5613.57,5691.136
stage3,clang,i32,4096,16,0,0,lessVoid,2,5,7643.137,7561.075,7695.831
stage3,clang,i32,4096,16,0,0,lessVoid,3,5,9176.615,9157.927,9205.294
stage3,clang,i32,4096,16,0,0,lessVoid,4,5,44621.348,44498.13,44858.739
stage3,clang,i32,4096,22,0,0,lessVoid,4,5,35038.862,34929.69,35616.379
stage3,clang,i32,4096,22,0,0,lessVoid,3,5,8664.509,8637.905,8816.535
stage3,clang,i32,4096,22,0,0,lessVoid,2,5,10596.074,10558.316,10719.305
stage3,clang,i32,4096,32,0,0,lessVoid,3,5,12092.373,12079.301,12210.366
stage3,clang,i32,4096,32,0,0,lessVoid,2,5,13376.067,13304.789,13718.027
stage3,clang,i32,4096,32,0,0,lessVoid,4,5,57562.5,57243.056,57863.333
stage3,clang,i32,4096,8,16,0,lessVoid,4,5,24958.39,24775.439,25033.4
stage3,clang,i32,4096,8,16,0,lessVoid,2,5,19468.75,19220.113,19856.216
stage3,clang,i32,4096,8,16,0,lessVoid,3,5,23223.523,23076.636,23258.5
stage3,clang,i32,16384,4,0,0,lessVoid,4,5,31832.0,31809.781,33190.839
stage3,clang,i32,16384,4,0,0,lessVoid,2,5,22112.196,22063.37,24148.786
stage3,clang,i32,16384,4,0,0,lessVoid,3,5,23002.773,22595.333,23950.476
stage3,clang,i32,16384,16,0,0,lessVoid,3,5,32333.29,30561.909,37415.179
stage3,clang,i32,16384,16,0,0,lessVoid,2,5,30939.485,26814.632,32366.903
stage3,clang,i32,16384,16,0,0,lessVoid,4,5,101387.5,93356.182,107095.8
stage3,clang,i32,16384,22,0,0,lessVoid,2,5,42686.0,41060.08,43173.583
stage3,clang,i32,16384,22,0,0,lessVoid,4,5,66315.125,64458.312,66852.733
stage3,clang,i32,16384,22,0,0,lessVoid,3,5,33002.613,31570.25,33561.167
stage3,clang,i32,16384,32,0,0,lessVoid,3,5,45103.217,41463.2,48759.81
stage3,clang,i32,16384,32,0,0,lessVoid,2,5,53613.895,48858.952,53653.526
stage3,clang,i32,16384,32,0,0,lessVoid,4,5,115777.778,111615.778,117467.667
stage3,clang,i32,16384,8,16,0,lessVoid,4,5,56456.0,53925.526,59904.176
stage3,clang,i32,16384,8,16,0,lessVoid,3,5,86274.25,81942.385,88472.167
stage3,clang,i32,16384,8,16,0,lessVoid,2,5,74609.929,71863.933,76517.643
stage3,clang,i32,65536,4,0,0,lessVoid,2,5,111680.333,99128.818,119319.444
stage3,clang,i32,65536,4,0,0,lessVoid,3,5,95696.909,86937.417,125151.125
stage3,clang,i32,65536,4,0,0,lessVoid,4,5,121551.111,105795.9,145190.571
stage3,clang,i32,65536,16,0,0,lessVoid,2,5,139401.125,137312.625,146363.0
stage3,clang,i32,65536,16,0,0,lessVoid,3,5,144035.571,137859.5,171777.667
stage3,clang,i32,65536,16,0,0,lessVoid,4,5,379444.667,324906.0,407500.0
stage3,clang,i32,65536,22,0,0,lessVoid,2,5,197222.167,192173.667,214674.8
stage3,clang,i32,65536,22,0,0,lessVoid,4,5,228808.2,197764.0,242941.6
stage3,clang,i32,65536,22,0,0,lessVoid,3,5,147988.143,138385.5,159892.857
stage3,clang,i32,65536,32,0,0,lessVoid,3,5,200383.4,194326.5,220750.0
stage3,clang,i32,65536,32,0,0,lessVoid,2,5,251656.25,239533.6,265833.5
stage3,clang,i32,65536,32,0,0,lessVoid,4,5,405264.0,387819.333,449347.0
stage3,clang,i32,65536,8,16,0,lessVoid,3,5,342444.333,322771.0,379361.0
stage3,clang,i32,65536,8,16,0,lessVoid,2,5,302302.0,270125.0,327375.0
stage3,clang,i32,65536,8,16,0,lessVoid,4,5,200075.4,190368.167,231291.6
stage3,clang,i32,262144,4,0,0,lessVoid,4,5,579187.5,538291.5,629354.0
stage3,clang,i32,262144,4,0,0,lessVoid,2,5,603750.0,547083.0,621646.0
stage3,clang,i32,262144,4,0,0,lessVoid,3,5,616250.0,562333.5,698125.5
stage3,clang,i32,262144,16,0,0,lessVoid,2,5,673958.5,665604.0,712250.0
stage3,clang,i32,262144,16,0,0,lessVoid,3,5,783145.5,730708.0,862541.5
stage3,clang,i32,262144,16,0,0,lessVoid,4,5,1574334.0,1448459.0,1677292.0
stage3,clang,i32,262144,22,0,0,lessVoid,2,5,919875.0,908771.0,941541.5
stage3,clang,i32,262144,22,0,0,lessVoid,4,5,1009917.0,938249.5,1035666.0
stage3,clang,i32,262144,22,0,0,lessVoid,3,5,788729.0,705146.5,869333.5
stage3,clang,i32,262144,32,0,0,lessVoid,2,5,1113375.0,1045041.0,1169333.0
stage3,clang,i32,262144,32,0,0,lessVoid,4,5,1696667.0,1596583.0,1714916.0
stage3,clang,i32,262144,32,0,0,lessVoid,3,5,924042.0,899542.0,999625.0
stage3,clang,i32,262144,8,16,0,lessVoid,2,5,1069208.0,1022333.0,1099250.0
stage3,clang,i32,262144,8,16,0,lessVoid,3,5,1424959.0,1336875.0,1469000.0
stage3,clang,i32,262144,8,16,0,lessVoid,4,5,849291.5,760750.5,941229.0
stage3,clang,i32,1000000,4,0,0,lessVoid,3,5,2402000.0,2288500.0,2683209.0
stage3,clang,i32,1000000,4,0,0,lessVoid,4,5,2492084.0,2408125.0,2646208.0
stage3,clang,i32,1000000,4,0,0,lessVoid,2,5,2594916.0,2437667.0,2720333.0
stage3,clang,i32,1000000,16,0,0,lessVoid,4,5,6444792.0,6167958.0,6645208.0
stage3,clang,i32,1000000,16,0,0,lessVoid,3,5,3278333.0,2991750.0,3472292.0
stage3,clang,i32,1000000,16,0,0,lessVoid,2,5,3303958.0,3113209.0,3528792.0
stage3,clang,i32,1000000,22,0,0,lessVoid,2,5,3990542.0,3950167.0,4104333.0
stage3,clang,i32,1000000,22,0,0,lessVoid,4,5,4231167.0,4211042.0,4555208.0
stage3,clang,i32,1000000,22,0,0,lessVoid,3,5,3268417.0,3224375.0,3358333.0
stage3,clang,i32,1000000,32,0,0,lessVoid,2,5,4877333.0,4660792.0,5257000.0
stage3,clang,i32,1000000,32,0,0,lessVoid,3,5,4299208.0,3801708.0,4546334.0
stage3,clang,i32,1000000,32,0,0,lessVoid,4,5,6370958.0,6039166.0,6658000.0
stage3,clang,i32,1000000,8,16,0,lessVoid,4,5,3454209.0,3234750.0,3571958.0
stage3,clang,i32,1000000,8,16,0,lessVoid,2,5,4464000.0,4070125.0,4749791.0
stage3,clang,i32,1000000,8,16,0,lessVoid,3,5,5759792.0,5733666.0,5822833.0
stage3,clang,i32,2000000,4,0,0,lessVoid,4,5,5211458.0,5142667.0,5465167.0
stage3,clang,i32,2000000,4,0,0,lessVoid,3,5,5095583.0,4920292.0,5141416.0
stage3,clang,i32,2000000,4,0,0,lessVoid,2,5,5158500.0,4982208.0,5251542.0
stage3,clang,i32,2000000,16,0,0,lessVoid,2,5,6694666.0,6634917.0,6980833.0
stage3,clang,i32,2000000,16,0,0,lessVoid,3,5,6742458.0,6566334.0,6887542.0
stage3,clang,i32,2000000,16,0,0,lessVoid,4,5,12556750.0,12540000.0,12887875.0
stage3,clang,i32,2000000,22,0,0,lessVoid,3,5,6467042.0,6291167.0,6607084.0
stage3,clang,i32,2000000,22,0,0,lessVoid,2,5,7955208.0,7569375.0,8001083.0
stage3,clang,i32,2000000,22,0,0,lessVoid,4,5,7957250.0,7762792.0,8217042.0
stage3,clang,i32,2000000,32,0,0,lessVoid,4,5,12959666.0,12946417.0,13709250.0
stage3,clang,i32,2000000,32,0,0,lessVoid,2,5,9928750.0,9821750.0,10086667.0
stage3,clang,i32,2000000,32,0,0,lessVoid,3,5,8392375.0,8253625.0,8395459.0
stage3,clang,i32,2000000,8,16,0,lessVoid,3,5,10947125.0,10780625.0,11184000.0
stage3,clang,i32,2000000,8,16,0,lessVoid,2,5,8520792.0,8174000.0,8911791.0
stage3,clang,i32,2000000,8,16,0,lessVoid,4,5,6588750.0,6332750.0,6841292.0
stage3,clang,i64,256,4,0,0,lessVoid,4,5,9880.765,9837.02,11184.267
stage3,clang,i64,256,4,0,0,lessVoid,2,5,470.406,468.426,513.688
stage3,clang,i64,256,4,0,0,lessVoid,3,5,1041.957,993.691,1054.867
stage3,clang,i64,256,16,0,0,lessVoid,2,5,890.457,883.445,971.645
stage3,clang,i64,256,16,0,0,lessVoid,3,5,892.422,881.656,935.871
stage3,clang,i64,256,16,0,0,lessVoid,4,5,895.992,891.262,1014.156
stage3,clang,i64,256,22,0,0,lessVoid,4,5,964.051,959.328,968.098
stage3,clang,i64,256,22,0,0,lessVoid,2,5,963.207,963.055,968.91
stage3,clang,i64,256,22,0,0,lessVoid,3,5,969.395,960.266,1009.281
stage3,clang,i64,256,64,0,0,lessVoid,2,5,939.141,909.188,1104.086
stage3,clang,i64,256,64,0,0,lessVoid,3,5,949.707,901.547,1057.121
stage3,clang,i64,256,64,0,0,lessVoid,4,5,912.805,900.879,1096.289
stage3,clang,i64,256,8,16,0,lessVoid,2,5,978.195,959.809,1055.031
stage3,clang,i64,256,8,16,0,lessVoid,3,5,1016.762,952.953,1068.027
stage3,clang,i64,256,8,16,0,lessVoid,4,5,981.617,959.988,1059.41
stage3,clang,i64,1024,4,0,0,lessVoid,2,5,1628.887,1572.895,1652.52
stage3,clang,i64,1024,4,0,0,lessVoid,3,5,2209.305,2136.711,2220.895
stage3,clang,i64,1024,4,0,0,lessVoid,4,5,11458.875,11374.557,11513.287
stage3,clang,i64,1024,16,0,0,lessVoid,4,5,27692.811,27337.784,27941.0
stage3,clang,i64,1024,16,0,0,lessVoid,2,5,2121.73,2111.336,2214.031
stage3,clang,i64,1024,16,0,0,lessVoid,3,5,3312.68,3266.133,3361.18
stage3,clang,i64,1024,22,0,0,lessVoid,2,5,2918.473,2899.273,2928.715
stage3,clang,i64,1024,22,0,0,lessVoid,4,5,26069.462,26025.513,26243.538
stage3,clang,i64,1024,22,0,0,lessVoid,3,5,3216.641,3169.637,3269.539
stage3,clang,i64,1024,64,0,0,lessVoid,2,5,5906.624,5862.632,6089.679
stage3,clang,i64,1024,64,0,0,lessVoid,3,5,5880.415,5769.655,5973.208
stage3,clang,i64,1024,64,0,0,lessVoid,4,5,5963.095,5879.392,6319.956
stage3,clang,i64,1024,8,16,0,lessVoid,2,5,4912.775,4832.125,5175.062
stage3,clang,i64,1024,8,16,0,lessVoid,4,5,14795.926,14192.535,15983.508
stage3,clang,i64,1024,8,16,0,lessVoid,3,5,6569.157,6497.019,7033.503
stage3,clang,i64,4096,4,0,0,lessVoid,3,5,6925.931,6845.313,7130.66
stage3,clang,i64,4096,4,0,0,lessVoid,4,5,16232.484,16185.468,16647.59
stage3,clang,i64,4096,4,0,0,lessVoid,2,5,6224.155,6123.287,6256.969
stage3,clang,i64,4096,16,0,0,lessVoid,2,5,7789.403,7561.105,8032.296
stage3,clang,i64,4096,16,0,0,lessVoid,3,5,9649.019,9556.771,10033.75
stage3,clang,i64,4096,16,0,0,lessVoid,4,5,41273.36,41038.28,44717.304
stage3,clang,i64,4096,22,0,0,lessVoid,4,5,33966.6,32451.71,34724.207
stage3,clang,i64,4096,22,0,0,lessVoid,3,5,9233.138,8843.86,9827.118
stage3,clang,i64,4096,22,0,0,lessVoid,2,5,10726.936,10659.617,10809.559
stage3,clang,i64,4096,64,0,0,lessVoid,3,5,22440.711,22082.522,23426.279
stage3,clang,i64,4096,64,0,0,lessVoid,4,5,90969.727,89795.0,94159.182
stage3,clang,i64,4096,64,0,0,lessVoid,2,5,24421.634,24214.238,25439.6
stage3,clang,i64,4096,8,16,0,lessVoid,4,5,24683.902,24610.854,25816.333
stage3,clang,i64,4096,8,16,0,lessVoid,2,5,19635.706,19407.885,19831.647
stage3,clang,i64,4096,8,16,0,lessVoid,3,5,23815.452,23710.349,24744.951
stage3,clang,i64,16384,4,0,0,lessVoid,4,5,35866.0,33873.567,42701.333
stage3,clang,i64,16384,4,0,0,lessVoid,2,5,27288.297,25432.35,28308.944
stage3,clang,i64,16384,4,0,0,lessVoid,3,5,26117.538,25158.3,27801.028
stage3,clang,i64,16384,16,0,0,lessVoid,3,5,39382.962,38246.926,46062.545
stage3,clang,i64,16384,16,0,0,lessVoid,2,5,35370.69,34936.69,37072.481
stage3,clang,i64,16384,16,0,0,lessVoid,4,5,102941.6,101746.0,127078.25
stage3,clang,i64,16384,22,0,0,lessVoid,2,5,48180.619,47414.773,49884.81
stage3,clang,i64,16384,22,0,0,lessVoid,4,5,68955.533,66702.867,71213.867
stage3,clang,i64,16384,22,0,0,lessVoid,3,5,37626.481,36127.929,42802.208
stage3,clang,i64,16384,64,0,0,lessVoid,4,5,188590.167,186513.833,189396.0
stage3,clang,i64,16384,64,0,0,lessVoid,2,5,111759.333,110483.2,112703.667
stage3,clang,i64,16384,64,0,0,lessVoid,3,5,95799.364,94856.091,96473.364
stage3,clang,i64,16384,8,16,0,lessVoid,4,5,61046.588,58599.444,62421.588
stage3,clang,i64,16384,8,16,0,lessVoid,3,5,87312.5,86191.083,90624.917
stage3,clang,i64,16384,8,16,0,lessVoid,2,5,76333.429,72514.786,77020.714
stage3,clang,i64,65536,4,0,0,lessVoid,2,5,112754.667,108649.9,118902.667
stage3,clang,i64,65536,4,0,0,lessVoid,3,5,106362.5,105145.9,114930.667
stage3,clang,i64,65536,4,0,0,lessVoid,4,5,114731.556,111650.0,121856.222
stage3,clang,i64,65536,16,0,0,lessVoid,2,5,139349.0,137817.625,172451.5
stage3,clang,i64,65536,16,0,0,lessVoid,3,5,178187.5,171291.5,179499.833
stage3,clang,i64,65536,16,0,0,lessVoid,4,5,376305.333,357291.667,392236.333
stage3,clang,i64,65536,22,0,0,lessVoid,2,5,208500.0,205041.6,211925.0
stage3,clang,i64,65536,22,0,0,lessVoid,4,5,231499.8,226249.8,243199.8
stage3,clang,i64,65536,22,0,0,lessVoid,3,5,181937.333,175895.833,185104.167
stage3,clang,i64,65536,64,0,0,lessVoid,4,5,666083.5,602520.5,691396.0
stage3,clang,i64,65536,64,0,0,lessVoid,3,5,404861.0,390958.0,450639.333
stage3,clang,i64,65536,64,0,0,lessVoid,2,5,487833.667,465542.0,521458.0
stage3,clang,i64,65536,8,16,0,lessVoid,3,5,346527.667,338000.0,365486.0
stage3,clang,i64,65536,8,16,0,lessVoid,2,5,286395.75,268427.5,308656.25
stage3,clang,i64,65536,8,16,0,lessVoid,4,5,213841.8,208750.2,230325.0
stage3,clang,i64,262144,4,0,0,lessVoid,4,5,662937.5,660396.0,699291.5
stage3,clang,i64,262144,4,0,0,lessVoid,2,5,660708.0,652979.5,692437.5
stage3,clang,i64,262144,4,0,0,lessVoid,3,5,664104.5,653354.0,683500.5
stage3,clang,i64,262144,16,0,0,lessVoid,2,5,777354.0,770625.0,801166.5
stage3,clang,i64,262144,16,0,0,lessVoid,3,5,831521.0,827270.5,841229.5
stage3,clang,i64,262144,16,0,0,lessVoid,4,5,1608750.0,1572875.0,1636208.0
stage3,clang,i64,262144,22,0,0,lessVoid,2,5,1002166.5,994166.5,1031917.0
stage3,clang,i64,262144,22,0,0,lessVoid,4,5,1080458.0,1061875.0,1134083.0
stage3,clang,i64,262144,22,0,0,lessVoid,3,5,861458.5,834000.0,943083.5
stage3,clang,i64,262144,64,0,0,lessVoid,3,5,1727041.0,1722334.0,1769208.0
stage3,clang,i64,262144,64,0,0,lessVoid,2,5,1962125.0,1935000.0,2033375.0
stage3,clang,i64,262144,64,0,0,lessVoid,4,5,2533667.0,2387750.0,2570708.0
stage3,clang,i64,262144,8,16,0,lessVoid,2,5,1125666.0,1091500.0,1244333.0
stage3,clang,i64,262144,8,16,0,lessVoid,3,5,1526000.0,1406791.0,1728458.0
stage3,clang,i64,262144,8,16,0,lessVoid,4,5,876354.5,843562.5,1084708.0
stage3,clang,i64,1000000,4,0,0,lessVoid,3,5,2665958.0,2626708.0,3112958.0
stage3,clang,i64,1000000,4,0,0,lessVoid,4,5,2683125.0,2566875.0,2853833.0
stage3,clang,i64,1000000,4,0,0,lessVoid,2,5,2744167.0,2665167.0,2841375.0
stage3,clang,i64,1000000,16,0,0,lessVoid,4,5,6349375.0,6145709.0,6491666.0
stage3,clang,i64,1000000,16,0,0,lessVoid,3,5,3666458.0,3591083.0,3791417.0
stage3,clang,i64,1000000,16,0,0,lessVoid,2,5,3522208.0,3235334.0,3701792.0
stage3,clang,i64,1000000,22,0,0,lessVoid,2,5,4397583.0,4076666.0,4739667.0
stage3,clang,i64,1000000,22,0,0,lessVoid,4,5,4101666.0,4045125.0,4337542.0
stage3,clang,i64,1000000,22,0,0,lessVoid,3,5,3714292.0,3373541.0,3814292.0
stage3,clang,i64,1000000,64,0,0,lessVoid,3,5,7573750.0,7212333.0,7921625.0
stage3,clang,i64,1000000,64,0,0,lessVoid,4,5,9627291.0,9181709.0,10373625.0
stage3,clang,i64,1000000,64,0,0,lessVoid,2,5,9071916.0,8281500.0,9722708.0
stage3,clang,i64,1000000,8,16,0,lessVoid,4,5,3739833.0,3440500.0,3902250.0
stage3,clang,i64,1000000,8,16,0,lessVoid,2,5,4570250.0,4357209.0,4775708.0
stage3,clang,i64,1000000,8,16,0,lessVoid,3,5,5834541.0,5688167.0,5869209.0
stage3,clang,i64,2000000,4,0,0,lessVoid,4,5,4612375.0,4542042.0,4660500.0
stage3,clang,i64,2000000,4,0,0,lessVoid,3,5,4638375.0,4584084.0,4682625.0
stage3,clang,i64,2000000,4,0,0,lessVoid,2,5,4635834.0,4567791.0,4668042.0
stage3,clang,i64,2000000,16,0,0,lessVoid,2,5,7119042.0,6924709.0,7440000.0
stage3,clang,i64,2000000,16,0,0,lessVoid,3,5,6754541.0,6578792.0,7034667.0
stage3,clang,i64,2000000,16,0,0,lessVoid,4,5,11821459.0,11738375.0,12369708.0
stage3,clang,i64,2000000,22,0,0,lessVoid,3,5,7036666.0,6986084.0,7105292.0
stage3,clang,i64,2000000,22,0,0,lessVoid,2,5,8710000.0,8673083.0,8836583.0
stage3,clang,i64,2000000,22,0,0,lessVoid,4,5,8357208.0,8238084.0,8399584.0
stage3,clang,i64,2000000,64,0,0,lessVoid,4,5,19473625.0,18715584.0,19997292.0
stage3,clang,i64,2000000,64,0,0,lessVoid,3,5,16304917.0,15467584.0,18023667.0
stage3,clang,i64,2000000,64,0,0,lessVoid,2,5,20158084.0,19162541.0,20655250.0
stage3,clang,i64,2000000,8,16,0,lessVoid,3,5,10557375.0,10345750.0,10976417.0
stage3,clang,i64,2000000,8,16,0,lessVoid,2,5,8507333.0,8394750.0,8671000.0
stage3,clang,i64,2000000,8,16,0,lessVoid,4,5,6700208.0,6600959.0,6846750.0
holdout,gcc,i32,384,12,0,0,lessVoid,6,5,1921.875,1917.969,1945.312
holdout,gcc,i32,384,12,0,0,lessVoid,5,5,1699.219,1671.875,1824.219
holdout,gcc,i32,384,12,0,0,lessVoid,0,5,1925.781,1894.531,2109.375
holdout,gcc,i32,384,12,0,0,lessVoid,2,5,1910.156,1882.812,1960.938
holdout,gcc,i32,384,20,0,0,lessVoid,6,5,1851.562,1777.344,1878.906
holdout,gcc,i32,384,20,0,0,lessVoid,2,5,1796.875,1726.562,1925.781
holdout,gcc,i32,384,20,0,0,lessVoid,5,5,1500.0,1488.281,1601.562
holdout,gcc,i32,384,20,0,0,lessVoid,0,5,1777.344,1742.188,1789.062
holdout,gcc,i32,384,24,0,0,lessVoid,5,5,1671.875,1648.438,1972.656
holdout,gcc,i32,384,24,0,0,lessVoid,0,5,1894.531,1863.281,2007.812
holdout,gcc,i32,384,24,0,0,lessVoid,2,5,1867.188,1855.469,2277.344
holdout,gcc,i32,384,24,0,0,lessVoid,6,5,1925.781,1882.812,2003.906
holdout,gcc,i32,384,32,0,0,lessVoid,0,5,2007.812,1917.969,2277.344
holdout,gcc,i32,384,32,0,0,lessVoid,2,5,1988.281,1933.594,2097.656
holdout,gcc,i32,384,32,0,0,lessVoid,6,5,2011.719,1988.281,2203.125
holdout,gcc,i32,384,32,0,0,lessVoid,5,5,1726.562,1628.906,1890.625
holdout,gcc,i32,384,8,16,0,lessVoid,0,5,2066.406,1843.75,2234.375
holdout,gcc,i32,384,8,16,0,lessVoid,6,5,1878.906,1785.156,2371.094
holdout,gcc,i32,384,8,16,0,lessVoid,2,5,2042.969,1871.094,2257.812
holdout,gcc,i32,384,8,16,0,lessVoid,5,5,1585.938,1554.688,1644.531
holdout,gcc,i32,1536,12,0,0,lessVoid,5,5,8096.774,7984.127,8305.785
holdout,gcc,i32,1536,12,0,0,lessVoid,2,5,3632.812,3523.438,3675.781
holdout,gcc,i32,1536,12,0,0,lessVoid,6,5,3644.531,3605.469,3738.281
holdout,gcc,i32,1536,12,0,0,lessVoid,0,5,3671.875,3613.281,3707.031
holdout,gcc,i32,1536,20,0,0,lessVoid,6,5,4753.555,4699.531,4789.474
holdout,gcc,i32,1536,20,0,0,lessVoid,2,5,4708.92,4655.814,4817.308
holdout,gcc,i32,1536,20,0,0,lessVoid,0,5,4761.905,4629.63,4771.429
holdout,gcc,i32,1536,20,0,0,lessVoid,5,5,8112.903,7968.254,8689.655
holdout,gcc,i32,1536,24,0,0,lessVoid,6,5,4114.754,3944.882,4179.167
holdout,gcc,i32,1536,24,0,0,lessVoid,0,5,4123.457,4073.171,4136.364
holdout,gcc,i32,1536,24,0,0,lessVoid,5,5,8032.0,7889.764,8462.185
holdout,gcc,i32,1536,24,0,0,lessVoid,2,5,4093.878,3996.016,4188.285
holdout,gcc,i32,1536,32,0,0,lessVoid,5,5,8615.385,7992.063,10489.583
holdout,gcc,i32,1536,32,0,0,lessVoid,2,5,5278.947,5159.794,5535.912
holdout,gcc,i32,1536,32,0,0,lessVoid,0,5,5213.542,5020.0,5405.405
holdout,gcc,i32,1536,32,0,0,lessVoid,6,5,5186.528,5035.176,5758.621
holdout,gcc,i32,1536,8,16,0,lessVoid,2,5,6605.263,6562.092,6642.384
holdout,gcc,i32,1536,8,16,0,lessVoid,5,5,8000.0,7738.462,8564.103
holdout,gcc,i32,1536,8,16,0,lessVoid,0,5,11505.747,11431.818,12345.679
holdout,gcc,i32,1536,8,16,0,lessVoid,6,5,6731.544,6592.105,7260.87
holdout,gcc,i32,4095,12,0,0,lessVoid,2,5,8780.702,8428.571,8798.246
holdout,gcc,i32,4095,12,0,0,lessVoid,6,5,8663.793,8436.975,9259.259
holdout,gcc,i32,4095,12,0,0,lessVoid,5,5,28815.789,25125.0,29764.706
holdout,gcc,i32,4095,12,0,0,lessVoid,0,5,8637.931,8436.975,9090.909
holdout,gcc,i32,4095,20,0,0,lessVoid,2,5,11420.455,10989.011,11574.713
holdout,gcc,i32,4095,20,0,0,lessVoid,6,5,11488.636,11420.455,11882.353
holdout,gcc,i32,4095,20,0,0,lessVoid,0,5,11477.273,11292.135,11940.476
holdout,gcc,i32,4095,20,0,0,lessVoid,5,5,24452.381,23767.442,26128.205
holdout,gcc,i32,4095,24,0,0,lessVoid,0,5,10202.02,10070.0,10536.842
holdout,gcc,i32,4095,24,0,0,lessVoid,6,5,10329.897,10285.714,10350.515
holdout,gcc,i32,4095,24,0,0,lessVoid,5,5,27729.73,24829.268,28942.857
holdout,gcc,i32,4095,24,0,0,lessVoid,2,5,10224.49,10050.0,10510.417
holdout,gcc,i32,4095,32,0,0,lessVoid,2,5,13386.667,13116.883,13466.667
holdout,gcc,i32,4095,32,0,0,lessVoid,5,5,24682.927,24512.195,24951.22
holdout,gcc,i32,4095,32,0,0,lessVoid,0,5,13236.842,13184.211,13581.081
holdout,gcc,i32,4095,32,0,0,lessVoid,6,5,13554.054,12961.538,13739.726
holdout,gcc,i32,4095,8,16,0,lessVoid,5,5,25475.0,25425.0,25743.59
holdout,gcc,i32,4095,8,16,0,lessVoid,2,5,17050.847,16933.333,17465.517
holdout,gcc,i32,4095,8,16,0,lessVoid,6,5,17258.621,16950.0,17789.474
holdout,gcc,i32,4095,8,16,0,lessVoid,0,5,29882.353,29200.0,32125.0
holdout,gcc,i32,4096,12,0,0,lessVoid,6,5,8403.361,8154.472,8867.257
holdout,gcc,i32,4096,12,0,0,lessVoid,5,5,24414.634,23928.571,29735.294
holdout,gcc,i32,4096,12,0,0,lessVoid,2,5,8500.0,8048.0,8798.246
holdout,gcc,i32,4096,12,0,0,lessVoid,0,5,8564.103,8245.902,8581.197
holdout,gcc,i32,4096,20,0,0,lessVoid,0,5,11280.899,10806.452,11788.235
holdout,gcc,i32,4096,20,0,0,lessVoid,5,5,25500.0,24609.756,33600.0
holdout,gcc,i32,4096,20,0,0,lessVoid,6,5,8445.378,8170.732,8483.051
holdout,gcc,i32,4096,20,0,0,lessVoid,2,5,11021.978,10691.489,11386.364
holdout,gcc,i32,4096,24,0,0,lessVoid,2,5,10806.452,10712.766,11144.444
holdout,gcc,i32,4096,24,0,0,lessVoid,0,5,10691.489,10489.583,10774.194
holdout,gcc,i32,4096,24,0,0,lessVoid,5,5,23809.524,23651.163,24634.146
holdout,gcc,i32,4096,24,0,0,lessVoid,6,5,10869.565,10600.0,10913.043
holdout,gcc,i32,4096,32,0,0,lessVoid,2,5,13077.922,12935.897,13236.842
holdout,gcc,i32,4096,32,0,0,lessVoid,6,5,11823.529,11755.814,12096.386
holdout,gcc,i32,4096,32,0,0,lessVoid,5,5,24166.667,24071.429,25666.667
holdout,gcc,i32,4096,32,0,0,lessVoid,0,5,12871.795,12759.494,13171.053
holdout,gcc,i32,4096,8,16,0,lessVoid,5,5,24071.429,23720.93,25794.872
holdout,gcc,i32,4096,8,16,0,lessVoid,6,5,17135.593,17050.847,17362.069
holdout,gcc,i32,4096,8,16,0,lessVoid,2,5,17396.552,17084.746,18000.0
holdout,gcc,i32,4096,8,16,0,lessVoid,0,5,29941.176,29285.714,30058.824
holdout,gcc,i32,4097,12,0,0,lessVoid,2,5,8964.286,8789.474,9045.045
holdout,gcc,i32,4097,12,0,0,lessVoid,5,5,24560.976,23976.19,24902.439
holdout,gcc,i32,4097,12,0,0,lessVoid,0,5,8955.357,8884.956,9201.835
holdout,gcc,i32,4097,12,0,0,lessVoid,6,5,8982.143,8672.414,9090.909
holdout,gcc,i32,4097,20,0,0,lessVoid,6,5,9229.358,9081.081,9314.815
holdout,gcc,i32,4097,20,0,0,lessVoid,0,5,11858.824,11674.419,12084.337
holdout,gcc,i32,4097,20,0,0,lessVoid,5,5,24512.195,24414.634,25717.949
holdout,gcc,i32,4097,20,0,0,lessVoid,2,5,11894.118,11686.047,12207.317
holdout,gcc,i32,4097,24,0,0,lessVoid,0,5,10080.0,9708.738,10427.083
holdout,gcc,i32,4097,24,0,0,lessVoid,6,5,10224.49,9500.0,10427.083
holdout,gcc,i32,4097,24,0,0,lessVoid,5,5,24512.195,23720.93,34033.333
holdout,gcc,i32,4097,24,0,0,lessVoid,2,5,10360.825,9757.282,10795.699
holdout,gcc,i32,4097,32,0,0,lessVoid,0,5,12708.861,12562.5,13635.135
holdout,gcc,i32,4097,32,0,0,lessVoid,6,5,11528.736,11348.315,12011.905
holdout,gcc,i32,4097,32,0,0,lessVoid,5,5,24926.829,24487.805,25923.077
holdout,gcc,i32,4097,32,0,0,lessVoid,2,5,12683.544,12587.5,12858.974
holdout,gcc,i32,4097,8,16,0,lessVoid,6,5,17220.339,17084.746,18611.111
holdout,gcc,i32,4097,8,16,0,lessVoid,5,5,23833.333,23744.186,24166.667
holdout,gcc,i32,4097,8,16,0,lessVoid,0,5,29558.824,29228.571,31937.5
holdout,gcc,i32,4097,8,16,0,lessVoid,2,5,17169.492,16900.0,18400.0
holdout,gcc,i32,32768,12,0,0,lessVoid,2,5,66933.333,66375.0,70133.333
holdout,gcc,i32,32768,12,0,0,lessVoid,6,5,67933.333,66933.333,68600.0
holdout,gcc,i32,32768,12,0,0,lessVoid,0,5,67866.667,67000.0,68666.667
holdout,gcc,i32,32768,12,0,0,lessVoid,5,5,876500.0,860000.0,908500.0
holdout,gcc,i32,32768,20,0,0,lessVoid,2,5,89916.667,89666.667,93181.818
holdout,gcc,i32,32768,20,0,0,lessVoid,0,5,96636.364,91363.636,97181.818
holdout,gcc,i32,32768,20,0,0,lessVoid,6,5,63250.0,61000.0,64062.5
holdout,gcc,i32,32768,20,0,0,lessVoid,5,5,959000.0,921500.0,1027000.0
holdout,gcc,i32,32768,24,0,0,lessVoid,0,5,86833.333,83666.667,97272.727
holdout,gcc,i32,32768,24,0,0,lessVoid,6,5,88416.667,81153.846,91909.091
holdout,gcc,i32,32768,24,0,0,lessVoid,5,5,955500.0,945500.0,1003000.0
holdout,gcc,i32,32768,24,0,0,lessVoid,2,5,87000.0,81384.615,88916.667
holdout,gcc,i32,32768,32,0,0,lessVoid,5,5,924500.0,901500.0,972500.0
holdout,gcc,i32,32768,32,0,0,lessVoid,0,5,113666.667,109200.0,118333.333
holdout,gcc,i32,32768,32,0,0,lessVoid,6,5,91000.0,88916.667,93636.364
holdout,gcc,i32,32768,32,0,0,lessVoid,2,5,107800.0,106000.0,109000.0
holdout,gcc,i32,32768,8,16,0,lessVoid,6,5,133750.0,125222.222,152571.429
holdout,gcc,i32,32768,8,16,0,lessVoid,5,5,622500.0,606500.0,659500.0
holdout,gcc,i32,32768,8,16,0,lessVoid,0,5,201800.0,196333.333,214600.0
holdout,gcc,i32,32768,8,16,0,lessVoid,2,5,133500.0,127750.0,140500.0
holdout,gcc,i32,131072,12,0,0,lessVoid,5,5,3765000.0,3711000.0,3825000.0
holdout,gcc,i32,131072,12,0,0,lessVoid,2,5,349666.667,335000.0,369666.667
holdout,gcc,i32,131072,12,0,0,lessVoid,6,5,336000.0,311000.0,365000.0
holdout,gcc,i32,131072,12,0,0,lessVoid,0,5,346333.333,342333.333,351000.0
holdout,gcc,i32,131072,20,0,0,lessVoid,2,5,443666.667,426000.0,449000.0
holdout,gcc,i32,131072,20,0,0,lessVoid,0,5,458333.333,432333.333,466333.333
holdout,gcc,i32,131072,20,0,0,lessVoid,5,5,4316000.0,4209000.0,4454000.0
holdout,gcc,i32,131072,20,0,0,lessVoid,6,5,319250.0,306750.0,335666.667
holdout,gcc,i32,131072,24,0,0,lessVoid,2,5,401000.0,385000.0,412000.0
holdout,gcc,i32,131072,24,0,0,lessVoid,6,5,400666.667,389000.0,431333.333
holdout,gcc,i32,131072,24,0,0,lessVoid,5,5,4515000.0,4472000.0,4566000.0
holdout,gcc,i32,131072,24,0,0,lessVoid,0,5,412333.333,402000.0,420000.0
holdout,gcc,i32,131072,32,0,0,lessVoid,6,5,423000.0,392333.333,474666.667
holdout,gcc,i32,131072,32,0,0,lessVoid,2,5,470666.667,454666.667,516000.0
holdout,gcc,i32,131072,32,0,0,lessVoid,5,5,4471000.0,4380000.0,4527000.0
holdout,gcc,i32,131072,32,0,0,lessVoid,0,5,494333.333,458666.667,543500.0
holdout,gcc,i32,131072,8,16,0,lessVoid,0,5,679500.0,522000.0,727500.0
holdout,gcc,i32,131072,8,16,0,lessVoid,6,5,528000.0,486000.0,602000.0
holdout,gcc,i32,131072,8,16,0,lessVoid,5,5,2727000.0,2632000.0,2764000.0
holdout,gcc,i32,131072,8,16,0,lessVoid,2,5,545500.0,530000.0,554500.0
holdout,gcc,i32,750000,12,0,0,lessVoid,2,5,2518000.0,2254000.0,2593000.0
holdout,gcc,i32,750000,12,0,0,lessVoid,5,5,24303000.0,22693000.0,24954000.0
holdout,gcc,i32,750000,12,0,0,lessVoid,6,5,2675000.0,2567000.0,2730000.0
holdout,gcc,i32,750000,12,0,0,lessVoid,0,5,2611000.0,2404000.0,2720000.0
holdout,gcc,i32,750000,20,0,0,lessVoid,2,5,3045000.0,2794000.0,3359000.0
holdout,gcc,i32,750000,20,0,0,lessVoid,5,5,33658000.0,31808000.0,34284000.0
holdout,gcc,i32,750000,20,0,0,lessVoid,6,5,2410000.0,2330000.0,2521000.0
holdout,gcc,i32,750000,20,0,0,lessVoid,0,5,3131000.0,2903000.0,3374000.0
holdout,gcc,i32,750000,24,0,0,lessVoid,6,5,2904000.0,2601000.0,3096000.0
holdout,gcc,i32,750000,24,0,0,lessVoid,2,5,3050000.0,2695000.0,3258000.0
holdout,gcc,i32,750000,24,0,0,lessVoid,5,5,33184000.0,32407000.0,33627000.0
holdout,gcc,i32,750000,24,0,0,lessVoid,0,5,2815000.0,2613000.0,3086000.0
holdout,gcc,i32,750000,32,0,0,lessVoid,6,5,3052000.0,2888000.0,3118000.0
holdout,gcc,i32,750000,32,0,0,lessVoid,0,5,3466000.0,3277000.0,4024000.0
holdout,gcc,i32,750000,32,0,0,lessVoid,2,5,3577000.0,3132000.0,3646000.0
holdout,gcc,i32,750000,32,0,0,lessVoid,5,5,32964000.0,30296000.0,33970000.0
holdout,gcc,i32,750000,8,16,0,lessVoid,6,5,3114000.0,2887000.0,4245000.0
holdout,gcc,i32,750000,8,16,0,lessVoid,0,5,3767000.0,3371000.0,3934000.0
holdout,gcc,i32,750000,8,16,0,lessVoid,2,5,3029000.0,2845000.0,3471000.0
holdout,gcc,i32,750000,8,16,0,lessVoid,5,5,15734000.0,15577000.0,17210000.0
holdout,gcc,i32,65536,20,0,1,lessVoid,6,5,16145.161,16015.873,16557.377
holdout,gcc,i32,65536,20,0,1,lessVoid,2,5,16193.548,16095.238,16573.77
holdout,gcc,i32,65536,20,0,1,lessVoid,0,5,16354.839,16047.619,16766.667
holdout,gcc,i32,65536,20,0,1,lessVoid,5,5,381000.0,376333.333,435666.667
holdout,gcc,i32,65536,20,0,2,lessVoid,5,5,280000.0,279250.0,293250.0
holdout,gcc,i32,65536,20,0,2,lessVoid,6,5,24309.524,23720.93,25325.0
holdout,gcc,i32,65536,20,0,2,lessVoid,0,5,24333.333,23651.163,25871.795
holdout,gcc,i32,65536,20,0,2,lessVoid,2,5,24902.439,23674.419,25300.0
holdout,gcc,i32,65536,20,0,3,lessVoid,5,5,443333.333,436000.0,447666.667
holdout,gcc,i32,65536,20,0,3,lessVoid,0,5,196333.333,188833.333,199166.667
holdout,gcc,i32,65536,20,0,3,lessVoid,6,5,137625.0,134000.0,147714.286
holdout,gcc,i32,65536,20,0,3,lessVoid,2,5,195833.333,190500.0,200600.0
holdout,gcc,i32,1000000,22,0,0,lessVoid,2,5,3675000.0,3580000.0,3722000.0
holdout,gcc,i32,1000000,22,0,0,lessVoid,5,5,39626000.0,39435000.0,39709000.0
holdout,gcc,i32,1000000,22,0,0,lessVoid,6,5,2963000.0,2930000.0,3057000.0
holdout,gcc,i32,1000000,22,0,0,lessVoid,0,5,3637000.0,3622000.0,3826000.0
holdout,gcc,i32,1000000,22,0,0,lessTyped,2,5,3637000.0,3555000.0,3732000.0
holdout,gcc,i32,1000000,22,0,0,lessTyped,5,5,39602000.0,39425000.0,39866000.0
holdout,gcc,i32,1000000,22,0,0,lessTyped,6,5,2967000.0,2886000.0,2989000.0
holdout,gcc,i32,1000000,22,0,0,lessTyped,0,5,39436000.0,39277000.0,39522000.0
holdout,gcc,i32,1000000,22,0,0,greaterTyped,2,5,3687000.0,3591000.0,3766000.0
holdout,gcc,i32,1000000,22,0,0,greaterTyped,5,5,39712000.0,39200000.0,40337000.0
holdout,gcc,i32,1000000,22,0,0,greaterTyped,6,5,2962000.0,2893000.0,3009000.0
holdout,gcc,i32,1000000,22,0,0,greaterTyped,0,5,39488000.0,39369000.0,39846000.0
holdout,gcc,i32,1000000,22,0,1,lessVoid,2,5,243600.0,238400.0,246000.0
holdout,gcc,i32,1000000,22,0,1,lessVoid,6,5,235200.0,233200.0,248000.0
holdout,gcc,i32,1000000,22,0,1,lessVoid,5,5,7255000.0,7236000.0,7322000.0
holdout,gcc,i32,1000000,22,0,1,lessVoid,0,5,240600.0,230800.0,243600.0
holdout,gcc,i32,1000000,22,0,1,lessTyped,2,5,235000.0,234800.0,244800.0
holdout,gcc,i32,1000000,22,0,1,lessTyped,6,5,237400.0,234000.0,242600.0
holdout,gcc,i32,1000000,22,0,1,lessTyped,5,5,7232000.0,7210000.0,7266000.0
holdout,gcc,i32,1000000,22,0,1,lessTyped,0,5,233200.0,228800.0,236800.0
holdout,gcc,i32,1000000,22,0,1,greaterTyped,2,5,243000.0,236400.0,244000.0
holdout,gcc,i32,1000000,22,0,1,greaterTyped,6,5,241800.0,234400.0,260400.0
holdout,gcc,i32,1000000,22,0,1,greaterTyped,5,5,7375000.0,7326000.0,7440000.0
holdout,gcc,i32,1000000,22,0,1,greaterTyped,0,5,230000.0,228000.0,234200.0
holdout,gcc,i32,1000000,22,0,2,lessVoid,6,5,375666.667,368000.0,377333.333
holdout,gcc,i32,1000000,22,0,2,lessVoid,0,5,378000.0,366333.333,387000.0
holdout,gcc,i32,1000000,22,0,2,lessVoid,5,5,5483000.0,5411000.0,5547000.0
holdout,gcc,i32,1000000,22,0,2,lessVoid,2,5,376000.0,372333.333,382333.333
holdout,gcc,i32,1000000,22,0,2,lessTyped,6,5,372333.333,369000.0,391000.0
holdout,gcc,i32,1000000,22,0,2,lessTyped,0,5,370666.667,365333.333,400666.667
holdout,gcc,i32,1000000,22,0,2,lessTyped,5,5,5459000.0,5402000.0,5513000.0
holdout,gcc,i32,1000000,22,0,2,lessTyped,2,5,371666.667,366000.0,391000.0
holdout,gcc,i32,1000000,22,0,2,greaterTyped,6,5,375333.333,366666.667,388000.0
holdout,gcc,i32,1000000,22,0,2,greaterTyped,0,5,376333.333,364333.333,380000.0
holdout,gcc,i32,1000000,22,0,2,greaterTyped,5,5,5494000.0,5444000.0,5694000.0
holdout,gcc,i32,1000000,22,0,2,greaterTyped,2,5,380000.0,368000.0,394666.667
holdout,gcc,i32,1000000,22,0,3,lessVoid,6,5,2666000.0,2593000.0,2734000.0
holdout,gcc,i32,1000000,22,0,3,lessVoid,0,5,3607000.0,3559000.0,3987000.0
holdout,gcc,i32,1000000,22,0,3,lessVoid,2,5,3613000.0,3524000.0,3651000.0
holdout,gcc,i32,1000000,22,0,3,lessVoid,5,5,9187000.0,9026000.0,9240000.0
holdout,gcc,i32,1000000,22,0,3,lessTyped,6,5,2658000.0,2634000.0,2775000.0
holdout,gcc,i32,1000000,22,0,3,lessTyped,0,5,9276000.0,9244000.0,9446000.0
holdout,gcc,i32,1000000,22,0,3,lessTyped,2,5,3547000.0,3533000.0,3654000.0
holdout,gcc,i32,1000000,22,0,3,lessTyped,5,5,9216000.0,9154000.0,9285000.0
holdout,gcc,i32,1000000,22,0,3,greaterTyped,6,5,2902000.0,2841000.0,2957000.0
holdout,gcc,i32,1000000,22,0,3,greaterTyped,0,5,9658000.0,9584000.0,9799000.0
holdout,gcc,i32,1000000,22,0,3,greaterTyped,2,5,3756000.0,3577000.0,3859000.0
holdout,gcc,i32,1000000,22,0,3,greaterTyped,5,5,9152000.0,9126000.0,9305000.0
holdout,gcc,i32,1000000,8,16,0,lessVoid,0,5,4657000.0,4531000.0,5017000.0
holdout,gcc,i32,1000000,8,16,0,lessVoid,6,5,3923000.0,3756000.0,4224000.0
holdout,gcc,i32,1000000,8,16,0,lessVoid,2,5,3986000.0,3811000.0,4047000.0
holdout,gcc,i32,1000000,8,16,0,lessVoid,5,5,21275000.0,21177000.0,21980000.0
holdout,gcc,i32,1000000,32,0,0,lessVoid,5,5,40402000.0,39976000.0,40522000.0
holdout,gcc,i32,1000000,32,0,0,lessVoid,0,5,4381000.0,4354000.0,4421000.0
holdout,gcc,i32,1000000,32,0,0,lessVoid,6,5,3689000.0,3622000.0,3718000.0
holdout,gcc,i32,1000000,32,0,0,lessVoid,2,5,4360000.0,4307000.0,4428000.0
holdout,gcc,i64,384,12,0,0,lessVoid,6,5,2058.594,2000.0,2144.531
holdout,gcc,i64,384,12,0,0,lessVoid,5,5,1664.062,1644.531,1679.688
holdout,gcc,i64,384,12,0,0,lessVoid,0,5,1933.594,1917.969,1960.938
holdout,gcc,i64,384,12,0,0,lessVoid,2,5,1984.375,1968.75,1996.094
holdout,gcc,i64,384,20,0,0,lessVoid,6,5,1863.281,1804.688,1949.219
holdout,gcc,i64,384,20,0,0,lessVoid,2,5,1804.688,1777.344,1976.562
holdout,gcc,i64,384,20,0,0,lessVoid,5,5,1593.75,1566.406,1617.188
holdout,gcc,i64,384,20,0,0,lessVoid,0,5,1785.156,1765.625,1812.5
holdout,gcc,i64,384,24,0,0,lessVoid,5,5,1597.656,1589.844,1714.844
holdout,gcc,i64,384,24,0,0,lessVoid,0,5,1933.594,1835.938,2000.0
holdout,gcc,i64,384,24,0,0,lessVoid,2,5,1906.25,1882.812,2042.969
holdout,gcc,i64,384,24,0,0,lessVoid,6,5,1906.25,1867.188,1992.188
holdout,gcc,i64,384,64,0,0,lessVoid,0,5,1945.312,1808.594,1949.219
holdout,gcc,i64,384,64,0,0,lessVoid,5,5,1617.188,1558.594,1687.5
holdout,gcc,i64,384,64,0,0,lessVoid,2,5,1972.656,1945.312,1996.094
holdout,gcc,i64,384,64,0,0,lessVoid,6,5,1968.75,1945.312,2074.219
holdout,gcc,i64,384,8,16,0,lessVoid,0,5,1945.312,1789.062,2175.781
holdout,gcc,i64,384,8,16,0,lessVoid,6,5,1917.969,1796.875,1949.219
holdout,gcc,i64,384,8,16,0,lessVoid,2,5,1937.5,1804.688,1972.656
holdout,gcc,i64,384,8,16,0,lessVoid,5,5,1566.406,1511.719,1632.812
holdout,gcc,i64,1536,12,0,0,lessVoid,5,5,8375.0,8162.602,9259.259
holdout,gcc,i64,1536,12,0,0,lessVoid,2,5,3601.562,3527.344,3714.844
holdout,gcc,i64,1536,12,0,0,lessVoid,6,5,3628.906,3593.75,3859.375
holdout,gcc,i64,1536,12,0,0,lessVoid,0,5,3613.281,3578.125,3742.188
holdout,gcc,i64,1536,20,0,0,lessVoid,6,5,4897.561,4739.336,5055.556
holdout,gcc,i64,1536,20,0,0,lessVoid,2,5,4794.258,4748.815,4911.765
holdout,gcc,i64,1536,20,0,0,lessVoid,0,5,4784.689,4761.905,4859.223
holdout,gcc,i64,1536,20,0,0,lessVoid,5,5,8048.0,7976.19,8322.314
holdout,gcc,i64,1536,24,0,0,lessVoid,6,5,4277.778,4166.667,4290.598
holdout,gcc,i64,1536,24,0,0,lessVoid,0,5,4304.721,4268.085,4309.013
holdout,gcc,i64,1536,24,0,0,lessVoid,5,5,8112.903,8000.0,8272.727
holdout,gcc,i64,1536,24,0,0,lessVoid,2,5,4188.285,4140.496,4422.907
holdout,gcc,i64,1536,64,0,0,lessVoid,5,5,8272.727,8178.862,8341.667
holdout,gcc,i64,1536,64,0,0,lessVoid,0,5,9411.215,9392.523,9580.952
holdout,gcc,i64,1536,64,0,0,lessVoid,6,5,9433.962,9420.561,9433.962
holdout,gcc,i64,1536,64,0,0,lessVoid,2,5,9737.864,9392.523,11032.967
holdout,gcc,i64,1536,8,16,0,lessVoid,2,5,6910.345,6876.712,6951.389
holdout,gcc,i64,1536,8,16,0,lessVoid,5,5,7679.389,7641.221,7867.188
holdout,gcc,i64,1536,8,16,0,lessVoid,0,5,11755.814,11697.674,12345.679
holdout,gcc,i64,1536,8,16,0,lessVoid,6,5,6917.241,6883.562,7049.296
holdout,gcc,i64,4095,12,0,0,lessVoid,2,5,9364.486,9287.037,9509.434
holdout,gcc,i64,4095,12,0,0,lessVoid,6,5,9533.333,9345.794,9580.952
holdout,gcc,i64,4095,12,0,0,lessVoid,5,5,25250.0,24975.61,26342.105
holdout,gcc,i64,4095,12,0,0,lessVoid,0,5,9364.486,9247.706,9644.231
holdout,gcc,i64,4095,20,0,0,lessVoid,2,5,12072.289,11674.419,12370.37
holdout,gcc,i64,4095,20,0,0,lessVoid,6,5,12481.481,12345.679,12625.0
holdout,gcc,i64,4095,20,0,0,lessVoid,0,5,12268.293,11620.69,12910.256
holdout,gcc,i64,4095,20,0,0,lessVoid,5,5,24560.976,24142.857,29823.529
holdout,gcc,i64,4095,24,0,0,lessVoid,0,5,10752.688,10437.5,10827.957
holdout,gcc,i64,4095,24,0,0,lessVoid,6,5,10902.174,10817.204,10967.391
holdout,gcc,i64,4095,24,0,0,lessVoid,5,5,24463.415,24000.0,24512.195
holdout,gcc,i64,4095,24,0,0,lessVoid,2,5,10934.783,10600.0,11409.091
holdout,gcc,i64,4095,64,0,0,lessVoid,0,5,24214.286,23857.143,24585.366
holdout,gcc,i64,4095,64,0,0,lessVoid,5,5,24829.268,24285.714,25425.0
holdout,gcc,i64,4095,64,0,0,lessVoid,2,5,23976.19,23181.818,24238.095
holdout,gcc,i64,4095,64,0,0,lessVoid,6,5,24309.524,24142.857,24439.024
holdout,gcc,i64,4095,8,16,0,lessVoid,5,5,23418.605,23395.349,23904.762
holdout,gcc,i64,4095,8,16,0,lessVoid,2,5,18574.074,18472.727,18740.741
holdout,gcc,i64,4095,8,16,0,lessVoid,6,5,18740.741,18648.148,19307.692
holdout,gcc,i64,4095,8,16,0,lessVoid,0,5,31375.0,30939.394,32612.903
holdout,gcc,i64,4096,12,0,0,lessVoid,6,5,9183.486,9045.045,9324.074
holdout,gcc,i64,4096,12,0,0,lessVoid,5,5,24023.81,23790.698,24414.634
holdout,gcc,i64,4096,12,0,0,lessVoid,2,5,9247.706,8973.214,9364.486
holdout,gcc,i64,4096,12,0,0,lessVoid,0,5,9361.111,9045.045,9542.857
holdout,gcc,i64,4096,20,0,0,lessVoid,0,5,12280.488,12108.434,12846.154
holdout,gcc,i64,4096,20,0,0,lessVoid,5,5,25666.667,25025.0,26421.053
holdout,gcc,i64,4096,20,0,0,lessVoid,6,5,9833.333,9813.725,10869.565
holdout,gcc,i64,4096,20,0,0,lessVoid,2,5,12108.434,11964.286,12341.463
holdout,gcc,i64,4096,24,0,0,lessVoid,2,5,11563.218,10827.957,11597.701
holdout,gcc,i64,4096,24,0,0,lessVoid,0,5,11551.724,11314.607,11651.163
holdout,gcc,i64,4096,24,0,0,lessVoid,5,5,25175.0,24658.537,42083.333
holdout,gcc,i64,4096,24,0,0,lessVoid,6,5,11431.818,11337.079,11505.747
holdout,gcc,i64,4096,64,0,0,lessVoid,2,5,23720.93,22666.667,24878.049
holdout,gcc,i64,4096,64,0,0,lessVoid,6,5,22065.217,21340.426,22333.333
holdout,gcc,i64,4096,64,0,0,lessVoid,0,5,23809.524,23627.907,24285.714
holdout,gcc,i64,4096,64,0,0,lessVoid,5,5,24609.756,23857.143,40040.0
holdout,gcc,i64,4096,8,16,0,lessVoid,5,5,24119.048,23674.419,29882.353
holdout,gcc,i64,4096,8,16,0,lessVoid,6,5,18759.259,18648.148,19576.923
holdout,gcc,i64,4096,8,16,0,lessVoid,2,5,18685.185,18454.545,19150.943
holdout,gcc,i64,4096,8,16,0,lessVoid,0,5,31121.212,30666.667,31250.0
holdout,gcc,i64,4097,12,0,0,lessVoid,2,5,11010.989,10723.404,12696.203
holdout,gcc,i64,4097,12,0,0,lessVoid,5,5,24780.488,24463.415,35857.143
holdout,gcc,i64,4097,12,0,0,lessVoid,0,5,10795.699,10638.298,11122.222
holdout,gcc,i64,4097,12,0,0,lessVoid,6,5,11076.923,10795.699,11211.111
holdout,gcc,i64,4097,20,0,0,lessVoid,6,5,11122.222,10447.917,11431.818
holdout,gcc,i64,4097,20,0,0,lessVoid,0,5,13012.987,12897.436,13184.211
holdout,gcc,i64,4097,20,0,0,lessVoid,5,5,25350.0,24829.268,25666.667
holdout,gcc,i64,4097,20,0,0,lessVoid,2,5,13129.87,13025.974,13197.368
holdout,gcc,i64,4097,24,0,0,lessVoid,0,5,11686.047,11477.273,14047.059
holdout,gcc,i64,4097,24,0,0,lessVoid,6,5,11823.529,11177.778,11858.824
holdout,gcc,i64,4097,24,0,0,lessVoid,5,5,24829.268,24261.905,29085.714
holdout,gcc,i64,4097,24,0,0,lessVoid,2,5,11709.302,11133.333,12060.241
holdout,gcc,i64,4097,64,0,0,lessVoid,2,5,25050.0,24975.61,25325.0
holdout,gcc,i64,4097,64,0,0,lessVoid,5,5,24951.22,24634.146,25769.231
holdout,gcc,i64,4097,64,0,0,lessVoid,0,5,25275.0,24951.22,25600.0
holdout,gcc,i64,4097,64,0,0,lessVoid,6,5,23418.605,22977.273,23581.395
holdout,gcc,i64,4097,8,16,0,lessVoid,6,5,19288.462,19094.34,19596.154
holdout,gcc,i64,4097,8,16,0,lessVoid,5,5,24390.244,23767.442,24707.317
holdout,gcc,i64,4097,8,16,0,lessVoid,0,5,31181.818,31000.0,33258.065
holdout,gcc,i64,4097,8,16,0,lessVoid,2,5,19150.943,19037.736,19882.353
holdout,gcc,i64,32768,12,0,0,lessVoid,2,5,80538.462,79153.846,81923.077
holdout,gcc,i64,32768,12,0,0,lessVoid,6,5,82000.0,79076.923,83384.615
holdout,gcc,i64,32768,12,0,0,lessVoid,0,5,81692.308,78153.846,82769.231
holdout,gcc,i64,32768,12,0,0,lessVoid,5,5,881500.0,874000.0,920500.0
holdout,gcc,i64,32768,20,0,0,lessVoid,2,5,101500.0,100000.0,111444.444
holdout,gcc,i64,32768,20,0,0,lessVoid,0,5,100400.0,100100.0,101400.0
holdout,gcc,i64,32768,20,0,0,lessVoid,6,5,70866.667,67933.333,76214.286
holdout,gcc,i64,32768,20,0,0,lessVoid,5,5,958000.0,909500.0,984000.0
holdout,gcc,i64,32768,24,0,0,lessVoid,0,5,96545.455,93090.909,98272.727
holdout,gcc,i64,32768,24,0,0,lessVoid,6,5,93181.818,91727.273,95727.273
holdout,gcc,i64,32768,24,0,0,lessVoid,5,5,937500.0,899000.0,1039000.0
holdout,gcc,i64,32768,24,0,0,lessVoid,2,5,91818.182,89500.0,98727.273
holdout,gcc,i64,32768,64,0,0,lessVoid,2,5,220000.0,215600.0,220200.0
holdout,gcc,i64,32768,64,0,0,lessVoid,0,5,220800.0,216200.0,233400.0
holdout,gcc,i64,32768,64,0,0,lessVoid,5,5,908000.0,892000.0,956000.0
holdout,gcc,i64,32768,64,0,0,lessVoid,6,5,193500.0,185833.333,200800.0
holdout,gcc,i64,32768,8,16,0,lessVoid,6,5,136500.0,134500.0,140625.0
holdout,gcc,i64,32768,8,16,0,lessVoid,5,5,604500.0,597500.0,653000.0
holdout,gcc,i64,32768,8,16,0,lessVoid,0,5,238200.0,225800.0,247600.0
holdout,gcc,i64,32768,8,16,0,lessVoid,2,5,142250.0,140000.0,147857.143
holdout,gcc,i64,131072,12,0,0,lessVoid,5,5,3996000.0,3937000.0,4243000.0
holdout,gcc,i64,131072,12,0,0,lessVoid,2,5,404333.333,381000.0,531000.0
holdout,gcc,i64,131072,12,0,0,lessVoid,6,5,387333.333,375000.0,508333.333
holdout,gcc,i64,131072,12,0,0,lessVoid,0,5,441000.0,376666.667,508500.0
holdout,gcc,i64,131072,20,0,0,lessVoid,2,5,469333.333,463666.667,508000.0
holdout,gcc,i64,131072,20,0,0,lessVoid,0,5,482000.0,461666.667,569500.0
holdout,gcc,i64,131072,20,0,0,lessVoid,5,5,4627000.0,4550000.0,4680000.0
holdout,gcc,i64,131072,20,0,0,lessVoid,6,5,373333.333,319500.0,400666.667
holdout,gcc,i64,131072,24,0,0,lessVoid,2,5,441000.0,409000.0,463666.667
holdout,gcc,i64,131072,24,0,0,lessVoid,6,5,461666.667,421333.333,482000.0
holdout,gcc,i64,131072,24,0,0,lessVoid,5,5,4756000.0,4683000.0,4923000.0
holdout,gcc,i64,131072,24,0,0,lessVoid,0,5,452000.0,421333.333,525000.0
holdout,gcc,i64,131072,64,0,0,lessVoid,5,5,4454000.0,4435000.0,4596000.0
holdout,gcc,i64,131072,64,0,0,lessVoid,2,5,907000.0,896000.0,930000.0
holdout,gcc,i64,131072,64,0,0,lessVoid,6,5,797000.0,761000.0,827500.0
holdout,gcc,i64,131072,64,0,0,lessVoid,0,5,937000.0,926000.0,955000.0
holdout,gcc,i64,131072,8,16,0,lessVoid,0,5,908000.0,813500.0,935500.0
holdout,gcc,i64,131072,8,16,0,lessVoid,6,5,523666.667,459666.667,619500.0
holdout,gcc,i64,131072,8,16,0,lessVoid,5,5,2667000.0,2637000.0,2724000.0
holdout,gcc,i64,131072,8,16,0,lessVoid,2,5,500000.0,479333.333,539000.0
holdout,gcc,i64,750000,12,0,0,lessVoid,2,5,2505000.0,2444000.0,2689000.0
holdout,gcc,i64,750000,12,0,0,lessVoid,5,5,21495000.0,21437000.0,21745000.0
holdout,gcc,i64,750000,12,0,0,lessVoid,6,5,2487000.0,2464000.0,2577000.0
holdout,gcc,i64,750000,12,0,0,lessVoid,0,5,2507000.0,2477000.0,2653000.0
holdout,gcc,i64,750000,20,0,0,lessVoid,2,5,3143000.0,3115000.0,3284000.0
holdout,gcc,i64,750000,20,0,0,lessVoid,5,5,29238000.0,29142000.0,29329000.0
holdout,gcc,i64,750000,20,0,0,lessVoid,6,5,2410000.0,2353000.0,2609000.0
holdout,gcc,i64,750000,20,0,0,lessVoid,0,5,3073000.0,3025000.0,3123000.0
holdout,gcc,i64,750000,24,0,0,lessVoid,6,5,2976000.0,2880000.0,3035000.0
holdout,gcc,i64,750000,24,0,0,lessVoid,2,5,2926000.0,2912000.0,2956000.0
holdout,gcc,i64,750000,24,0,0,lessVoid,5,5,28881000.0,28790000.0,29007000.0
holdout,gcc,i64,750000,24,0,0,lessVoid,0,5,2942000.0,2876000.0,3069000.0
holdout,gcc,i64,750000,64,0,0,lessVoid,5,5,28970000.0,28895000.0,29119000.0
holdout,gcc,i64,750000,64,0,0,lessVoid,0,5,5935000.0,5888000.0,6280000.0
holdout,gcc,i64,750000,64,0,0,lessVoid,2,5,5942000.0,5758000.0,5953000.0
holdout,gcc,i64,750000,64,0,0,lessVoid,6,5,4934000.0,4889000.0,4967000.0
holdout,gcc,i64,750000,8,16,0,lessVoid,6,5,3270000.0,2976000.0,3513000.0
holdout,gcc,i64,750000,8,16,0,lessVoid,0,5,5092000.0,4981000.0,5384000.0
holdout,gcc,i64,750000,8,16,0,lessVoid,2,5,3061000.0,2962000.0,3141000.0
holdout,gcc,i64,750000,8,16,0,lessVoid,5,5,15609000.0,15551000.0,15655000.0
holdout,gcc,i64,65536,20,0,1,lessVoid,6,5,15415.385,15227.273,15553.846
holdout,gcc,i64,65536,20,0,1,lessVoid,2,5,15384.615,15134.328,15734.375
holdout,gcc,i64,65536,20,0,1,lessVoid,0,5,15272.727,15181.818,15600.0
holdout,gcc,i64,65536,20,0,1,lessVoid,5,5,381333.333,381333.333,388000.0
holdout,gcc,i64,65536,20,0,2,lessVoid,5,5,286250.0,282750.0,292250.0
holdout,gcc,i64,65536,20,0,2,lessVoid,6,5,25325.0,24902.439,25425.0
holdout,gcc,i64,65536,20,0,2,lessVoid,0,5,25350.0,24951.22,25692.308
holdout,gcc,i64,65536,20,0,2,lessVoid,2,5,25425.0,25225.0,25948.718
holdout,gcc,i64,65536,20,0,3,lessVoid,5,5,441000.0,436333.333,468333.333
holdout,gcc,i64,65536,20,0,3,lessVoid,0,5,217000.0,213600.0,221800.0
holdout,gcc,i64,65536,20,0,3,lessVoid,6,5,158142.857,148857.143,174666.667
holdout,gcc,i64,65536,20,0,3,lessVoid,2,5,216000.0,208600.0,226800.0
holdout,gcc,i64,1000000,22,0,0,lessVoid,2,5,4017000.0,3978000.0,4165000.0
holdout,gcc,i64,1000000,22,0,0,lessVoid,5,5,39531000.0,39489000.0,39730000.0
holdout,gcc,i64,1000000,22,0,0,lessVoid,6,5,3293000.0,3284000.0,3493000.0
holdout,gcc,i64,1000000,22,0,0,lessVoid,0,5,4014000.0,3975000.0,4229000.0
holdout,gcc,i64,1000000,22,0,0,lessTyped,2,5,4146000.0,3942000.0,4284000.0
holdout,gcc,i64,1000000,22,0,0,lessTyped,5,5,39823000.0,39662000.0,40055000.0
holdout,gcc,i64,1000000,22,0,0,lessTyped,6,5,3365000.0,3291000.0,3548000.0
holdout,gcc,i64,1000000,22,0,0,lessTyped,0,5,39707000.0,39680000.0,39828000.0
holdout,gcc,i64,1000000,22,0,0,greaterTyped,2,5,4135000.0,3975000.0,4372000.0
holdout,gcc,i64,1000000,22,0,0,greaterTyped,5,5,39648000.0,39306000.0,39898000.0
holdout,gcc,i64,1000000,22,0,0,greaterTyped,6,5,3320000.0,3272000.0,3649000.0
holdout,gcc,i64,1000000,22,0,0,greaterTyped,0,5,39600000.0,39527000.0,39732000.0
holdout,gcc,i64,1000000,22,0,1,lessVoid,2,5,223200.0,223000.0,227000.0
holdout,gcc,i64,1000000,22,0,1,lessVoid,6,5,227000.0,222000.0,228200.0
holdout,gcc,i64,1000000,22,0,1,lessVoid,5,5,7284000.0,7265000.0,7293000.0
holdout,gcc,i64,1000000,22,0,1,lessVoid,0,5,225000.0,223000.0,230600.0
holdout,gcc,i64,1000000,22,0,1,lessTyped,2,5,223800.0,222000.0,225400.0
holdout,gcc,i64,1000000,22,0,1,lessTyped,6,5,227200.0,222800.0,233200.0
holdout,gcc,i64,1000000,22,0,1,lessTyped,5,5,7255000.0,7225000.0,7281000.0
holdout,gcc,i64,1000000,22,0,1,lessTyped,0,5,230200.0,223000.0,235600.0
holdout,gcc,i64,1000000,22,0,1,greaterTyped,2,5,227600.0,223600.0,235200.0
holdout,gcc,i64,1000000,22,0,1,greaterTyped,6,5,224800.0,222800.0,226000.0
holdout,gcc,i64,1000000,22,0,1,greaterTyped,5,5,7346000.0,7320000.0,7370000.0
holdout,gcc,i64,1000000,22,0,1,greaterTyped,0,5,225800.0,222800.0,226400.0
holdout,gcc,i64,1000000,22,0,2,lessVoid,6,5,377666.667,376333.333,398000.0
holdout,gcc,i64,1000000,22,0,2,lessVoid,0,5,377333.333,376000.0,378000.0
holdout,gcc,i64,1000000,22,0,2,lessVoid,5,5,5467000.0,5439000.0,5683000.0
holdout,gcc,i64,1000000,22,0,2,lessVoid,2,5,384333.333,380333.333,392000.0
holdout,gcc,i64,1000000,22,0,2,lessTyped,6,5,392333.333,376333.333,393666.667
holdout,gcc,i64,1000000,22,0,2,lessTyped,0,5,380000.0,377000.0,384000.0
holdout,gcc,i64,1000000,22,0,2,lessTyped,5,5,5454000.0,5428000.0,5504000.0
holdout,gcc,i64,1000000,22,0,2,lessTyped,2,5,378000.0,376666.667,396000.0
holdout,gcc,i64,1000000,22,0,2,greaterTyped,6,5,380000.0,378333.333,382333.333
holdout,gcc,i64,1000000,22,0,2,greaterTyped,0,5,382666.667,379000.0,390666.667
holdout,gcc,i64,1000000,22,0,2,greaterTyped,5,5,5511000.0,5472000.0,5581000.0
holdout,gcc,i64,1000000,22,0,2,greaterTyped,2,5,379666.667,375666.667,390333.333
holdout,gcc,i64,1000000,22,0,3,lessVoid,6,5,3196000.0,3136000.0,3229000.0
holdout,gcc,i64,1000000,22,0,3,lessVoid,0,5,4045000.0,3926000.0,4129000.0
holdout,gcc,i64,1000000,22,0,3,lessVoid,2,5,4033000.0,4018000.0,4176000.0
holdout,gcc,i64,1000000,22,0,3,lessVoid,5,5,9075000.0,9039000.0,9169000.0
holdout,gcc,i64,1000000,22,0,3,lessTyped,6,5,3164000.0,3049000.0,3243000.0
holdout,gcc,i64,1000000,22,0,3,lessTyped,0,5,9542000.0,9529000.0,9576000.0
holdout,gcc,i64,1000000,22,0,3,lessTyped,2,5,4040000.0,3923000.0,4067000.0
holdout,gcc,i64,1000000,22,0,3,lessTyped,5,5,9172000.0,9164000.0,9193000.0
holdout,gcc,i64,1000000,22,0,3,greaterTyped,6,5,3193000.0,3135000.0,3373000.0
holdout,gcc,i64,1000000,22,0,3,greaterTyped,0,5,9583000.0,9529000.0,9627000.0
holdout,gcc,i64,1000000,22,0,3,greaterTyped,2,5,4138000.0,4110000.0,4274000.0
holdout,gcc,i64,1000000,22,0,3,greaterTyped,5,5,9186000.0,9144000.0,9240000.0
holdout,gcc,i64,1000000,8,16,0,lessVoid,0,5,6700000.0,6655000.0,6795000.0
holdout,gcc,i64,1000000,8,16,0,lessVoid,6,5,4250000.0,4023000.0,4414000.0
holdout,gcc,i64,1000000,8,16,0,lessVoid,2,5,4093000.0,4000000.0,4422000.0
holdout,gcc,i64,1000000,8,16,0,lessVoid,5,5,21144000.0,21094000.0,21202000.0
holdout,gcc,i64,1000000,64,0,0,lessVoid,2,5,8062000.0,8006000.0,8282000.0
holdout,gcc,i64,1000000,64,0,0,lessVoid,6,5,6646000.0,6480000.0,6803000.0
holdout,gcc,i64,1000000,64,0,0,lessVoid,0,5,7997000.0,7978000.0,8135000.0
holdout,gcc,i64,1000000,64,0,0,lessVoid,5,5,39813000.0,39606000.0,40040000.0
holdout,clang,i32,384,12,0,0,lessVoid,6,5,1671.547,1667.969,1905.113
holdout,clang,i32,384,12,0,0,lessVoid,2,5,1687.188,1681.793,1887.055
holdout,clang,i32,384,12,0,0,lessVoid,5,5,1497.07,1494.816,1711.078
holdout,clang,i32,384,12,0,0,lessVoid,0,5,1679.52,1677.586,1681.777
holdout,clang,i32,384,20,0,0,lessVoid,5,5,1472.156,1466.48,1664.91
holdout,clang,i32,384,20,0,0,lessVoid,0,5,1666.836,1661.461,1716.465
holdout,clang,i32,384,20,0,0,lessVoid,2,5,1659.352,1650.715,1664.059
holdout,clang,i32,384,20,0,0,lessVoid,6,5,1648.773,1646.969,1651.055
holdout,clang,i32,384,24,0,0,lessVoid,6,5,1644.074,1574.277,1713.293
holdout,clang,i32,384,24,0,0,lessVoid,5,5,1417.48,1389.82,1536.293
holdout,clang,i32,384,24,0,0,lessVoid,0,5,1603.156,1577.816,1890.598
holdout,clang,i32,384,24,0,0,lessVoid,2,5,1589.105,1575.0,1790.488
holdout,clang,i32,384,32,0,0,lessVoid,5,5,1442.684,1387.039,1545.066
holdout,clang,i32,384,32,0,0,lessVoid,6,5,1723.789,1560.051,1820.617
holdout,clang,i32,384,32,0,0,lessVoid,2,5,1733.723,1574.457,1757.953
holdout,clang,i32,384,32,0,0,lessVoid,0,5,1720.398,1584.297,1732.594
holdout,clang,i32,384,8,16,0,lessVoid,6,5,1473.305,1469.07,1683.094
holdout,clang,i32,384,8,16,0,lessVoid,5,5,1300.785,1297.344,1307.758
holdout,clang,i32,384,8,16,0,lessVoid,2,5,1478.023,1474.594,1557.457
holdout,clang,i32,384,8,16,0,lessVoid,0,5,1481.938,1475.602,1591.637
holdout,clang,i32,1536,12,0,0,lessVoid,2,5,3213.688,3163.23,3285.652
holdout,clang,i32,1536,12,0,0,lessVoid,5,5,8091.371,7904.52,8563.786
holdout,clang,i32,1536,12,0,0,lessVoid,0,5,3240.066,3136.359,3345.215
holdout,clang,i32,1536,12,0,0,lessVoid,6,5,3243.988,3237.902,3280.641
holdout,clang,i32,1536,20,0,0,lessVoid,0,5,4317.345,4204.744,4338.537
holdout,clang,i32,1536,20,0,0,lessVoid,6,5,4296.026,4280.679,4318.082
holdout,clang,i32,1536,20,0,0,lessVoid,5,5,8395.775,8272.058,8596.504
holdout,clang,i32,1536,20,0,0,lessVoid,2,5,4238.742,4195.201,4396.592
holdout,clang,i32,1536,24,0,0,lessVoid,5,5,8315.099,8170.39,9046.937
holdout,clang,i32,1536,24,0,0,lessVoid,2,5,3919.617,3772.91,3958.059
holdout,clang,i32,1536,24,0,0,lessVoid,0,5,3952.449,3814.805,3972.381
holdout,clang,i32,1536,24,0,0,lessVoid,6,5,3903.352,3804.207,3976.365
holdout,clang,i32,1536,32,0,0,lessVoid,5,5,8391.617,8099.46,8645.198
holdout,clang,i32,1536,32,0,0,lessVoid,6,5,4883.732,4798.388,5045.211
holdout,clang,i32,1536,32,0,0,lessVoid,0,5,5040.864,4987.965,5147.241
holdout,clang,i32,1536,32,0,0,lessVoid,2,5,4926.485,4641.583,5240.843
holdout,clang,i32,1536,8,16,0,lessVoid,2,5,6476.116,6455.594,6717.349
holdout,clang,i32,1536,8,16,0,lessVoid,5,5,7618.939,7589.303,8018.484
holdout,clang,i32,1536,8,16,0,lessVoid,0,5,11338.483,11305.27,11684.14
holdout,clang,i32,1536,8,16,0,lessVoid,6,5,6429.282,6420.147,6553.111
holdout,clang,i32,4095,12,0,0,lessVoid,0,5,8184.992,8079.29,8451.992
holdout,clang,i32,4095,12,0,0,lessVoid,6,5,8102.879,7880.89,8112.282
holdout,clang,i32,4095,12,0,0,lessVoid,5,5,24522.341,24253.929,25024.025
holdout,clang,i32,4095,12,0,0,lessVoid,2,5,7920.205,7876.362,8241.467
holdout,clang,i32,4095,20,0,0,lessVoid,2,5,10894.478,10506.531,11174.111
holdout,clang,i32,4095,20,0,0,lessVoid,5,5,24303.548,24082.357,24828.244
holdout,clang,i32,4095,20,0,0,lessVoid,6,5,10876.826,10569.705,11008.253
holdout,clang,i32,4095,20,0,0,lessVoid,0,5,10930.739,10581.537,10994.011
holdout,clang,i32,4095,24,0,0,lessVoid,6,5,9877.804,9140.482,10310.948
holdout,clang,i32,4095,24,0,0,lessVoid,5,5,24673.878,24178.619,26838.763
holdout,clang,i32,4095,24,0,0,lessVoid,0,5,9936.921,9161.382,10024.63
holdout,clang,i32,4095,24,0,0,lessVoid,2,5,9518.0,9089.279,9975.267
holdout,clang,i32,4095,32,0,0,lessVoid,6,5,12326.244,12084.807,12675.57
holdout,clang,i32,4095,32,0,0,lessVoid,5,5,25058.425,24261.833,25872.923
holdout,clang,i32,4095,32,0,0,lessVoid,0,5,12632.812,12506.25,12687.266
holdout,clang,i32,4095,32,0,0,lessVoid,2,5,12547.875,12488.111,12598.45
holdout,clang,i32,4095,8,16,0,lessVoid,0,5,29294.086,28954.6,30386.485
holdout,clang,i32,4095,8,16,0,lessVoid,6,5,16754.167,16663.23,17039.559
holdout,clang,i32,4095,8,16,0,lessVoid,5,5,19183.17,19143.774,19786.0
holdout,clang,i32,4095,8,16,0,lessVoid,2,5,16742.333,16663.967,16843.1
holdout,clang,i32,4096,12,0,0,lessVoid,6,5,8086.726,7991.413,8291.264
holdout,clang,i32,4096,12,0,0,lessVoid,2,5,8148.789,7889.827,8217.877
holdout,clang,i32,4096,12,0,0,lessVoid,0,5,8192.122,8116.298,8307.182
holdout,clang,i32,4096,12,0,0,lessVoid,5,5,24737.78,24381.976,25460.45
holdout,clang,i32,4096,20,0,0,lessVoid,6,5,8075.919,7983.056,8376.725
holdout,clang,i32,4096,20,0,0,lessVoid,0,5,10894.913,10621.547,10957.011
holdout,clang,i32,4096,20,0,0,lessVoid,5,5,24614.829,24354.333,24696.073
holdout,clang,i32,4096,20,0,0,lessVoid,2,5,10810.484,10473.49,10902.098
holdout,clang,i32,4096,24,0,0,lessVoid,5,5,24449.122,23871.976,24770.317
holdout,clang,i32,4096,24,0,0,lessVoid,0,5,9868.02,9427.533,10146.939
holdout,clang,i32,4096,24,0,0,lessVoid,2,5,9914.168,9713.5,10087.49
holdout,clang,i32,4096,24,0,0,lessVoid,6,5,9907.168,9722.427,10403.794
holdout,clang,i32,4096,32,0,0,lessVoid,0,5,12366.741,11859.318,12688.329
holdout,clang,i32,4096,32,0,0,lessVoid,6,5,11203.8,10496.948,11404.795
holdout,clang,i32,4096,32,0,0,lessVoid,5,5,24639.22,24112.071,28914.4
holdout,clang,i32,4096,32,0,0,lessVoid,2,5,12209.866,11952.44,12959.949
holdout,clang,i32,4096,8,16,0,lessVoid,5,5,19317.269,19286.788,20227.54
holdout,clang,i32,4096,8,16,0,lessVoid,6,5,16850.0,16685.333,16911.083
holdout,clang,i32,4096,8,16,0,lessVoid,0,5,29304.657,29095.171,29447.382
holdout,clang,i32,4096,8,16,0,lessVoid,2,5,16874.3,16740.283,17438.086
holdout,clang,i32,4097,12,0,0,lessVoid,6,5,8213.393,8100.137,8299.554
holdout,clang,i32,4097,12,0,0,lessVoid,0,5,8351.35,8292.099,8632.198
holdout,clang,i32,4097,12,0,0,lessVoid,2,5,8232.598,8063.616,8304.727
holdout,clang,i32,4097,12,0,0,lessVoid,5,5,24036.738,23838.238,24291.762
holdout,clang,i32,4097,20,0,0,lessVoid,0,5,11078.802,10684.894,11159.756
holdout,clang,i32,4097,20,0,0,lessVoid,2,5,10971.0,10931.63,10993.615
holdout,clang,i32,4097,20,0,0,lessVoid,5,5,24686.951,24295.619,25058.375
holdout,clang,i32,4097,20,0,0,lessVoid,6,5,8248.311,8073.266,8423.706
holdout,clang,i32,4097,24,0,0,lessVoid,2,5,9779.913,9617.857,10016.3
holdout,clang,i32,4097,24,0,0,lessVoid,5,5,27941.0,27423.405,29036.857
holdout,clang,i32,4097,24,0,0,lessVoid,0,5,9875.863,9486.226,9994.218
holdout,clang,i32,4097,24,0,0,lessVoid,6,5,9851.255,9476.83,9922.02
holdout,clang,i32,4097,32,0,0,lessVoid,6,5,11327.191,10892.696,11500.54
holdout,clang,i32,4097,32,0,0,lessVoid,5,5,24707.39,24491.902,25156.325
holdout,clang,i32,4097,32,0,0,lessVoid,2,5,12558.9,12074.277,12772.101
holdout,clang,i32,4097,32,0,0,lessVoid,0,5,12595.312,12192.855,12608.275
holdout,clang,i32,4097,8,16,0,lessVoid,0,5,29310.657,29011.743,29856.588
holdout,clang,i32,4097,8,16,0,lessVoid,2,5,16772.933,16729.967,18197.709
holdout,clang,i32,4097,8,16,0,lessVoid,5,5,19249.962,19165.811,20065.14
holdout,clang,i32,4097,8,16,0,lessVoid,6,5,16791.567,16696.55,17066.356
holdout,clang,i32,32768,12,0,0,lessVoid,5,5,816729.0,812291.5,865499.5
holdout,clang,i32,32768,12,0,0,lessVoid,0,5,66367.125,64559.938,67697.267
holdout,clang,i32,32768,12,0,0,lessVoid,6,5,66385.562,64450.5,68061.067
holdout,clang,i32,32768,12,0,0,lessVoid,2,5,65856.625,63348.812,68747.2
holdout,clang,i32,32768,20,0,0,lessVoid,0,5,88621.333,85965.25,91977.273
holdout,clang,i32,32768,20,0,0,lessVoid,6,5,61683.765,59911.882,64872.562
holdout,clang,i32,32768,20,0,0,lessVoid,2,5,88927.083,85354.333,89586.917
holdout,clang,i32,32768,20,0,0,lessVoid,5,5,911354.5,888646.0,931104.0
holdout,clang,i32,32768,24,0,0,lessVoid,0,5,81528.846,80163.462,85760.667
holdout,clang,i32,32768,24,0,0,lessVoid,2,5,81314.231,77019.231,88652.917
holdout,clang,i32,32768,24,0,0,lessVoid,5,5,938000.0,914854.5,1019458.0
holdout,clang,i32,32768,24,0,0,lessVoid,6,5,82237.077,81416.769,85090.167
holdout,clang,i32,32768,32,0,0,lessVoid,0,5,104416.6,104179.0,105995.6
holdout,clang,i32,32768,32,0,0,lessVoid,5,5,895520.5,877708.5,935520.5
holdout,clang,i32,32768,32,0,0,lessVoid,6,5,84750.0,84086.917,89132.0
holdout,clang,i32,32768,32,0,0,lessVoid,2,5,103579.2,102671.0,105991.7
holdout,clang,i32,32768,8,16,0,lessVoid,5,5,461069.333,456764.0,511292.0
holdout,clang,i32,32768,8,16,0,lessVoid,6,5,130765.5,128927.0,138328.375
holdout,clang,i32,32768,8,16,0,lessVoid,0,5,216258.2,203847.0,227708.2
holdout,clang,i32,32768,8,16,0,lessVoid,2,5,137411.625,132067.75,152148.857
holdout,clang,i32,131072,12,0,0,lessVoid,6,5,341958.0,338875.0,343138.667
holdout,clang,i32,131072,12,0,0,lessVoid,5,5,3277791.0,3259584.0,3385041.0
holdout,clang,i32,131072,12,0,0,lessVoid,0,5,352208.667,340528.0,354708.667
holdout,clang,i32,131072,12,0,0,lessVoid,2,5,342013.333,325374.75,344027.667
holdout,clang,i32,131072,20,0,0,lessVoid,2,5,413680.667,400569.333,438000.0
holdout,clang,i32,131072,20,0,0,lessVoid,6,5,320750.0,313000.25,342968.75
holdout,clang,i32,131072,20,0,0,lessVoid,5,5,4342334.0,4266334.0,4351792.0
holdout,clang,i32,131072,20,0,0,lessVoid,0,5,424833.667,415514.0,437152.667
holdout,clang,i32,131072,24,0,0,lessVoid,0,5,391263.667,372167.0,437792.0
holdout,clang,i32,131072,24,0,0,lessVoid,5,5,4376292.0,4343750.0,4408042.0
holdout,clang,i32,131072,24,0,0,lessVoid,6,5,396847.0,384528.0,430750.0
holdout,clang,i32,131072,24,0,0,lessVoid,2,5,401472.0,392389.0,410222.0
holdout,clang,i32,131072,32,0,0,lessVoid,6,5,418333.0,396889.0,420750.333
holdout,clang,i32,131072,32,0,0,lessVoid,2,5,496347.0,486652.667,511625.0
holdout,clang,i32,131072,32,0,0,lessVoid,5,5,4291834.0,4212417.0,4351833.0
holdout,clang,i32,131072,32,0,0,lessVoid,0,5,487930.333,471319.333,509229.0
holdout,clang,i32,131072,8,16,0,lessVoid,5,5,2067875.0,2053166.0,2192791.0
holdout,clang,i32,131072,8,16,0,lessVoid,6,5,530312.5,496027.333,621645.5
holdout,clang,i32,131072,8,16,0,lessVoid,0,5,770562.0,574458.5,811625.0
holdout,clang,i32,131072,8,16,0,lessVoid,2,5,534458.5,501375.0,631187.5
holdout,clang,i32,750000,12,0,0,lessVoid,0,5,2247042.0,2194792.0,2275375.0
holdout,clang,i32,750000,12,0,0,lessVoid,2,5,2193541.0,2162875.0,2204416.0
holdout,clang,i32,750000,12,0,0,lessVoid,6,5,2184542.0,2171375.0,2241541.0
holdout,clang,i32,750000,12,0,0,lessVoid,5,5,19185791.0,19008959.0,19226292.0
holdout,clang,i32,750000,20,0,0,lessVoid,5,5,28720792.0,28544083.0,28912000.0
holdout,clang,i32,750000,20,0,0,lessVoid,0,5,2759708.0,2718208.0,2824333.0
holdout,clang,i32,750000,20,0,0,lessVoid,6,5,2166916.0,2107792.0,2223458.0
holdout,clang,i32,750000,20,0,0,lessVoid,2,5,2742208.0,2705042.0,2788792.0
holdout,clang,i32,750000,24,0,0,lessVoid,2,5,2590375.0,2534917.0,2679250.0
holdout,clang,i32,750000,24,0,0,lessVoid,5,5,28508500.0,28426750.0,28828542.0
holdout,clang,i32,750000,24,0,0,lessVoid,0,5,2552583.0,2528500.0,2574167.0
holdout,clang,i32,750000,24,0,0,lessVoid,6,5,2549875.0,2513667.0,2562667.0
holdout,clang,i32,750000,32,0,0,lessVoid,6,5,2661250.0,2626083.0,2835875.0
holdout,clang,i32,750000,32,0,0,lessVoid,5,5,28118875.0,28068584.0,28309583.0
holdout,clang,i32,750000,32,0,0,lessVoid,2,5,3105917.0,3097375.0,3129291.0
holdout,clang,i32,750000,32,0,0,lessVoid,0,5,3078375.0,3029916.0,3260875.0
holdout,clang,i32,750000,8,16,0,lessVoid,5,5,12559958.0,12476208.0,12618750.0
holdout,clang,i32,750000,8,16,0,lessVoid,2,5,2794833.0,2771416.0,2935459.0
holdout,clang,i32,750000,8,16,0,lessVoid,6,5,2799625.0,2775458.0,2837541.0
holdout,clang,i32,750000,8,16,0,lessVoid,0,5,3437166.0,3416083.0,3498042.0
holdout,clang,i32,65536,20,0,1,lessVoid,2,5,15280.848,15025.478,15402.6
holdout,clang,i32,65536,20,0,1,lessVoid,0,5,15260.076,15016.761,15464.123
holdout,clang,i32,65536,20,0,1,lessVoid,6,5,15335.167,14999.343,15766.984
holdout,clang,i32,65536,20,0,1,lessVoid,5,5,44681.043,43949.174,44878.435
holdout,clang,i32,65536,20,0,2,lessVoid,2,5,18518.182,17496.448,18805.5
holdout,clang,i32,65536,20,0,2,lessVoid,6,5,18716.019,17667.474,18859.519
holdout,clang,i32,65536,20,0,2,lessVoid,0,5,18732.148,17739.754,18872.585
holdout,clang,i32,65536,20,0,2,lessVoid,5,5,57092.5,54736.789,58175.722
holdout,clang,i32,65536,20,0,3,lessVoid,5,5,279333.25,277094.0,283906.25
holdout,clang,i32,65536,20,0,3,lessVoid,6,5,130510.625,125385.375,131208.25
holdout,clang,i32,65536,20,0,3,lessVoid,2,5,181131.833,175541.667,183597.167
holdout,clang,i32,65536,20,0,3,lessVoid,0,5,183861.0,180097.333,190722.167
holdout,clang,i32,1000000,22,0,0,lessVoid,2,5,3543333.0,3524958.0,3610459.0
holdout,clang,i32,1000000,22,0,0,lessVoid,6,5,2885458.0,2842292.0,2963667.0
holdout,clang,i32,1000000,22,0,0,lessVoid,0,5,3568250.0,3538500.0,3635833.0
holdout,clang,i32,1000000,22,0,0,lessVoid,5,5,39226958.0,39158583.0,39251417.0
holdout,clang,i32,1000000,22,0,0,lessTyped,2,5,3596625.0,3530875.0,3634917.0
holdout,clang,i32,1000000,22,0,0,lessTyped,6,5,2900542.0,2851708.0,2983042.0
holdout,clang,i32,1000000,22,0,0,lessTyped,0,5,39724959.0,39671167.0,39846166.0
holdout,clang,i32,1000000,22,0,0,lessTyped,5,5,39262500.0,39130208.0,39387959.0
holdout,clang,i32,1000000,22,0,0,greaterTyped,2,5,3636333.0,3548125.0,3686875.0
holdout,clang,i32,1000000,22,0,0,greaterTyped,6,5,2961125.0,2932875.0,3059750.0
holdout,clang,i32,1000000,22,0,0,greaterTyped,0,5,39788958.0,39665041.0,40522125.0
holdout,clang,i32,1000000,22,0,0,greaterTyped,5,5,13481333.0,13432541.0,13650625.0
holdout,clang,i32,1000000,22,0,1,lessVoid,2,5,222700.0,222483.4,232858.0
holdout,clang,i32,1000000,22,0,1,lessVoid,6,5,224883.4,222474.6,229116.6
holdout,clang,i32,1000000,22,0,1,lessVoid,0,5,224300.0,222499.8,234741.8
holdout,clang,i32,1000000,22,0,1,lessVoid,5,5,667979.0,665250.5,672896.0
holdout,clang,i32,1000000,22,0,1,lessTyped,2,5,227967.0,222108.4,233300.0
holdout,clang,i32,1000000,22,0,1,lessTyped,6,5,228116.6,222592.0,230658.6
holdout,clang,i32,1000000,22,0,1,lessTyped,0,5,226033.2,222583.6,231575.0
holdout,clang,i32,1000000,22,0,1,lessTyped,5,5,674395.5,665166.5,697792.0
holdout,clang,i32,1000000,22,0,1,greaterTyped,2,5,227533.2,223700.0,231966.8
holdout,clang,i32,1000000,22,0,1,greaterTyped,6,5,228141.4,224524.8,234274.8
holdout,clang,i32,1000000,22,0,1,greaterTyped,0,5,227983.2,222658.2,231008.0
holdout,clang,i32,1000000,22,0,1,greaterTyped,5,5,457930.667,451833.333,462180.333
holdout,clang,i32,1000000,22,0,2,lessVoid,2,5,284427.25,273541.5,286916.25
holdout,clang,i32,1000000,22,0,2,lessVoid,5,5,853708.5,833146.0,876896.0
holdout,clang,i32,1000000,22,0,2,lessVoid,0,5,280426.75,273541.5,291968.5
holdout,clang,i32,1000000,22,0,2,lessVoid,6,5,284708.5,274323.0,296250.25
holdout,clang,i32,1000000,22,0,2,lessTyped,2,5,279926.75,276406.25,302489.75
holdout,clang,i32,1000000,22,0,2,lessTyped,5,5,861687.5,857562.5,868062.5
holdout,clang,i32,1000000,22,0,2,lessTyped,0,5,291187.25,281208.25,297052.0
holdout,clang,i32,1000000,22,0,2,lessTyped,6,5,293843.75,276166.5,351180.333
holdout,clang,i32,1000000,22,0,2,greaterTyped,2,5,282114.75,277458.25,351166.5
holdout,clang,i32,1000000,22,0,2,greaterTyped,5,5,885833.0,842562.5,909271.0
holdout,clang,i32,1000000,22,0,2,greaterTyped,0,5,287562.5,274219.0,299458.25
holdout,clang,i32,1000000,22,0,2,greaterTyped,6,5,279604.25,273531.25,284875.0
holdout,clang,i32,1000000,22,0,3,lessVoid,5,5,5922917.0,5891750.0,5974042.0
holdout,clang,i32,1000000,22,0,3,lessVoid,0,5,3217167.0,3140709.0,3265375.0
holdout,clang,i32,1000000,22,0,3,lessVoid,2,5,3168833.0,3163250.0,3192291.0
holdout,clang,i32,1000000,22,0,3,lessVoid,6,5,2463833.0,2458125.0,2470000.0
holdout,clang,i32,1000000,22,0,3,lessTyped,5,5,5975042.0,5887042.0,6004417.0
holdout,clang,i32,1000000,22,0,3,lessTyped,0,5,6120291.0,6056125.0,6142667.0
holdout,clang,i32,1000000,22,0,3,lessTyped,2,5,3124792.0,3106500.0,3203584.0
holdout,clang,i32,1000000,22,0,3,lessTyped,6,5,2470666.0,2415542.0,2482167.0
holdout,clang,i32,1000000,22,0,3,greaterTyped,5,5,4933334.0,4893833.0,4984584.0
holdout,clang,i32,1000000,22,0,3,greaterTyped,0,5,5991917.0,5950625.0,6054167.0
holdout,clang,i32,1000000,22,0,3,greaterTyped,2,5,3435042.0,3402667.0,3579541.0
holdout,clang,i32,1000000,22,0,3,greaterTyped,6,5,2744292.0,2706792.0,2775458.0
holdout,clang,i32,1000000,8,16,0,lessVoid,0,5,4715833.0,4621666.0,5117167.0
holdout,clang,i32,1000000,8,16,0,lessVoid,6,5,3803833.0,3773708.0,3883417.0
holdout,clang,i32,1000000,8,16,0,lessVoid,2,5,3796792.0,3755500.0,3819833.0
holdout,clang,i32,1000000,8,16,0,lessVoid,5,5,16155917.0,16060666.0,16237125.0
holdout,clang,i32,1000000,32,0,0,lessVoid,6,5,3606958.0,3530291.0,3779459.0
holdout,clang,i32,1000000,32,0,0,lessVoid,0,5,4321000.0,4278792.0,4437000.0
holdout,clang,i32,1000000,32,0,0,lessVoid,2,5,4290458.0,4241583.0,4333500.0
holdout,clang,i32,1000000,32,0,0,lessVoid,5,5,39238250.0,39126000.0,39657375.0
holdout,clang,i64,384,12,0,0,lessVoid,6,5,1625.0,1619.781,1774.254
holdout,clang,i64,384,12,0,0,lessVoid,2,5,1629.074,1623.051,1639.316
holdout,clang,i64,384,12,0,0,lessVoid,5,5,1430.039,1415.695,1435.691
holdout,clang,i64,384,12,0,0,lessVoid,0,5,1624.812,1614.59,1628.082
holdout,clang,i64,384,20,0,0,lessVoid,5,5,1497.727,1490.07,1508.125
holdout,clang,i64,384,20,0,0,lessVoid,0,5,1699.047,1690.082,1979.035
holdout,clang,i64,384,20,0,0,lessVoid,2,5,1694.84,1690.578,1961.746
holdout,clang,i64,384,20,0,0,lessVoid,6,5,1690.918,1685.227,1697.898
holdout,clang,i64,384,24,0,0,lessVoid,6,5,1745.289,1682.777,1758.789
holdout,clang,i64,384,24,0,0,lessVoid,5,5,1556.805,1483.719,1566.418
holdout,clang,i64,384,24,0,0,lessVoid,0,5,1700.672,1682.938,1766.117
holdout,clang,i64,384,24,0,0,lessVoid,2,5,1749.352,1681.148,1861.023
holdout,clang,i64,384,64,0,0,lessVoid,5,5,1478.859,1409.73,1702.125
holdout,clang,i64,384,64,0,0,lessVoid,6,5,1664.551,1584.465,1878.891
holdout,clang,i64,384,64,0,0,lessVoid,0,5,1593.57,1588.84,1711.762
holdout,clang,i64,384,64,0,0,lessVoid,2,5,1590.848,1587.23,1722.047
holdout,clang,i64,384,8,16,0,lessVoid,6,5,1531.961,1522.086,1684.566
holdout,clang,i64,384,8,16,0,lessVoid,5,5,1338.211,1330.57,1342.617
holdout,clang,i64,384,8,16,0,lessVoid,2,5,1521.355,1514.645,1706.016
holdout,clang,i64,384,8,16,0,lessVoid,0,5,1531.723,1511.891,1782.719
holdout,clang,i64,1536,12,0,0,lessVoid,2,5,3362.496,3269.715,3429.543
holdout,clang,i64,1536,12,0,0,lessVoid,5,5,8298.207,8090.355,8495.805
holdout,clang,i64,1536,12,0,0,lessVoid,0,5,3406.883,3155.426,3642.586
holdout,clang,i64,1536,12,0,0,lessVoid,6,5,3354.969,3181.84,3431.484
holdout,clang,i64,1536,20,0,0,lessVoid,0,5,4439.009,4271.991,4515.968
holdout,clang,i64,1536,20,0,0,lessVoid,6,5,4376.991,4322.922,4652.493
holdout,clang,i64,1536,20,0,0,lessVoid,5,5,8725.026,8662.767,8895.221
holdout,clang,i64,1536,20,0,0,lessVoid,2,5,4424.74,4285.949,4538.081
holdout,clang,i64,1536,24,0,0,lessVoid,5,5,8165.959,8001.68,8232.574
holdout,clang,i64,1536,24,0,0,lessVoid,2,5,4020.349,3848.043,4032.718
holdout,clang,i64,1536,24,0,0,lessVoid,0,5,4066.39,3931.718,4245.216
holdout,clang,i64,1536,24,0,0,lessVoid,6,5,3990.183,3931.737,4011.848
holdout,clang,i64,1536,64,0,0,lessVoid,0,5,8684.284,8648.698,8872.0
holdout,clang,i64,1536,64,0,0,lessVoid,5,5,7879.583,7863.281,8566.949
holdout,clang,i64,1536,64,0,0,lessVoid,6,5,8656.948,8641.526,9044.649
holdout,clang,i64,1536,64,0,0,lessVoid,2,5,8672.069,8656.931,9525.848
holdout,clang,i64,1536,8,16,0,lessVoid,2,5,6583.053,6564.752,6869.89
holdout,clang,i64,1536,8,16,0,lessVoid,5,5,7419.444,7378.066,7591.553
holdout,clang,i64,1536,8,16,0,lessVoid,0,5,11418.091,11412.943,12250.524
holdout,clang,i64,1536,8,16,0,lessVoid,6,5,6626.404,6567.235,6743.866
holdout,clang,i64,4095,12,0,0,lessVoid,0,5,8908.549,8785.404,9034.955
holdout,clang,i64,4095,12,0,0,lessVoid,6,5,8578.333,8361.783,8990.357
holdout,clang,i64,4095,12,0,0,lessVoid,5,5,24854.707,24827.341,27613.757
holdout,clang,i64,4095,12,0,0,lessVoid,2,5,8561.325,8275.463,8914.168
holdout,clang,i64,4095,20,0,0,lessVoid,2,5,11297.315,10890.848,11611.632
holdout,clang,i64,4095,20,0,0,lessVoid,5,5,24849.512,24374.024,26383.816
holdout,clang,i64,4095,20,0,0,lessVoid,6,5,11447.955,11164.367,11531.08
holdout,clang,i64,4095,20,0,0,lessVoid,0,5,11478.659,11411.898,11611.621
holdout,clang,i64,4095,24,0,0,lessVoid,6,5,10466.667,9696.269,10911.228
holdout,clang,i64,4095,24,0,0,lessVoid,5,5,26471.447,24780.39,32837.419
holdout,clang,i64,4095,24,0,0,lessVoid,0,5,10271.704,10051.63,10287.378
holdout,clang,i64,4095,24,0,0,lessVoid,2,5,10111.97,9914.96,10424.958
holdout,clang,i64,4095,64,0,0,lessVoid,0,5,23840.214,23134.568,24953.293
holdout,clang,i64,4095,64,0,0,lessVoid,6,5,23829.405,23770.419,23914.667
holdout,clang,i64,4095,64,0,0,lessVoid,5,5,26243.667,25189.55,27426.865
holdout,clang,i64,4095,64,0,0,lessVoid,2,5,23234.795,23190.364,23859.238
holdout,clang,i64,4095,8,16,0,lessVoid,0,5,29860.324,29664.176,30274.588
holdout,clang,i64,4095,8,16,0,lessVoid,6,5,17642.614,17533.155,18326.564
holdout,clang,i64,4095,8,16,0,lessVoid,5,5,19671.588,19656.02,19989.412
holdout,clang,i64,4095,8,16,0,lessVoid,2,5,17716.404,17614.737,18104.089
holdout,clang,i64,4096,12,0,0,lessVoid,6,5,8555.59,8164.667,8947.239
holdout,clang,i64,4096,12,0,0,lessVoid,2,5,8490.797,8408.252,8687.517
holdout,clang,i64,4096,12,0,0,lessVoid,0,5,8668.017,8555.513,8947.545
holdout,clang,i64,4096,12,0,0,lessVoid,5,5,24901.415,24290.738,27233.027
holdout,clang,i64,4096,20,0,0,lessVoid,6,5,8814.289,8477.78,9368.374
holdout,clang,i64,4096,20,0,0,lessVoid,0,5,11240.18,10671.064,11708.814
holdout,clang,i64,4096,20,0,0,lessVoid,5,5,25345.7,25140.675,39455.038
holdout,clang,i64,4096,20,0,0,lessVoid,2,5,11220.867,10679.947,11438.523
holdout,clang,i64,4096,24,0,0,lessVoid,5,5,26162.359,25207.35,28295.167
holdout,clang,i64,4096,24,0,0,lessVoid,0,5,10167.01,10045.44,10529.432
holdout,clang,i64,4096,24,0,0,lessVoid,2,5,10606.6,10438.312,11159.256
holdout,clang,i64,4096,24,0,0,lessVoid,6,5,10419.76,10207.071,10643.564
holdout,clang,i64,4096,64,0,0,lessVoid,5,5,26086.538,25539.625,26690.711
holdout,clang,i64,4096,64,0,0,lessVoid,6,5,21742.851,21405.149,21833.435
holdout,clang,i64,4096,64,0,0,lessVoid,0,5,23165.727,22743.386,24415.683
holdout,clang,i64,4096,64,0,0,lessVoid,2,5,23648.186,23447.628,23892.881
holdout,clang,i64,4096,8,16,0,lessVoid,5,5,19462.346,19388.712,19772.882
holdout,clang,i64,4096,8,16,0,lessVoid,6,5,17627.298,17415.224,19697.885
holdout,clang,i64,4096,8,16,0,lessVoid,0,5,29936.235,29518.324,30858.697
holdout,clang,i64,4096,8,16,0,lessVoid,2,5,17621.333,17437.448,19890.49
holdout,clang,i64,4097,12,0,0,lessVoid,6,5,9890.961,9787.583,9963.723
holdout,clang,i64,4097,12,0,0,lessVoid,0,5,9992.525,9965.733,10250.857
holdout,clang,i64,4097,12,0,0,lessVoid,2,5,9809.627,9697.442,9879.118
holdout,clang,i64,4097,12,0,0,lessVoid,5,5,25048.975,24801.78,27876.25
holdout,clang,i64,4097,20,0,0,lessVoid,0,5,12061.94,11520.057,12476.37
holdout,clang,i64,4097,20,0,0,lessVoid,2,5,11973.655,11852.447,12018.857
holdout,clang,i64,4097,20,0,0,lessVoid,5,5,25771.282,25120.825,25993.641
holdout,clang,i64,4097,20,0,0,lessVoid,6,5,9360.299,9278.593,9973.218
holdout,clang,i64,4097,24,0,0,lessVoid,2,5,10770.14,10683.021,10905.707
holdout,clang,i64,4097,24,0,0,lessVoid,5,5,25598.925,25450.075,26532.974
holdout,clang,i64,4097,24,0,0,lessVoid,0,5,10727.394,10687.064,11205.511
holdout,clang,i64,4097,24,0,0,lessVoid,6,5,10930.696,10754.032,11263.101
holdout,clang,i64,4097,64,0,0,lessVoid,5,5,38923.0,25797.051,53026.211
holdout,clang,i64,4097,64,0,0,lessVoid,2,5,25068.75,24214.31,26358.684
holdout,clang,i64,4097,64,0,0,lessVoid,6,5,22969.682,20650.449,23213.068
holdout,clang,i64,4097,64,0,0,lessVoid,0,5,25055.2,24878.049,40169.96
holdout,clang,i64,4097,8,16,0,lessVoid,0,5,30464.636,29787.971,31265.562
holdout,clang,i64,4097,8,16,0,lessVoid,2,5,18491.0,17871.368,19561.788
holdout,clang,i64,4097,8,16,0,lessVoid,5,5,19731.235,19544.904,21047.583
holdout,clang,i64,4097,8,16,0,lessVoid,6,5,18731.407,18188.709,19296.462
holdout,clang,i64,32768,12,0,0,lessVoid,5,5,875542.0,862104.0,895271.0
holdout,clang,i64,32768,12,0,0,lessVoid,0,5,75384.0,75148.857,76657.714
holdout,clang,i64,32768,12,0,0,lessVoid,6,5,75366.071,73371.857,84399.333
holdout,clang,i64,32768,12,0,0,lessVoid,2,5,78641.077,76684.643,86107.667
holdout,clang,i64,32768,20,0,0,lessVoid,0,5,95855.909,93291.545,99117.545
holdout,clang,i64,32768,20,0,0,lessVoid,6,5,75282.786,67086.2,77448.692
holdout,clang,i64,32768,20,0,0,lessVoid,2,5,96696.727,93560.909,97382.545
holdout,clang,i64,32768,20,0,0,lessVoid,5,5,1009625.0,927500.0,1038584.0
holdout,clang,i64,32768,24,0,0,lessVoid,0,5,87461.667,86777.667,90048.5
holdout,clang,i64,32768,24,0,0,lessVoid,2,5,89350.833,87142.5,93458.364
holdout,clang,i64,32768,24,0,0,lessVoid,5,5,929583.5,909396.0,951458.5
holdout,clang,i64,32768,24,0,0,lessVoid,6,5,89638.917,86343.75,93867.273
holdout,clang,i64,32768,64,0,0,lessVoid,2,5,217350.0,206741.4,220616.6
holdout,clang,i64,32768,64,0,0,lessVoid,5,5,942063.0,898645.5,952458.5
holdout,clang,i64,32768,64,0,0,lessVoid,0,5,212541.6,206258.4,214841.8
holdout,clang,i64,32768,64,0,0,lessVoid,6,5,186909.833,185930.833,204650.2
holdout,clang,i64,32768,8,16,0,lessVoid,5,5,532312.5,527854.5,548396.0
holdout,clang,i64,32768,8,16,0,lessVoid,6,5,133916.625,127013.778,138229.25
holdout,clang,i64,32768,8,16,0,lessVoid,0,5,212491.8,202235.833,216466.6
holdout,clang,i64,32768,8,16,0,lessVoid,2,5,130625.0,130083.25,137265.75
holdout,clang,i64,131072,12,0,0,lessVoid,6,5,378555.667,366236.0,385250.0
holdout,clang,i64,131072,12,0,0,lessVoid,5,5,3406834.0,3358291.0,3411833.0
holdout,clang,i64,131072,12,0,0,lessVoid,0,5,363430.667,358055.333,369416.667
holdout,clang,i64,131072,12,0,0,lessVoid,2,5,350861.0,346222.333,369027.667
holdout,clang,i64,131072,20,0,0,lessVoid,2,5,464444.667,454347.0,516937.5
holdout,clang,i64,131072,20,0,0,lessVoid,6,5,346778.0,335625.25,396778.0
holdout,clang,i64,131072,20,0,0,lessVoid,5,5,4454166.0,4373416.0,4564125.0
holdout,clang,i64,131072,20,0,0,lessVoid,0,5,460250.0,432833.333,506222.333
holdout,clang,i64,131072,24,0,0,lessVoid,0,5,417430.667,398847.333,430208.0
holdout,clang,i64,131072,24,0,0,lessVoid,5,5,4389167.0,4343875.0,4395292.0
holdout,clang,i64,131072,24,0,0,lessVoid,6,5,440680.333,423999.667,461430.667
holdout,clang,i64,131072,24,0,0,lessVoid,2,5,430139.0,422778.0,443055.667
holdout,clang,i64,131072,64,0,0,lessVoid,2,5,910583.5,892999.5,932062.5
holdout,clang,i64,131072,64,0,0,lessVoid,6,5,803875.0,799750.0,809145.5
holdout,clang,i64,131072,64,0,0,lessVoid,5,5,4369583.0,4362834.0,4411084.0
holdout,clang,i64,131072,64,0,0,lessVoid,0,5,893167.0,872625.0,909625.0
holdout,clang,i64,131072,8,16,0,lessVoid,5,5,2089541.0,2083792.0,2147208.0
holdout,clang,i64,131072,8,16,0,lessVoid,6,5,556375.0,509041.5,560062.5
holdout,clang,i64,131072,8,16,0,lessVoid,0,5,562416.5,503000.0,820958.5
holdout,clang,i64,131072,8,16,0,lessVoid,2,5,535583.0,517146.0,558833.5
holdout,clang,i64,750000,12,0,0,lessVoid,0,5,2405958.0,2363083.0,2538833.0
holdout,clang,i64,750000,12,0,0,lessVoid,2,5,2416500.0,2406542.0,2498042.0
holdout,clang,i64,750000,12,0,0,lessVoid,6,5,2407708.0,2379333.0,2594833.0
holdout,clang,i64,750000,12,0,0,lessVoid,5,5,19340792.0,19289708.0,19449500.0
holdout,clang,i64,750000,20,0,0,lessVoid,5,5,28993083.0,28895666.0,30731709.0
holdout,clang,i64,750000,20,0,0,lessVoid,0,5,3023333.0,2990333.0,3464541.0
holdout,clang,i64,750000,20,0,0,lessVoid,6,5,2420209.0,2355709.0,2651375.0
holdout,clang,i64,750000,20,0,0,lessVoid,2,5,3009833.0,2947459.0,3178875.0
holdout,clang,i64,750000,24,0,0,lessVoid,2,5,2919583.0,2873750.0,2930666.0
holdout,clang,i64,750000,24,0,0,lessVoid,5,5,28902583.0,28851500.0,29023333.0
holdout,clang,i64,750000,24,0,0,lessVoid,0,5,2969583.0,2907625.0,3105416.0
holdout,clang,i64,750000,24,0,0,lessVoid,6,5,2904833.0,2848500.0,2965042.0
holdout,clang,i64,750000,64,0,0,lessVoid,6,5,4891875.0,4812917.0,4915750.0
holdout,clang,i64,750000,64,0,0,lessVoid,2,5,5870166.0,5853166.0,6052958.0
holdout,clang,i64,750000,64,0,0,lessVoid,0,5,5785708.0,5739125.0,5863834.0
holdout,clang,i64,750000,64,0,0,lessVoid,5,5,29343708.0,29312625.0,29639375.0
holdout,clang,i64,750000,8,16,0,lessVoid,5,5,12817500.0,12727125.0,12903583.0
holdout,clang,i64,750000,8,16,0,lessVoid,2,5,3015125.0,2991750.0,3229000.0
holdout,clang,i64,750000,8,16,0,lessVoid,6,5,3045917.0,3039625.0,3112375.0
holdout,clang,i64,750000,8,16,0,lessVoid,0,5,2850833.0,2808250.0,3119458.0
holdout,clang,i64,65536,20,0,1,lessVoid,2,5,15678.375,14852.338,15942.413
holdout,clang,i64,65536,20,0,1,lessVoid,0,5,15665.953,14705.882,15766.953
holdout,clang,i64,65536,20,0,1,lessVoid,6,5,15695.906,14609.928,15819.047
holdout,clang,i64,65536,20,0,1,lessVoid,5,5,45150.391,44143.043,45746.182
holdout,clang,i64,65536,20,0,2,lessVoid,2,5,22536.133,22337.956,22722.2
holdout,clang,i64,65536,20,0,2,lessVoid,6,5,22565.711,22290.733,22644.422
holdout,clang,i64,65536,20,0,2,lessVoid,0,5,22533.333,22501.822,22796.341
holdout,clang,i64,65536,20,0,2,lessVoid,5,5,58916.556,58002.333,59451.059
holdout,clang,i64,65536,20,0,3,lessVoid,5,5,288718.75,285187.25,294572.75
holdout,clang,i64,65536,20,0,3,lessVoid,6,5,137427.125,134677.25,143119.875
holdout,clang,i64,65536,20,0,3,lessVoid,2,5,194291.667,189493.167,196284.5
holdout,clang,i64,65536,20,0,3,lessVoid,0,5,198076.167,191868.333,200175.2
holdout,clang,i64,1000000,22,0,0,lessVoid,2,5,3952333.0,3887083.0,3994750.0
holdout,clang,i64,1000000,22,0,0,lessVoid,6,5,3295667.0,3214041.0,3505417.0
holdout,clang,i64,1000000,22,0,0,lessVoid,0,5,3973375.0,3909541.0,4159500.0
holdout,clang,i64,1000000,22,0,0,lessVoid,5,5,39824333.0,39723792.0,39872541.0
holdout,clang,i64,1000000,22,0,0,lessTyped,2,5,4094958.0,3864542.0,4600625.0
holdout,clang,i64,1000000,22,0,0,lessTyped,6,5,3318750.0,3195292.0,3568541.0
holdout,clang,i64,1000000,22,0,0,lessTyped,0,5,39821334.0,39733083.0,40654375.0
holdout,clang,i64,1000000,22,0,0,lessTyped,5,5,39948042.0,39844750.0,40332042.0
holdout,clang,i64,1000000,22,0,0,greaterTyped,2,5,4225875.0,4071042.0,4338208.0
holdout,clang,i64,1000000,22,0,0,greaterTyped,6,5,3400083.0,3348417.0,3435834.0
holdout,clang,i64,1000000,22,0,0,greaterTyped,0,5,40365917.0,39851542.0,41362041.0
holdout,clang,i64,1000000,22,0,0,greaterTyped,5,5,13575208.0,13306291.0,13992500.0
holdout,clang,i64,1000000,22,0,1,lessVoid,2,5,230366.4,226475.0,232491.4
holdout,clang,i64,1000000,22,0,1,lessVoid,6,5,229316.6,226441.8,234616.4
holdout,clang,i64,1000000,22,0,1,lessVoid,0,5,228624.8,228175.0,233300.0
holdout,clang,i64,1000000,22,0,1,lessVoid,5,5,670166.5,665250.0,691395.5
holdout,clang,i64,1000000,22,0,1,lessTyped,2,5,226325.2,224133.4,234616.6
holdout,clang,i64,1000000,22,0,1,lessTyped,6,5,236491.6,229791.4,239650.4
holdout,clang,i64,1000000,22,0,1,lessTyped,0,5,225849.8,223058.2,233733.6
holdout,clang,i64,1000000,22,0,1,lessTyped,5,5,672729.0,665687.5,685687.5
holdout,clang,i64,1000000,22,0,1,greaterTyped,2,5,229358.4,226475.0,234216.8
holdout,clang,i64,1000000,22,0,1,greaterTyped,6,5,228841.2,223116.8,234725.0
holdout,clang,i64,1000000,22,0,1,greaterTyped,0,5,229925.0,223333.2,238616.6
holdout,clang,i64,1000000,22,0,1,greaterTyped,5,5,564604.0,560791.5,583562.5
holdout,clang,i64,1000000,22,0,2,lessVoid,2,5,330937.25,325292.0,341513.667
holdout,clang,i64,1000000,22,0,2,lessVoid,5,5,865500.0,850979.5,895542.0
holdout,clang,i64,1000000,22,0,2,lessVoid,0,5,338541.667,328333.0,516541.5
holdout,clang,i64,1000000,22,0,2,lessVoid,6,5,335499.667,326094.0,341055.333
holdout,clang,i64,1000000,22,0,2,lessTyped,2,5,334812.25,330478.75,348389.0
holdout,clang,i64,1000000,22,0,2,lessTyped,5,5,878896.0,863500.0,924354.5
holdout,clang,i64,1000000,22,0,2,lessTyped,0,5,341055.333,338653.0,347764.0
holdout,clang,i64,1000000,22,0,2,lessTyped,6,5,338069.333,335861.333,351639.0
holdout,clang,i64,1000000,22,0,2,greaterTyped,2,5,339302.0,331343.75,349805.333
holdout,clang,i64,1000000,22,0,2,greaterTyped,5,5,1004834.0,995604.0,1138333.0
holdout,clang,i64,1000000,22,0,2,greaterTyped,0,5,328396.0,325968.75,356611.333
holdout,clang,i64,1000000,22,0,2,greaterTyped,6,5,342698.0,324718.75,355597.0
holdout,clang,i64,1000000,22,0,3,lessVoid,5,5,6266250.0,6149667.0,6466625.0
holdout,clang,i64,1000000,22,0,3,lessVoid,0,5,3588583.0,3430041.0,3803500.0
holdout,clang,i64,1000000,22,0,3,lessVoid,2,5,3620250.0,3604459.0,3884500.0
holdout,clang,i64,1000000,22,0,3,lessVoid,6,5,2860250.0,2735583.0,2917375.0
holdout,clang,i64,1000000,22,0,3,lessTyped,5,5,6210292.0,6185334.0,6259417.0
holdout,clang,i64,1000000,22,0,3,lessTyped,0,5,6250084.0,6199375.0,6312958.0
holdout,clang,i64,1000000,22,0,3,lessTyped,2,5,3571584.0,3540042.0,3636125.0
holdout,clang,i64,1000000,22,0,3,lessTyped,6,5,2806417.0,2738125.0,3041833.0
holdout,clang,i64,1000000,22,0,3,greaterTyped,5,5,5066875.0,5021917.0,5136042.0
holdout,clang,i64,1000000,22,0,3,greaterTyped,0,5,6094208.0,6072417.0,6127000.0
holdout,clang,i64,1000000,22,0,3,greaterTyped,2,5,3717625.0,3671667.0,3820292.0
holdout,clang,i64,1000000,22,0,3,greaterTyped,6,5,3049917.0,2994458.0,3154041.0
holdout,clang,i64,1000000,8,16,0,lessVoid,0,5,4212500.0,3848292.0,6894291.0
holdout,clang,i64,1000000,8,16,0,lessVoid,6,5,4112250.0,4008750.0,5001459.0
holdout,clang,i64,1000000,8,16,0,lessVoid,2,5,4269500.0,4018500.0,7225166.0
holdout,clang,i64,1000000,8,16,0,lessVoid,5,5,18434542.0,16420375.0,19005000.0
holdout,clang,i64,1000000,64,0,0,lessVoid,2,5,7916292.0,7747542.0,8059583.0
holdout,clang,i64,1000000,64,0,0,lessVoid,6,5,6728542.0,6676584.0,6864459.0
holdout,clang,i64,1000000,64,0,0,lessVoid,5,5,39424750.0,39139542.0,44291459.0
holdout,clang,i64,1000000,64,0,0,lessVoid,0,5,7938334.0,7812458.0,8582208.0
