stage,container,type,n,distribution,direction,bits,method,round,repeats,ns
sorted,vector,i32,128,full,asc,0,1,0,512,317.047
sorted,vector,i32,128,full,asc,0,0,0,512,320.363
sorted,vector,i32,128,full,asc,0,0,1,512,316.484
sorted,vector,i32,128,full,asc,0,1,1,512,317.637
sorted,vector,i32,128,full,asc,0,0,2,512,316.471
sorted,vector,i32,128,full,asc,0,1,2,512,324.291
sorted,vector,i32,128,full,asc,0,0,3,512,316.246
sorted,vector,i32,128,full,asc,0,1,3,512,320.381
sorted,vector,i32,128,full,asc,0,0,4,512,319.340
sorted,vector,i32,128,full,asc,0,1,4,512,319.623
sorted,vector,i32,128,full,asc,0,0,5,512,313.012
sorted,vector,i32,128,full,asc,0,1,5,512,319.555
sorted,vector,i32,128,full,asc,0,0,6,512,321.773
sorted,vector,i32,128,full,asc,0,1,6,512,317.812
sorted,vector,i32,128,full,desc,0,0,0,512,413.738
sorted,vector,i32,128,full,desc,0,1,0,512,422.994
sorted,vector,i32,128,full,desc,0,1,1,512,453.326
sorted,vector,i32,128,full,desc,0,0,1,512,415.197
sorted,vector,i32,128,full,desc,0,0,2,512,415.758
sorted,vector,i32,128,full,desc,0,1,2,512,420.426
sorted,vector,i32,128,full,desc,0,1,3,512,449.736
sorted,vector,i32,128,full,desc,0,0,3,512,415.207
sorted,vector,i32,128,full,desc,0,1,4,512,410.318
sorted,vector,i32,128,full,desc,0,0,4,512,434.174
sorted,vector,i32,128,full,desc,0,0,5,512,450.061
sorted,vector,i32,128,full,desc,0,1,5,512,428.463
sorted,vector,i32,128,full,desc,0,0,6,512,403.551
sorted,vector,i32,128,full,desc,0,1,6,512,461.971
sorted,vector,i32,128,bits22,asc,0,0,0,512,376.053
sorted,vector,i32,128,bits22,asc,0,1,0,512,347.590
sorted,vector,i32,128,bits22,asc,0,0,1,512,349.029
sorted,vector,i32,128,bits22,asc,0,1,1,512,348.723
sorted,vector,i32,128,bits22,asc,0,1,2,512,346.098
sorted,vector,i32,128,bits22,asc,0,0,2,512,380.537
sorted,vector,i32,128,bits22,asc,0,0,3,512,342.613
sorted,vector,i32,128,bits22,asc,0,1,3,512,351.979
sorted,vector,i32,128,bits22,asc,0,0,4,512,352.303
sorted,vector,i32,128,bits22,asc,0,1,4,512,368.408
sorted,vector,i32,128,bits22,asc,0,1,5,512,374.684
sorted,vector,i32,128,bits22,asc,0,0,5,512,351.072
sorted,vector,i32,128,bits22,asc,0,1,6,512,351.635
sorted,vector,i32,128,bits22,asc,0,0,6,512,355.139
sorted,vector,i32,128,bits22,desc,0,1,0,512,444.598
sorted,vector,i32,128,bits22,desc,0,0,0,512,465.166
sorted,vector,i32,128,bits22,desc,0,0,1,512,488.385
sorted,vector,i32,128,bits22,desc,0,1,1,512,446.748
sorted,vector,i32,128,bits22,desc,0,1,2,512,443.648
sorted,vector,i32,128,bits22,desc,0,0,2,512,493.627
sorted,vector,i32,128,bits22,desc,0,0,3,512,477.980
sorted,vector,i32,128,bits22,desc,0,1,3,512,445.102
sorted,vector,i32,128,bits22,desc,0,0,4,512,453.244
sorted,vector,i32,128,bits22,desc,0,1,4,512,501.537
sorted,vector,i32,128,bits22,desc,0,1,5,512,458.729
sorted,vector,i32,128,bits22,desc,0,0,5,512,445.617
sorted,vector,i32,128,bits22,desc,0,0,6,512,454.377
sorted,vector,i32,128,bits22,desc,0,1,6,512,497.559
sorted,vector,i32,128,gaps,asc,0,1,0,512,422.604
sorted,vector,i32,128,gaps,asc,0,0,0,512,344.475
sorted,vector,i32,128,gaps,asc,0,0,1,512,372.889
sorted,vector,i32,128,gaps,asc,0,1,1,512,381.246
sorted,vector,i32,128,gaps,asc,0,1,2,512,346.754
sorted,vector,i32,128,gaps,asc,0,0,2,512,345.547
sorted,vector,i32,128,gaps,asc,0,1,3,512,372.572
sorted,vector,i32,128,gaps,asc,0,0,3,512,353.857
sorted,vector,i32,128,gaps,asc,0,0,4,512,344.977
sorted,vector,i32,128,gaps,asc,0,1,4,512,340.668
sorted,vector,i32,128,gaps,asc,0,0,5,512,346.930
sorted,vector,i32,128,gaps,asc,0,1,5,512,378.828
sorted,vector,i32,128,gaps,asc,0,1,6,512,343.801
sorted,vector,i32,128,gaps,asc,0,0,6,512,340.244
sorted,vector,i32,128,gaps,desc,0,1,0,512,490.076
sorted,vector,i32,128,gaps,desc,0,0,0,512,533.033
sorted,vector,i32,128,gaps,desc,0,1,1,512,549.074
sorted,vector,i32,128,gaps,desc,0,0,1,512,447.826
sorted,vector,i32,128,gaps,desc,0,1,2,512,405.502
sorted,vector,i32,128,gaps,desc,0,0,2,512,410.965
sorted,vector,i32,128,gaps,desc,0,0,3,512,410.572
sorted,vector,i32,128,gaps,desc,0,1,3,512,435.734
sorted,vector,i32,128,gaps,desc,0,0,4,512,414.145
sorted,vector,i32,128,gaps,desc,0,1,4,512,468.596
sorted,vector,i32,128,gaps,desc,0,1,5,512,426.355
sorted,vector,i32,128,gaps,desc,0,0,5,512,402.512
sorted,vector,i32,128,gaps,desc,0,1,6,512,451.262
sorted,vector,i32,128,gaps,desc,0,0,6,512,430.018
sorted,vector,i32,128,few,asc,0,0,0,512,283.695
sorted,vector,i32,128,few,asc,0,1,0,512,303.547
sorted,vector,i32,128,few,asc,0,1,1,512,310.963
sorted,vector,i32,128,few,asc,0,0,1,512,267.986
sorted,vector,i32,128,few,asc,0,0,2,512,328.369
sorted,vector,i32,128,few,asc,0,1,2,512,298.742
sorted,vector,i32,128,few,asc,0,1,3,512,284.510
sorted,vector,i32,128,few,asc,0,0,3,512,283.121
sorted,vector,i32,128,few,asc,0,1,4,512,279.373
sorted,vector,i32,128,few,asc,0,0,4,512,281.818
sorted,vector,i32,128,few,asc,0,1,5,512,294.631
sorted,vector,i32,128,few,asc,0,0,5,512,286.473
sorted,vector,i32,128,few,asc,0,1,6,512,274.340
sorted,vector,i32,128,few,asc,0,0,6,512,296.217
sorted,vector,i32,128,few,desc,0,1,0,512,381.512
sorted,vector,i32,128,few,desc,0,0,0,512,410.328
sorted,vector,i32,128,few,desc,0,0,1,512,396.963
sorted,vector,i32,128,few,desc,0,1,1,512,387.768
sorted,vector,i32,128,few,desc,0,1,2,512,398.922
sorted,vector,i32,128,few,desc,0,0,2,512,415.838
sorted,vector,i32,128,few,desc,0,1,3,512,438.236
sorted,vector,i32,128,few,desc,0,0,3,512,414.404
sorted,vector,i32,128,few,desc,0,0,4,512,434.170
sorted,vector,i32,128,few,desc,0,1,4,512,418.066
sorted,vector,i32,128,few,desc,0,1,5,512,433.928
sorted,vector,i32,128,few,desc,0,0,5,512,432.143
sorted,vector,i32,128,few,desc,0,0,6,512,403.248
sorted,vector,i32,128,few,desc,0,1,6,512,434.209
sorted,vector,i32,128,ordered,asc,0,0,0,512,41.742
sorted,vector,i32,128,ordered,asc,0,1,0,512,37.359
sorted,vector,i32,128,ordered,asc,0,1,1,512,37.270
sorted,vector,i32,128,ordered,asc,0,0,1,512,37.605
sorted,vector,i32,128,ordered,asc,0,1,2,512,37.178
sorted,vector,i32,128,ordered,asc,0,0,2,512,40.209
sorted,vector,i32,128,ordered,asc,0,0,3,512,41.746
sorted,vector,i32,128,ordered,asc,0,1,3,512,42.645
sorted,vector,i32,128,ordered,asc,0,0,4,512,42.727
sorted,vector,i32,128,ordered,asc,0,1,4,512,43.217
sorted,vector,i32,128,ordered,asc,0,0,5,512,46.809
sorted,vector,i32,128,ordered,asc,0,1,5,512,38.576
sorted,vector,i32,128,ordered,asc,0,0,6,512,38.168
sorted,vector,i32,128,ordered,asc,0,1,6,512,37.842
sorted,vector,i32,128,ordered,desc,0,1,0,512,50.041
sorted,vector,i32,128,ordered,desc,0,0,0,512,49.969
sorted,vector,i32,128,ordered,desc,0,1,1,512,49.797
sorted,vector,i32,128,ordered,desc,0,0,1,512,50.455
sorted,vector,i32,128,ordered,desc,0,1,2,512,45.898
sorted,vector,i32,128,ordered,desc,0,0,2,512,46.139
sorted,vector,i32,128,ordered,desc,0,0,3,512,45.240
sorted,vector,i32,128,ordered,desc,0,1,3,512,48.104
sorted,vector,i32,128,ordered,desc,0,0,4,512,50.543
sorted,vector,i32,128,ordered,desc,0,1,4,512,52.420
sorted,vector,i32,128,ordered,desc,0,1,5,512,51.430
sorted,vector,i32,128,ordered,desc,0,0,5,512,50.779
sorted,vector,i32,128,ordered,desc,0,1,6,512,47.770
sorted,vector,i32,128,ordered,desc,0,0,6,512,45.574
sorted,vector,i32,128,reverse,asc,0,0,0,512,44.271
sorted,vector,i32,128,reverse,asc,0,1,0,512,45.328
sorted,vector,i32,128,reverse,asc,0,1,1,512,49.164
sorted,vector,i32,128,reverse,asc,0,0,1,512,49.738
sorted,vector,i32,128,reverse,asc,0,1,2,512,49.807
sorted,vector,i32,128,reverse,asc,0,0,2,512,47.205
sorted,vector,i32,128,reverse,asc,0,1,3,512,44.602
sorted,vector,i32,128,reverse,asc,0,0,3,512,44.436
sorted,vector,i32,128,reverse,asc,0,1,4,512,45.896
sorted,vector,i32,128,reverse,asc,0,0,4,512,44.680
sorted,vector,i32,128,reverse,asc,0,1,5,512,49.326
sorted,vector,i32,128,reverse,asc,0,0,5,512,48.834
sorted,vector,i32,128,reverse,asc,0,1,6,512,49.221
sorted,vector,i32,128,reverse,asc,0,0,6,512,48.984
sorted,vector,i32,128,reverse,desc,0,1,0,512,44.029
sorted,vector,i32,128,reverse,desc,0,0,0,512,52.330
sorted,vector,i32,128,reverse,desc,0,1,1,512,42.977
sorted,vector,i32,128,reverse,desc,0,0,1,512,40.117
sorted,vector,i32,128,reverse,desc,0,0,2,512,44.188
sorted,vector,i32,128,reverse,desc,0,1,2,512,51.482
sorted,vector,i32,128,reverse,desc,0,1,3,512,45.168
sorted,vector,i32,128,reverse,desc,0,0,3,512,39.387
sorted,vector,i32,128,reverse,desc,0,0,4,512,39.387
sorted,vector,i32,128,reverse,desc,0,1,4,512,39.465
sorted,vector,i32,128,reverse,desc,0,0,5,512,40.041
sorted,vector,i32,128,reverse,desc,0,1,5,512,39.301
sorted,vector,i32,128,reverse,desc,0,0,6,512,37.594
sorted,vector,i32,128,reverse,desc,0,1,6,512,38.666
sorted,vector,i32,128,nearly,asc,0,1,0,512,180.580
sorted,vector,i32,128,nearly,asc,0,0,0,512,179.281
sorted,vector,i32,128,nearly,asc,0,1,1,512,180.518
sorted,vector,i32,128,nearly,asc,0,0,1,512,179.350
sorted,vector,i32,128,nearly,asc,0,0,2,512,179.996
sorted,vector,i32,128,nearly,asc,0,1,2,512,179.930
sorted,vector,i32,128,nearly,asc,0,1,3,512,179.939
sorted,vector,i32,128,nearly,asc,0,0,3,512,179.045
sorted,vector,i32,128,nearly,asc,0,0,4,512,179.277
sorted,vector,i32,128,nearly,asc,0,1,4,512,182.461
sorted,vector,i32,128,nearly,asc,0,1,5,512,178.789
sorted,vector,i32,128,nearly,asc,0,0,5,512,179.191
sorted,vector,i32,128,nearly,asc,0,0,6,512,181.064
sorted,vector,i32,128,nearly,asc,0,1,6,512,180.986
sorted,vector,i32,128,nearly,desc,0,1,0,512,206.707
sorted,vector,i32,128,nearly,desc,0,0,0,512,211.658
sorted,vector,i32,128,nearly,desc,0,0,1,512,210.701
sorted,vector,i32,128,nearly,desc,0,1,1,512,209.146
sorted,vector,i32,128,nearly,desc,0,1,2,512,208.664
sorted,vector,i32,128,nearly,desc,0,0,2,512,211.346
sorted,vector,i32,128,nearly,desc,0,1,3,512,208.727
sorted,vector,i32,128,nearly,desc,0,0,3,512,211.117
sorted,vector,i32,128,nearly,desc,0,0,4,512,210.533
sorted,vector,i32,128,nearly,desc,0,1,4,512,208.828
sorted,vector,i32,128,nearly,desc,0,0,5,512,211.186
sorted,vector,i32,128,nearly,desc,0,1,5,512,209.135
sorted,vector,i32,128,nearly,desc,0,0,6,512,212.152
sorted,vector,i32,128,nearly,desc,0,1,6,512,209.383
sorted,vector,i32,128,equal,asc,0,1,0,512,38.174
sorted,vector,i32,128,equal,asc,0,0,0,512,38.721
sorted,vector,i32,128,equal,asc,0,1,1,512,37.914
sorted,vector,i32,128,equal,asc,0,0,1,512,38.250
sorted,vector,i32,128,equal,asc,0,0,2,512,42.711
sorted,vector,i32,128,equal,asc,0,1,2,512,39.309
sorted,vector,i32,128,equal,asc,0,0,3,512,39.941
sorted,vector,i32,128,equal,asc,0,1,3,512,39.492
sorted,vector,i32,128,equal,asc,0,1,4,512,38.516
sorted,vector,i32,128,equal,asc,0,0,4,512,39.459
sorted,vector,i32,128,equal,asc,0,0,5,512,39.004
sorted,vector,i32,128,equal,asc,0,1,5,512,38.031
sorted,vector,i32,128,equal,asc,0,0,6,512,38.969
sorted,vector,i32,128,equal,asc,0,1,6,512,38.355
sorted,vector,i32,128,equal,desc,0,0,0,512,39.627
sorted,vector,i32,128,equal,desc,0,1,0,512,39.467
sorted,vector,i32,128,equal,desc,0,0,1,512,39.629
sorted,vector,i32,128,equal,desc,0,1,1,512,39.879
sorted,vector,i32,128,equal,desc,0,1,2,512,40.207
sorted,vector,i32,128,equal,desc,0,0,2,512,38.902
sorted,vector,i32,128,equal,desc,0,0,3,512,39.564
sorted,vector,i32,128,equal,desc,0,1,3,512,39.715
sorted,vector,i32,128,equal,desc,0,0,4,512,39.711
sorted,vector,i32,128,equal,desc,0,1,4,512,39.789
sorted,vector,i32,128,equal,desc,0,0,5,512,38.984
sorted,vector,i32,128,equal,desc,0,1,5,512,38.660
sorted,vector,i32,128,equal,desc,0,0,6,512,39.473
sorted,vector,i32,128,equal,desc,0,1,6,512,39.963
sorted,vector,i32,512,full,asc,0,0,0,210,2388.500
sorted,vector,i32,512,full,asc,0,1,0,197,2538.934
sorted,vector,i32,512,full,asc,0,0,1,197,2545.457
sorted,vector,i32,512,full,asc,0,1,1,211,2377.976
sorted,vector,i32,512,full,asc,0,1,2,197,2540.614
sorted,vector,i32,512,full,asc,0,0,2,219,2288.247
sorted,vector,i32,512,full,asc,0,0,3,222,2253.946
sorted,vector,i32,512,full,asc,0,1,3,223,2248.700
sorted,vector,i32,512,full,asc,0,0,4,223,2251.300
sorted,vector,i32,512,full,asc,0,1,4,223,2249.776
sorted,vector,i32,512,full,asc,0,0,5,220,2275.764
sorted,vector,i32,512,full,asc,0,1,5,223,2252.251
sorted,vector,i32,512,full,asc,0,1,6,222,2258.608
sorted,vector,i32,512,full,asc,0,0,6,220,2275.950
sorted,vector,i32,512,full,desc,0,1,0,221,2267.529
sorted,vector,i32,512,full,desc,0,0,0,207,2422.314
sorted,vector,i32,512,full,desc,0,1,1,221,2263.018
sorted,vector,i32,512,full,desc,0,0,1,221,2263.014
sorted,vector,i32,512,full,desc,0,0,2,222,2253.901
sorted,vector,i32,512,full,desc,0,1,2,222,2261.261
sorted,vector,i32,512,full,desc,0,0,3,224,2239.701
sorted,vector,i32,512,full,desc,0,1,3,223,2246.081
sorted,vector,i32,512,full,desc,0,1,4,224,2236.621
sorted,vector,i32,512,full,desc,0,0,4,212,2361.038
sorted,vector,i32,512,full,desc,0,1,5,212,2361.825
sorted,vector,i32,512,full,desc,0,0,5,224,2241.786
sorted,vector,i32,512,full,desc,0,0,6,220,2276.500
sorted,vector,i32,512,full,desc,0,1,6,215,2332.367
sorted,vector,i32,512,bits22,asc,0,0,0,216,2323.671
sorted,vector,i32,512,bits22,asc,0,1,0,205,2447.361
sorted,vector,i32,512,bits22,asc,0,1,1,215,2331.200
sorted,vector,i32,512,bits22,asc,0,0,1,215,2327.135
sorted,vector,i32,512,bits22,asc,0,0,2,214,2344.224
sorted,vector,i32,512,bits22,asc,0,1,2,216,2317.537
sorted,vector,i32,512,bits22,asc,0,0,3,211,2380.128
sorted,vector,i32,512,bits22,asc,0,1,3,215,2329.847
sorted,vector,i32,512,bits22,asc,0,0,4,216,2319.065
sorted,vector,i32,512,bits22,asc,0,1,4,214,2336.467
sorted,vector,i32,512,bits22,asc,0,0,5,215,2336.233
sorted,vector,i32,512,bits22,asc,0,1,5,215,2330.023
sorted,vector,i32,512,bits22,asc,0,1,6,216,2320.236
sorted,vector,i32,512,bits22,asc,0,0,6,216,2316.352
sorted,vector,i32,512,bits22,desc,0,1,0,202,2483.292
sorted,vector,i32,512,bits22,desc,0,0,0,190,2631.616
sorted,vector,i32,512,bits22,desc,0,1,1,186,2689.769
sorted,vector,i32,512,bits22,desc,0,0,1,200,2503.130
sorted,vector,i32,512,bits22,desc,0,0,2,194,2589.314
sorted,vector,i32,512,bits22,desc,0,1,2,199,2522.422
sorted,vector,i32,512,bits22,desc,0,0,3,195,2570.723
sorted,vector,i32,512,bits22,desc,0,1,3,194,2586.572
sorted,vector,i32,512,bits22,desc,0,1,4,191,2618.660
sorted,vector,i32,512,bits22,desc,0,0,4,197,2549.766
sorted,vector,i32,512,bits22,desc,0,0,5,199,2523.894
sorted,vector,i32,512,bits22,desc,0,1,5,190,2637.921
sorted,vector,i32,512,bits22,desc,0,1,6,201,2492.134
sorted,vector,i32,512,bits22,desc,0,0,6,189,2658.746
sorted,vector,i32,512,gaps,asc,0,1,0,230,2177.543
sorted,vector,i32,512,gaps,asc,0,0,0,204,2453.029
sorted,vector,i32,512,gaps,asc,0,1,1,224,2232.879
sorted,vector,i32,512,gaps,asc,0,0,1,220,2278.245
sorted,vector,i32,512,gaps,asc,0,1,2,227,2209.590
sorted,vector,i32,512,gaps,asc,0,0,2,231,2171.883
sorted,vector,i32,512,gaps,asc,0,0,3,230,2177.991
sorted,vector,i32,512,gaps,asc,0,1,3,230,2181.683
sorted,vector,i32,512,gaps,asc,0,0,4,231,2172.286
sorted,vector,i32,512,gaps,asc,0,1,4,226,2220.084
sorted,vector,i32,512,gaps,asc,0,1,5,230,2183.161
sorted,vector,i32,512,gaps,asc,0,0,5,222,2260.703
sorted,vector,i32,512,gaps,asc,0,0,6,230,2180.074
sorted,vector,i32,512,gaps,asc,0,1,6,227,2203.163
sorted,vector,i32,512,gaps,desc,0,0,0,212,2361.613
sorted,vector,i32,512,gaps,desc,0,1,0,198,2537.909
sorted,vector,i32,512,gaps,desc,0,1,1,206,2436.699
sorted,vector,i32,512,gaps,desc,0,0,1,216,2316.995
sorted,vector,i32,512,gaps,desc,0,0,2,202,2481.416
sorted,vector,i32,512,gaps,desc,0,1,2,216,2320.421
sorted,vector,i32,512,gaps,desc,0,1,3,203,2473.729
sorted,vector,i32,512,gaps,desc,0,0,3,215,2334.093
sorted,vector,i32,512,gaps,desc,0,1,4,197,2546.046
sorted,vector,i32,512,gaps,desc,0,0,4,212,2359.094
sorted,vector,i32,512,gaps,desc,0,1,5,203,2469.837
sorted,vector,i32,512,gaps,desc,0,0,5,212,2368.075
sorted,vector,i32,512,gaps,desc,0,1,6,198,2527.374
sorted,vector,i32,512,gaps,desc,0,0,6,210,2381.743
sorted,vector,i32,512,few,asc,0,1,0,512,858.541
sorted,vector,i32,512,few,asc,0,0,0,512,909.986
sorted,vector,i32,512,few,asc,0,0,1,512,842.395
sorted,vector,i32,512,few,asc,0,1,1,512,894.758
sorted,vector,i32,512,few,asc,0,1,2,512,834.568
sorted,vector,i32,512,few,asc,0,0,2,512,856.105
sorted,vector,i32,512,few,asc,0,0,3,512,857.574
sorted,vector,i32,512,few,asc,0,1,3,512,837.803
sorted,vector,i32,512,few,asc,0,0,4,512,943.871
sorted,vector,i32,512,few,asc,0,1,4,512,863.109
sorted,vector,i32,512,few,asc,0,1,5,512,867.090
sorted,vector,i32,512,few,asc,0,0,5,512,864.090
sorted,vector,i32,512,few,asc,0,0,6,512,834.566
sorted,vector,i32,512,few,asc,0,1,6,512,884.979
sorted,vector,i32,512,few,desc,0,1,0,512,848.465
sorted,vector,i32,512,few,desc,0,0,0,512,894.789
sorted,vector,i32,512,few,desc,0,1,1,508,985.142
sorted,vector,i32,512,few,desc,0,0,1,512,931.729
sorted,vector,i32,512,few,desc,0,0,2,512,836.604
sorted,vector,i32,512,few,desc,0,1,2,512,813.883
sorted,vector,i32,512,few,desc,0,1,3,512,818.842
sorted,vector,i32,512,few,desc,0,0,3,512,846.145
sorted,vector,i32,512,few,desc,0,0,4,512,793.543
sorted,vector,i32,512,few,desc,0,1,4,512,863.852
sorted,vector,i32,512,few,desc,0,1,5,512,829.756
sorted,vector,i32,512,few,desc,0,0,5,512,835.613
sorted,vector,i32,512,few,desc,0,1,6,512,861.334
sorted,vector,i32,512,few,desc,0,0,6,512,846.900
sorted,vector,i32,512,ordered,asc,0,0,0,512,136.143
sorted,vector,i32,512,ordered,asc,0,1,0,512,141.113
sorted,vector,i32,512,ordered,asc,0,0,1,512,144.113
sorted,vector,i32,512,ordered,asc,0,1,1,512,132.658
sorted,vector,i32,512,ordered,asc,0,0,2,512,131.996
sorted,vector,i32,512,ordered,asc,0,1,2,512,131.758
sorted,vector,i32,512,ordered,asc,0,1,3,512,133.148
sorted,vector,i32,512,ordered,asc,0,0,3,512,132.082
sorted,vector,i32,512,ordered,asc,0,0,4,512,131.750
sorted,vector,i32,512,ordered,asc,0,1,4,512,137.941
sorted,vector,i32,512,ordered,asc,0,1,5,512,147.365
sorted,vector,i32,512,ordered,asc,0,0,5,512,135.750
sorted,vector,i32,512,ordered,asc,0,0,6,512,142.086
sorted,vector,i32,512,ordered,asc,0,1,6,512,166.123
sorted,vector,i32,512,ordered,desc,0,0,0,512,172.277
sorted,vector,i32,512,ordered,desc,0,1,0,512,174.000
sorted,vector,i32,512,ordered,desc,0,1,1,512,153.543
sorted,vector,i32,512,ordered,desc,0,0,1,512,159.668
sorted,vector,i32,512,ordered,desc,0,0,2,512,170.420
sorted,vector,i32,512,ordered,desc,0,1,2,512,170.084
sorted,vector,i32,512,ordered,desc,0,0,3,512,186.443
sorted,vector,i32,512,ordered,desc,0,1,3,512,173.094
sorted,vector,i32,512,ordered,desc,0,0,4,512,149.154
sorted,vector,i32,512,ordered,desc,0,1,4,512,153.797
sorted,vector,i32,512,ordered,desc,0,0,5,512,151.119
sorted,vector,i32,512,ordered,desc,0,1,5,512,153.875
sorted,vector,i32,512,ordered,desc,0,1,6,512,149.891
sorted,vector,i32,512,ordered,desc,0,0,6,512,151.779
sorted,vector,i32,512,reverse,asc,0,0,0,512,173.252
sorted,vector,i32,512,reverse,asc,0,1,0,512,149.988
sorted,vector,i32,512,reverse,asc,0,0,1,512,149.252
sorted,vector,i32,512,reverse,asc,0,1,1,512,148.682
sorted,vector,i32,512,reverse,asc,0,1,2,512,149.242
sorted,vector,i32,512,reverse,asc,0,0,2,512,149.811
sorted,vector,i32,512,reverse,asc,0,1,3,512,150.152
sorted,vector,i32,512,reverse,asc,0,0,3,512,150.936
sorted,vector,i32,512,reverse,asc,0,0,4,512,149.502
sorted,vector,i32,512,reverse,asc,0,1,4,512,159.518
sorted,vector,i32,512,reverse,asc,0,1,5,512,168.785
sorted,vector,i32,512,reverse,asc,0,0,5,512,165.682
sorted,vector,i32,512,reverse,asc,0,0,6,512,153.654
sorted,vector,i32,512,reverse,asc,0,1,6,512,153.078
sorted,vector,i32,512,reverse,desc,0,1,0,512,132.160
sorted,vector,i32,512,reverse,desc,0,0,0,512,132.730
sorted,vector,i32,512,reverse,desc,0,1,1,512,132.652
sorted,vector,i32,512,reverse,desc,0,0,1,512,131.598
sorted,vector,i32,512,reverse,desc,0,1,2,512,131.998
sorted,vector,i32,512,reverse,desc,0,0,2,512,158.346
sorted,vector,i32,512,reverse,desc,0,0,3,512,135.902
sorted,vector,i32,512,reverse,desc,0,1,3,512,131.508
sorted,vector,i32,512,reverse,desc,0,0,4,512,132.330
sorted,vector,i32,512,reverse,desc,0,1,4,512,131.588
sorted,vector,i32,512,reverse,desc,0,1,5,512,132.004
sorted,vector,i32,512,reverse,desc,0,0,5,512,136.150
sorted,vector,i32,512,reverse,desc,0,1,6,512,134.836
sorted,vector,i32,512,reverse,desc,0,0,6,512,131.830
sorted,vector,i32,512,nearly,asc,0,0,0,475,1052.804
sorted,vector,i32,512,nearly,asc,0,1,0,496,1009.413
sorted,vector,i32,512,nearly,asc,0,1,1,499,1003.174
sorted,vector,i32,512,nearly,asc,0,0,1,452,1109.053
sorted,vector,i32,512,nearly,asc,0,1,2,452,1106.834
sorted,vector,i32,512,nearly,asc,0,0,2,476,1052.088
sorted,vector,i32,512,nearly,asc,0,0,3,496,1009.587
sorted,vector,i32,512,nearly,asc,0,1,3,454,1101.610
sorted,vector,i32,512,nearly,asc,0,1,4,482,1038.282
sorted,vector,i32,512,nearly,asc,0,0,4,495,1011.275
sorted,vector,i32,512,nearly,asc,0,0,5,455,1099.002
sorted,vector,i32,512,nearly,asc,0,1,5,487,1027.376
sorted,vector,i32,512,nearly,asc,0,1,6,476,1051.277
sorted,vector,i32,512,nearly,asc,0,0,6,490,1020.661
sorted,vector,i32,512,nearly,desc,0,0,0,448,1116.362
sorted,vector,i32,512,nearly,desc,0,1,0,406,1233.909
sorted,vector,i32,512,nearly,desc,0,1,1,434,1154.500
sorted,vector,i32,512,nearly,desc,0,0,1,421,1189.527
sorted,vector,i32,512,nearly,desc,0,1,2,446,1123.504
sorted,vector,i32,512,nearly,desc,0,0,2,426,1175.761
sorted,vector,i32,512,nearly,desc,0,1,3,447,1119.689
sorted,vector,i32,512,nearly,desc,0,0,3,428,1169.488
sorted,vector,i32,512,nearly,desc,0,1,4,443,1130.242
sorted,vector,i32,512,nearly,desc,0,0,4,447,1120.351
sorted,vector,i32,512,nearly,desc,0,1,5,424,1181.196
sorted,vector,i32,512,nearly,desc,0,0,5,443,1129.501
sorted,vector,i32,512,nearly,desc,0,0,6,431,1160.573
sorted,vector,i32,512,nearly,desc,0,1,6,446,1121.368
sorted,vector,i32,512,equal,asc,0,0,0,512,132.654
sorted,vector,i32,512,equal,asc,0,1,0,512,133.225
sorted,vector,i32,512,equal,asc,0,0,1,512,155.920
sorted,vector,i32,512,equal,asc,0,1,1,512,132.500
sorted,vector,i32,512,equal,asc,0,0,2,512,132.395
sorted,vector,i32,512,equal,asc,0,1,2,512,132.979
sorted,vector,i32,512,equal,asc,0,0,3,512,133.875
sorted,vector,i32,512,equal,asc,0,1,3,512,132.406
sorted,vector,i32,512,equal,asc,0,1,4,512,132.725
sorted,vector,i32,512,equal,asc,0,0,4,512,132.395
sorted,vector,i32,512,equal,asc,0,0,5,512,132.820
sorted,vector,i32,512,equal,asc,0,1,5,512,132.576
sorted,vector,i32,512,equal,asc,0,1,6,512,133.062
sorted,vector,i32,512,equal,asc,0,0,6,512,134.268
sorted,vector,i32,512,equal,desc,0,1,0,512,131.676
sorted,vector,i32,512,equal,desc,0,0,0,512,131.674
sorted,vector,i32,512,equal,desc,0,0,1,512,131.918
sorted,vector,i32,512,equal,desc,0,1,1,512,143.312
sorted,vector,i32,512,equal,desc,0,0,2,512,161.877
sorted,vector,i32,512,equal,desc,0,1,2,512,139.906
sorted,vector,i32,512,equal,desc,0,1,3,512,134.748
sorted,vector,i32,512,equal,desc,0,0,3,512,133.139
sorted,vector,i32,512,equal,desc,0,1,4,512,132.891
sorted,vector,i32,512,equal,desc,0,0,4,512,134.221
sorted,vector,i32,512,equal,desc,0,0,5,512,132.096
sorted,vector,i32,512,equal,desc,0,1,5,512,131.965
sorted,vector,i32,512,equal,desc,0,1,6,512,131.994
sorted,vector,i32,512,equal,desc,0,0,6,512,132.674
sorted,vector,i32,4096,full,asc,0,1,0,42,12088.357
sorted,vector,i32,4096,full,asc,0,0,0,44,11536.091
sorted,vector,i32,4096,full,asc,0,1,1,42,12038.643
sorted,vector,i32,4096,full,asc,0,0,1,44,11537.864
sorted,vector,i32,4096,full,asc,0,0,2,44,11618.364
sorted,vector,i32,4096,full,asc,0,1,2,42,12102.214
sorted,vector,i32,4096,full,asc,0,1,3,42,12114.071
sorted,vector,i32,4096,full,asc,0,0,3,43,11664.721
sorted,vector,i32,4096,full,asc,0,1,4,41,12231.732
sorted,vector,i32,4096,full,asc,0,0,4,44,11625.023
sorted,vector,i32,4096,full,asc,0,1,5,42,12136.952
sorted,vector,i32,4096,full,asc,0,0,5,42,12170.595
sorted,vector,i32,4096,full,asc,0,0,6,43,11885.721
sorted,vector,i32,4096,full,asc,0,1,6,42,12131.952
sorted,vector,i32,4096,full,desc,0,1,0,44,11414.818
sorted,vector,i32,4096,full,desc,0,0,0,42,11915.690
sorted,vector,i32,4096,full,desc,0,0,1,43,11667.651
sorted,vector,i32,4096,full,desc,0,1,1,44,11532.182
sorted,vector,i32,4096,full,desc,0,1,2,44,11539.727
sorted,vector,i32,4096,full,desc,0,0,2,42,11960.357
sorted,vector,i32,4096,full,desc,0,0,3,41,12427.780
sorted,vector,i32,4096,full,desc,0,1,3,44,11370.273
sorted,vector,i32,4096,full,desc,0,1,4,44,11449.750
sorted,vector,i32,4096,full,desc,0,0,4,43,11741.233
sorted,vector,i32,4096,full,desc,0,1,5,44,11571.955
sorted,vector,i32,4096,full,desc,0,0,5,43,11818.767
sorted,vector,i32,4096,full,desc,0,0,6,43,11874.907
sorted,vector,i32,4096,full,desc,0,1,6,44,11460.205
sorted,vector,i32,4096,bits22,asc,0,0,0,60,8338.883
sorted,vector,i32,4096,bits22,asc,0,1,0,56,9028.232
sorted,vector,i32,4096,bits22,asc,0,0,1,60,8342.367
sorted,vector,i32,4096,bits22,asc,0,1,1,56,9027.536
sorted,vector,i32,4096,bits22,asc,0,1,2,56,9007.429
sorted,vector,i32,4096,bits22,asc,0,0,2,59,8521.915
sorted,vector,i32,4096,bits22,asc,0,0,3,60,8452.117
sorted,vector,i32,4096,bits22,asc,0,1,3,56,9038.625
sorted,vector,i32,4096,bits22,asc,0,0,4,60,8385.450
sorted,vector,i32,4096,bits22,asc,0,1,4,55,9097.618
sorted,vector,i32,4096,bits22,asc,0,0,5,58,8712.707
sorted,vector,i32,4096,bits22,asc,0,1,5,47,10672.936
sorted,vector,i32,4096,bits22,asc,0,0,6,61,8228.131
sorted,vector,i32,4096,bits22,asc,0,1,6,58,8640.069
sorted,vector,i32,4096,bits22,desc,0,0,0,66,7618.682
sorted,vector,i32,4096,bits22,desc,0,1,0,67,7539.866
sorted,vector,i32,4096,bits22,desc,0,1,1,63,7941.762
sorted,vector,i32,4096,bits22,desc,0,0,1,64,7849.625
sorted,vector,i32,4096,bits22,desc,0,0,2,63,7958.921
sorted,vector,i32,4096,bits22,desc,0,1,2,64,7891.922
sorted,vector,i32,4096,bits22,desc,0,1,3,65,7764.092
sorted,vector,i32,4096,bits22,desc,0,0,3,61,8212.344
sorted,vector,i32,4096,bits22,desc,0,1,4,65,7766.031
sorted,vector,i32,4096,bits22,desc,0,0,4,60,8407.683
sorted,vector,i32,4096,bits22,desc,0,0,5,60,8381.967
sorted,vector,i32,4096,bits22,desc,0,1,5,63,7943.079
sorted,vector,i32,4096,bits22,desc,0,0,6,62,8169.355
sorted,vector,i32,4096,bits22,desc,0,1,6,63,7950.476
sorted,vector,i32,4096,gaps,asc,0,0,0,30,17106.867
sorted,vector,i32,4096,gaps,asc,0,1,0,31,16647.710
sorted,vector,i32,4096,gaps,asc,0,0,1,30,16787.433
sorted,vector,i32,4096,gaps,asc,0,1,1,30,17062.300
sorted,vector,i32,4096,gaps,asc,0,1,2,30,16932.067
sorted,vector,i32,4096,gaps,asc,0,0,2,30,17036.100
sorted,vector,i32,4096,gaps,asc,0,0,3,30,17023.700
sorted,vector,i32,4096,gaps,asc,0,1,3,31,16670.710
sorted,vector,i32,4096,gaps,asc,0,1,4,30,17050.067
sorted,vector,i32,4096,gaps,asc,0,0,4,28,18040.250
sorted,vector,i32,4096,gaps,asc,0,1,5,29,17821.759
sorted,vector,i32,4096,gaps,asc,0,0,5,29,17323.345
sorted,vector,i32,4096,gaps,asc,0,0,6,30,16908.300
sorted,vector,i32,4096,gaps,asc,0,1,6,30,17020.800
sorted,vector,i32,4096,gaps,desc,0,1,0,30,17005.667
sorted,vector,i32,4096,gaps,desc,0,0,0,31,16624.903
sorted,vector,i32,4096,gaps,desc,0,1,1,30,16836.100
sorted,vector,i32,4096,gaps,desc,0,0,1,30,16779.100
sorted,vector,i32,4096,gaps,desc,0,1,2,30,16783.233
sorted,vector,i32,4096,gaps,desc,0,0,2,30,16927.767
sorted,vector,i32,4096,gaps,desc,0,1,3,30,17202.767
sorted,vector,i32,4096,gaps,desc,0,0,3,30,16937.533
sorted,vector,i32,4096,gaps,desc,0,0,4,30,17109.733
sorted,vector,i32,4096,gaps,desc,0,1,4,28,18299.179
sorted,vector,i32,4096,gaps,desc,0,0,5,30,16838.900
sorted,vector,i32,4096,gaps,desc,0,1,5,31,16596.774
sorted,vector,i32,4096,gaps,desc,0,1,6,30,17000.067
sorted,vector,i32,4096,gaps,desc,0,0,6,30,16794.500
sorted,vector,i32,4096,few,asc,0,0,0,99,5085.747
sorted,vector,i32,4096,few,asc,0,1,0,96,5228.771
sorted,vector,i32,4096,few,asc,0,1,1,97,5170.010
sorted,vector,i32,4096,few,asc,0,0,1,98,5132.673
sorted,vector,i32,4096,few,asc,0,0,2,94,5352.372
sorted,vector,i32,4096,few,asc,0,1,2,96,5243.510
sorted,vector,i32,4096,few,asc,0,1,3,96,5251.312
sorted,vector,i32,4096,few,asc,0,0,3,96,5243.500
sorted,vector,i32,4096,few,asc,0,1,4,91,5527.396
sorted,vector,i32,4096,few,asc,0,0,4,97,5190.711
sorted,vector,i32,4096,few,asc,0,1,5,97,5205.691
sorted,vector,i32,4096,few,asc,0,0,5,95,5316.232
sorted,vector,i32,4096,few,asc,0,0,6,96,5266.469
sorted,vector,i32,4096,few,asc,0,1,6,96,5252.104
sorted,vector,i32,4096,few,desc,0,1,0,91,5542.110
sorted,vector,i32,4096,few,desc,0,0,0,94,5321.383
sorted,vector,i32,4096,few,desc,0,1,1,90,5599.922
sorted,vector,i32,4096,few,desc,0,0,1,95,5311.442
sorted,vector,i32,4096,few,desc,0,0,2,94,5354.596
sorted,vector,i32,4096,few,desc,0,1,2,90,5593.922
sorted,vector,i32,4096,few,desc,0,1,3,88,5733.443
sorted,vector,i32,4096,few,desc,0,0,3,91,5517.396
sorted,vector,i32,4096,few,desc,0,0,4,93,5387.527
sorted,vector,i32,4096,few,desc,0,1,4,90,5612.089
sorted,vector,i32,4096,few,desc,0,0,5,92,5447.978
sorted,vector,i32,4096,few,desc,0,1,5,90,5591.644
sorted,vector,i32,4096,few,desc,0,0,6,92,5435.261
sorted,vector,i32,4096,few,desc,0,1,6,90,5576.911
sorted,vector,i32,4096,ordered,asc,0,1,0,512,929.914
sorted,vector,i32,4096,ordered,asc,0,0,0,512,956.057
sorted,vector,i32,4096,ordered,asc,0,0,1,512,953.887
sorted,vector,i32,4096,ordered,asc,0,1,1,512,954.346
sorted,vector,i32,4096,ordered,asc,0,0,2,501,999.713
sorted,vector,i32,4096,ordered,asc,0,1,2,503,995.708
sorted,vector,i32,4096,ordered,asc,0,0,3,512,966.381
sorted,vector,i32,4096,ordered,asc,0,1,3,512,939.525
sorted,vector,i32,4096,ordered,asc,0,0,4,512,955.590
sorted,vector,i32,4096,ordered,asc,0,1,4,512,958.420
sorted,vector,i32,4096,ordered,asc,0,1,5,512,972.770
sorted,vector,i32,4096,ordered,asc,0,0,5,512,937.184
sorted,vector,i32,4096,ordered,asc,0,0,6,512,960.105
sorted,vector,i32,4096,ordered,asc,0,1,6,512,963.211
sorted,vector,i32,4096,ordered,desc,0,1,0,437,1145.364
sorted,vector,i32,4096,ordered,desc,0,0,0,449,1115.461
sorted,vector,i32,4096,ordered,desc,0,1,1,450,1112.589
sorted,vector,i32,4096,ordered,desc,0,0,1,452,1106.958
sorted,vector,i32,4096,ordered,desc,0,1,2,445,1124.813
sorted,vector,i32,4096,ordered,desc,0,0,2,453,1105.784
sorted,vector,i32,4096,ordered,desc,0,1,3,448,1117.558
sorted,vector,i32,4096,ordered,desc,0,0,3,449,1115.076
sorted,vector,i32,4096,ordered,desc,0,1,4,453,1103.918
sorted,vector,i32,4096,ordered,desc,0,0,4,444,1127.851
sorted,vector,i32,4096,ordered,desc,0,0,5,458,1093.520
sorted,vector,i32,4096,ordered,desc,0,1,5,446,1122.984
sorted,vector,i32,4096,ordered,desc,0,1,6,444,1128.180
sorted,vector,i32,4096,ordered,desc,0,0,6,446,1121.332
sorted,vector,i32,4096,reverse,asc,0,0,0,444,1126.293
sorted,vector,i32,4096,reverse,asc,0,1,0,464,1078.571
sorted,vector,i32,4096,reverse,asc,0,1,1,451,1109.867
sorted,vector,i32,4096,reverse,asc,0,0,1,451,1110.933
sorted,vector,i32,4096,reverse,asc,0,1,2,461,1086.863
sorted,vector,i32,4096,reverse,asc,0,0,2,451,1109.441
sorted,vector,i32,4096,reverse,asc,0,0,3,454,1101.894
sorted,vector,i32,4096,reverse,asc,0,1,3,447,1119.472
sorted,vector,i32,4096,reverse,asc,0,1,4,439,1140.210
sorted,vector,i32,4096,reverse,asc,0,0,4,451,1110.942
sorted,vector,i32,4096,reverse,asc,0,1,5,444,1127.577
sorted,vector,i32,4096,reverse,asc,0,0,5,462,1083.701
sorted,vector,i32,4096,reverse,asc,0,1,6,441,1134.662
sorted,vector,i32,4096,reverse,asc,0,0,6,460,1087.770
sorted,vector,i32,4096,reverse,desc,0,0,0,512,954.580
sorted,vector,i32,4096,reverse,desc,0,1,0,505,991.638
sorted,vector,i32,4096,reverse,desc,0,1,1,512,928.305
sorted,vector,i32,4096,reverse,desc,0,0,1,507,987.132
sorted,vector,i32,4096,reverse,desc,0,1,2,474,1056.713
sorted,vector,i32,4096,reverse,desc,0,0,2,512,954.492
sorted,vector,i32,4096,reverse,desc,0,1,3,509,982.717
sorted,vector,i32,4096,reverse,desc,0,0,3,512,959.484
sorted,vector,i32,4096,reverse,desc,0,0,4,510,981.937
sorted,vector,i32,4096,reverse,desc,0,1,4,512,934.654
sorted,vector,i32,4096,reverse,desc,0,0,5,489,1023.691
sorted,vector,i32,4096,reverse,desc,0,1,5,505,990.923
sorted,vector,i32,4096,reverse,desc,0,0,6,512,950.535
sorted,vector,i32,4096,reverse,desc,0,1,6,512,973.697
sorted,vector,i32,4096,nearly,asc,0,1,0,42,12057.571
sorted,vector,i32,4096,nearly,asc,0,0,0,45,11281.511
sorted,vector,i32,4096,nearly,asc,0,1,1,44,11617.500
sorted,vector,i32,4096,nearly,asc,0,0,1,45,11256.444
sorted,vector,i32,4096,nearly,asc,0,0,2,46,11096.870
sorted,vector,i32,4096,nearly,asc,0,1,2,44,11608.864
sorted,vector,i32,4096,nearly,asc,0,0,3,45,11217.644
sorted,vector,i32,4096,nearly,asc,0,1,3,44,11597.568
sorted,vector,i32,4096,nearly,asc,0,1,4,40,12502.100
sorted,vector,i32,4096,nearly,asc,0,0,4,44,11534.136
sorted,vector,i32,4096,nearly,asc,0,0,5,44,11623.977
sorted,vector,i32,4096,nearly,asc,0,1,5,42,12111.119
sorted,vector,i32,4096,nearly,asc,0,0,6,46,11138.630
sorted,vector,i32,4096,nearly,asc,0,1,6,39,12841.923
sorted,vector,i32,4096,nearly,desc,0,0,0,47,10795.213
sorted,vector,i32,4096,nearly,desc,0,1,0,50,10145.120
sorted,vector,i32,4096,nearly,desc,0,1,1,50,10128.260
sorted,vector,i32,4096,nearly,desc,0,0,1,49,10363.980
sorted,vector,i32,4096,nearly,desc,0,1,2,49,10388.612
sorted,vector,i32,4096,nearly,desc,0,0,2,47,10667.660
sorted,vector,i32,4096,nearly,desc,0,1,3,47,10692.298
sorted,vector,i32,4096,nearly,desc,0,0,3,48,10511.354
sorted,vector,i32,4096,nearly,desc,0,0,4,47,10810.298
sorted,vector,i32,4096,nearly,desc,0,1,4,52,9749.135
sorted,vector,i32,4096,nearly,desc,0,1,5,48,10524.396
sorted,vector,i32,4096,nearly,desc,0,0,5,50,10053.420
sorted,vector,i32,4096,nearly,desc,0,1,6,48,10513.854
sorted,vector,i32,4096,nearly,desc,0,0,6,48,10434.042
sorted,vector,i32,4096,equal,asc,0,0,0,477,1049.782
sorted,vector,i32,4096,equal,asc,0,1,0,468,1068.994
sorted,vector,i32,4096,equal,asc,0,0,1,512,963.873
sorted,vector,i32,4096,equal,asc,0,1,1,488,1026.523
sorted,vector,i32,4096,equal,asc,0,0,2,512,949.949
sorted,vector,i32,4096,equal,asc,0,1,2,463,1082.080
sorted,vector,i32,4096,equal,asc,0,1,3,494,1013.377
sorted,vector,i32,4096,equal,asc,0,0,3,512,951.318
sorted,vector,i32,4096,equal,asc,0,1,4,491,1020.515
sorted,vector,i32,4096,equal,asc,0,0,4,512,949.584
sorted,vector,i32,4096,equal,asc,0,1,5,502,996.992
sorted,vector,i32,4096,equal,asc,0,0,5,512,947.199
sorted,vector,i32,4096,equal,asc,0,0,6,506,989.599
sorted,vector,i32,4096,equal,asc,0,1,6,507,986.337
sorted,vector,i32,4096,equal,desc,0,0,0,512,950.186
sorted,vector,i32,4096,equal,desc,0,1,0,512,973.393
sorted,vector,i32,4096,equal,desc,0,0,1,512,952.285
sorted,vector,i32,4096,equal,desc,0,1,1,512,974.594
sorted,vector,i32,4096,equal,desc,0,0,2,512,971.703
sorted,vector,i32,4096,equal,desc,0,1,2,512,964.332
sorted,vector,i32,4096,equal,desc,0,0,3,461,1085.996
sorted,vector,i32,4096,equal,desc,0,1,3,512,976.459
sorted,vector,i32,4096,equal,desc,0,0,4,484,1033.421
sorted,vector,i32,4096,equal,desc,0,1,4,512,960.029
sorted,vector,i32,4096,equal,desc,0,1,5,509,983.024
sorted,vector,i32,4096,equal,desc,0,0,5,512,965.971
sorted,vector,i32,4096,equal,desc,0,1,6,512,975.629
sorted,vector,i32,4096,equal,desc,0,0,6,489,1024.789
sorted,vector,i32,65536,full,asc,0,1,0,3,222624.667
sorted,vector,i32,65536,full,asc,0,0,0,3,210930.667
sorted,vector,i32,65536,full,asc,0,0,1,3,196764.000
sorted,vector,i32,65536,full,asc,0,1,1,3,214805.333
sorted,vector,i32,65536,full,asc,0,0,2,3,183361.000
sorted,vector,i32,65536,full,asc,0,1,2,3,197361.000
sorted,vector,i32,65536,full,asc,0,1,3,3,203764.000
sorted,vector,i32,65536,full,asc,0,0,3,3,186833.333
sorted,vector,i32,65536,full,asc,0,0,4,3,193194.333
sorted,vector,i32,65536,full,asc,0,1,4,3,206111.000
sorted,vector,i32,65536,full,asc,0,1,5,2,296562.500
sorted,vector,i32,65536,full,asc,0,0,5,3,205125.000
sorted,vector,i32,65536,full,asc,0,0,6,3,181222.333
sorted,vector,i32,65536,full,asc,0,1,6,3,204125.333
sorted,vector,i32,65536,full,desc,0,1,0,3,182805.333
sorted,vector,i32,65536,full,desc,0,0,0,3,208986.333
sorted,vector,i32,65536,full,desc,0,1,1,3,181958.333
sorted,vector,i32,65536,full,desc,0,0,1,3,200000.000
sorted,vector,i32,65536,full,desc,0,1,2,3,184791.667
sorted,vector,i32,65536,full,desc,0,0,2,3,189028.000
sorted,vector,i32,65536,full,desc,0,0,3,3,191374.667
sorted,vector,i32,65536,full,desc,0,1,3,3,199930.667
sorted,vector,i32,65536,full,desc,0,0,4,3,198944.333
sorted,vector,i32,65536,full,desc,0,1,4,2,257062.000
sorted,vector,i32,65536,full,desc,0,1,5,3,217944.333
sorted,vector,i32,65536,full,desc,0,0,5,2,250041.500
sorted,vector,i32,65536,full,desc,0,0,6,3,217916.667
sorted,vector,i32,65536,full,desc,0,1,6,3,227750.000
sorted,vector,i32,65536,bits22,asc,0,1,0,3,200916.333
sorted,vector,i32,65536,bits22,asc,0,0,0,4,163125.000
sorted,vector,i32,65536,bits22,asc,0,0,1,4,154521.000
sorted,vector,i32,65536,bits22,asc,0,1,1,3,171527.333
sorted,vector,i32,65536,bits22,asc,0,1,2,3,171291.667
sorted,vector,i32,65536,bits22,asc,0,0,2,4,155438.000
sorted,vector,i32,65536,bits22,asc,0,1,3,3,168625.000
sorted,vector,i32,65536,bits22,asc,0,0,3,4,153260.500
sorted,vector,i32,65536,bits22,asc,0,1,4,3,168486.000
sorted,vector,i32,65536,bits22,asc,0,0,4,4,153760.750
sorted,vector,i32,65536,bits22,asc,0,1,5,4,166302.250
sorted,vector,i32,65536,bits22,asc,0,0,5,4,155021.000
sorted,vector,i32,65536,bits22,asc,0,0,6,4,154781.250
sorted,vector,i32,65536,bits22,asc,0,1,6,3,168472.333
sorted,vector,i32,65536,bits22,desc,0,1,0,3,169555.333
sorted,vector,i32,65536,bits22,desc,0,0,0,4,155895.750
sorted,vector,i32,65536,bits22,desc,0,1,1,4,166052.000
sorted,vector,i32,65536,bits22,desc,0,0,1,4,151666.750
sorted,vector,i32,65536,bits22,desc,0,1,2,4,160791.750
sorted,vector,i32,65536,bits22,desc,0,0,2,4,158448.250
sorted,vector,i32,65536,bits22,desc,0,0,3,4,151531.500
sorted,vector,i32,65536,bits22,desc,0,1,3,3,199319.667
sorted,vector,i32,65536,bits22,desc,0,1,4,4,137885.250
sorted,vector,i32,65536,bits22,desc,0,0,4,3,167541.667
sorted,vector,i32,65536,bits22,desc,0,0,5,4,152156.000
sorted,vector,i32,65536,bits22,desc,0,1,5,4,132093.750
sorted,vector,i32,65536,bits22,desc,0,0,6,4,148614.500
sorted,vector,i32,65536,bits22,desc,0,1,6,4,134281.500
sorted,vector,i32,65536,gaps,asc,0,1,0,2,298104.500
sorted,vector,i32,65536,gaps,asc,0,0,0,2,301583.500
sorted,vector,i32,65536,gaps,asc,0,0,1,3,261666.667
sorted,vector,i32,65536,gaps,asc,0,1,1,3,225875.333
sorted,vector,i32,65536,gaps,asc,0,0,2,3,262944.667
sorted,vector,i32,65536,gaps,asc,0,1,2,2,327208.500
sorted,vector,i32,65536,gaps,asc,0,0,3,2,364812.500
sorted,vector,i32,65536,gaps,asc,0,1,3,2,296187.500
sorted,vector,i32,65536,gaps,asc,0,0,4,2,342833.500
sorted,vector,i32,65536,gaps,asc,0,1,4,3,254014.000
sorted,vector,i32,65536,gaps,asc,0,0,5,3,249986.333
sorted,vector,i32,65536,gaps,asc,0,1,5,3,246653.000
sorted,vector,i32,65536,gaps,asc,0,1,6,2,296333.500
sorted,vector,i32,65536,gaps,asc,0,0,6,2,266229.500
sorted,vector,i32,65536,gaps,desc,0,1,0,2,351396.000
sorted,vector,i32,65536,gaps,desc,0,0,0,2,304645.500
sorted,vector,i32,65536,gaps,desc,0,1,1,2,292687.500
sorted,vector,i32,65536,gaps,desc,0,0,1,2,297750.000
sorted,vector,i32,65536,gaps,desc,0,0,2,2,294458.000
sorted,vector,i32,65536,gaps,desc,0,1,2,3,270000.000
sorted,vector,i32,65536,gaps,desc,0,0,3,3,270722.333
sorted,vector,i32,65536,gaps,desc,0,1,3,2,254187.500
sorted,vector,i32,65536,gaps,desc,0,1,4,2,335000.000
sorted,vector,i32,65536,gaps,desc,0,0,4,2,291583.000
sorted,vector,i32,65536,gaps,desc,0,0,5,2,306750.500
sorted,vector,i32,65536,gaps,desc,0,1,5,2,319958.500
sorted,vector,i32,65536,gaps,desc,0,0,6,2,290687.500
sorted,vector,i32,65536,gaps,desc,0,1,6,2,321375.000
sorted,vector,i32,65536,few,asc,0,0,0,4,130416.500
sorted,vector,i32,65536,few,asc,0,1,0,5,123450.000
sorted,vector,i32,65536,few,asc,0,0,1,4,127000.250
sorted,vector,i32,65536,few,asc,0,1,1,5,119858.600
sorted,vector,i32,65536,few,asc,0,0,2,4,127791.500
sorted,vector,i32,65536,few,asc,0,1,2,5,119841.600
sorted,vector,i32,65536,few,asc,0,0,3,4,126094.250
sorted,vector,i32,65536,few,asc,0,1,3,4,126927.250
sorted,vector,i32,65536,few,asc,0,1,4,4,133572.750
sorted,vector,i32,65536,few,asc,0,0,4,4,151062.500
sorted,vector,i32,65536,few,asc,0,1,5,4,129416.500
sorted,vector,i32,65536,few,asc,0,0,5,5,110083.400
sorted,vector,i32,65536,few,asc,0,0,6,5,118725.000
sorted,vector,i32,65536,few,asc,0,1,6,5,117600.400
sorted,vector,i32,65536,few,desc,0,0,0,5,100841.600
sorted,vector,i32,65536,few,desc,0,1,0,5,125741.600
sorted,vector,i32,65536,few,desc,0,0,1,6,97951.500
sorted,vector,i32,65536,few,desc,0,1,1,5,121866.400
sorted,vector,i32,65536,few,desc,0,1,2,5,123075.200
sorted,vector,i32,65536,few,desc,0,0,2,5,109108.200
sorted,vector,i32,65536,few,desc,0,0,3,5,108191.400
sorted,vector,i32,65536,few,desc,0,1,3,5,119649.800
sorted,vector,i32,65536,few,desc,0,0,4,6,98132.000
sorted,vector,i32,65536,few,desc,0,1,4,5,121308.400
sorted,vector,i32,65536,few,desc,0,0,5,6,97992.833
sorted,vector,i32,65536,few,desc,0,1,5,5,117608.400
sorted,vector,i32,65536,few,desc,0,0,6,6,99986.000
sorted,vector,i32,65536,few,desc,0,1,6,5,117424.800
sorted,vector,i32,65536,ordered,asc,0,0,0,34,14718.118
sorted,vector,i32,65536,ordered,asc,0,1,0,32,15800.688
sorted,vector,i32,65536,ordered,asc,0,0,1,33,15335.818
sorted,vector,i32,65536,ordered,asc,0,1,1,33,15484.909
sorted,vector,i32,65536,ordered,asc,0,0,2,33,15589.636
sorted,vector,i32,65536,ordered,asc,0,1,2,33,15339.758
sorted,vector,i32,65536,ordered,asc,0,0,3,34,15180.206
sorted,vector,i32,65536,ordered,asc,0,1,3,33,15597.303
sorted,vector,i32,65536,ordered,asc,0,1,4,29,17737.034
sorted,vector,i32,65536,ordered,asc,0,0,4,35,14607.143
sorted,vector,i32,65536,ordered,asc,0,1,5,35,14589.257
sorted,vector,i32,65536,ordered,asc,0,0,5,32,15833.281
sorted,vector,i32,65536,ordered,asc,0,0,6,34,14740.059
sorted,vector,i32,65536,ordered,asc,0,1,6,31,16565.903
sorted,vector,i32,65536,ordered,desc,0,1,0,28,18333.179
sorted,vector,i32,65536,ordered,desc,0,0,0,28,18485.107
sorted,vector,i32,65536,ordered,desc,0,0,1,28,17861.464
sorted,vector,i32,65536,ordered,desc,0,1,1,27,19396.630
sorted,vector,i32,65536,ordered,desc,0,0,2,27,18765.444
sorted,vector,i32,65536,ordered,desc,0,1,2,26,19493.615
sorted,vector,i32,65536,ordered,desc,0,0,3,29,17745.586
sorted,vector,i32,65536,ordered,desc,0,1,3,28,18148.821
sorted,vector,i32,65536,ordered,desc,0,1,4,28,18447.857
sorted,vector,i32,65536,ordered,desc,0,0,4,28,18193.429
sorted,vector,i32,65536,ordered,desc,0,0,5,27,18648.074
sorted,vector,i32,65536,ordered,desc,0,1,5,28,17891.429
sorted,vector,i32,65536,ordered,desc,0,0,6,28,18428.571
sorted,vector,i32,65536,ordered,desc,0,1,6,26,19767.692
sorted,vector,i32,65536,reverse,asc,0,1,0,29,17646.517
sorted,vector,i32,65536,reverse,asc,0,0,0,28,17971.821
sorted,vector,i32,65536,reverse,asc,0,0,1,28,18206.786
sorted,vector,i32,65536,reverse,asc,0,1,1,27,18640.444
sorted,vector,i32,65536,reverse,asc,0,1,2,28,17928.643
sorted,vector,i32,65536,reverse,asc,0,0,2,27,18800.889
sorted,vector,i32,65536,reverse,asc,0,1,3,26,19354.154
sorted,vector,i32,65536,reverse,asc,0,0,3,28,18392.893
sorted,vector,i32,65536,reverse,asc,0,1,4,26,19753.308
sorted,vector,i32,65536,reverse,asc,0,0,4,27,18706.889
sorted,vector,i32,65536,reverse,asc,0,0,5,27,18771.667
sorted,vector,i32,65536,reverse,asc,0,1,5,27,18805.556
sorted,vector,i32,65536,reverse,asc,0,1,6,27,18833.333
sorted,vector,i32,65536,reverse,asc,0,0,6,27,18989.259
sorted,vector,i32,65536,reverse,desc,0,0,0,32,15799.500
sorted,vector,i32,65536,reverse,desc,0,1,0,33,15280.242
sorted,vector,i32,65536,reverse,desc,0,0,1,34,14971.735
sorted,vector,i32,65536,reverse,desc,0,1,1,34,14921.588
sorted,vector,i32,65536,reverse,desc,0,1,2,34,14895.765
sorted,vector,i32,65536,reverse,desc,0,0,2,33,15249.939
sorted,vector,i32,65536,reverse,desc,0,0,3,35,14703.571
sorted,vector,i32,65536,reverse,desc,0,1,3,34,14948.647
sorted,vector,i32,65536,reverse,desc,0,1,4,35,14574.971
sorted,vector,i32,65536,reverse,desc,0,0,4,33,15460.818
sorted,vector,i32,65536,reverse,desc,0,0,5,34,14973.000
sorted,vector,i32,65536,reverse,desc,0,1,5,34,14767.206
sorted,vector,i32,65536,reverse,desc,0,0,6,32,15990.938
sorted,vector,i32,65536,reverse,desc,0,1,6,32,15634.125
sorted,vector,i32,65536,nearly,asc,0,1,0,3,175958.333
sorted,vector,i32,65536,nearly,asc,0,0,0,3,167541.667
sorted,vector,i32,65536,nearly,asc,0,1,1,3,181958.333
sorted,vector,i32,65536,nearly,asc,0,0,1,3,166889.000
sorted,vector,i32,65536,nearly,asc,0,0,2,3,171249.667
sorted,vector,i32,65536,nearly,asc,0,1,2,3,185847.000
sorted,vector,i32,65536,nearly,asc,0,0,3,3,171027.667
sorted,vector,i32,65536,nearly,asc,0,1,3,3,200708.667
sorted,vector,i32,65536,nearly,asc,0,1,4,3,195791.667
sorted,vector,i32,65536,nearly,asc,0,0,4,3,172513.667
sorted,vector,i32,65536,nearly,asc,0,0,5,4,158885.500
sorted,vector,i32,65536,nearly,asc,0,1,5,3,179083.667
sorted,vector,i32,65536,nearly,asc,0,0,6,3,168958.000
sorted,vector,i32,65536,nearly,asc,0,1,6,3,179736.000
sorted,vector,i32,65536,nearly,desc,0,1,0,3,179833.667
sorted,vector,i32,65536,nearly,desc,0,0,0,3,172930.667
sorted,vector,i32,65536,nearly,desc,0,0,1,3,172694.667
sorted,vector,i32,65536,nearly,desc,0,1,1,3,180819.667
sorted,vector,i32,65536,nearly,desc,0,1,2,3,175833.333
sorted,vector,i32,65536,nearly,desc,0,0,2,3,185583.000
sorted,vector,i32,65536,nearly,desc,0,1,3,3,170027.667
sorted,vector,i32,65536,nearly,desc,0,0,3,3,169972.333
sorted,vector,i32,65536,nearly,desc,0,1,4,4,160479.000
sorted,vector,i32,65536,nearly,desc,0,0,4,4,169322.750
sorted,vector,i32,65536,nearly,desc,0,1,5,4,163406.500
sorted,vector,i32,65536,nearly,desc,0,0,5,3,182388.667
sorted,vector,i32,65536,nearly,desc,0,0,6,3,171736.000
sorted,vector,i32,65536,nearly,desc,0,1,6,3,170222.333
sorted,vector,i32,65536,equal,asc,0,0,0,34,14927.588
sorted,vector,i32,65536,equal,asc,0,1,0,33,15477.182
sorted,vector,i32,65536,equal,asc,0,1,1,34,15011.118
sorted,vector,i32,65536,equal,asc,0,0,1,35,14589.314
sorted,vector,i32,65536,equal,asc,0,1,2,34,14973.059
sorted,vector,i32,65536,equal,asc,0,0,2,35,14659.600
sorted,vector,i32,65536,equal,asc,0,1,3,34,15086.971
sorted,vector,i32,65536,equal,asc,0,0,3,34,14964.471
sorted,vector,i32,65536,equal,asc,0,0,4,35,14561.800
sorted,vector,i32,65536,equal,asc,0,1,4,34,14908.000
sorted,vector,i32,65536,equal,asc,0,0,5,34,15102.941
sorted,vector,i32,65536,equal,asc,0,1,5,35,14570.286
sorted,vector,i32,65536,equal,asc,0,1,6,33,15719.636
sorted,vector,i32,65536,equal,asc,0,0,6,35,14639.286
sorted,vector,i32,65536,equal,desc,0,1,0,34,14770.824
sorted,vector,i32,65536,equal,desc,0,0,0,33,15294.212
sorted,vector,i32,65536,equal,desc,0,0,1,34,14909.353
sorted,vector,i32,65536,equal,desc,0,1,1,34,15052.706
sorted,vector,i32,65536,equal,desc,0,0,2,33,15400.212
sorted,vector,i32,65536,equal,desc,0,1,2,34,15109.088
sorted,vector,i32,65536,equal,desc,0,0,3,32,15864.656
sorted,vector,i32,65536,equal,desc,0,1,3,34,14751.206
sorted,vector,i32,65536,equal,desc,0,1,4,33,15184.364
sorted,vector,i32,65536,equal,desc,0,0,4,34,14921.559
sorted,vector,i32,65536,equal,desc,0,1,5,35,14664.343
sorted,vector,i32,65536,equal,desc,0,0,5,34,14906.618
sorted,vector,i32,65536,equal,desc,0,1,6,34,14708.353
sorted,vector,i32,65536,equal,desc,0,0,6,34,15046.559
sorted,vector,i32,1000000,full,asc,0,0,0,1,3653333.000
sorted,vector,i32,1000000,full,asc,0,1,0,1,3792166.000
sorted,vector,i32,1000000,full,asc,0,1,1,1,4026708.000
sorted,vector,i32,1000000,full,asc,0,0,1,1,3959500.000
sorted,vector,i32,1000000,full,asc,0,0,2,1,3852959.000
sorted,vector,i32,1000000,full,asc,0,1,2,1,4106292.000
sorted,vector,i32,1000000,full,asc,0,0,3,1,3892583.000
sorted,vector,i32,1000000,full,asc,0,1,3,1,3905542.000
sorted,vector,i32,1000000,full,asc,0,0,4,1,3896708.000
sorted,vector,i32,1000000,full,asc,0,1,4,1,3941250.000
sorted,vector,i32,1000000,full,asc,0,0,5,1,3790042.000
sorted,vector,i32,1000000,full,asc,0,1,5,1,4021083.000
sorted,vector,i32,1000000,full,asc,0,1,6,1,3750791.000
sorted,vector,i32,1000000,full,asc,0,0,6,1,3577792.000
sorted,vector,i32,1000000,full,desc,0,1,0,1,3624458.000
sorted,vector,i32,1000000,full,desc,0,0,0,1,3607041.000
sorted,vector,i32,1000000,full,desc,0,0,1,1,3889292.000
sorted,vector,i32,1000000,full,desc,0,1,1,1,3871583.000
sorted,vector,i32,1000000,full,desc,0,0,2,1,3909708.000
sorted,vector,i32,1000000,full,desc,0,1,2,1,3899708.000
sorted,vector,i32,1000000,full,desc,0,0,3,1,3730042.000
sorted,vector,i32,1000000,full,desc,0,1,3,1,3865000.000
sorted,vector,i32,1000000,full,desc,0,0,4,1,3888000.000
sorted,vector,i32,1000000,full,desc,0,1,4,1,3703917.000
sorted,vector,i32,1000000,full,desc,0,1,5,1,3856917.000
sorted,vector,i32,1000000,full,desc,0,0,5,1,3812375.000
sorted,vector,i32,1000000,full,desc,0,0,6,1,3935292.000
sorted,vector,i32,1000000,full,desc,0,1,6,1,3909584.000
kernel,vector,i32,1000000,full,asc,8,0,0,1,3265250.000
kernel,vector,i32,1000000,full,asc,8,1,0,1,3152834.000
kernel,vector,i32,1000000,full,asc,8,0,1,1,3076125.000
kernel,vector,i32,1000000,full,asc,8,1,1,1,3145208.000
kernel,vector,i32,1000000,full,asc,8,0,2,1,3379125.000
kernel,vector,i32,1000000,full,asc,8,1,2,1,3214459.000
kernel,vector,i32,1000000,full,asc,8,1,3,1,3119375.000
kernel,vector,i32,1000000,full,asc,8,0,3,1,3269834.000
kernel,vector,i32,1000000,full,asc,8,1,4,1,3145333.000
kernel,vector,i32,1000000,full,asc,8,0,4,1,3169958.000
kernel,vector,i32,1000000,full,asc,8,1,5,1,3145375.000
kernel,vector,i32,1000000,full,asc,8,0,5,1,3204625.000
kernel,vector,i32,1000000,full,asc,8,0,6,1,3319250.000
kernel,vector,i32,1000000,full,asc,8,1,6,1,3186792.000
kernel,vector,i32,1000000,full,desc,8,0,0,1,3290875.000
kernel,vector,i32,1000000,full,desc,8,1,0,1,3253792.000
kernel,vector,i32,1000000,full,desc,8,1,1,1,3193500.000
kernel,vector,i32,1000000,full,desc,8,0,1,1,3094583.000
kernel,vector,i32,1000000,full,desc,8,0,2,1,3225125.000
kernel,vector,i32,1000000,full,desc,8,1,2,1,3151375.000
kernel,vector,i32,1000000,full,desc,8,1,3,1,3218417.000
kernel,vector,i32,1000000,full,desc,8,0,3,1,3175167.000
kernel,vector,i32,1000000,full,desc,8,1,4,1,3175375.000
kernel,vector,i32,1000000,full,desc,8,0,4,1,3049292.000
kernel,vector,i32,1000000,full,desc,8,1,5,1,3196667.000
kernel,vector,i32,1000000,full,desc,8,0,5,1,3070875.000
kernel,vector,i32,1000000,full,desc,8,1,6,1,3298292.000
kernel,vector,i32,1000000,full,desc,8,0,6,1,3179042.000
kernel,vector,i32,1000000,full,asc,11,0,0,1,2446459.000
kernel,vector,i32,1000000,full,asc,11,1,0,1,2596334.000
kernel,vector,i32,1000000,full,asc,11,0,1,1,2535958.000
kernel,vector,i32,1000000,full,asc,11,1,1,1,2699750.000
kernel,vector,i32,1000000,full,asc,11,0,2,1,2487334.000
kernel,vector,i32,1000000,full,asc,11,1,2,1,2648584.000
kernel,vector,i32,1000000,full,asc,11,1,3,1,2677250.000
kernel,vector,i32,1000000,full,asc,11,0,3,1,2947458.000
kernel,vector,i32,1000000,full,asc,11,0,4,1,2544166.000
kernel,vector,i32,1000000,full,asc,11,1,4,1,2715833.000
kernel,vector,i32,1000000,full,asc,11,0,5,1,2575625.000
kernel,vector,i32,1000000,full,asc,11,1,5,1,2647083.000
kernel,vector,i32,1000000,full,asc,11,1,6,1,2727625.000
kernel,vector,i32,1000000,full,asc,11,0,6,1,2459375.000
kernel,vector,i32,1000000,full,desc,11,1,0,1,2424917.000
kernel,vector,i32,1000000,full,desc,11,0,0,1,2392167.000
kernel,vector,i32,1000000,full,desc,11,1,1,1,2522458.000
kernel,vector,i32,1000000,full,desc,11,0,1,1,2544916.000
kernel,vector,i32,1000000,full,desc,11,0,2,1,2536333.000
kernel,vector,i32,1000000,full,desc,11,1,2,1,2667458.000
kernel,vector,i32,1000000,full,desc,11,0,3,1,2677250.000
kernel,vector,i32,1000000,full,desc,11,1,3,1,2680292.000
kernel,vector,i32,1000000,full,desc,11,0,4,1,2559333.000
kernel,vector,i32,1000000,full,desc,11,1,4,1,2824667.000
kernel,vector,i32,1000000,full,desc,11,0,5,1,2508209.000
kernel,vector,i32,1000000,full,desc,11,1,5,1,2666500.000
kernel,vector,i32,1000000,full,desc,11,0,6,1,2668000.000
kernel,vector,i32,1000000,full,desc,11,1,6,1,2512459.000
kernel,vector,i32,1000000,full,asc,15,1,0,1,5106791.000
kernel,vector,i32,1000000,full,asc,15,0,0,1,4832791.000
kernel,vector,i32,1000000,full,asc,15,0,1,1,4923708.000
kernel,vector,i32,1000000,full,asc,15,1,1,1,4951375.000
kernel,vector,i32,1000000,full,asc,15,0,2,1,4782292.000
kernel,vector,i32,1000000,full,asc,15,1,2,1,4926125.000
kernel,vector,i32,1000000,full,asc,15,0,3,1,5034375.000
kernel,vector,i32,1000000,full,asc,15,1,3,1,4916750.000
kernel,vector,i32,1000000,full,asc,15,0,4,1,4892083.000
kernel,vector,i32,1000000,full,asc,15,1,4,1,4842542.000
kernel,vector,i32,1000000,full,asc,15,1,5,1,4860250.000
kernel,vector,i32,1000000,full,asc,15,0,5,1,4884958.000
kernel,vector,i32,1000000,full,asc,15,0,6,1,4745125.000
kernel,vector,i32,1000000,full,asc,15,1,6,1,4876500.000
kernel,vector,i32,1000000,full,desc,15,0,0,1,4779625.000
kernel,vector,i32,1000000,full,desc,15,1,0,1,4822667.000
kernel,vector,i32,1000000,full,desc,15,1,1,1,5047000.000
kernel,vector,i32,1000000,full,desc,15,0,1,1,4860000.000
kernel,vector,i32,1000000,full,desc,15,1,2,1,4734083.000
kernel,vector,i32,1000000,full,desc,15,0,2,1,4797667.000
kernel,vector,i32,1000000,full,desc,15,1,3,1,5008875.000
kernel,vector,i32,1000000,full,desc,15,0,3,1,4840084.000
kernel,vector,i32,1000000,full,desc,15,0,4,1,4984375.000
kernel,vector,i32,1000000,full,desc,15,1,4,1,4810417.000
kernel,vector,i32,1000000,full,desc,15,0,5,1,4870958.000
kernel,vector,i32,1000000,full,desc,15,1,5,1,5039958.000
kernel,vector,i32,1000000,full,desc,15,1,6,1,4893834.000
kernel,vector,i32,1000000,full,desc,15,0,6,1,4842708.000
sorted,vector,i32,1000000,bits22,asc,0,0,0,1,2879250.000
sorted,vector,i32,1000000,bits22,asc,0,1,0,1,3101584.000
sorted,vector,i32,1000000,bits22,asc,0,1,1,1,3050500.000
sorted,vector,i32,1000000,bits22,asc,0,0,1,1,2996333.000
sorted,vector,i32,1000000,bits22,asc,0,1,2,1,3086208.000
sorted,vector,i32,1000000,bits22,asc,0,0,2,1,2883167.000
sorted,vector,i32,1000000,bits22,asc,0,1,3,1,3050708.000
sorted,vector,i32,1000000,bits22,asc,0,0,3,1,2863917.000
sorted,vector,i32,1000000,bits22,asc,0,1,4,1,3082500.000
sorted,vector,i32,1000000,bits22,asc,0,0,4,1,2896875.000
sorted,vector,i32,1000000,bits22,asc,0,1,5,1,3013792.000
sorted,vector,i32,1000000,bits22,asc,0,0,5,1,2907375.000
sorted,vector,i32,1000000,bits22,asc,0,1,6,1,3028167.000
sorted,vector,i32,1000000,bits22,asc,0,0,6,1,2888250.000
sorted,vector,i32,1000000,bits22,desc,0,0,0,1,2882167.000
sorted,vector,i32,1000000,bits22,desc,0,1,0,1,2895834.000
sorted,vector,i32,1000000,bits22,desc,0,1,1,1,2854333.000
sorted,vector,i32,1000000,bits22,desc,0,0,1,1,2934125.000
sorted,vector,i32,1000000,bits22,desc,0,0,2,1,2856250.000
sorted,vector,i32,1000000,bits22,desc,0,1,2,1,2885000.000
sorted,vector,i32,1000000,bits22,desc,0,1,3,1,3049333.000
sorted,vector,i32,1000000,bits22,desc,0,0,3,1,2875250.000
sorted,vector,i32,1000000,bits22,desc,0,0,4,1,2948083.000
sorted,vector,i32,1000000,bits22,desc,0,1,4,1,2922667.000
sorted,vector,i32,1000000,bits22,desc,0,0,5,1,2869292.000
sorted,vector,i32,1000000,bits22,desc,0,1,5,1,2911042.000
sorted,vector,i32,1000000,bits22,desc,0,0,6,1,2913334.000
sorted,vector,i32,1000000,bits22,desc,0,1,6,1,2949000.000
kernel,vector,i32,1000000,bits22,asc,8,0,0,1,2351417.000
kernel,vector,i32,1000000,bits22,asc,8,1,0,1,2442583.000
kernel,vector,i32,1000000,bits22,asc,8,0,1,1,2353542.000
kernel,vector,i32,1000000,bits22,asc,8,1,1,1,2419625.000
kernel,vector,i32,1000000,bits22,asc,8,0,2,1,2378041.000
kernel,vector,i32,1000000,bits22,asc,8,1,2,1,2395958.000
kernel,vector,i32,1000000,bits22,asc,8,0,3,1,2370458.000
kernel,vector,i32,1000000,bits22,asc,8,1,3,1,2449250.000
kernel,vector,i32,1000000,bits22,asc,8,1,4,1,2409209.000
kernel,vector,i32,1000000,bits22,asc,8,0,4,1,2439791.000
kernel,vector,i32,1000000,bits22,asc,8,1,5,1,2420834.000
kernel,vector,i32,1000000,bits22,asc,8,0,5,1,2356750.000
kernel,vector,i32,1000000,bits22,asc,8,0,6,1,2419041.000
kernel,vector,i32,1000000,bits22,asc,8,1,6,1,2386125.000
kernel,vector,i32,1000000,bits22,desc,8,0,0,1,2376375.000
kernel,vector,i32,1000000,bits22,desc,8,1,0,1,2437375.000
kernel,vector,i32,1000000,bits22,desc,8,1,1,1,2456000.000
kernel,vector,i32,1000000,bits22,desc,8,0,1,1,2389958.000
kernel,vector,i32,1000000,bits22,desc,8,0,2,1,2378250.000
kernel,vector,i32,1000000,bits22,desc,8,1,2,1,2461666.000
kernel,vector,i32,1000000,bits22,desc,8,1,3,1,2438250.000
kernel,vector,i32,1000000,bits22,desc,8,0,3,1,2426541.000
kernel,vector,i32,1000000,bits22,desc,8,1,4,1,2439000.000
kernel,vector,i32,1000000,bits22,desc,8,0,4,1,2358125.000
kernel,vector,i32,1000000,bits22,desc,8,1,5,1,2426041.000
kernel,vector,i32,1000000,bits22,desc,8,0,5,1,2365792.000
kernel,vector,i32,1000000,bits22,desc,8,1,6,1,2443292.000
kernel,vector,i32,1000000,bits22,desc,8,0,6,1,2393042.000
kernel,vector,i32,1000000,bits22,asc,11,1,0,1,1826750.000
kernel,vector,i32,1000000,bits22,asc,11,0,0,1,1603875.000
kernel,vector,i32,1000000,bits22,asc,11,0,1,1,1717417.000
kernel,vector,i32,1000000,bits22,asc,11,1,1,1,1819750.000
kernel,vector,i32,1000000,bits22,asc,11,1,2,1,1826959.000
kernel,vector,i32,1000000,bits22,asc,11,0,2,1,1666834.000
kernel,vector,i32,1000000,bits22,asc,11,1,3,1,1814375.000
kernel,vector,i32,1000000,bits22,asc,11,0,3,1,1746625.000
kernel,vector,i32,1000000,bits22,asc,11,0,4,1,1630166.000
kernel,vector,i32,1000000,bits22,asc,11,1,4,1,1810750.000
kernel,vector,i32,1000000,bits22,asc,11,0,5,1,1672500.000
kernel,vector,i32,1000000,bits22,asc,11,1,5,1,1812208.000
kernel,vector,i32,1000000,bits22,asc,11,1,6,1,1907250.000
kernel,vector,i32,1000000,bits22,asc,11,0,6,1,1627750.000
kernel,vector,i32,1000000,bits22,desc,11,1,0,1,1708750.000
kernel,vector,i32,1000000,bits22,desc,11,0,0,1,1717250.000
kernel,vector,i32,1000000,bits22,desc,11,0,1,1,1683583.000
kernel,vector,i32,1000000,bits22,desc,11,1,1,1,1665709.000
kernel,vector,i32,1000000,bits22,desc,11,0,2,1,1658666.000
kernel,vector,i32,1000000,bits22,desc,11,1,2,1,1665083.000
kernel,vector,i32,1000000,bits22,desc,11,0,3,1,1631250.000
kernel,vector,i32,1000000,bits22,desc,11,1,3,1,1646833.000
kernel,vector,i32,1000000,bits22,desc,11,1,4,1,1701250.000
kernel,vector,i32,1000000,bits22,desc,11,0,4,1,1675167.000
kernel,vector,i32,1000000,bits22,desc,11,0,5,1,1676375.000
kernel,vector,i32,1000000,bits22,desc,11,1,5,1,1616625.000
kernel,vector,i32,1000000,bits22,desc,11,0,6,1,1729042.000
kernel,vector,i32,1000000,bits22,desc,11,1,6,1,1651709.000
kernel,vector,i32,1000000,bits22,asc,15,0,0,1,2409000.000
kernel,vector,i32,1000000,bits22,asc,15,1,0,1,2412583.000
kernel,vector,i32,1000000,bits22,asc,15,1,1,1,2393834.000
kernel,vector,i32,1000000,bits22,asc,15,0,1,1,2441708.000
kernel,vector,i32,1000000,bits22,asc,15,1,2,1,2439459.000
kernel,vector,i32,1000000,bits22,asc,15,0,2,1,2331875.000
kernel,vector,i32,1000000,bits22,asc,15,1,3,1,2370541.000
kernel,vector,i32,1000000,bits22,asc,15,0,3,1,2420625.000
kernel,vector,i32,1000000,bits22,asc,15,1,4,1,2415708.000
kernel,vector,i32,1000000,bits22,asc,15,0,4,1,2377792.000
kernel,vector,i32,1000000,bits22,asc,15,0,5,1,2351917.000
kernel,vector,i32,1000000,bits22,asc,15,1,5,1,2408500.000
kernel,vector,i32,1000000,bits22,asc,15,1,6,1,2398250.000
kernel,vector,i32,1000000,bits22,asc,15,0,6,1,2428875.000
kernel,vector,i32,1000000,bits22,desc,15,0,0,1,2419458.000
kernel,vector,i32,1000000,bits22,desc,15,1,0,1,2445125.000
kernel,vector,i32,1000000,bits22,desc,15,0,1,1,2372791.000
kernel,vector,i32,1000000,bits22,desc,15,1,1,1,2433666.000
kernel,vector,i32,1000000,bits22,desc,15,1,2,1,2399042.000
kernel,vector,i32,1000000,bits22,desc,15,0,2,1,2371125.000
kernel,vector,i32,1000000,bits22,desc,15,1,3,1,2400292.000
kernel,vector,i32,1000000,bits22,desc,15,0,3,1,2391000.000
kernel,vector,i32,1000000,bits22,desc,15,0,4,1,2458208.000
kernel,vector,i32,1000000,bits22,desc,15,1,4,1,2476208.000
kernel,vector,i32,1000000,bits22,desc,15,1,5,1,2425458.000
kernel,vector,i32,1000000,bits22,desc,15,0,5,1,2392666.000
kernel,vector,i32,1000000,bits22,desc,15,1,6,1,2395250.000
kernel,vector,i32,1000000,bits22,desc,15,0,6,1,2497250.000
sorted,vector,i32,1000000,gaps,asc,0,1,0,1,3779167.000
sorted,vector,i32,1000000,gaps,asc,0,0,0,1,3839250.000
sorted,vector,i32,1000000,gaps,asc,0,1,1,1,3855458.000
sorted,vector,i32,1000000,gaps,asc,0,0,1,1,3912917.000
sorted,vector,i32,1000000,gaps,asc,0,0,2,1,3884916.000
sorted,vector,i32,1000000,gaps,asc,0,1,2,1,3838458.000
sorted,vector,i32,1000000,gaps,asc,0,1,3,1,3811709.000
sorted,vector,i32,1000000,gaps,asc,0,0,3,1,3829375.000
sorted,vector,i32,1000000,gaps,asc,0,1,4,1,3803250.000
sorted,vector,i32,1000000,gaps,asc,0,0,4,1,3802458.000
sorted,vector,i32,1000000,gaps,asc,0,0,5,1,3889542.000
sorted,vector,i32,1000000,gaps,asc,0,1,5,1,3800792.000
sorted,vector,i32,1000000,gaps,asc,0,0,6,1,3824625.000
sorted,vector,i32,1000000,gaps,asc,0,1,6,1,3763250.000
sorted,vector,i32,1000000,gaps,desc,0,1,0,1,3918459.000
sorted,vector,i32,1000000,gaps,desc,0,0,0,1,3844208.000
sorted,vector,i32,1000000,gaps,desc,0,0,1,1,3947000.000
sorted,vector,i32,1000000,gaps,desc,0,1,1,1,3851291.000
sorted,vector,i32,1000000,gaps,desc,0,1,2,1,3966542.000
sorted,vector,i32,1000000,gaps,desc,0,0,2,1,3955666.000
sorted,vector,i32,1000000,gaps,desc,0,1,3,1,3879708.000
sorted,vector,i32,1000000,gaps,desc,0,0,3,1,3803792.000
sorted,vector,i32,1000000,gaps,desc,0,0,4,1,3837292.000
sorted,vector,i32,1000000,gaps,desc,0,1,4,1,3807708.000
sorted,vector,i32,1000000,gaps,desc,0,1,5,1,3858834.000
sorted,vector,i32,1000000,gaps,desc,0,0,5,1,3826834.000
sorted,vector,i32,1000000,gaps,desc,0,0,6,1,3843833.000
sorted,vector,i32,1000000,gaps,desc,0,1,6,1,3783084.000
kernel,vector,i32,1000000,gaps,asc,8,0,0,1,2579958.000
kernel,vector,i32,1000000,gaps,asc,8,1,0,1,2633792.000
kernel,vector,i32,1000000,gaps,asc,8,1,1,1,2580542.000
kernel,vector,i32,1000000,gaps,asc,8,0,1,1,2590833.000
kernel,vector,i32,1000000,gaps,asc,8,0,2,1,2608333.000
kernel,vector,i32,1000000,gaps,asc,8,1,2,1,2609167.000
kernel,vector,i32,1000000,gaps,asc,8,0,3,1,2647792.000
kernel,vector,i32,1000000,gaps,asc,8,1,3,1,2668875.000
kernel,vector,i32,1000000,gaps,asc,8,0,4,1,2577667.000
kernel,vector,i32,1000000,gaps,asc,8,1,4,1,2723375.000
kernel,vector,i32,1000000,gaps,asc,8,1,5,1,2594625.000
kernel,vector,i32,1000000,gaps,asc,8,0,5,1,2577375.000
kernel,vector,i32,1000000,gaps,asc,8,1,6,1,2692667.000
kernel,vector,i32,1000000,gaps,asc,8,0,6,1,2647584.000
kernel,vector,i32,1000000,gaps,desc,8,0,0,1,2935083.000
kernel,vector,i32,1000000,gaps,desc,8,1,0,1,2902542.000
kernel,vector,i32,1000000,gaps,desc,8,0,1,1,2980125.000
kernel,vector,i32,1000000,gaps,desc,8,1,1,1,2863458.000
kernel,vector,i32,1000000,gaps,desc,8,0,2,1,3039959.000
kernel,vector,i32,1000000,gaps,desc,8,1,2,1,2833875.000
kernel,vector,i32,1000000,gaps,desc,8,0,3,1,2909750.000
kernel,vector,i32,1000000,gaps,desc,8,1,3,1,2893167.000
kernel,vector,i32,1000000,gaps,desc,8,0,4,1,3000625.000
kernel,vector,i32,1000000,gaps,desc,8,1,4,1,3098000.000
kernel,vector,i32,1000000,gaps,desc,8,1,5,1,3042250.000
kernel,vector,i32,1000000,gaps,desc,8,0,5,1,2977292.000
kernel,vector,i32,1000000,gaps,desc,8,1,6,1,3155750.000
kernel,vector,i32,1000000,gaps,desc,8,0,6,1,3132291.000
kernel,vector,i32,1000000,gaps,asc,11,1,0,1,4397875.000
kernel,vector,i32,1000000,gaps,asc,11,0,0,1,4395750.000
kernel,vector,i32,1000000,gaps,asc,11,1,1,1,4370416.000
kernel,vector,i32,1000000,gaps,asc,11,0,1,1,4548917.000
kernel,vector,i32,1000000,gaps,asc,11,1,2,1,4518375.000
kernel,vector,i32,1000000,gaps,asc,11,0,2,1,4429375.000
kernel,vector,i32,1000000,gaps,asc,11,1,3,1,4416875.000
kernel,vector,i32,1000000,gaps,asc,11,0,3,1,4270541.000
kernel,vector,i32,1000000,gaps,asc,11,0,4,1,3800583.000
kernel,vector,i32,1000000,gaps,asc,11,1,4,1,3780542.000
kernel,vector,i32,1000000,gaps,asc,11,0,5,1,4515625.000
kernel,vector,i32,1000000,gaps,asc,11,1,5,1,4405209.000
kernel,vector,i32,1000000,gaps,asc,11,0,6,1,4586959.000
kernel,vector,i32,1000000,gaps,asc,11,1,6,1,4591000.000
kernel,vector,i32,1000000,gaps,desc,11,0,0,1,4512750.000
kernel,vector,i32,1000000,gaps,desc,11,1,0,1,4523208.000
kernel,vector,i32,1000000,gaps,desc,11,1,1,1,4449834.000
kernel,vector,i32,1000000,gaps,desc,11,0,1,1,4449833.000
kernel,vector,i32,1000000,gaps,desc,11,0,2,1,4445209.000
kernel,vector,i32,1000000,gaps,desc,11,1,2,1,4662834.000
kernel,vector,i32,1000000,gaps,desc,11,1,3,1,4472625.000
kernel,vector,i32,1000000,gaps,desc,11,0,3,1,4435625.000
kernel,vector,i32,1000000,gaps,desc,11,1,4,1,4432083.000
kernel,vector,i32,1000000,gaps,desc,11,0,4,1,4420916.000
kernel,vector,i32,1000000,gaps,desc,11,0,5,1,4329625.000
kernel,vector,i32,1000000,gaps,desc,11,1,5,1,4475166.000
kernel,vector,i32,1000000,gaps,desc,11,0,6,1,4407542.000
kernel,vector,i32,1000000,gaps,desc,11,1,6,1,4825167.000
kernel,vector,i32,1000000,gaps,asc,15,1,0,1,2072458.000
kernel,vector,i32,1000000,gaps,asc,15,0,0,1,2114833.000
kernel,vector,i32,1000000,gaps,asc,15,0,1,1,2097667.000
kernel,vector,i32,1000000,gaps,asc,15,1,1,1,2091625.000
kernel,vector,i32,1000000,gaps,asc,15,0,2,1,2072875.000
kernel,vector,i32,1000000,gaps,asc,15,1,2,1,2057167.000
kernel,vector,i32,1000000,gaps,asc,15,0,3,1,2101458.000
kernel,vector,i32,1000000,gaps,asc,15,1,3,1,2096375.000
kernel,vector,i32,1000000,gaps,asc,15,1,4,1,2186875.000
kernel,vector,i32,1000000,gaps,asc,15,0,4,1,2077083.000
kernel,vector,i32,1000000,gaps,asc,15,0,5,1,2125834.000
kernel,vector,i32,1000000,gaps,asc,15,1,5,1,2210958.000
kernel,vector,i32,1000000,gaps,asc,15,0,6,1,2275333.000
kernel,vector,i32,1000000,gaps,asc,15,1,6,1,2130666.000
kernel,vector,i32,1000000,gaps,desc,15,0,0,1,2042709.000
kernel,vector,i32,1000000,gaps,desc,15,1,0,1,2085834.000
kernel,vector,i32,1000000,gaps,desc,15,0,1,1,2131042.000
kernel,vector,i32,1000000,gaps,desc,15,1,1,1,2046667.000
kernel,vector,i32,1000000,gaps,desc,15,1,2,1,2098917.000
kernel,vector,i32,1000000,gaps,desc,15,0,2,1,2004500.000
kernel,vector,i32,1000000,gaps,desc,15,0,3,1,1924708.000
kernel,vector,i32,1000000,gaps,desc,15,1,3,1,1822041.000
kernel,vector,i32,1000000,gaps,desc,15,0,4,1,2006167.000
kernel,vector,i32,1000000,gaps,desc,15,1,4,1,1892959.000
kernel,vector,i32,1000000,gaps,desc,15,1,5,1,2086958.000
kernel,vector,i32,1000000,gaps,desc,15,0,5,1,1901708.000
kernel,vector,i32,1000000,gaps,desc,15,0,6,1,1794958.000
kernel,vector,i32,1000000,gaps,desc,15,1,6,1,2021250.000
sorted,vector,i32,1000000,few,asc,0,0,0,1,2856291.000
sorted,vector,i32,1000000,few,asc,0,1,0,1,2364542.000
sorted,vector,i32,1000000,few,asc,0,1,1,1,2382833.000
sorted,vector,i32,1000000,few,asc,0,0,1,1,2382416.000
sorted,vector,i32,1000000,few,asc,0,0,2,1,3742625.000
sorted,vector,i32,1000000,few,asc,0,1,2,1,2793334.000
sorted,vector,i32,1000000,few,asc,0,0,3,1,2733542.000
sorted,vector,i32,1000000,few,asc,0,1,3,1,2688875.000
sorted,vector,i32,1000000,few,asc,0,1,4,1,3070167.000
sorted,vector,i32,1000000,few,asc,0,0,4,1,2764583.000
sorted,vector,i32,1000000,few,asc,0,1,5,1,2761917.000
sorted,vector,i32,1000000,few,asc,0,0,5,1,2716625.000
sorted,vector,i32,1000000,few,asc,0,1,6,1,2719084.000
sorted,vector,i32,1000000,few,asc,0,0,6,1,2526708.000
sorted,vector,i32,1000000,few,desc,0,1,0,1,2473000.000
sorted,vector,i32,1000000,few,desc,0,0,0,1,2536459.000
sorted,vector,i32,1000000,few,desc,0,0,1,1,2335208.000
sorted,vector,i32,1000000,few,desc,0,1,1,1,2346084.000
sorted,vector,i32,1000000,few,desc,0,0,2,1,2431792.000
sorted,vector,i32,1000000,few,desc,0,1,2,1,2411166.000
sorted,vector,i32,1000000,few,desc,0,0,3,1,2298458.000
sorted,vector,i32,1000000,few,desc,0,1,3,1,2376833.000
sorted,vector,i32,1000000,few,desc,0,1,4,1,2363042.000
sorted,vector,i32,1000000,few,desc,0,0,4,1,2370292.000
sorted,vector,i32,1000000,few,desc,0,1,5,1,2428000.000
sorted,vector,i32,1000000,few,desc,0,0,5,1,2377125.000
sorted,vector,i32,1000000,few,desc,0,0,6,1,2458041.000
sorted,vector,i32,1000000,few,desc,0,1,6,1,2442375.000
kernel,vector,i32,1000000,few,asc,8,0,0,1,1065750.000
kernel,vector,i32,1000000,few,asc,8,1,0,1,1076416.000
kernel,vector,i32,1000000,few,asc,8,0,1,1,1152333.000
kernel,vector,i32,1000000,few,asc,8,1,1,1,1072250.000
kernel,vector,i32,1000000,few,asc,8,1,2,1,1076042.000
kernel,vector,i32,1000000,few,asc,8,0,2,1,1094250.000
kernel,vector,i32,1000000,few,asc,8,1,3,1,1099250.000
kernel,vector,i32,1000000,few,asc,8,0,3,1,1055459.000
kernel,vector,i32,1000000,few,asc,8,0,4,1,1083375.000
kernel,vector,i32,1000000,few,asc,8,1,4,1,1146708.000
kernel,vector,i32,1000000,few,asc,8,0,5,1,1081917.000
kernel,vector,i32,1000000,few,asc,8,1,5,1,1153208.000
kernel,vector,i32,1000000,few,asc,8,0,6,1,1100125.000
kernel,vector,i32,1000000,few,asc,8,1,6,1,1088583.000
kernel,vector,i32,1000000,few,desc,8,0,0,1,1113459.000
kernel,vector,i32,1000000,few,desc,8,1,0,1,1204875.000
kernel,vector,i32,1000000,few,desc,8,1,1,1,1150292.000
kernel,vector,i32,1000000,few,desc,8,0,1,1,1085500.000
kernel,vector,i32,1000000,few,desc,8,0,2,1,1120917.000
kernel,vector,i32,1000000,few,desc,8,1,2,1,1157458.000
kernel,vector,i32,1000000,few,desc,8,0,3,1,1068292.000
kernel,vector,i32,1000000,few,desc,8,1,3,1,1196792.000
kernel,vector,i32,1000000,few,desc,8,1,4,1,1143750.000
kernel,vector,i32,1000000,few,desc,8,0,4,1,1068833.000
kernel,vector,i32,1000000,few,desc,8,0,5,1,1084417.000
kernel,vector,i32,1000000,few,desc,8,1,5,1,1165916.000
kernel,vector,i32,1000000,few,desc,8,0,6,1,1060041.000
kernel,vector,i32,1000000,few,desc,8,1,6,1,1237541.000
kernel,vector,i32,1000000,few,asc,11,1,0,1,1179542.000
kernel,vector,i32,1000000,few,asc,11,0,0,1,1101791.000
kernel,vector,i32,1000000,few,asc,11,1,1,1,1099458.000
kernel,vector,i32,1000000,few,asc,11,0,1,1,1018959.000
kernel,vector,i32,1000000,few,asc,11,1,2,1,1124708.000
kernel,vector,i32,1000000,few,asc,11,0,2,1,1029667.000
kernel,vector,i32,1000000,few,asc,11,0,3,1,1043708.000
kernel,vector,i32,1000000,few,asc,11,1,3,1,1128375.000
kernel,vector,i32,1000000,few,asc,11,0,4,1,1085583.000
kernel,vector,i32,1000000,few,asc,11,1,4,1,1110500.000
kernel,vector,i32,1000000,few,asc,11,0,5,1,1054375.000
kernel,vector,i32,1000000,few,asc,11,1,5,1,1110667.000
kernel,vector,i32,1000000,few,asc,11,1,6,1,1134333.000
kernel,vector,i32,1000000,few,asc,11,0,6,1,1091750.000
kernel,vector,i32,1000000,few,desc,11,0,0,1,1132333.000
kernel,vector,i32,1000000,few,desc,11,1,0,1,1123791.000
kernel,vector,i32,1000000,few,desc,11,1,1,1,1139208.000
kernel,vector,i32,1000000,few,desc,11,0,1,1,1077167.000
kernel,vector,i32,1000000,few,desc,11,1,2,1,1122166.000
kernel,vector,i32,1000000,few,desc,11,0,2,1,1060709.000
kernel,vector,i32,1000000,few,desc,11,0,3,1,1170875.000
kernel,vector,i32,1000000,few,desc,11,1,3,1,1155791.000
kernel,vector,i32,1000000,few,desc,11,1,4,1,1133208.000
kernel,vector,i32,1000000,few,desc,11,0,4,1,1077333.000
kernel,vector,i32,1000000,few,desc,11,1,5,1,1141833.000
kernel,vector,i32,1000000,few,desc,11,0,5,1,1110625.000
kernel,vector,i32,1000000,few,desc,11,1,6,1,1171291.000
kernel,vector,i32,1000000,few,desc,11,0,6,1,1099250.000
kernel,vector,i32,1000000,few,asc,15,1,0,1,1140875.000
kernel,vector,i32,1000000,few,asc,15,0,0,1,1071959.000
kernel,vector,i32,1000000,few,asc,15,1,1,1,1190583.000
kernel,vector,i32,1000000,few,asc,15,0,1,1,1039333.000
kernel,vector,i32,1000000,few,asc,15,0,2,1,1006792.000
kernel,vector,i32,1000000,few,asc,15,1,2,1,1088250.000
kernel,vector,i32,1000000,few,asc,15,0,3,1,1070083.000
kernel,vector,i32,1000000,few,asc,15,1,3,1,1134791.000
kernel,vector,i32,1000000,few,asc,15,0,4,1,1070458.000
kernel,vector,i32,1000000,few,asc,15,1,4,1,1073709.000
kernel,vector,i32,1000000,few,asc,15,1,5,1,1096875.000
kernel,vector,i32,1000000,few,asc,15,0,5,1,1062333.000
kernel,vector,i32,1000000,few,asc,15,0,6,1,1018625.000
kernel,vector,i32,1000000,few,asc,15,1,6,1,1083542.000
kernel,vector,i32,1000000,few,desc,15,0,0,1,1148416.000
kernel,vector,i32,1000000,few,desc,15,1,0,1,1147583.000
kernel,vector,i32,1000000,few,desc,15,1,1,1,1140625.000
kernel,vector,i32,1000000,few,desc,15,0,1,1,1106291.000
kernel,vector,i32,1000000,few,desc,15,0,2,1,1103875.000
kernel,vector,i32,1000000,few,desc,15,1,2,1,1129791.000
kernel,vector,i32,1000000,few,desc,15,0,3,1,1198083.000
kernel,vector,i32,1000000,few,desc,15,1,3,1,1173208.000
kernel,vector,i32,1000000,few,desc,15,0,4,1,1099667.000
kernel,vector,i32,1000000,few,desc,15,1,4,1,1135750.000
kernel,vector,i32,1000000,few,desc,15,1,5,1,1145542.000
kernel,vector,i32,1000000,few,desc,15,0,5,1,1093083.000
kernel,vector,i32,1000000,few,desc,15,1,6,1,1179584.000
kernel,vector,i32,1000000,few,desc,15,0,6,1,1035083.000
sorted,vector,i32,1000000,ordered,asc,0,0,0,3,222625.000
sorted,vector,i32,1000000,ordered,asc,0,1,0,3,233069.333
sorted,vector,i32,1000000,ordered,asc,0,1,1,3,222736.333
sorted,vector,i32,1000000,ordered,asc,0,0,1,3,222666.333
sorted,vector,i32,1000000,ordered,asc,0,1,2,3,222694.333
sorted,vector,i32,1000000,ordered,asc,0,0,2,3,222653.000
sorted,vector,i32,1000000,ordered,asc,0,1,3,3,251625.000
sorted,vector,i32,1000000,ordered,asc,0,0,3,3,222708.000
sorted,vector,i32,1000000,ordered,asc,0,0,4,3,222583.667
sorted,vector,i32,1000000,ordered,asc,0,1,4,3,222541.333
sorted,vector,i32,1000000,ordered,asc,0,0,5,3,226722.333
sorted,vector,i32,1000000,ordered,asc,0,1,5,3,222694.333
sorted,vector,i32,1000000,ordered,asc,0,1,6,3,226666.667
sorted,vector,i32,1000000,ordered,asc,0,0,6,3,222555.667
sorted,vector,i32,1000000,ordered,desc,0,1,0,2,284020.500
sorted,vector,i32,1000000,ordered,desc,0,0,0,2,286188.000
sorted,vector,i32,1000000,ordered,desc,0,1,1,2,274229.000
sorted,vector,i32,1000000,ordered,desc,0,0,1,2,293062.500
sorted,vector,i32,1000000,ordered,desc,0,0,2,2,281500.000
sorted,vector,i32,1000000,ordered,desc,0,1,2,2,292771.000
sorted,vector,i32,1000000,ordered,desc,0,1,3,2,280146.000
sorted,vector,i32,1000000,ordered,desc,0,0,3,2,275688.000
sorted,vector,i32,1000000,ordered,desc,0,0,4,2,289874.500
sorted,vector,i32,1000000,ordered,desc,0,1,4,2,288083.500
sorted,vector,i32,1000000,ordered,desc,0,1,5,2,279312.500
sorted,vector,i32,1000000,ordered,desc,0,0,5,2,300729.000
sorted,vector,i32,1000000,ordered,desc,0,1,6,2,444603.500
sorted,vector,i32,1000000,ordered,desc,0,0,6,2,275583.500
sorted,vector,i32,1000000,reverse,asc,0,1,0,2,275874.500
sorted,vector,i32,1000000,reverse,asc,0,0,0,2,289749.500
sorted,vector,i32,1000000,reverse,asc,0,1,1,2,279500.000
sorted,vector,i32,1000000,reverse,asc,0,0,1,2,312416.500
sorted,vector,i32,1000000,reverse,asc,0,0,2,2,286312.500
sorted,vector,i32,1000000,reverse,asc,0,1,2,2,295499.500
sorted,vector,i32,1000000,reverse,asc,0,0,3,2,273812.500
sorted,vector,i32,1000000,reverse,asc,0,1,3,2,273166.500
sorted,vector,i32,1000000,reverse,asc,0,1,4,2,279875.000
sorted,vector,i32,1000000,reverse,asc,0,0,4,2,272750.500
sorted,vector,i32,1000000,reverse,asc,0,1,5,2,273750.000
sorted,vector,i32,1000000,reverse,asc,0,0,5,2,276250.000
sorted,vector,i32,1000000,reverse,asc,0,0,6,2,275312.500
sorted,vector,i32,1000000,reverse,asc,0,1,6,2,273333.500
sorted,vector,i32,1000000,reverse,desc,0,0,0,3,222694.333
sorted,vector,i32,1000000,reverse,desc,0,1,0,3,224278.000
sorted,vector,i32,1000000,reverse,desc,0,0,1,3,222666.667
sorted,vector,i32,1000000,reverse,desc,0,1,1,3,222597.333
sorted,vector,i32,1000000,reverse,desc,0,1,2,3,222625.000
sorted,vector,i32,1000000,reverse,desc,0,0,2,3,223764.000
sorted,vector,i32,1000000,reverse,desc,0,0,3,3,222583.000
sorted,vector,i32,1000000,reverse,desc,0,1,3,3,227777.333
sorted,vector,i32,1000000,reverse,desc,0,0,4,3,230680.667
sorted,vector,i32,1000000,reverse,desc,0,1,4,3,224972.667
sorted,vector,i32,1000000,reverse,desc,0,0,5,3,223708.667
sorted,vector,i32,1000000,reverse,desc,0,1,5,3,226666.667
sorted,vector,i32,1000000,reverse,desc,0,1,6,3,228625.000
sorted,vector,i32,1000000,reverse,desc,0,0,6,3,223874.667
sorted,vector,i32,1000000,nearly,asc,0,1,0,1,2893292.000
sorted,vector,i32,1000000,nearly,asc,0,0,0,1,2670375.000
sorted,vector,i32,1000000,nearly,asc,0,1,1,1,2931708.000
sorted,vector,i32,1000000,nearly,asc,0,0,1,1,2753500.000
sorted,vector,i32,1000000,nearly,asc,0,0,2,1,2737542.000
sorted,vector,i32,1000000,nearly,asc,0,1,2,1,2925042.000
sorted,vector,i32,1000000,nearly,asc,0,0,3,1,2706125.000
sorted,vector,i32,1000000,nearly,asc,0,1,3,1,2886250.000
sorted,vector,i32,1000000,nearly,asc,0,0,4,1,2764625.000
sorted,vector,i32,1000000,nearly,asc,0,1,4,1,2917791.000
sorted,vector,i32,1000000,nearly,asc,0,1,5,1,2935917.000
sorted,vector,i32,1000000,nearly,asc,0,0,5,1,2697083.000
sorted,vector,i32,1000000,nearly,asc,0,1,6,1,2888541.000
sorted,vector,i32,1000000,nearly,asc,0,0,6,1,2800625.000
sorted,vector,i32,1000000,nearly,desc,0,0,0,1,2821459.000
sorted,vector,i32,1000000,nearly,desc,0,1,0,1,2749166.000
sorted,vector,i32,1000000,nearly,desc,0,0,1,1,2803709.000
sorted,vector,i32,1000000,nearly,desc,0,1,1,1,2683000.000
sorted,vector,i32,1000000,nearly,desc,0,0,2,1,2670000.000
sorted,vector,i32,1000000,nearly,desc,0,1,2,1,2707917.000
sorted,vector,i32,1000000,nearly,desc,0,0,3,1,2566000.000
sorted,vector,i32,1000000,nearly,desc,0,1,3,1,2593250.000
sorted,vector,i32,1000000,nearly,desc,0,0,4,1,2726875.000
sorted,vector,i32,1000000,nearly,desc,0,1,4,1,2634833.000
sorted,vector,i32,1000000,nearly,desc,0,1,5,1,2729500.000
sorted,vector,i32,1000000,nearly,desc,0,0,5,1,2695167.000
sorted,vector,i32,1000000,nearly,desc,0,0,6,1,2704958.000
sorted,vector,i32,1000000,nearly,desc,0,1,6,1,2613250.000
sorted,vector,i32,1000000,equal,asc,0,0,0,3,222514.000
sorted,vector,i32,1000000,equal,asc,0,1,0,3,222486.333
sorted,vector,i32,1000000,equal,asc,0,0,1,3,222361.333
sorted,vector,i32,1000000,equal,asc,0,1,1,3,239180.333
sorted,vector,i32,1000000,equal,asc,0,0,2,3,222417.000
sorted,vector,i32,1000000,equal,asc,0,1,2,3,222416.667
sorted,vector,i32,1000000,equal,asc,0,0,3,3,226472.333
sorted,vector,i32,1000000,equal,asc,0,1,3,3,222708.333
sorted,vector,i32,1000000,equal,asc,0,0,4,3,221903.000
sorted,vector,i32,1000000,equal,asc,0,1,4,3,228722.333
sorted,vector,i32,1000000,equal,asc,0,1,5,3,228181.000
sorted,vector,i32,1000000,equal,asc,0,0,5,3,221861.667
sorted,vector,i32,1000000,equal,asc,0,1,6,3,221764.000
sorted,vector,i32,1000000,equal,asc,0,0,6,3,222125.333
sorted,vector,i32,1000000,equal,desc,0,1,0,3,225472.333
sorted,vector,i32,1000000,equal,desc,0,0,0,3,222263.667
sorted,vector,i32,1000000,equal,desc,0,0,1,3,222653.000
sorted,vector,i32,1000000,equal,desc,0,1,1,3,226152.667
sorted,vector,i32,1000000,equal,desc,0,1,2,3,234680.667
sorted,vector,i32,1000000,equal,desc,0,0,2,3,221805.667
sorted,vector,i32,1000000,equal,desc,0,1,3,3,221680.667
sorted,vector,i32,1000000,equal,desc,0,0,3,3,221777.667
sorted,vector,i32,1000000,equal,desc,0,0,4,3,225014.000
sorted,vector,i32,1000000,equal,desc,0,1,4,3,221750.000
sorted,vector,i32,1000000,equal,desc,0,0,5,3,227055.333
sorted,vector,i32,1000000,equal,desc,0,1,5,3,222694.333
sorted,vector,i32,1000000,equal,desc,0,0,6,3,228277.333
sorted,vector,i32,1000000,equal,desc,0,1,6,3,221778.000
sorted,array,i32,65536,full,asc,0,0,0,3,219069.333
sorted,array,i32,65536,full,asc,0,1,0,2,266125.000
sorted,array,i32,65536,full,asc,0,1,1,3,201694.333
sorted,array,i32,65536,full,asc,0,0,1,3,223000.333
sorted,array,i32,65536,full,asc,0,1,2,3,190152.667
sorted,array,i32,65536,full,asc,0,0,2,3,209500.000
sorted,array,i32,65536,full,asc,0,0,3,3,204805.667
sorted,array,i32,65536,full,asc,0,1,3,3,208083.333
sorted,array,i32,65536,full,asc,0,0,4,3,211860.667
sorted,array,i32,65536,full,asc,0,1,4,3,215305.667
sorted,array,i32,65536,full,asc,0,1,5,3,228097.333
sorted,array,i32,65536,full,asc,0,0,5,3,213375.000
sorted,array,i32,65536,full,asc,0,1,6,3,217860.667
sorted,array,i32,65536,full,asc,0,0,6,3,218791.667
sorted,array,i32,65536,full,desc,0,1,0,3,210792.000
sorted,array,i32,65536,full,desc,0,0,0,3,219847.333
sorted,array,i32,65536,full,desc,0,1,1,3,217402.667
sorted,array,i32,65536,full,desc,0,0,1,3,210028.000
sorted,array,i32,65536,full,desc,0,0,2,3,201555.667
sorted,array,i32,65536,full,desc,0,1,2,3,224736.000
sorted,array,i32,65536,full,desc,0,1,3,3,209875.000
sorted,array,i32,65536,full,desc,0,0,3,3,202013.667
sorted,array,i32,65536,full,desc,0,0,4,3,200125.000
sorted,array,i32,65536,full,desc,0,1,4,3,212875.000
sorted,array,i32,65536,full,desc,0,1,5,3,214611.667
sorted,array,i32,65536,full,desc,0,0,5,3,205847.333
sorted,array,i32,65536,full,desc,0,0,6,3,215194.333
sorted,array,i32,65536,full,desc,0,1,6,3,205013.667
sorted,array,i32,65536,bits22,asc,0,0,0,3,179041.667
sorted,array,i32,65536,bits22,asc,0,1,0,3,170653.000
sorted,array,i32,65536,bits22,asc,0,0,1,4,153541.750
sorted,array,i32,65536,bits22,asc,0,1,1,4,146312.250
sorted,array,i32,65536,bits22,asc,0,1,2,4,141906.250
sorted,array,i32,65536,bits22,asc,0,0,2,4,148229.000
sorted,array,i32,65536,bits22,asc,0,1,3,4,144927.500
sorted,array,i32,65536,bits22,asc,0,0,3,4,151906.000
sorted,array,i32,65536,bits22,asc,0,0,4,4,154896.000
sorted,array,i32,65536,bits22,asc,0,1,4,3,171833.000
sorted,array,i32,65536,bits22,asc,0,1,5,3,178333.667
sorted,array,i32,65536,bits22,asc,0,0,5,4,156020.750
sorted,array,i32,65536,bits22,asc,0,1,6,4,162750.250
sorted,array,i32,65536,bits22,asc,0,0,6,4,157104.250
sorted,array,i32,65536,bits22,desc,0,1,0,4,149958.250
sorted,array,i32,65536,bits22,desc,0,0,0,4,145781.250
sorted,array,i32,65536,bits22,desc,0,0,1,4,140416.500
sorted,array,i32,65536,bits22,desc,0,1,1,4,138958.500
sorted,array,i32,65536,bits22,desc,0,1,2,4,140573.000
sorted,array,i32,65536,bits22,desc,0,0,2,4,147823.000
sorted,array,i32,65536,bits22,desc,0,0,3,4,146104.500
sorted,array,i32,65536,bits22,desc,0,1,3,4,143312.500
sorted,array,i32,65536,bits22,desc,0,0,4,4,146687.750
sorted,array,i32,65536,bits22,desc,0,1,4,4,146760.000
sorted,array,i32,65536,bits22,desc,0,0,5,4,148104.000
sorted,array,i32,65536,bits22,desc,0,1,5,4,148072.750
sorted,array,i32,65536,bits22,desc,0,1,6,4,147999.750
sorted,array,i32,65536,bits22,desc,0,0,6,4,147760.750
sorted,array,i32,65536,gaps,asc,0,0,0,2,267270.500
sorted,array,i32,65536,gaps,asc,0,1,0,2,272937.500
sorted,array,i32,65536,gaps,asc,0,0,1,3,249694.333
sorted,array,i32,65536,gaps,asc,0,1,1,3,255138.667
sorted,array,i32,65536,gaps,asc,0,1,2,2,265270.500
sorted,array,i32,65536,gaps,asc,0,0,2,3,250916.333
sorted,array,i32,65536,gaps,asc,0,0,3,2,293375.000
sorted,array,i32,65536,gaps,asc,0,1,3,3,255541.333
sorted,array,i32,65536,gaps,asc,0,1,4,2,293416.500
sorted,array,i32,65536,gaps,asc,0,0,4,3,252402.667
sorted,array,i32,65536,gaps,asc,0,0,5,2,260229.000
sorted,array,i32,65536,gaps,asc,0,1,5,3,272264.000
sorted,array,i32,65536,gaps,asc,0,1,6,2,313750.000
sorted,array,i32,65536,gaps,asc,0,0,6,3,247541.667
sorted,array,i32,65536,gaps,desc,0,0,0,2,264479.000
sorted,array,i32,65536,gaps,desc,0,1,0,3,263458.333
sorted,array,i32,65536,gaps,desc,0,1,1,2,311416.500
sorted,array,i32,65536,gaps,desc,0,0,1,3,239472.000
sorted,array,i32,65536,gaps,desc,0,1,2,3,236305.667
sorted,array,i32,65536,gaps,desc,0,0,2,2,260375.000
sorted,array,i32,65536,gaps,desc,0,0,3,2,306687.500
sorted,array,i32,65536,gaps,desc,0,1,3,2,254395.500
sorted,array,i32,65536,gaps,desc,0,0,4,2,252854.000
sorted,array,i32,65536,gaps,desc,0,1,4,2,252249.500
sorted,array,i32,65536,gaps,desc,0,1,5,2,275979.000
sorted,array,i32,65536,gaps,desc,0,0,5,3,241000.000
sorted,array,i32,65536,gaps,desc,0,1,6,2,251062.500
sorted,array,i32,65536,gaps,desc,0,0,6,3,231277.667
sorted,array,i32,65536,few,asc,0,1,0,4,138510.750
sorted,array,i32,65536,few,asc,0,0,0,4,133500.250
sorted,array,i32,65536,few,asc,0,0,1,4,140781.250
sorted,array,i32,65536,few,asc,0,1,1,4,135114.750
sorted,array,i32,65536,few,asc,0,1,2,4,134500.000
sorted,array,i32,65536,few,asc,0,0,2,4,136864.500
sorted,array,i32,65536,few,asc,0,0,3,4,135385.750
sorted,array,i32,65536,few,asc,0,1,3,4,136708.250
sorted,array,i32,65536,few,asc,0,1,4,4,133906.250
sorted,array,i32,65536,few,asc,0,0,4,4,138770.750
sorted,array,i32,65536,few,asc,0,1,5,4,135073.000
sorted,array,i32,65536,few,asc,0,0,5,4,139999.750
sorted,array,i32,65536,few,asc,0,0,6,4,136177.000
sorted,array,i32,65536,few,asc,0,1,6,4,138718.500
sorted,array,i32,65536,few,desc,0,0,0,4,126979.500
sorted,array,i32,65536,few,desc,0,1,0,5,121808.400
sorted,array,i32,65536,few,desc,0,0,1,5,121641.400
sorted,array,i32,65536,few,desc,0,1,1,5,119583.400
sorted,array,i32,65536,few,desc,0,1,2,5,119091.400
sorted,array,i32,65536,few,desc,0,0,2,5,119000.200
sorted,array,i32,65536,few,desc,0,0,3,5,123383.400
sorted,array,i32,65536,few,desc,0,1,3,5,115099.800
sorted,array,i32,65536,few,desc,0,0,4,5,121650.000
sorted,array,i32,65536,few,desc,0,1,4,5,117258.200
sorted,array,i32,65536,few,desc,0,0,5,5,121441.800
sorted,array,i32,65536,few,desc,0,1,5,5,118699.800
sorted,array,i32,65536,few,desc,0,1,6,5,118849.800
sorted,array,i32,65536,few,desc,0,0,6,5,117933.400
sorted,array,i32,65536,ordered,asc,0,1,0,21,24611.143
sorted,array,i32,65536,ordered,asc,0,0,0,20,25489.400
sorted,array,i32,65536,ordered,asc,0,0,1,20,25356.450
sorted,array,i32,65536,ordered,asc,0,1,1,20,25470.800
sorted,array,i32,65536,ordered,asc,0,0,2,19,27287.316
sorted,array,i32,65536,ordered,asc,0,1,2,20,25000.000
sorted,array,i32,65536,ordered,asc,0,0,3,20,25662.550
sorted,array,i32,65536,ordered,asc,0,1,3,20,26174.900
sorted,array,i32,65536,ordered,asc,0,1,4,21,24829.286
sorted,array,i32,65536,ordered,asc,0,0,4,20,25129.150
sorted,array,i32,65536,ordered,asc,0,1,5,20,25560.550
sorted,array,i32,65536,ordered,asc,0,0,5,20,25004.300
sorted,array,i32,65536,ordered,asc,0,0,6,20,25120.950
sorted,array,i32,65536,ordered,asc,0,1,6,20,25533.400
sorted,array,i32,65536,ordered,desc,0,0,0,13,39076.923
sorted,array,i32,65536,ordered,desc,0,1,0,15,35205.600
sorted,array,i32,65536,ordered,desc,0,0,1,15,35380.533
sorted,array,i32,65536,ordered,desc,0,1,1,15,35422.267
sorted,array,i32,65536,ordered,desc,0,0,2,14,37386.929
sorted,array,i32,65536,ordered,desc,0,1,2,15,35330.800
sorted,array,i32,65536,ordered,desc,0,0,3,14,36026.714
sorted,array,i32,65536,ordered,desc,0,1,3,15,35708.400
sorted,array,i32,65536,ordered,desc,0,1,4,14,36631.000
sorted,array,i32,65536,ordered,desc,0,0,4,14,36342.357
sorted,array,i32,65536,ordered,desc,0,1,5,14,37497.071
sorted,array,i32,65536,ordered,desc,0,0,5,14,35964.286
sorted,array,i32,65536,ordered,desc,0,1,6,15,34977.800
sorted,array,i32,65536,ordered,desc,0,0,6,14,36255.929
sorted,array,i32,65536,reverse,asc,0,0,0,14,37395.857
sorted,array,i32,65536,reverse,asc,0,1,0,15,34686.067
sorted,array,i32,65536,reverse,asc,0,1,1,14,37964.286
sorted,array,i32,65536,reverse,asc,0,0,1,14,35731.929
sorted,array,i32,65536,reverse,asc,0,1,2,14,36128.071
sorted,array,i32,65536,reverse,asc,0,0,2,15,35149.933
sorted,array,i32,65536,reverse,asc,0,1,3,14,36642.929
sorted,array,i32,65536,reverse,asc,0,0,3,13,39304.308
sorted,array,i32,65536,reverse,asc,0,0,4,14,35898.929
sorted,array,i32,65536,reverse,asc,0,1,4,16,32786.625
sorted,array,i32,65536,reverse,asc,0,0,5,15,33397.200
sorted,array,i32,65536,reverse,asc,0,1,5,16,32898.312
sorted,array,i32,65536,reverse,asc,0,1,6,16,32778.625
sorted,array,i32,65536,reverse,asc,0,0,6,15,33597.267
sorted,array,i32,65536,reverse,desc,0,1,0,22,23477.273
sorted,array,i32,65536,reverse,desc,0,0,0,21,24775.762
sorted,array,i32,65536,reverse,desc,0,1,1,21,24085.286
sorted,array,i32,65536,reverse,desc,0,0,1,20,26214.650
sorted,array,i32,65536,reverse,desc,0,1,2,21,24119.048
sorted,array,i32,65536,reverse,desc,0,0,2,21,24299.571
sorted,array,i32,65536,reverse,desc,0,1,3,20,25066.450
sorted,array,i32,65536,reverse,desc,0,0,3,21,23976.190
sorted,array,i32,65536,reverse,desc,0,0,4,22,23481.227
sorted,array,i32,65536,reverse,desc,0,1,4,22,23444.955
sorted,array,i32,65536,reverse,desc,0,1,5,21,23902.762
sorted,array,i32,65536,reverse,desc,0,0,5,22,23490.727
sorted,array,i32,65536,reverse,desc,0,0,6,22,23435.545
sorted,array,i32,65536,reverse,desc,0,1,6,22,23615.364
sorted,array,i32,65536,nearly,asc,0,0,0,3,176222.667
sorted,array,i32,65536,nearly,asc,0,1,0,3,187819.667
sorted,array,i32,65536,nearly,asc,0,0,1,3,182555.333
sorted,array,i32,65536,nearly,asc,0,1,1,3,186833.333
sorted,array,i32,65536,nearly,asc,0,1,2,3,181694.333
sorted,array,i32,65536,nearly,asc,0,0,2,3,190416.667
sorted,array,i32,65536,nearly,asc,0,1,3,3,188750.000
sorted,array,i32,65536,nearly,asc,0,0,3,3,187819.000
sorted,array,i32,65536,nearly,asc,0,0,4,3,173514.000
sorted,array,i32,65536,nearly,asc,0,1,4,3,173069.333
sorted,array,i32,65536,nearly,asc,0,1,5,3,177208.000
sorted,array,i32,65536,nearly,asc,0,0,5,3,182111.000
sorted,array,i32,65536,nearly,asc,0,1,6,3,183055.667
sorted,array,i32,65536,nearly,asc,0,0,6,3,184041.667
sorted,array,i32,65536,nearly,desc,0,1,0,3,190999.667
sorted,array,i32,65536,nearly,desc,0,0,0,3,183291.667
sorted,array,i32,65536,nearly,desc,0,1,1,3,191028.000
sorted,array,i32,65536,nearly,desc,0,0,1,3,185638.667
sorted,array,i32,65536,nearly,desc,0,1,2,3,186833.000
sorted,array,i32,65536,nearly,desc,0,0,2,3,189458.000
sorted,array,i32,65536,nearly,desc,0,1,3,3,190750.000
sorted,array,i32,65536,nearly,desc,0,0,3,3,191222.333
sorted,array,i32,65536,nearly,desc,0,0,4,3,190486.000
sorted,array,i32,65536,nearly,desc,0,1,4,3,185694.667
sorted,array,i32,65536,nearly,desc,0,0,5,3,194305.333
sorted,array,i32,65536,nearly,desc,0,1,5,3,183680.667
sorted,array,i32,65536,nearly,desc,0,0,6,3,192541.667
sorted,array,i32,65536,nearly,desc,0,1,6,3,188514.000
sorted,array,i32,65536,equal,asc,0,0,0,21,24853.190
sorted,array,i32,65536,equal,asc,0,1,0,19,26864.158
sorted,array,i32,65536,equal,asc,0,1,1,20,25366.700
sorted,array,i32,65536,equal,asc,0,0,1,21,24724.190
sorted,array,i32,65536,equal,asc,0,1,2,20,25481.250
sorted,array,i32,65536,equal,asc,0,0,2,20,25083.200
sorted,array,i32,65536,equal,asc,0,0,3,21,24785.762
sorted,array,i32,65536,equal,asc,0,1,3,20,25595.850
sorted,array,i32,65536,equal,asc,0,1,4,20,25018.750
sorted,array,i32,65536,equal,asc,0,0,4,21,24861.000
sorted,array,i32,65536,equal,asc,0,1,5,20,25495.700
sorted,array,i32,65536,equal,asc,0,0,5,21,24823.333
sorted,array,i32,65536,equal,asc,0,0,6,20,25220.800
sorted,array,i32,65536,equal,asc,0,1,6,20,25768.700
sorted,array,i32,65536,equal,desc,0,1,0,20,25035.550
sorted,array,i32,65536,equal,desc,0,0,0,21,24825.429
sorted,array,i32,65536,equal,desc,0,0,1,20,25326.850
sorted,array,i32,65536,equal,desc,0,1,1,20,25014.450
sorted,array,i32,65536,equal,desc,0,1,2,21,24664.714
sorted,array,i32,65536,equal,desc,0,0,2,21,24636.810
sorted,array,i32,65536,equal,desc,0,1,3,20,25510.400
sorted,array,i32,65536,equal,desc,0,0,3,21,24807.619
sorted,array,i32,65536,equal,desc,0,1,4,20,25341.700
sorted,array,i32,65536,equal,desc,0,0,4,20,25814.500
sorted,array,i32,65536,equal,desc,0,0,5,21,24750.000
sorted,array,i32,65536,equal,desc,0,1,5,20,25204.300
sorted,array,i32,65536,equal,desc,0,1,6,21,24684.619
sorted,array,i32,65536,equal,desc,0,0,6,20,25360.500
sorted,vector,i64,128,full,asc,0,1,0,512,380.285
sorted,vector,i64,128,full,asc,0,0,0,512,344.080
sorted,vector,i64,128,full,asc,0,0,1,512,352.791
sorted,vector,i64,128,full,asc,0,1,1,512,365.551
sorted,vector,i64,128,full,asc,0,1,2,512,353.426
sorted,vector,i64,128,full,asc,0,0,2,512,378.982
sorted,vector,i64,128,full,asc,0,0,3,512,350.254
sorted,vector,i64,128,full,asc,0,1,3,512,383.141
sorted,vector,i64,128,full,asc,0,0,4,512,354.486
sorted,vector,i64,128,full,asc,0,1,4,512,365.963
sorted,vector,i64,128,full,asc,0,0,5,512,367.664
sorted,vector,i64,128,full,asc,0,1,5,512,352.055
sorted,vector,i64,128,full,asc,0,1,6,512,377.199
sorted,vector,i64,128,full,asc,0,0,6,512,366.693
sorted,vector,i64,128,full,desc,0,1,0,512,438.662
sorted,vector,i64,128,full,desc,0,0,0,512,428.395
sorted,vector,i64,128,full,desc,0,0,1,512,438.994
sorted,vector,i64,128,full,desc,0,1,1,512,426.283
sorted,vector,i64,128,full,desc,0,1,2,512,440.209
sorted,vector,i64,128,full,desc,0,0,2,512,433.990
sorted,vector,i64,128,full,desc,0,0,3,512,450.025
sorted,vector,i64,128,full,desc,0,1,3,512,416.949
sorted,vector,i64,128,full,desc,0,0,4,512,431.730
sorted,vector,i64,128,full,desc,0,1,4,512,431.045
sorted,vector,i64,128,full,desc,0,0,5,512,435.236
sorted,vector,i64,128,full,desc,0,1,5,512,432.219
sorted,vector,i64,128,full,desc,0,1,6,512,437.393
sorted,vector,i64,128,full,desc,0,0,6,512,432.928
sorted,vector,i64,128,bits22,asc,0,1,0,512,361.252
sorted,vector,i64,128,bits22,asc,0,0,0,512,341.236
sorted,vector,i64,128,bits22,asc,0,1,1,512,345.877
sorted,vector,i64,128,bits22,asc,0,0,1,512,359.285
sorted,vector,i64,128,bits22,asc,0,0,2,512,333.830
sorted,vector,i64,128,bits22,asc,0,1,2,512,367.980
sorted,vector,i64,128,bits22,asc,0,0,3,512,335.785
sorted,vector,i64,128,bits22,asc,0,1,3,512,350.182
sorted,vector,i64,128,bits22,asc,0,1,4,512,348.725
sorted,vector,i64,128,bits22,asc,0,0,4,512,332.012
sorted,vector,i64,128,bits22,asc,0,1,5,512,367.346
sorted,vector,i64,128,bits22,asc,0,0,5,512,325.877
sorted,vector,i64,128,bits22,asc,0,1,6,512,353.438
sorted,vector,i64,128,bits22,asc,0,0,6,512,350.977
sorted,vector,i64,128,bits22,desc,0,1,0,512,469.562
sorted,vector,i64,128,bits22,desc,0,0,0,512,446.100
sorted,vector,i64,128,bits22,desc,0,1,1,512,478.516
sorted,vector,i64,128,bits22,desc,0,0,1,512,476.645
sorted,vector,i64,128,bits22,desc,0,0,2,512,481.043
sorted,vector,i64,128,bits22,desc,0,1,2,512,435.395
sorted,vector,i64,128,bits22,desc,0,0,3,512,475.520
sorted,vector,i64,128,bits22,desc,0,1,3,512,459.486
sorted,vector,i64,128,bits22,desc,0,1,4,512,483.982
sorted,vector,i64,128,bits22,desc,0,0,4,512,521.197
sorted,vector,i64,128,bits22,desc,0,1,5,512,479.982
sorted,vector,i64,128,bits22,desc,0,0,5,512,488.662
sorted,vector,i64,128,bits22,desc,0,0,6,512,467.100
sorted,vector,i64,128,bits22,desc,0,1,6,512,468.512
sorted,vector,i64,128,gaps,asc,0,0,0,512,363.283
sorted,vector,i64,128,gaps,asc,0,1,0,512,347.326
sorted,vector,i64,128,gaps,asc,0,0,1,512,379.875
sorted,vector,i64,128,gaps,asc,0,1,1,512,339.533
sorted,vector,i64,128,gaps,asc,0,1,2,512,370.789
sorted,vector,i64,128,gaps,asc,0,0,2,512,341.465
sorted,vector,i64,128,gaps,asc,0,1,3,512,355.070
sorted,vector,i64,128,gaps,asc,0,0,3,512,366.781
sorted,vector,i64,128,gaps,asc,0,0,4,512,350.910
sorted,vector,i64,128,gaps,asc,0,1,4,512,374.672
sorted,vector,i64,128,gaps,asc,0,0,5,512,337.709
sorted,vector,i64,128,gaps,asc,0,1,5,512,412.043
sorted,vector,i64,128,gaps,asc,0,1,6,512,392.775
sorted,vector,i64,128,gaps,asc,0,0,6,512,388.420
sorted,vector,i64,128,gaps,desc,0,1,0,512,406.445
sorted,vector,i64,128,gaps,desc,0,0,0,512,435.406
sorted,vector,i64,128,gaps,desc,0,1,1,512,405.125
sorted,vector,i64,128,gaps,desc,0,0,1,512,430.627
sorted,vector,i64,128,gaps,desc,0,1,2,512,408.715
sorted,vector,i64,128,gaps,desc,0,0,2,512,437.178
sorted,vector,i64,128,gaps,desc,0,0,3,512,416.447
sorted,vector,i64,128,gaps,desc,0,1,3,512,425.322
sorted,vector,i64,128,gaps,desc,0,0,4,512,417.467
sorted,vector,i64,128,gaps,desc,0,1,4,512,440.020
sorted,vector,i64,128,gaps,desc,0,0,5,512,419.389
sorted,vector,i64,128,gaps,desc,0,1,5,512,423.754
sorted,vector,i64,128,gaps,desc,0,0,6,512,460.559
sorted,vector,i64,128,gaps,desc,0,1,6,512,422.861
sorted,vector,i64,128,few,asc,0,1,0,512,297.799
sorted,vector,i64,128,few,asc,0,0,0,512,313.154
sorted,vector,i64,128,few,asc,0,0,1,512,325.928
sorted,vector,i64,128,few,asc,0,1,1,512,336.254
sorted,vector,i64,128,few,asc,0,1,2,512,302.973
sorted,vector,i64,128,few,asc,0,0,2,512,303.051
sorted,vector,i64,128,few,asc,0,0,3,512,358.406
sorted,vector,i64,128,few,asc,0,1,3,512,371.666
sorted,vector,i64,128,few,asc,0,1,4,512,409.201
sorted,vector,i64,128,few,asc,0,0,4,512,366.615
sorted,vector,i64,128,few,asc,0,1,5,512,356.523
sorted,vector,i64,128,few,asc,0,0,5,512,358.146
sorted,vector,i64,128,few,asc,0,0,6,512,355.635
sorted,vector,i64,128,few,asc,0,1,6,512,356.029
sorted,vector,i64,128,few,desc,0,0,0,512,376.701
sorted,vector,i64,128,few,desc,0,1,0,512,401.123
sorted,vector,i64,128,few,desc,0,0,1,512,383.051
sorted,vector,i64,128,few,desc,0,1,1,512,402.420
sorted,vector,i64,128,few,desc,0,0,2,512,370.373
sorted,vector,i64,128,few,desc,0,1,2,512,403.951
sorted,vector,i64,128,few,desc,0,1,3,512,375.742
sorted,vector,i64,128,few,desc,0,0,3,512,405.852
sorted,vector,i64,128,few,desc,0,1,4,512,381.664
sorted,vector,i64,128,few,desc,0,0,4,512,399.420
sorted,vector,i64,128,few,desc,0,1,5,512,387.703
sorted,vector,i64,128,few,desc,0,0,5,512,389.152
sorted,vector,i64,128,few,desc,0,1,6,512,394.041
sorted,vector,i64,128,few,desc,0,0,6,512,409.979
sorted,vector,i64,128,ordered,asc,0,0,0,512,45.488
sorted,vector,i64,128,ordered,asc,0,1,0,512,43.049
sorted,vector,i64,128,ordered,asc,0,1,1,512,37.189
sorted,vector,i64,128,ordered,asc,0,0,1,512,39.789
sorted,vector,i64,128,ordered,asc,0,1,2,512,39.229
sorted,vector,i64,128,ordered,asc,0,0,2,512,40.686
sorted,vector,i64,128,ordered,asc,0,0,3,512,41.336
sorted,vector,i64,128,ordered,asc,0,1,3,512,41.424
sorted,vector,i64,128,ordered,asc,0,1,4,512,42.162
sorted,vector,i64,128,ordered,asc,0,0,4,512,44.518
sorted,vector,i64,128,ordered,asc,0,0,5,512,42.723
sorted,vector,i64,128,ordered,asc,0,1,5,512,41.012
sorted,vector,i64,128,ordered,asc,0,1,6,512,37.436
sorted,vector,i64,128,ordered,asc,0,0,6,512,40.688
sorted,vector,i64,128,ordered,desc,0,1,0,512,52.406
sorted,vector,i64,128,ordered,desc,0,0,0,512,54.777
sorted,vector,i64,128,ordered,desc,0,1,1,512,58.748
sorted,vector,i64,128,ordered,desc,0,0,1,512,56.145
sorted,vector,i64,128,ordered,desc,0,0,2,512,53.217
sorted,vector,i64,128,ordered,desc,0,1,2,512,47.285
sorted,vector,i64,128,ordered,desc,0,1,3,512,46.631
sorted,vector,i64,128,ordered,desc,0,0,3,512,46.713
sorted,vector,i64,128,ordered,desc,0,1,4,512,49.225
sorted,vector,i64,128,ordered,desc,0,0,4,512,51.670
sorted,vector,i64,128,ordered,desc,0,0,5,512,51.434
sorted,vector,i64,128,ordered,desc,0,1,5,512,50.939
sorted,vector,i64,128,ordered,desc,0,1,6,512,50.773
sorted,vector,i64,128,ordered,desc,0,0,6,512,52.244
sorted,vector,i64,128,reverse,asc,0,1,0,512,49.883
sorted,vector,i64,128,reverse,asc,0,0,0,512,52.568
sorted,vector,i64,128,reverse,asc,0,1,1,512,52.084
sorted,vector,i64,128,reverse,asc,0,0,1,512,52.977
sorted,vector,i64,128,reverse,asc,0,0,2,512,52.572
sorted,vector,i64,128,reverse,asc,0,1,2,512,52.811
sorted,vector,i64,128,reverse,asc,0,0,3,512,53.057
sorted,vector,i64,128,reverse,asc,0,1,3,512,49.400
sorted,vector,i64,128,reverse,asc,0,0,4,512,45.570
sorted,vector,i64,128,reverse,asc,0,1,4,512,49.643
sorted,vector,i64,128,reverse,asc,0,1,5,512,52.328
sorted,vector,i64,128,reverse,asc,0,0,5,512,52.902
sorted,vector,i64,128,reverse,asc,0,0,6,512,52.496
sorted,vector,i64,128,reverse,asc,0,1,6,512,52.812
sorted,vector,i64,128,reverse,desc,0,1,0,512,40.607
sorted,vector,i64,128,reverse,desc,0,0,0,512,38.334
sorted,vector,i64,128,reverse,desc,0,1,1,512,37.840
sorted,vector,i64,128,reverse,desc,0,0,1,512,38.400
sorted,vector,i64,128,reverse,desc,0,0,2,512,37.846
sorted,vector,i64,128,reverse,desc,0,1,2,512,41.342
sorted,vector,i64,128,reverse,desc,0,0,3,512,42.074
sorted,vector,i64,128,reverse,desc,0,1,3,512,43.125
sorted,vector,i64,128,reverse,desc,0,0,4,512,44.518
sorted,vector,i64,128,reverse,desc,0,1,4,512,42.717
sorted,vector,i64,128,reverse,desc,0,1,5,512,39.143
sorted,vector,i64,128,reverse,desc,0,0,5,512,39.559
sorted,vector,i64,128,reverse,desc,0,1,6,512,38.896
sorted,vector,i64,128,reverse,desc,0,0,6,512,43.055
sorted,vector,i64,128,nearly,asc,0,1,0,512,188.643
sorted,vector,i64,128,nearly,asc,0,0,0,512,178.309
sorted,vector,i64,128,nearly,asc,0,0,1,512,177.574
sorted,vector,i64,128,nearly,asc,0,1,1,512,179.363
sorted,vector,i64,128,nearly,asc,0,1,2,512,186.523
sorted,vector,i64,128,nearly,asc,0,0,2,512,183.002
sorted,vector,i64,128,nearly,asc,0,0,3,512,198.010
sorted,vector,i64,128,nearly,asc,0,1,3,512,199.479
sorted,vector,i64,128,nearly,asc,0,1,4,512,189.053
sorted,vector,i64,128,nearly,asc,0,0,4,512,177.648
sorted,vector,i64,128,nearly,asc,0,0,5,512,177.570
sorted,vector,i64,128,nearly,asc,0,1,5,512,178.959
sorted,vector,i64,128,nearly,asc,0,1,6,512,191.180
sorted,vector,i64,128,nearly,asc,0,0,6,512,189.938
sorted,vector,i64,128,nearly,desc,0,1,0,512,248.287
sorted,vector,i64,128,nearly,desc,0,0,0,512,262.928
sorted,vector,i64,128,nearly,desc,0,0,1,512,273.840
sorted,vector,i64,128,nearly,desc,0,1,1,512,246.092
sorted,vector,i64,128,nearly,desc,0,1,2,512,269.543
sorted,vector,i64,128,nearly,desc,0,0,2,512,274.178
sorted,vector,i64,128,nearly,desc,0,0,3,512,248.209
sorted,vector,i64,128,nearly,desc,0,1,3,512,268.963
sorted,vector,i64,128,nearly,desc,0,0,4,512,272.779
sorted,vector,i64,128,nearly,desc,0,1,4,512,248.773
sorted,vector,i64,128,nearly,desc,0,1,5,512,266.207
sorted,vector,i64,128,nearly,desc,0,0,5,512,273.271
sorted,vector,i64,128,nearly,desc,0,1,6,512,279.342
sorted,vector,i64,128,nearly,desc,0,0,6,512,270.428
sorted,vector,i64,128,equal,asc,0,1,0,512,43.295
sorted,vector,i64,128,equal,asc,0,0,0,512,41.420
sorted,vector,i64,128,equal,asc,0,1,1,512,37.754
sorted,vector,i64,128,equal,asc,0,0,1,512,37.273
sorted,vector,i64,128,equal,asc,0,0,2,512,37.189
sorted,vector,i64,128,equal,asc,0,1,2,512,37.115
sorted,vector,i64,128,equal,asc,0,1,3,512,40.529
sorted,vector,i64,128,equal,asc,0,0,3,512,42.078
sorted,vector,i64,128,equal,asc,0,1,4,512,41.744
sorted,vector,i64,128,equal,asc,0,0,4,512,41.836
sorted,vector,i64,128,equal,asc,0,1,5,512,41.418
sorted,vector,i64,128,equal,asc,0,0,5,512,41.492
sorted,vector,i64,128,equal,asc,0,0,6,512,37.596
sorted,vector,i64,128,equal,asc,0,1,6,512,37.195
sorted,vector,i64,128,equal,desc,0,1,0,512,44.111
sorted,vector,i64,128,equal,desc,0,0,0,512,44.434
sorted,vector,i64,128,equal,desc,0,1,1,512,43.209
sorted,vector,i64,128,equal,desc,0,0,1,512,43.945
sorted,vector,i64,128,equal,desc,0,0,2,512,44.354
sorted,vector,i64,128,equal,desc,0,1,2,512,41.498
sorted,vector,i64,128,equal,desc,0,0,3,512,39.312
sorted,vector,i64,128,equal,desc,0,1,3,512,39.711
sorted,vector,i64,128,equal,desc,0,1,4,512,49.174
sorted,vector,i64,128,equal,desc,0,0,4,512,51.746
sorted,vector,i64,128,equal,desc,0,1,5,512,43.861
sorted,vector,i64,128,equal,desc,0,0,5,512,44.840
sorted,vector,i64,128,equal,desc,0,0,6,512,44.111
sorted,vector,i64,128,equal,desc,0,1,6,512,43.945
sorted,vector,i64,512,full,asc,0,1,0,216,2320.620
sorted,vector,i64,512,full,asc,0,0,0,216,2322.731
sorted,vector,i64,512,full,asc,0,0,1,216,2323.681
sorted,vector,i64,512,full,asc,0,1,1,216,2320.407
sorted,vector,i64,512,full,asc,0,0,2,213,2354.634
sorted,vector,i64,512,full,asc,0,1,2,207,2418.725
sorted,vector,i64,512,full,asc,0,1,3,216,2323.125
sorted,vector,i64,512,full,asc,0,0,3,216,2316.167
sorted,vector,i64,512,full,asc,0,1,4,216,2318.671
sorted,vector,i64,512,full,asc,0,0,4,217,2307.032
sorted,vector,i64,512,full,asc,0,1,5,217,2312.783
sorted,vector,i64,512,full,asc,0,0,5,216,2317.917
sorted,vector,i64,512,full,asc,0,0,6,208,2405.236
sorted,vector,i64,512,full,asc,0,1,6,187,2678.460
sorted,vector,i64,512,full,desc,0,0,0,215,2333.521
sorted,vector,i64,512,full,desc,0,1,0,212,2360.047
sorted,vector,i64,512,full,desc,0,1,1,211,2372.441
sorted,vector,i64,512,full,desc,0,0,1,211,2377.569
sorted,vector,i64,512,full,desc,0,1,2,213,2350.000
sorted,vector,i64,512,full,desc,0,0,2,212,2368.094
sorted,vector,i64,512,full,desc,0,1,3,214,2339.000
sorted,vector,i64,512,full,desc,0,0,3,212,2367.358
sorted,vector,i64,512,full,desc,0,0,4,212,2366.335
sorted,vector,i64,512,full,desc,0,1,4,214,2337.981
sorted,vector,i64,512,full,desc,0,1,5,211,2369.716
sorted,vector,i64,512,full,desc,0,0,5,215,2331.000
sorted,vector,i64,512,full,desc,0,0,6,208,2414.048
sorted,vector,i64,512,full,desc,0,1,6,216,2314.991
sorted,vector,i64,512,bits22,asc,0,1,0,218,2294.546
sorted,vector,i64,512,bits22,asc,0,0,0,219,2292.804
sorted,vector,i64,512,bits22,asc,0,0,1,217,2308.756
sorted,vector,i64,512,bits22,asc,0,1,1,220,2282.364
sorted,vector,i64,512,bits22,asc,0,1,2,219,2289.795
sorted,vector,i64,512,bits22,asc,0,0,2,220,2282.386
sorted,vector,i64,512,bits22,asc,0,0,3,219,2284.822
sorted,vector,i64,512,bits22,asc,0,1,3,217,2310.465
sorted,vector,i64,512,bits22,asc,0,1,4,208,2409.197
sorted,vector,i64,512,bits22,asc,0,0,4,194,2580.820
sorted,vector,i64,512,bits22,asc,0,1,5,212,2367.316
sorted,vector,i64,512,bits22,asc,0,0,5,218,2297.023
sorted,vector,i64,512,bits22,asc,0,1,6,188,2671.133
sorted,vector,i64,512,bits22,asc,0,0,6,201,2494.214
sorted,vector,i64,512,bits22,desc,0,1,0,196,2555.061
sorted,vector,i64,512,bits22,desc,0,0,0,197,2549.284
sorted,vector,i64,512,bits22,desc,0,1,1,196,2551.847
sorted,vector,i64,512,bits22,desc,0,0,1,197,2545.508
sorted,vector,i64,512,bits22,desc,0,1,2,191,2619.340
sorted,vector,i64,512,bits22,desc,0,0,2,195,2566.446
sorted,vector,i64,512,bits22,desc,0,0,3,197,2549.254
sorted,vector,i64,512,bits22,desc,0,1,3,191,2622.377
sorted,vector,i64,512,bits22,desc,0,1,4,195,2570.979
sorted,vector,i64,512,bits22,desc,0,0,4,196,2560.821
sorted,vector,i64,512,bits22,desc,0,1,5,191,2629.581
sorted,vector,i64,512,bits22,desc,0,0,5,195,2573.077
sorted,vector,i64,512,bits22,desc,0,1,6,189,2652.571
sorted,vector,i64,512,bits22,desc,0,0,6,196,2561.235
sorted,vector,i64,512,gaps,asc,0,1,0,212,2359.255
sorted,vector,i64,512,gaps,asc,0,0,0,205,2439.210
sorted,vector,i64,512,gaps,asc,0,1,1,214,2339.561
sorted,vector,i64,512,gaps,asc,0,0,1,214,2337.262
sorted,vector,i64,512,gaps,asc,0,1,2,212,2366.783
sorted,vector,i64,512,gaps,asc,0,0,2,212,2360.830
sorted,vector,i64,512,gaps,asc,0,1,3,213,2349.986
sorted,vector,i64,512,gaps,asc,0,0,3,214,2344.991
sorted,vector,i64,512,gaps,asc,0,1,4,214,2345.009
sorted,vector,i64,512,gaps,asc,0,0,4,212,2362.038
sorted,vector,i64,512,gaps,asc,0,0,5,210,2380.957
sorted,vector,i64,512,gaps,asc,0,1,5,189,2652.307
sorted,vector,i64,512,gaps,asc,0,0,6,200,2504.365
sorted,vector,i64,512,gaps,asc,0,1,6,210,2388.143
sorted,vector,i64,512,gaps,desc,0,1,0,197,2541.492
sorted,vector,i64,512,gaps,desc,0,0,0,199,2521.121
sorted,vector,i64,512,gaps,desc,0,0,1,198,2529.444
sorted,vector,i64,512,gaps,desc,0,1,1,199,2522.407
sorted,vector,i64,512,gaps,desc,0,1,2,197,2547.990
sorted,vector,i64,512,gaps,desc,0,0,2,195,2572.651
sorted,vector,i64,512,gaps,desc,0,1,3,199,2524.925
sorted,vector,i64,512,gaps,desc,0,0,3,197,2548.208
sorted,vector,i64,512,gaps,desc,0,0,4,192,2609.562
sorted,vector,i64,512,gaps,desc,0,1,4,193,2596.725
sorted,vector,i64,512,gaps,desc,0,1,5,197,2546.320
sorted,vector,i64,512,gaps,desc,0,0,5,192,2607.427
sorted,vector,i64,512,gaps,desc,0,1,6,196,2557.408
sorted,vector,i64,512,gaps,desc,0,0,6,199,2518.874
sorted,vector,i64,512,few,asc,0,1,0,512,913.906
sorted,vector,i64,512,few,asc,0,0,0,512,891.936
sorted,vector,i64,512,few,asc,0,0,1,512,921.992
sorted,vector,i64,512,few,asc,0,1,1,512,874.908
sorted,vector,i64,512,few,asc,0,0,2,512,845.107
sorted,vector,i64,512,few,asc,0,1,2,512,860.162
sorted,vector,i64,512,few,asc,0,0,3,512,828.611
sorted,vector,i64,512,few,asc,0,1,3,512,854.898
sorted,vector,i64,512,few,asc,0,1,4,512,862.627
sorted,vector,i64,512,few,asc,0,0,4,512,843.682
sorted,vector,i64,512,few,asc,0,0,5,512,876.791
sorted,vector,i64,512,few,asc,0,1,5,512,912.348
sorted,vector,i64,512,few,asc,0,1,6,512,905.227
sorted,vector,i64,512,few,asc,0,0,6,512,836.340
sorted,vector,i64,512,few,desc,0,0,0,512,901.875
sorted,vector,i64,512,few,desc,0,1,0,512,861.660
sorted,vector,i64,512,few,desc,0,0,1,512,901.121
sorted,vector,i64,512,few,desc,0,1,1,512,919.127
sorted,vector,i64,512,few,desc,0,1,2,512,915.916
sorted,vector,i64,512,few,desc,0,0,2,512,889.574
sorted,vector,i64,512,few,desc,0,0,3,512,879.371
sorted,vector,i64,512,few,desc,0,1,3,512,899.986
sorted,vector,i64,512,few,desc,0,0,4,512,898.352
sorted,vector,i64,512,few,desc,0,1,4,512,893.855
sorted,vector,i64,512,few,desc,0,0,5,512,909.887
sorted,vector,i64,512,few,desc,0,1,5,512,888.104
sorted,vector,i64,512,few,desc,0,0,6,512,895.854
sorted,vector,i64,512,few,desc,0,1,6,512,890.441
sorted,vector,i64,512,ordered,asc,0,0,0,512,134.279
sorted,vector,i64,512,ordered,asc,0,1,0,512,132.088
sorted,vector,i64,512,ordered,asc,0,0,1,512,133.133
sorted,vector,i64,512,ordered,asc,0,1,1,512,134.430
sorted,vector,i64,512,ordered,asc,0,1,2,512,138.584
sorted,vector,i64,512,ordered,asc,0,0,2,512,148.195
sorted,vector,i64,512,ordered,asc,0,1,3,512,146.816
sorted,vector,i64,512,ordered,asc,0,0,3,512,133.465
sorted,vector,i64,512,ordered,asc,0,0,4,512,132.000
sorted,vector,i64,512,ordered,asc,0,1,4,512,132.248
sorted,vector,i64,512,ordered,asc,0,0,5,512,132.322
sorted,vector,i64,512,ordered,asc,0,1,5,512,134.771
sorted,vector,i64,512,ordered,asc,0,0,6,512,148.109
sorted,vector,i64,512,ordered,asc,0,1,6,512,146.814
sorted,vector,i64,512,ordered,desc,0,0,0,512,184.162
sorted,vector,i64,512,ordered,desc,0,1,0,512,163.736
sorted,vector,i64,512,ordered,desc,0,1,1,512,177.654
sorted,vector,i64,512,ordered,desc,0,0,1,512,178.467
sorted,vector,i64,512,ordered,desc,0,1,2,512,165.709
sorted,vector,i64,512,ordered,desc,0,0,2,512,168.541
sorted,vector,i64,512,ordered,desc,0,0,3,512,180.412
sorted,vector,i64,512,ordered,desc,0,1,3,512,171.881
sorted,vector,i64,512,ordered,desc,0,0,4,512,183.676
sorted,vector,i64,512,ordered,desc,0,1,4,512,180.512
sorted,vector,i64,512,ordered,desc,0,1,5,512,168.299
sorted,vector,i64,512,ordered,desc,0,0,5,512,170.484
sorted,vector,i64,512,ordered,desc,0,0,6,512,185.955
sorted,vector,i64,512,ordered,desc,0,1,6,512,170.236
sorted,vector,i64,512,reverse,asc,0,1,0,512,165.693
sorted,vector,i64,512,reverse,asc,0,0,0,512,180.182
sorted,vector,i64,512,reverse,asc,0,1,1,512,183.674
sorted,vector,i64,512,reverse,asc,0,0,1,512,170.562
sorted,vector,i64,512,reverse,asc,0,0,2,512,177.557
sorted,vector,i64,512,reverse,asc,0,1,2,512,188.803
sorted,vector,i64,512,reverse,asc,0,0,3,512,168.623
sorted,vector,i64,512,reverse,asc,0,1,3,512,199.883
sorted,vector,i64,512,reverse,asc,0,1,4,512,206.225
sorted,vector,i64,512,reverse,asc,0,0,4,512,166.676
sorted,vector,i64,512,reverse,asc,0,0,5,512,182.449
sorted,vector,i64,512,reverse,asc,0,1,5,512,180.572
sorted,vector,i64,512,reverse,asc,0,1,6,512,165.193
sorted,vector,i64,512,reverse,asc,0,0,6,512,186.857
sorted,vector,i64,512,reverse,desc,0,0,0,512,135.826
sorted,vector,i64,512,reverse,desc,0,1,0,512,150.557
sorted,vector,i64,512,reverse,desc,0,1,1,512,140.865
sorted,vector,i64,512,reverse,desc,0,0,1,512,134.531
sorted,vector,i64,512,reverse,desc,0,1,2,512,132.562
sorted,vector,i64,512,reverse,desc,0,0,2,512,132.732
sorted,vector,i64,512,reverse,desc,0,0,3,512,135.576
sorted,vector,i64,512,reverse,desc,0,1,3,512,148.102
sorted,vector,i64,512,reverse,desc,0,1,4,512,149.742
sorted,vector,i64,512,reverse,desc,0,0,4,512,137.041
sorted,vector,i64,512,reverse,desc,0,1,5,512,132.533
sorted,vector,i64,512,reverse,desc,0,0,5,512,133.141
sorted,vector,i64,512,reverse,desc,0,0,6,512,133.307
sorted,vector,i64,512,reverse,desc,0,1,6,512,136.541
sorted,vector,i64,512,nearly,asc,0,1,0,469,1067.695
sorted,vector,i64,512,nearly,asc,0,0,0,476,1050.947
sorted,vector,i64,512,nearly,asc,0,0,1,488,1025.355
sorted,vector,i64,512,nearly,asc,0,1,1,467,1071.647
sorted,vector,i64,512,nearly,asc,0,1,2,487,1027.634
sorted,vector,i64,512,nearly,asc,0,0,2,489,1022.996
sorted,vector,i64,512,nearly,asc,0,1,3,451,1109.951
sorted,vector,i64,512,nearly,asc,0,0,3,480,1043.398
sorted,vector,i64,512,nearly,asc,0,0,4,490,1022.273
sorted,vector,i64,512,nearly,asc,0,1,4,466,1073.144
sorted,vector,i64,512,nearly,asc,0,1,5,482,1037.774
sorted,vector,i64,512,nearly,asc,0,0,5,472,1059.672
sorted,vector,i64,512,nearly,asc,0,0,6,489,1022.571
sorted,vector,i64,512,nearly,asc,0,1,6,487,1027.290
sorted,vector,i64,512,nearly,desc,0,0,0,418,1199.249
sorted,vector,i64,512,nearly,desc,0,1,0,423,1182.047
sorted,vector,i64,512,nearly,desc,0,1,1,424,1179.248
sorted,vector,i64,512,nearly,desc,0,0,1,426,1174.378
sorted,vector,i64,512,nearly,desc,0,1,2,417,1200.635
sorted,vector,i64,512,nearly,desc,0,0,2,411,1218.367
sorted,vector,i64,512,nearly,desc,0,0,3,421,1188.425
sorted,vector,i64,512,nearly,desc,0,1,3,411,1219.063
sorted,vector,i64,512,nearly,desc,0,0,4,421,1190.506
sorted,vector,i64,512,nearly,desc,0,1,4,421,1187.784
sorted,vector,i64,512,nearly,desc,0,0,5,440,1136.373
sorted,vector,i64,512,nearly,desc,0,1,5,446,1121.722
sorted,vector,i64,512,nearly,desc,0,0,6,449,1114.706
sorted,vector,i64,512,nearly,desc,0,1,6,447,1120.705
sorted,vector,i64,512,equal,asc,0,1,0,512,132.246
sorted,vector,i64,512,equal,asc,0,0,0,512,132.492
sorted,vector,i64,512,equal,asc,0,0,1,512,129.150
sorted,vector,i64,512,equal,asc,0,1,1,512,131.596
sorted,vector,i64,512,equal,asc,0,1,2,512,131.760
sorted,vector,i64,512,equal,asc,0,0,2,512,132.156
sorted,vector,i64,512,equal,asc,0,0,3,512,132.822
sorted,vector,i64,512,equal,asc,0,1,3,512,132.975
sorted,vector,i64,512,equal,asc,0,0,4,512,131.420
sorted,vector,i64,512,equal,asc,0,1,4,512,132.400
sorted,vector,i64,512,equal,asc,0,1,5,512,131.994
sorted,vector,i64,512,equal,asc,0,0,5,512,130.773
sorted,vector,i64,512,equal,asc,0,0,6,512,152.266
sorted,vector,i64,512,equal,asc,0,1,6,512,134.850
sorted,vector,i64,512,equal,desc,0,0,0,512,133.543
sorted,vector,i64,512,equal,desc,0,1,0,512,132.656
sorted,vector,i64,512,equal,desc,0,0,1,512,131.432
sorted,vector,i64,512,equal,desc,0,1,1,512,132.473
sorted,vector,i64,512,equal,desc,0,1,2,512,141.197
sorted,vector,i64,512,equal,desc,0,0,2,512,174.732
sorted,vector,i64,512,equal,desc,0,1,3,512,133.309
sorted,vector,i64,512,equal,desc,0,0,3,512,132.320
sorted,vector,i64,512,equal,desc,0,0,4,512,131.344
sorted,vector,i64,512,equal,desc,0,1,4,512,131.918
sorted,vector,i64,512,equal,desc,0,1,5,512,132.725
sorted,vector,i64,512,equal,desc,0,0,5,512,131.836
sorted,vector,i64,512,equal,desc,0,1,6,512,132.082
sorted,vector,i64,512,equal,desc,0,0,6,512,132.250
sorted,vector,i64,4096,full,asc,0,0,0,25,20325.160
sorted,vector,i64,4096,full,asc,0,1,0,25,20211.680
sorted,vector,i64,4096,full,asc,0,1,1,25,20506.720
sorted,vector,i64,4096,full,asc,0,0,1,24,21078.208
sorted,vector,i64,4096,full,asc,0,1,2,25,20590.080
sorted,vector,i64,4096,full,asc,0,0,2,24,20920.167
sorted,vector,i64,4096,full,asc,0,1,3,25,20578.360
sorted,vector,i64,4096,full,asc,0,0,3,24,20949.625
sorted,vector,i64,4096,full,asc,0,1,4,25,20580.120
sorted,vector,i64,4096,full,asc,0,0,4,24,21008.708
sorted,vector,i64,4096,full,asc,0,0,5,24,21411.417
sorted,vector,i64,4096,full,asc,0,1,5,24,21506.958
sorted,vector,i64,4096,full,asc,0,0,6,24,20881.958
sorted,vector,i64,4096,full,asc,0,1,6,25,20485.040
sorted,vector,i64,4096,full,desc,0,0,0,24,20970.458
sorted,vector,i64,4096,full,desc,0,1,0,23,22239.217
sorted,vector,i64,4096,full,desc,0,1,1,23,22000.174
sorted,vector,i64,4096,full,desc,0,0,1,24,21013.875
sorted,vector,i64,4096,full,desc,0,0,2,24,21547.000
sorted,vector,i64,4096,full,desc,0,1,2,23,22152.174
sorted,vector,i64,4096,full,desc,0,1,3,23,22083.348
sorted,vector,i64,4096,full,desc,0,0,3,24,20951.500
sorted,vector,i64,4096,full,desc,0,1,4,23,22273.478
sorted,vector,i64,4096,full,desc,0,0,4,24,21217.000
sorted,vector,i64,4096,full,desc,0,0,5,24,21416.792
sorted,vector,i64,4096,full,desc,0,1,5,23,22257.261
sorted,vector,i64,4096,full,desc,0,1,6,23,22045.348
sorted,vector,i64,4096,full,desc,0,0,6,24,21151.042
sorted,vector,i64,4096,bits22,asc,0,1,0,58,8693.259
sorted,vector,i64,4096,bits22,asc,0,0,0,57,8845.772
sorted,vector,i64,4096,bits22,asc,0,0,1,56,9077.304
sorted,vector,i64,4096,bits22,asc,0,1,1,57,8899.789
sorted,vector,i64,4096,bits22,asc,0,0,2,56,8951.750
sorted,vector,i64,4096,bits22,asc,0,1,2,57,8861.123
sorted,vector,i64,4096,bits22,asc,0,1,3,57,8896.947
sorted,vector,i64,4096,bits22,asc,0,0,3,57,8900.579
sorted,vector,i64,4096,bits22,asc,0,0,4,55,9206.018
sorted,vector,i64,4096,bits22,asc,0,1,4,56,9031.911
sorted,vector,i64,4096,bits22,asc,0,0,5,56,8976.875
sorted,vector,i64,4096,bits22,asc,0,1,5,56,9043.982
sorted,vector,i64,4096,bits22,asc,0,1,6,57,8891.035
sorted,vector,i64,4096,bits22,asc,0,0,6,57,8845.123
sorted,vector,i64,4096,bits22,desc,0,0,0,56,8968.661
sorted,vector,i64,4096,bits22,desc,0,1,0,54,9375.704
sorted,vector,i64,4096,bits22,desc,0,1,1,54,9369.630
sorted,vector,i64,4096,bits22,desc,0,0,1,56,9020.839
sorted,vector,i64,4096,bits22,desc,0,0,2,56,8988.964
sorted,vector,i64,4096,bits22,desc,0,1,2,53,9576.245
sorted,vector,i64,4096,bits22,desc,0,1,3,54,9276.963
sorted,vector,i64,4096,bits22,desc,0,0,3,54,9287.907
sorted,vector,i64,4096,bits22,desc,0,0,4,57,8890.351
sorted,vector,i64,4096,bits22,desc,0,1,4,54,9344.889
sorted,vector,i64,4096,bits22,desc,0,1,5,54,9361.185
sorted,vector,i64,4096,bits22,desc,0,0,5,56,8985.000
sorted,vector,i64,4096,bits22,desc,0,1,6,54,9381.926
sorted,vector,i64,4096,bits22,desc,0,0,6,57,8915.281
sorted,vector,i64,4096,gaps,asc,0,0,0,28,17962.857
sorted,vector,i64,4096,gaps,asc,0,1,0,29,17281.586
sorted,vector,i64,4096,gaps,asc,0,0,1,29,17479.793
sorted,vector,i64,4096,gaps,asc,0,1,1,29,17455.414
sorted,vector,i64,4096,gaps,asc,0,1,2,29,17441.138
sorted,vector,i64,4096,gaps,asc,0,0,2,29,17498.586
sorted,vector,i64,4096,gaps,asc,0,1,3,28,18120.464
sorted,vector,i64,4096,gaps,asc,0,0,3,27,19055.593
sorted,vector,i64,4096,gaps,asc,0,0,4,28,18202.393
sorted,vector,i64,4096,gaps,asc,0,1,4,29,17261.379
sorted,vector,i64,4096,gaps,asc,0,1,5,29,17445.414
sorted,vector,i64,4096,gaps,asc,0,0,5,29,17666.690
sorted,vector,i64,4096,gaps,asc,0,0,6,29,17633.621
sorted,vector,i64,4096,gaps,asc,0,1,6,29,17354.897
sorted,vector,i64,4096,gaps,desc,0,1,0,29,17262.897
sorted,vector,i64,4096,gaps,desc,0,0,0,29,17403.690
sorted,vector,i64,4096,gaps,desc,0,0,1,29,17714.069
sorted,vector,i64,4096,gaps,desc,0,1,1,29,17403.724
sorted,vector,i64,4096,gaps,desc,0,1,2,29,17548.759
sorted,vector,i64,4096,gaps,desc,0,0,2,30,17248.667
sorted,vector,i64,4096,gaps,desc,0,0,3,26,19250.000
sorted,vector,i64,4096,gaps,desc,0,1,3,29,17830.621
sorted,vector,i64,4096,gaps,desc,0,0,4,30,17247.133
sorted,vector,i64,4096,gaps,desc,0,1,4,29,17378.000
sorted,vector,i64,4096,gaps,desc,0,1,5,29,17446.793
sorted,vector,i64,4096,gaps,desc,0,0,5,29,17443.897
sorted,vector,i64,4096,gaps,desc,0,0,6,29,17784.483
sorted,vector,i64,4096,gaps,desc,0,1,6,30,17208.333
sorted,vector,i64,4096,few,asc,0,0,0,85,5886.365
sorted,vector,i64,4096,few,asc,0,1,0,85,5888.329
sorted,vector,i64,4096,few,asc,0,0,1,87,5769.667
sorted,vector,i64,4096,few,asc,0,1,1,84,5962.810
sorted,vector,i64,4096,few,asc,0,1,2,85,5941.176
sorted,vector,i64,4096,few,asc,0,0,2,82,6098.610
sorted,vector,i64,4096,few,asc,0,1,3,85,5948.576
sorted,vector,i64,4096,few,asc,0,0,3,88,5714.955
sorted,vector,i64,4096,few,asc,0,1,4,83,6052.217
sorted,vector,i64,4096,few,asc,0,0,4,86,5865.779
sorted,vector,i64,4096,few,asc,0,0,5,86,5879.384
sorted,vector,i64,4096,few,asc,0,1,5,83,6050.205
sorted,vector,i64,4096,few,asc,0,0,6,87,5811.759
sorted,vector,i64,4096,few,asc,0,1,6,84,5977.190
sorted,vector,i64,4096,few,desc,0,1,0,82,6102.207
sorted,vector,i64,4096,few,desc,0,0,0,86,5870.070
sorted,vector,i64,4096,few,desc,0,0,1,86,5868.709
sorted,vector,i64,4096,few,desc,0,1,1,82,6113.854
sorted,vector,i64,4096,few,desc,0,1,2,84,5961.857
sorted,vector,i64,4096,few,desc,0,0,2,86,5844.477
sorted,vector,i64,4096,few,desc,0,1,3,83,6060.289
sorted,vector,i64,4096,few,desc,0,0,3,85,5928.906
sorted,vector,i64,4096,few,desc,0,1,4,82,6138.646
sorted,vector,i64,4096,few,desc,0,0,4,87,5796.931
sorted,vector,i64,4096,few,desc,0,0,5,87,5758.092
sorted,vector,i64,4096,few,desc,0,1,5,83,6066.723
sorted,vector,i64,4096,few,desc,0,1,6,83,6091.807
sorted,vector,i64,4096,few,desc,0,0,6,86,5864.895
sorted,vector,i64,4096,ordered,asc,0,0,0,486,1029.500
sorted,vector,i64,4096,ordered,asc,0,1,0,509,983.713
sorted,vector,i64,4096,ordered,asc,0,1,1,501,999.236
sorted,vector,i64,4096,ordered,asc,0,0,1,496,1009.163
sorted,vector,i64,4096,ordered,asc,0,0,2,503,995.771
sorted,vector,i64,4096,ordered,asc,0,1,2,504,993.032
sorted,vector,i64,4096,ordered,asc,0,1,3,505,990.123
sorted,vector,i64,4096,ordered,asc,0,0,3,507,987.424
sorted,vector,i64,4096,ordered,asc,0,1,4,499,1002.257
sorted,vector,i64,4096,ordered,asc,0,0,4,482,1038.581
sorted,vector,i64,4096,ordered,asc,0,0,5,502,997.008
sorted,vector,i64,4096,ordered,asc,0,1,5,501,998.162
sorted,vector,i64,4096,ordered,asc,0,1,6,503,995.869
sorted,vector,i64,4096,ordered,asc,0,0,6,507,987.341
sorted,vector,i64,4096,ordered,desc,0,1,0,393,1275.527
sorted,vector,i64,4096,ordered,desc,0,0,0,395,1266.051
sorted,vector,i64,4096,ordered,desc,0,0,1,386,1295.762
sorted,vector,i64,4096,ordered,desc,0,1,1,395,1266.894
sorted,vector,i64,4096,ordered,desc,0,0,2,396,1263.566
sorted,vector,i64,4096,ordered,desc,0,1,2,388,1290.477
sorted,vector,i64,4096,ordered,desc,0,1,3,392,1278.791
sorted,vector,i64,4096,ordered,desc,0,0,3,396,1265.783
sorted,vector,i64,4096,ordered,desc,0,1,4,391,1281.749
sorted,vector,i64,4096,ordered,desc,0,0,4,392,1276.388
sorted,vector,i64,4096,ordered,desc,0,0,5,398,1258.565
sorted,vector,i64,4096,ordered,desc,0,1,5,390,1283.887
sorted,vector,i64,4096,ordered,desc,0,1,6,382,1310.521
sorted,vector,i64,4096,ordered,desc,0,0,6,391,1279.839
sorted,vector,i64,4096,reverse,asc,0,1,0,392,1278.153
sorted,vector,i64,4096,reverse,asc,0,0,0,394,1270.822
sorted,vector,i64,4096,reverse,asc,0,0,1,391,1280.399
sorted,vector,i64,4096,reverse,asc,0,1,1,389,1285.558
sorted,vector,i64,4096,reverse,asc,0,1,2,394,1271.249
sorted,vector,i64,4096,reverse,asc,0,0,2,391,1280.159
sorted,vector,i64,4096,reverse,asc,0,1,3,368,1358.905
sorted,vector,i64,4096,reverse,asc,0,0,3,397,1262.401
sorted,vector,i64,4096,reverse,asc,0,0,4,394,1270.411
sorted,vector,i64,4096,reverse,asc,0,1,4,387,1295.328
sorted,vector,i64,4096,reverse,asc,0,1,5,391,1281.964
sorted,vector,i64,4096,reverse,asc,0,0,5,390,1284.192
sorted,vector,i64,4096,reverse,asc,0,1,6,387,1293.620
sorted,vector,i64,4096,reverse,asc,0,0,6,395,1267.934
sorted,vector,i64,4096,reverse,desc,0,1,0,493,1014.880
sorted,vector,i64,4096,reverse,desc,0,0,0,498,1004.018
sorted,vector,i64,4096,reverse,desc,0,0,1,500,1000.070
sorted,vector,i64,4096,reverse,desc,0,1,1,502,996.506
sorted,vector,i64,4096,reverse,desc,0,1,2,502,997.197
sorted,vector,i64,4096,reverse,desc,0,0,2,502,997.558
sorted,vector,i64,4096,reverse,desc,0,0,3,499,1002.186
sorted,vector,i64,4096,reverse,desc,0,1,3,496,1008.321
sorted,vector,i64,4096,reverse,desc,0,1,4,496,1008.159
sorted,vector,i64,4096,reverse,desc,0,0,4,490,1021.194
sorted,vector,i64,4096,reverse,desc,0,0,5,502,997.998
sorted,vector,i64,4096,reverse,desc,0,1,5,502,997.167
sorted,vector,i64,4096,reverse,desc,0,0,6,502,997.237
sorted,vector,i64,4096,reverse,desc,0,1,6,502,997.311
sorted,vector,i64,4096,nearly,asc,0,0,0,24,21191.042
sorted,vector,i64,4096,nearly,asc,0,1,0,25,20843.320
sorted,vector,i64,4096,nearly,asc,0,1,1,24,20854.083
sorted,vector,i64,4096,nearly,asc,0,0,1,24,21140.625
sorted,vector,i64,4096,nearly,asc,0,1,2,24,21190.917
sorted,vector,i64,4096,nearly,asc,0,0,2,24,20961.750
sorted,vector,i64,4096,nearly,asc,0,1,3,24,21111.083
sorted,vector,i64,4096,nearly,asc,0,0,3,24,21236.000
sorted,vector,i64,4096,nearly,asc,0,0,4,24,21461.708
sorted,vector,i64,4096,nearly,asc,0,1,4,24,20856.042
sorted,vector,i64,4096,nearly,asc,0,1,5,25,20821.640
sorted,vector,i64,4096,nearly,asc,0,0,5,24,21163.042
sorted,vector,i64,4096,nearly,asc,0,1,6,25,20838.440
sorted,vector,i64,4096,nearly,asc,0,0,6,24,21406.250
sorted,vector,i64,4096,nearly,desc,0,1,0,23,22242.739
sorted,vector,i64,4096,nearly,desc,0,0,0,24,21064.167
sorted,vector,i64,4096,nearly,desc,0,0,1,24,21336.833
sorted,vector,i64,4096,nearly,desc,0,1,1,23,22309.826
sorted,vector,i64,4096,nearly,desc,0,0,2,22,22988.682
sorted,vector,i64,4096,nearly,desc,0,1,2,23,22273.522
sorted,vector,i64,4096,nearly,desc,0,0,3,24,21336.792
sorted,vector,i64,4096,nearly,desc,0,1,3,23,22282.783
sorted,vector,i64,4096,nearly,desc,0,1,4,22,23064.455
sorted,vector,i64,4096,nearly,desc,0,0,4,24,21020.750
sorted,vector,i64,4096,nearly,desc,0,1,5,24,21466.750
sorted,vector,i64,4096,nearly,desc,0,0,5,25,20306.520
sorted,vector,i64,4096,nearly,desc,0,0,6,25,20273.400
sorted,vector,i64,4096,nearly,desc,0,1,6,23,21893.043
sorted,vector,i64,4096,equal,asc,0,1,0,512,969.762
sorted,vector,i64,4096,equal,asc,0,0,0,512,963.062
sorted,vector,i64,4096,equal,asc,0,1,1,512,962.803
sorted,vector,i64,4096,equal,asc,0,0,1,512,968.320
sorted,vector,i64,4096,equal,asc,0,0,2,512,969.467
sorted,vector,i64,4096,equal,asc,0,1,2,512,974.213
sorted,vector,i64,4096,equal,asc,0,0,3,509,983.196
sorted,vector,i64,4096,equal,asc,0,1,3,507,987.527
sorted,vector,i64,4096,equal,asc,0,0,4,512,975.248
sorted,vector,i64,4096,equal,asc,0,1,4,511,979.538
sorted,vector,i64,4096,equal,asc,0,1,5,495,1011.501
sorted,vector,i64,4096,equal,asc,0,0,5,506,989.733
sorted,vector,i64,4096,equal,asc,0,0,6,465,1077.254
sorted,vector,i64,4096,equal,asc,0,1,6,493,1015.229
sorted,vector,i64,4096,equal,desc,0,1,0,491,1019.827
sorted,vector,i64,4096,equal,desc,0,0,0,490,1020.618
sorted,vector,i64,4096,equal,desc,0,1,1,463,1080.179
sorted,vector,i64,4096,equal,desc,0,0,1,448,1116.911
sorted,vector,i64,4096,equal,desc,0,1,2,461,1084.948
sorted,vector,i64,4096,equal,desc,0,0,2,463,1081.734
sorted,vector,i64,4096,equal,desc,0,1,3,459,1089.658
sorted,vector,i64,4096,equal,desc,0,0,3,459,1089.407
sorted,vector,i64,4096,equal,desc,0,1,4,456,1096.737
sorted,vector,i64,4096,equal,desc,0,0,4,460,1088.757
sorted,vector,i64,4096,equal,desc,0,1,5,460,1089.230
sorted,vector,i64,4096,equal,desc,0,0,5,448,1118.487
sorted,vector,i64,4096,equal,desc,0,1,6,491,1019.102
sorted,vector,i64,4096,equal,desc,0,0,6,454,1101.910
sorted,vector,i64,65536,full,asc,0,1,0,2,414604.000
sorted,vector,i64,65536,full,asc,0,0,0,2,420291.500
sorted,vector,i64,65536,full,asc,0,1,1,2,403729.000
sorted,vector,i64,65536,full,asc,0,0,1,2,472062.500
sorted,vector,i64,65536,full,asc,0,0,2,2,362084.000
sorted,vector,i64,65536,full,asc,0,1,2,2,438958.000
sorted,vector,i64,65536,full,asc,0,1,3,2,465187.000
sorted,vector,i64,65536,full,asc,0,0,3,2,430145.500
sorted,vector,i64,65536,full,asc,0,1,4,2,417146.000
sorted,vector,i64,65536,full,asc,0,0,4,2,404021.000
sorted,vector,i64,65536,full,asc,0,1,5,2,398958.500
sorted,vector,i64,65536,full,asc,0,0,5,2,397854.500
sorted,vector,i64,65536,full,asc,0,1,6,2,446708.500
sorted,vector,i64,65536,full,asc,0,0,6,2,430896.000
sorted,vector,i64,65536,full,desc,0,0,0,2,407563.000
sorted,vector,i64,65536,full,desc,0,1,0,2,407708.000
sorted,vector,i64,65536,full,desc,0,1,1,2,398937.500
sorted,vector,i64,65536,full,desc,0,0,1,2,459542.000
sorted,vector,i64,65536,full,desc,0,0,2,2,361667.000
sorted,vector,i64,65536,full,desc,0,1,2,2,465583.500
sorted,vector,i64,65536,full,desc,0,1,3,2,440750.000
sorted,vector,i64,65536,full,desc,0,0,3,2,429000.000
sorted,vector,i64,65536,full,desc,0,1,4,2,421687.000
sorted,vector,i64,65536,full,desc,0,0,4,2,409437.500
sorted,vector,i64,65536,full,desc,0,1,5,2,398249.500
sorted,vector,i64,65536,full,desc,0,0,5,2,426583.000
sorted,vector,i64,65536,full,desc,0,1,6,2,365875.000
sorted,vector,i64,65536,full,desc,0,0,6,2,340063.000
sorted,vector,i64,65536,bits22,asc,0,1,0,3,190569.333
sorted,vector,i64,65536,bits22,asc,0,0,0,3,189444.333
sorted,vector,i64,65536,bits22,asc,0,1,1,3,167874.667
sorted,vector,i64,65536,bits22,asc,0,0,1,3,170903.000
sorted,vector,i64,65536,bits22,asc,0,0,2,4,164125.000
sorted,vector,i64,65536,bits22,asc,0,1,2,4,139208.500
sorted,vector,i64,65536,bits22,asc,0,1,3,4,135718.750
sorted,vector,i64,65536,bits22,asc,0,0,3,4,159916.750
sorted,vector,i64,65536,bits22,asc,0,1,4,4,139270.750
sorted,vector,i64,65536,bits22,asc,0,0,4,3,171292.000
sorted,vector,i64,65536,bits22,asc,0,1,5,4,134979.250
sorted,vector,i64,65536,bits22,asc,0,0,5,3,174278.000
sorted,vector,i64,65536,bits22,asc,0,1,6,4,140885.000
sorted,vector,i64,65536,bits22,asc,0,0,6,4,167343.500
sorted,vector,i64,65536,bits22,desc,0,0,0,4,157822.750
sorted,vector,i64,65536,bits22,desc,0,1,0,3,187388.667
sorted,vector,i64,65536,bits22,desc,0,0,1,4,157500.000
sorted,vector,i64,65536,bits22,desc,0,1,1,4,153479.000
sorted,vector,i64,65536,bits22,desc,0,1,2,4,161062.250
sorted,vector,i64,65536,bits22,desc,0,0,2,4,155760.250
sorted,vector,i64,65536,bits22,desc,0,0,3,4,149010.250
sorted,vector,i64,65536,bits22,desc,0,1,3,4,154687.500
sorted,vector,i64,65536,bits22,desc,0,0,4,4,147791.750
sorted,vector,i64,65536,bits22,desc,0,1,4,4,156843.500
sorted,vector,i64,65536,bits22,desc,0,1,5,4,160562.250
sorted,vector,i64,65536,bits22,desc,0,0,5,4,160792.000
sorted,vector,i64,65536,bits22,desc,0,0,6,4,162073.000
sorted,vector,i64,65536,bits22,desc,0,1,6,4,161229.000
sorted,vector,i64,65536,gaps,asc,0,1,0,2,311188.000
sorted,vector,i64,65536,gaps,asc,0,0,0,2,299145.500
sorted,vector,i64,65536,gaps,asc,0,0,1,2,319583.500
sorted,vector,i64,65536,gaps,asc,0,1,1,3,260916.667
sorted,vector,i64,65536,gaps,asc,0,1,2,2,281875.000
sorted,vector,i64,65536,gaps,asc,0,0,2,3,247999.667
sorted,vector,i64,65536,gaps,asc,0,1,3,2,267271.000
sorted,vector,i64,65536,gaps,asc,0,0,3,3,261708.333
sorted,vector,i64,65536,gaps,asc,0,0,4,2,260250.000
sorted,vector,i64,65536,gaps,asc,0,1,4,3,198514.000
sorted,vector,i64,65536,gaps,asc,0,1,5,2,298312.500
sorted,vector,i64,65536,gaps,asc,0,0,5,3,246889.000
sorted,vector,i64,65536,gaps,asc,0,1,6,2,263604.000
sorted,vector,i64,65536,gaps,asc,0,0,6,3,255097.000
sorted,vector,i64,65536,gaps,desc,0,0,0,3,269708.333
sorted,vector,i64,65536,gaps,desc,0,1,0,3,260430.333
sorted,vector,i64,65536,gaps,desc,0,0,1,2,284771.000
sorted,vector,i64,65536,gaps,desc,0,1,1,2,269541.500
sorted,vector,i64,65536,gaps,desc,0,1,2,2,267499.500
sorted,vector,i64,65536,gaps,desc,0,0,2,3,260597.333
sorted,vector,i64,65536,gaps,desc,0,1,3,2,261562.500
sorted,vector,i64,65536,gaps,desc,0,0,3,2,289166.500
sorted,vector,i64,65536,gaps,desc,0,0,4,2,262541.500
sorted,vector,i64,65536,gaps,desc,0,1,4,3,267528.000
sorted,vector,i64,65536,gaps,desc,0,1,5,2,289146.000
sorted,vector,i64,65536,gaps,desc,0,0,5,3,243166.333
sorted,vector,i64,65536,gaps,desc,0,0,6,2,309791.500
sorted,vector,i64,65536,gaps,desc,0,1,6,2,260875.000
sorted,vector,i64,65536,few,asc,0,0,0,4,134802.000
sorted,vector,i64,65536,few,asc,0,1,0,4,144875.250
sorted,vector,i64,65536,few,asc,0,1,1,4,155344.250
sorted,vector,i64,65536,few,asc,0,0,1,4,142031.250
sorted,vector,i64,65536,few,asc,0,0,2,4,135313.000
sorted,vector,i64,65536,few,asc,0,1,2,4,143343.750
sorted,vector,i64,65536,few,asc,0,0,3,4,139271.250
sorted,vector,i64,65536,few,asc,0,1,3,4,146406.250
sorted,vector,i64,65536,few,asc,0,0,4,4,138583.250
sorted,vector,i64,65536,few,asc,0,1,4,4,141500.000
sorted,vector,i64,65536,few,asc,0,1,5,4,156791.500
sorted,vector,i64,65536,few,asc,0,0,5,4,134270.750
sorted,vector,i64,65536,few,asc,0,1,6,4,167499.750
sorted,vector,i64,65536,few,asc,0,0,6,4,157000.000
sorted,vector,i64,65536,few,desc,0,0,0,5,116158.600
sorted,vector,i64,65536,few,desc,0,1,0,5,123808.400
sorted,vector,i64,65536,few,desc,0,0,1,5,107366.800
sorted,vector,i64,65536,few,desc,0,1,1,5,123091.600
sorted,vector,i64,65536,few,desc,0,1,2,5,114383.400
sorted,vector,i64,65536,few,desc,0,0,2,5,106558.400
sorted,vector,i64,65536,few,desc,0,0,3,5,107883.400
sorted,vector,i64,65536,few,desc,0,1,3,5,119283.400
sorted,vector,i64,65536,few,desc,0,1,4,3,198833.667
sorted,vector,i64,65536,few,desc,0,0,4,4,163468.500
sorted,vector,i64,65536,few,desc,0,1,5,4,150322.750
sorted,vector,i64,65536,few,desc,0,0,5,4,127927.000
sorted,vector,i64,65536,few,desc,0,0,6,5,113333.200
sorted,vector,i64,65536,few,desc,0,1,6,5,118891.600
sorted,vector,i64,65536,ordered,asc,0,0,0,31,16465.000
sorted,vector,i64,65536,ordered,asc,0,1,0,34,14959.471
sorted,vector,i64,65536,ordered,asc,0,0,1,34,14884.706
sorted,vector,i64,65536,ordered,asc,0,1,1,33,15244.939
sorted,vector,i64,65536,ordered,asc,0,0,2,32,15713.625
sorted,vector,i64,65536,ordered,asc,0,1,2,33,15415.303
sorted,vector,i64,65536,ordered,asc,0,0,3,32,15856.750
sorted,vector,i64,65536,ordered,asc,0,1,3,32,15976.625
sorted,vector,i64,65536,ordered,asc,0,1,4,34,15045.471
sorted,vector,i64,65536,ordered,asc,0,0,4,34,14941.235
sorted,vector,i64,65536,ordered,asc,0,1,5,34,14888.559
sorted,vector,i64,65536,ordered,asc,0,0,5,33,15305.667
sorted,vector,i64,65536,ordered,asc,0,0,6,32,15721.344
sorted,vector,i64,65536,ordered,asc,0,1,6,33,15433.091
sorted,vector,i64,65536,ordered,desc,0,0,0,23,22231.870
sorted,vector,i64,65536,ordered,desc,0,1,0,21,23869.190
sorted,vector,i64,65536,ordered,desc,0,0,1,23,22105.000
sorted,vector,i64,65536,ordered,desc,0,1,1,23,22014.565
sorted,vector,i64,65536,ordered,desc,0,1,2,24,21532.917
sorted,vector,i64,65536,ordered,desc,0,0,2,23,21811.565
sorted,vector,i64,65536,ordered,desc,0,1,3,23,22029.043
sorted,vector,i64,65536,ordered,desc,0,0,3,23,22478.174
sorted,vector,i64,65536,ordered,desc,0,1,4,23,22704.696
sorted,vector,i64,65536,ordered,desc,0,0,4,21,23940.476
sorted,vector,i64,65536,ordered,desc,0,1,5,24,21001.750
sorted,vector,i64,65536,ordered,desc,0,0,5,24,21341.958
sorted,vector,i64,65536,ordered,desc,0,0,6,24,21453.083
sorted,vector,i64,65536,ordered,desc,0,1,6,24,21565.917
sorted,vector,i64,65536,reverse,asc,0,0,0,23,22318.870
sorted,vector,i64,65536,reverse,asc,0,1,0,23,22994.565
sorted,vector,i64,65536,reverse,asc,0,0,1,22,23200.773
sorted,vector,i64,65536,reverse,asc,0,1,1,24,21631.833
sorted,vector,i64,65536,reverse,asc,0,1,2,24,21637.167
sorted,vector,i64,65536,reverse,asc,0,0,2,23,22072.478
sorted,vector,i64,65536,reverse,asc,0,1,3,23,22413.217
sorted,vector,i64,65536,reverse,asc,0,0,3,22,23030.273
sorted,vector,i64,65536,reverse,asc,0,1,4,22,23355.818
sorted,vector,i64,65536,reverse,asc,0,0,4,23,22679.348
sorted,vector,i64,65536,reverse,asc,0,0,5,23,22748.130
sorted,vector,i64,65536,reverse,asc,0,1,5,23,21951.174
sorted,vector,i64,65536,reverse,asc,0,0,6,24,21246.500
sorted,vector,i64,65536,reverse,asc,0,1,6,22,23293.591
sorted,vector,i64,65536,reverse,desc,0,1,0,33,15401.424
sorted,vector,i64,65536,reverse,desc,0,0,0,32,15785.062
sorted,vector,i64,65536,reverse,desc,0,1,1,31,16214.968
sorted,vector,i64,65536,reverse,desc,0,0,1,31,16423.419
sorted,vector,i64,65536,reverse,desc,0,1,2,32,15636.625
sorted,vector,i64,65536,reverse,desc,0,0,2,33,15243.727
sorted,vector,i64,65536,reverse,desc,0,0,3,32,15744.781
sorted,vector,i64,65536,reverse,desc,0,1,3,32,16006.531
sorted,vector,i64,65536,reverse,desc,0,0,4,32,15843.719
sorted,vector,i64,65536,reverse,desc,0,1,4,32,15951.906
sorted,vector,i64,65536,reverse,desc,0,1,5,32,15993.469
sorted,vector,i64,65536,reverse,desc,0,0,5,32,15765.562
sorted,vector,i64,65536,reverse,desc,0,0,6,33,15266.303
sorted,vector,i64,65536,reverse,desc,0,1,6,33,15513.788
sorted,vector,i64,65536,nearly,asc,0,0,0,2,351729.500
sorted,vector,i64,65536,nearly,asc,0,1,0,2,364229.500
sorted,vector,i64,65536,nearly,asc,0,0,1,2,326125.000
sorted,vector,i64,65536,nearly,asc,0,1,1,2,349770.500
sorted,vector,i64,65536,nearly,asc,0,1,2,2,333313.000
sorted,vector,i64,65536,nearly,asc,0,0,2,2,356875.000
sorted,vector,i64,65536,nearly,asc,0,1,3,2,358188.000
sorted,vector,i64,65536,nearly,asc,0,0,3,2,356583.000
sorted,vector,i64,65536,nearly,asc,0,1,4,2,354104.500
sorted,vector,i64,65536,nearly,asc,0,0,4,2,353833.500
sorted,vector,i64,65536,nearly,asc,0,0,5,2,358500.500
sorted,vector,i64,65536,nearly,asc,0,1,5,2,352167.000
sorted,vector,i64,65536,nearly,asc,0,0,6,2,369167.000
sorted,vector,i64,65536,nearly,asc,0,1,6,2,323979.000
sorted,vector,i64,65536,nearly,desc,0,1,0,2,349146.000
sorted,vector,i64,65536,nearly,desc,0,0,0,2,341562.500
sorted,vector,i64,65536,nearly,desc,0,1,1,2,353312.000
sorted,vector,i64,65536,nearly,desc,0,0,1,2,347417.000
sorted,vector,i64,65536,nearly,desc,0,0,2,2,348646.000
sorted,vector,i64,65536,nearly,desc,0,1,2,2,354625.000
sorted,vector,i64,65536,nearly,desc,0,1,3,2,361646.000
sorted,vector,i64,65536,nearly,desc,0,0,3,2,348875.000
sorted,vector,i64,65536,nearly,desc,0,1,4,2,356812.500
sorted,vector,i64,65536,nearly,desc,0,0,4,2,354479.500
sorted,vector,i64,65536,nearly,desc,0,1,5,2,357854.000
sorted,vector,i64,65536,nearly,desc,0,0,5,2,362812.500
sorted,vector,i64,65536,nearly,desc,0,1,6,2,359104.000
sorted,vector,i64,65536,nearly,desc,0,0,6,2,359500.000
sorted,vector,i64,65536,equal,asc,0,0,0,32,15852.906
sorted,vector,i64,65536,equal,asc,0,1,0,34,14898.147
sorted,vector,i64,65536,equal,asc,0,0,1,33,15497.455
sorted,vector,i64,65536,equal,asc,0,1,1,31,16137.194
sorted,vector,i64,65536,equal,asc,0,1,2,33,15248.758
sorted,vector,i64,65536,equal,asc,0,0,2,34,15022.088
sorted,vector,i64,65536,equal,asc,0,0,3,33,15218.455
sorted,vector,i64,65536,equal,asc,0,1,3,33,15565.727
sorted,vector,i64,65536,equal,asc,0,1,4,33,15460.788
sorted,vector,i64,65536,equal,asc,0,0,4,32,15968.750
sorted,vector,i64,65536,equal,asc,0,0,5,32,15983.062
sorted,vector,i64,65536,equal,asc,0,1,5,32,16051.906
sorted,vector,i64,65536,equal,asc,0,1,6,32,16122.406
sorted,vector,i64,65536,equal,asc,0,0,6,32,15897.188
sorted,vector,i64,65536,equal,desc,0,1,0,31,16499.903
sorted,vector,i64,65536,equal,desc,0,0,0,33,15291.606
sorted,vector,i64,65536,equal,desc,0,1,1,32,15859.406
sorted,vector,i64,65536,equal,desc,0,0,1,33,15241.273
sorted,vector,i64,65536,equal,desc,0,0,2,33,15291.636
sorted,vector,i64,65536,equal,desc,0,1,2,33,15237.394
sorted,vector,i64,65536,equal,desc,0,0,3,33,15516.455
sorted,vector,i64,65536,equal,desc,0,1,3,32,15704.438
sorted,vector,i64,65536,equal,desc,0,0,4,31,16327.903
sorted,vector,i64,65536,equal,desc,0,1,4,32,15668.000
sorted,vector,i64,65536,equal,desc,0,1,5,33,15505.152
sorted,vector,i64,65536,equal,desc,0,0,5,33,15547.909
sorted,vector,i64,65536,equal,desc,0,1,6,32,15757.812
sorted,vector,i64,65536,equal,desc,0,0,6,32,15889.250
sorted,vector,i64,1000000,full,asc,0,0,0,1,7067666.000
sorted,vector,i64,1000000,full,asc,0,1,0,1,6941334.000
sorted,vector,i64,1000000,full,asc,0,1,1,1,6912584.000
sorted,vector,i64,1000000,full,asc,0,0,1,1,7233500.000
sorted,vector,i64,1000000,full,asc,0,0,2,1,7288750.000
sorted,vector,i64,1000000,full,asc,0,1,2,1,7064041.000
sorted,vector,i64,1000000,full,asc,0,1,3,1,6630584.000
sorted,vector,i64,1000000,full,asc,0,0,3,1,7047667.000
sorted,vector,i64,1000000,full,asc,0,1,4,1,7022334.000
sorted,vector,i64,1000000,full,asc,0,0,4,1,6954167.000
sorted,vector,i64,1000000,full,asc,0,1,5,1,6663041.000
sorted,vector,i64,1000000,full,asc,0,0,5,1,7177958.000
sorted,vector,i64,1000000,full,asc,0,0,6,1,6934041.000
sorted,vector,i64,1000000,full,asc,0,1,6,1,7104750.000
sorted,vector,i64,1000000,full,desc,0,1,0,1,7151625.000
sorted,vector,i64,1000000,full,desc,0,0,0,1,7739542.000
sorted,vector,i64,1000000,full,desc,0,0,1,1,7369375.000
sorted,vector,i64,1000000,full,desc,0,1,1,1,7609083.000
sorted,vector,i64,1000000,full,desc,0,0,2,1,8163791.000
sorted,vector,i64,1000000,full,desc,0,1,2,1,7299083.000
sorted,vector,i64,1000000,full,desc,0,1,3,1,7033708.000
sorted,vector,i64,1000000,full,desc,0,0,3,1,7250958.000
sorted,vector,i64,1000000,full,desc,0,1,4,1,6730458.000
sorted,vector,i64,1000000,full,desc,0,0,4,1,7157208.000
sorted,vector,i64,1000000,full,desc,0,0,5,1,6865667.000
sorted,vector,i64,1000000,full,desc,0,1,5,1,6681875.000
sorted,vector,i64,1000000,full,desc,0,0,6,1,6862875.000
sorted,vector,i64,1000000,full,desc,0,1,6,1,6859334.000
kernel,vector,i64,1000000,full,asc,8,1,0,1,6890166.000
kernel,vector,i64,1000000,full,asc,8,0,0,1,6968667.000
kernel,vector,i64,1000000,full,asc,8,1,1,1,6564167.000
kernel,vector,i64,1000000,full,asc,8,0,1,1,7008542.000
kernel,vector,i64,1000000,full,asc,8,0,2,1,6570417.000
kernel,vector,i64,1000000,full,asc,8,1,2,1,6793875.000
kernel,vector,i64,1000000,full,asc,8,0,3,1,6978334.000
kernel,vector,i64,1000000,full,asc,8,1,3,1,6714041.000
kernel,vector,i64,1000000,full,asc,8,1,4,1,6764750.000
kernel,vector,i64,1000000,full,asc,8,0,4,1,6877417.000
kernel,vector,i64,1000000,full,asc,8,0,5,1,6892583.000
kernel,vector,i64,1000000,full,asc,8,1,5,1,6665875.000
kernel,vector,i64,1000000,full,asc,8,0,6,1,6873959.000
kernel,vector,i64,1000000,full,asc,8,1,6,1,6806667.000
kernel,vector,i64,1000000,full,desc,8,0,0,1,7273167.000
kernel,vector,i64,1000000,full,desc,8,1,0,1,6793375.000
kernel,vector,i64,1000000,full,desc,8,0,1,1,7002375.000
kernel,vector,i64,1000000,full,desc,8,1,1,1,6971958.000
kernel,vector,i64,1000000,full,desc,8,1,2,1,6719666.000
kernel,vector,i64,1000000,full,desc,8,0,2,1,6788458.000
kernel,vector,i64,1000000,full,desc,8,0,3,1,7089541.000
kernel,vector,i64,1000000,full,desc,8,1,3,1,6671000.000
kernel,vector,i64,1000000,full,desc,8,1,4,1,6968833.000
kernel,vector,i64,1000000,full,desc,8,0,4,1,6896833.000
kernel,vector,i64,1000000,full,desc,8,1,5,1,6677708.000
kernel,vector,i64,1000000,full,desc,8,0,5,1,6622417.000
kernel,vector,i64,1000000,full,desc,8,0,6,1,6660375.000
kernel,vector,i64,1000000,full,desc,8,1,6,1,6771667.000
kernel,vector,i64,1000000,full,asc,11,0,0,1,5395750.000
kernel,vector,i64,1000000,full,asc,11,1,0,1,5330042.000
kernel,vector,i64,1000000,full,asc,11,0,1,1,5384667.000
kernel,vector,i64,1000000,full,asc,11,1,1,1,5337875.000
kernel,vector,i64,1000000,full,asc,11,0,2,1,5412208.000
kernel,vector,i64,1000000,full,asc,11,1,2,1,5400459.000
kernel,vector,i64,1000000,full,asc,11,0,3,1,5457333.000
kernel,vector,i64,1000000,full,asc,11,1,3,1,5467833.000
kernel,vector,i64,1000000,full,asc,11,1,4,1,5317917.000
kernel,vector,i64,1000000,full,asc,11,0,4,1,5486375.000
kernel,vector,i64,1000000,full,asc,11,0,5,1,5815041.000
kernel,vector,i64,1000000,full,asc,11,1,5,1,5338084.000
kernel,vector,i64,1000000,full,asc,11,0,6,1,5349250.000
kernel,vector,i64,1000000,full,asc,11,1,6,1,5335875.000
kernel,vector,i64,1000000,full,desc,11,1,0,1,5247875.000
kernel,vector,i64,1000000,full,desc,11,0,0,1,5557583.000
kernel,vector,i64,1000000,full,desc,11,0,1,1,5670917.000
kernel,vector,i64,1000000,full,desc,11,1,1,1,5358708.000
kernel,vector,i64,1000000,full,desc,11,1,2,1,5416208.000
kernel,vector,i64,1000000,full,desc,11,0,2,1,5646709.000
kernel,vector,i64,1000000,full,desc,11,0,3,1,5789292.000
kernel,vector,i64,1000000,full,desc,11,1,3,1,5432500.000
kernel,vector,i64,1000000,full,desc,11,1,4,1,5370333.000
kernel,vector,i64,1000000,full,desc,11,0,4,1,5539041.000
kernel,vector,i64,1000000,full,desc,11,0,5,1,5442916.000
kernel,vector,i64,1000000,full,desc,11,1,5,1,5159875.000
kernel,vector,i64,1000000,full,desc,11,1,6,1,5361000.000
kernel,vector,i64,1000000,full,desc,11,0,6,1,5575625.000
kernel,vector,i64,1000000,full,asc,15,0,0,1,8068541.000
kernel,vector,i64,1000000,full,asc,15,1,0,1,7785250.000
kernel,vector,i64,1000000,full,asc,15,1,1,1,7998375.000
kernel,vector,i64,1000000,full,asc,15,0,1,1,7849917.000
kernel,vector,i64,1000000,full,asc,15,1,2,1,7593833.000
kernel,vector,i64,1000000,full,asc,15,0,2,1,7741000.000
kernel,vector,i64,1000000,full,asc,15,0,3,1,7592291.000
kernel,vector,i64,1000000,full,asc,15,1,3,1,7669875.000
kernel,vector,i64,1000000,full,asc,15,1,4,1,7959750.000
kernel,vector,i64,1000000,full,asc,15,0,4,1,7800041.000
kernel,vector,i64,1000000,full,asc,15,0,5,1,7753958.000
kernel,vector,i64,1000000,full,asc,15,1,5,1,8140584.000
kernel,vector,i64,1000000,full,asc,15,1,6,1,7918500.000
kernel,vector,i64,1000000,full,asc,15,0,6,1,7715958.000
kernel,vector,i64,1000000,full,desc,15,1,0,1,7794084.000
kernel,vector,i64,1000000,full,desc,15,0,0,1,7750916.000
kernel,vector,i64,1000000,full,desc,15,1,1,1,7800292.000
kernel,vector,i64,1000000,full,desc,15,0,1,1,7774417.000
kernel,vector,i64,1000000,full,desc,15,0,2,1,7859083.000
kernel,vector,i64,1000000,full,desc,15,1,2,1,7838625.000
kernel,vector,i64,1000000,full,desc,15,0,3,1,7693708.000
kernel,vector,i64,1000000,full,desc,15,1,3,1,8285917.000
kernel,vector,i64,1000000,full,desc,15,0,4,1,8022250.000
kernel,vector,i64,1000000,full,desc,15,1,4,1,8090958.000
kernel,vector,i64,1000000,full,desc,15,1,5,1,8072042.000
kernel,vector,i64,1000000,full,desc,15,0,5,1,7950625.000
kernel,vector,i64,1000000,full,desc,15,0,6,1,8019084.000
kernel,vector,i64,1000000,full,desc,15,1,6,1,8084292.000
sorted,vector,i64,1000000,bits22,asc,0,1,0,1,3328625.000
sorted,vector,i64,1000000,bits22,asc,0,0,0,1,3598291.000
sorted,vector,i64,1000000,bits22,asc,0,0,1,1,3453542.000
sorted,vector,i64,1000000,bits22,asc,0,1,1,1,3304125.000
sorted,vector,i64,1000000,bits22,asc,0,0,2,1,3378958.000
sorted,vector,i64,1000000,bits22,asc,0,1,2,1,3308583.000
sorted,vector,i64,1000000,bits22,asc,0,0,3,1,3489792.000
sorted,vector,i64,1000000,bits22,asc,0,1,3,1,3403625.000
sorted,vector,i64,1000000,bits22,asc,0,1,4,1,3647625.000
sorted,vector,i64,1000000,bits22,asc,0,0,4,1,4088500.000
sorted,vector,i64,1000000,bits22,asc,0,1,5,1,3466292.000
sorted,vector,i64,1000000,bits22,asc,0,0,5,1,3907500.000
sorted,vector,i64,1000000,bits22,asc,0,1,6,1,3672542.000
sorted,vector,i64,1000000,bits22,asc,0,0,6,1,3748125.000
sorted,vector,i64,1000000,bits22,desc,0,1,0,1,3388416.000
sorted,vector,i64,1000000,bits22,desc,0,0,0,1,3300000.000
sorted,vector,i64,1000000,bits22,desc,0,0,1,1,3268750.000
sorted,vector,i64,1000000,bits22,desc,0,1,1,1,3203041.000
sorted,vector,i64,1000000,bits22,desc,0,0,2,1,3231208.000
sorted,vector,i64,1000000,bits22,desc,0,1,2,1,3193042.000
sorted,vector,i64,1000000,bits22,desc,0,1,3,1,3207208.000
sorted,vector,i64,1000000,bits22,desc,0,0,3,1,3324417.000
sorted,vector,i64,1000000,bits22,desc,0,0,4,1,3239584.000
sorted,vector,i64,1000000,bits22,desc,0,1,4,1,3315708.000
sorted,vector,i64,1000000,bits22,desc,0,0,5,1,3269750.000
sorted,vector,i64,1000000,bits22,desc,0,1,5,1,3211125.000
sorted,vector,i64,1000000,bits22,desc,0,0,6,1,3239625.000
sorted,vector,i64,1000000,bits22,desc,0,1,6,1,3278458.000
kernel,vector,i64,1000000,bits22,asc,8,1,0,1,2743459.000
kernel,vector,i64,1000000,bits22,asc,8,0,0,1,2706708.000
kernel,vector,i64,1000000,bits22,asc,8,1,1,1,2713541.000
kernel,vector,i64,1000000,bits22,asc,8,0,1,1,3088834.000
kernel,vector,i64,1000000,bits22,asc,8,1,2,1,2816208.000
kernel,vector,i64,1000000,bits22,asc,8,0,2,1,3125000.000
kernel,vector,i64,1000000,bits22,asc,8,0,3,1,3099292.000
kernel,vector,i64,1000000,bits22,asc,8,1,3,1,2742334.000
kernel,vector,i64,1000000,bits22,asc,8,1,4,1,2845083.000
kernel,vector,i64,1000000,bits22,asc,8,0,4,1,3003292.000
kernel,vector,i64,1000000,bits22,asc,8,1,5,1,2695875.000
kernel,vector,i64,1000000,bits22,asc,8,0,5,1,3224208.000
kernel,vector,i64,1000000,bits22,asc,8,1,6,1,2884000.000
kernel,vector,i64,1000000,bits22,asc,8,0,6,1,3080083.000
kernel,vector,i64,1000000,bits22,desc,8,0,0,1,2788834.000
kernel,vector,i64,1000000,bits22,desc,8,1,0,1,3006542.000
kernel,vector,i64,1000000,bits22,desc,8,1,1,1,2735083.000
kernel,vector,i64,1000000,bits22,desc,8,0,1,1,2754917.000
kernel,vector,i64,1000000,bits22,desc,8,0,2,1,2767208.000
kernel,vector,i64,1000000,bits22,desc,8,1,2,1,2813166.000
kernel,vector,i64,1000000,bits22,desc,8,0,3,1,2776708.000
kernel,vector,i64,1000000,bits22,desc,8,1,3,1,2860875.000
kernel,vector,i64,1000000,bits22,desc,8,1,4,1,2805250.000
kernel,vector,i64,1000000,bits22,desc,8,0,4,1,2816958.000
kernel,vector,i64,1000000,bits22,desc,8,0,5,1,2781125.000
kernel,vector,i64,1000000,bits22,desc,8,1,5,1,2857042.000
kernel,vector,i64,1000000,bits22,desc,8,1,6,1,2842542.000
kernel,vector,i64,1000000,bits22,desc,8,0,6,1,2737750.000
kernel,vector,i64,1000000,bits22,asc,11,0,0,1,1990834.000
kernel,vector,i64,1000000,bits22,asc,11,1,0,1,1970375.000
kernel,vector,i64,1000000,bits22,asc,11,1,1,1,1944458.000
kernel,vector,i64,1000000,bits22,asc,11,0,1,1,2003959.000
kernel,vector,i64,1000000,bits22,asc,11,0,2,1,2000459.000
kernel,vector,i64,1000000,bits22,asc,11,1,2,1,1935500.000
kernel,vector,i64,1000000,bits22,asc,11,1,3,1,1939791.000
kernel,vector,i64,1000000,bits22,asc,11,0,3,1,2230542.000
kernel,vector,i64,1000000,bits22,asc,11,0,4,1,2066208.000
kernel,vector,i64,1000000,bits22,asc,11,1,4,1,1954000.000
kernel,vector,i64,1000000,bits22,asc,11,1,5,1,2014167.000
kernel,vector,i64,1000000,bits22,asc,11,0,5,1,2083084.000
kernel,vector,i64,1000000,bits22,asc,11,1,6,1,1973291.000
kernel,vector,i64,1000000,bits22,asc,11,0,6,1,1978292.000
kernel,vector,i64,1000000,bits22,desc,11,0,0,1,2332542.000
kernel,vector,i64,1000000,bits22,desc,11,1,0,1,1937083.000
kernel,vector,i64,1000000,bits22,desc,11,1,1,1,1979708.000
kernel,vector,i64,1000000,bits22,desc,11,0,1,1,1955125.000
kernel,vector,i64,1000000,bits22,desc,11,0,2,1,2172916.000
kernel,vector,i64,1000000,bits22,desc,11,1,2,1,2116416.000
kernel,vector,i64,1000000,bits22,desc,11,1,3,1,1929792.000
kernel,vector,i64,1000000,bits22,desc,11,0,3,1,1955166.000
kernel,vector,i64,1000000,bits22,desc,11,0,4,1,2316750.000
kernel,vector,i64,1000000,bits22,desc,11,1,4,1,2049875.000
kernel,vector,i64,1000000,bits22,desc,11,1,5,1,1929709.000
kernel,vector,i64,1000000,bits22,desc,11,0,5,1,2293750.000
kernel,vector,i64,1000000,bits22,desc,11,1,6,1,1920334.000
kernel,vector,i64,1000000,bits22,desc,11,0,6,1,2244125.000
kernel,vector,i64,1000000,bits22,asc,15,0,0,1,2633500.000
kernel,vector,i64,1000000,bits22,asc,15,1,0,1,2740625.000
kernel,vector,i64,1000000,bits22,asc,15,1,1,1,2697750.000
kernel,vector,i64,1000000,bits22,asc,15,0,1,1,2661166.000
kernel,vector,i64,1000000,bits22,asc,15,1,2,1,2769458.000
kernel,vector,i64,1000000,bits22,asc,15,0,2,1,2681833.000
kernel,vector,i64,1000000,bits22,asc,15,0,3,1,2777709.000
kernel,vector,i64,1000000,bits22,asc,15,1,3,1,2712167.000
kernel,vector,i64,1000000,bits22,asc,15,1,4,1,2596541.000
kernel,vector,i64,1000000,bits22,asc,15,0,4,1,2774791.000
kernel,vector,i64,1000000,bits22,asc,15,1,5,1,2639750.000
kernel,vector,i64,1000000,bits22,asc,15,0,5,1,2609084.000
kernel,vector,i64,1000000,bits22,asc,15,0,6,1,2634500.000
kernel,vector,i64,1000000,bits22,asc,15,1,6,1,2769750.000
kernel,vector,i64,1000000,bits22,desc,15,0,0,1,2827834.000
kernel,vector,i64,1000000,bits22,desc,15,1,0,1,2704416.000
kernel,vector,i64,1000000,bits22,desc,15,0,1,1,2844459.000
kernel,vector,i64,1000000,bits22,desc,15,1,1,1,2894792.000
kernel,vector,i64,1000000,bits22,desc,15,0,2,1,2551000.000
kernel,vector,i64,1000000,bits22,desc,15,1,2,1,2965958.000
kernel,vector,i64,1000000,bits22,desc,15,0,3,1,2796209.000
kernel,vector,i64,1000000,bits22,desc,15,1,3,1,2816917.000
kernel,vector,i64,1000000,bits22,desc,15,1,4,1,2864708.000
kernel,vector,i64,1000000,bits22,desc,15,0,4,1,2685792.000
kernel,vector,i64,1000000,bits22,desc,15,0,5,1,2684500.000
kernel,vector,i64,1000000,bits22,desc,15,1,5,1,2848042.000
kernel,vector,i64,1000000,bits22,desc,15,1,6,1,2980500.000
kernel,vector,i64,1000000,bits22,desc,15,0,6,1,2623208.000
sorted,vector,i64,1000000,gaps,asc,0,1,0,1,4478625.000
sorted,vector,i64,1000000,gaps,asc,0,0,0,1,4498500.000
sorted,vector,i64,1000000,gaps,asc,0,0,1,1,4514125.000
sorted,vector,i64,1000000,gaps,asc,0,1,1,1,3131792.000
sorted,vector,i64,1000000,gaps,asc,0,1,2,1,3147542.000
sorted,vector,i64,1000000,gaps,asc,0,0,2,1,4282500.000
sorted,vector,i64,1000000,gaps,asc,0,0,3,1,4271500.000
sorted,vector,i64,1000000,gaps,asc,0,1,3,1,3106000.000
sorted,vector,i64,1000000,gaps,asc,0,0,4,1,4760584.000
sorted,vector,i64,1000000,gaps,asc,0,1,4,1,3076209.000
sorted,vector,i64,1000000,gaps,asc,0,0,5,1,4438167.000
sorted,vector,i64,1000000,gaps,asc,0,1,5,1,4283042.000
sorted,vector,i64,1000000,gaps,asc,0,1,6,1,4410833.000
sorted,vector,i64,1000000,gaps,asc,0,0,6,1,4296916.000
sorted,vector,i64,1000000,gaps,desc,0,0,0,1,4038708.000
sorted,vector,i64,1000000,gaps,desc,0,1,0,1,4031667.000
sorted,vector,i64,1000000,gaps,desc,0,0,1,1,4117417.000
sorted,vector,i64,1000000,gaps,desc,0,1,1,1,4050958.000
sorted,vector,i64,1000000,gaps,desc,0,1,2,1,4172417.000
sorted,vector,i64,1000000,gaps,desc,0,0,2,1,4027416.000
sorted,vector,i64,1000000,gaps,desc,0,1,3,1,4095542.000
sorted,vector,i64,1000000,gaps,desc,0,0,3,1,4535917.000
sorted,vector,i64,1000000,gaps,desc,0,1,4,1,4476625.000
sorted,vector,i64,1000000,gaps,desc,0,0,4,1,4594542.000
sorted,vector,i64,1000000,gaps,desc,0,0,5,1,4569333.000
sorted,vector,i64,1000000,gaps,desc,0,1,5,1,4166042.000
sorted,vector,i64,1000000,gaps,desc,0,0,6,1,4043500.000
sorted,vector,i64,1000000,gaps,desc,0,1,6,1,3960958.000
kernel,vector,i64,1000000,gaps,asc,8,1,0,1,1701708.000
kernel,vector,i64,1000000,gaps,asc,8,0,0,1,2839750.000
kernel,vector,i64,1000000,gaps,asc,8,0,1,1,2812917.000
kernel,vector,i64,1000000,gaps,asc,8,1,1,1,1840791.000
kernel,vector,i64,1000000,gaps,asc,8,0,2,1,2818333.000
kernel,vector,i64,1000000,gaps,asc,8,1,2,1,1718459.000
kernel,vector,i64,1000000,gaps,asc,8,1,3,1,1819500.000
kernel,vector,i64,1000000,gaps,asc,8,0,3,1,3086917.000
kernel,vector,i64,1000000,gaps,asc,8,0,4,1,2857333.000
kernel,vector,i64,1000000,gaps,asc,8,1,4,1,1921250.000
kernel,vector,i64,1000000,gaps,asc,8,0,5,1,3066958.000
kernel,vector,i64,1000000,gaps,asc,8,1,5,1,3031833.000
kernel,vector,i64,1000000,gaps,asc,8,1,6,1,3018334.000
kernel,vector,i64,1000000,gaps,asc,8,0,6,1,2801125.000
kernel,vector,i64,1000000,gaps,desc,8,0,0,1,3284750.000
kernel,vector,i64,1000000,gaps,desc,8,1,0,1,3207292.000
kernel,vector,i64,1000000,gaps,desc,8,0,1,1,2913416.000
kernel,vector,i64,1000000,gaps,desc,8,1,1,1,2982792.000
kernel,vector,i64,1000000,gaps,desc,8,0,2,1,3352292.000
kernel,vector,i64,1000000,gaps,desc,8,1,2,1,2895875.000
kernel,vector,i64,1000000,gaps,desc,8,0,3,1,2815750.000
kernel,vector,i64,1000000,gaps,desc,8,1,3,1,2974667.000
kernel,vector,i64,1000000,gaps,desc,8,0,4,1,2857708.000
kernel,vector,i64,1000000,gaps,desc,8,1,4,1,2834959.000
kernel,vector,i64,1000000,gaps,desc,8,1,5,1,2832291.000
kernel,vector,i64,1000000,gaps,desc,8,0,5,1,2788875.000
kernel,vector,i64,1000000,gaps,desc,8,0,6,1,2886167.000
kernel,vector,i64,1000000,gaps,desc,8,1,6,1,2831375.000
kernel,vector,i64,1000000,gaps,asc,11,1,0,1,4200083.000
kernel,vector,i64,1000000,gaps,asc,11,0,0,1,3605125.000
kernel,vector,i64,1000000,gaps,asc,11,0,1,1,3566708.000
kernel,vector,i64,1000000,gaps,asc,11,1,1,1,4244459.000
kernel,vector,i64,1000000,gaps,asc,11,0,2,1,3594333.000
kernel,vector,i64,1000000,gaps,asc,11,1,2,1,4252291.000
kernel,vector,i64,1000000,gaps,asc,11,1,3,1,4233584.000
kernel,vector,i64,1000000,gaps,asc,11,0,3,1,3675083.000
kernel,vector,i64,1000000,gaps,asc,11,1,4,1,4176833.000
kernel,vector,i64,1000000,gaps,asc,11,0,4,1,3599542.000
kernel,vector,i64,1000000,gaps,asc,11,1,5,1,4210125.000
kernel,vector,i64,1000000,gaps,asc,11,0,5,1,3627417.000
kernel,vector,i64,1000000,gaps,asc,11,0,6,1,3640375.000
kernel,vector,i64,1000000,gaps,asc,11,1,6,1,4059666.000
kernel,vector,i64,1000000,gaps,desc,11,0,0,1,3366000.000
kernel,vector,i64,1000000,gaps,desc,11,1,0,1,4160167.000
kernel,vector,i64,1000000,gaps,desc,11,1,1,1,4195292.000
kernel,vector,i64,1000000,gaps,desc,11,0,1,1,3471291.000
kernel,vector,i64,1000000,gaps,desc,11,1,2,1,4116042.000
kernel,vector,i64,1000000,gaps,desc,11,0,2,1,3522459.000
kernel,vector,i64,1000000,gaps,desc,11,0,3,1,3499584.000
kernel,vector,i64,1000000,gaps,desc,11,1,3,1,4214583.000
kernel,vector,i64,1000000,gaps,desc,11,1,4,1,4194791.000
kernel,vector,i64,1000000,gaps,desc,11,0,4,1,3580541.000
kernel,vector,i64,1000000,gaps,desc,11,0,5,1,3583500.000
kernel,vector,i64,1000000,gaps,desc,11,1,5,1,4045750.000
kernel,vector,i64,1000000,gaps,desc,11,0,6,1,3688584.000
kernel,vector,i64,1000000,gaps,desc,11,1,6,1,4140500.000
kernel,vector,i64,1000000,gaps,asc,15,0,0,1,2323500.000
kernel,vector,i64,1000000,gaps,asc,15,1,0,1,1939500.000
kernel,vector,i64,1000000,gaps,asc,15,0,1,1,2289375.000
kernel,vector,i64,1000000,gaps,asc,15,1,1,1,2014542.000
kernel,vector,i64,1000000,gaps,asc,15,0,2,1,2170500.000
kernel,vector,i64,1000000,gaps,asc,15,1,2,1,1988333.000
kernel,vector,i64,1000000,gaps,asc,15,1,3,1,2085458.000
kernel,vector,i64,1000000,gaps,asc,15,0,3,1,2038375.000
kernel,vector,i64,1000000,gaps,asc,15,1,4,1,1995875.000
kernel,vector,i64,1000000,gaps,asc,15,0,4,1,2678583.000
kernel,vector,i64,1000000,gaps,asc,15,1,5,1,2130042.000
kernel,vector,i64,1000000,gaps,asc,15,0,5,1,1975750.000
kernel,vector,i64,1000000,gaps,asc,15,1,6,1,2050833.000
kernel,vector,i64,1000000,gaps,asc,15,0,6,1,2380917.000
kernel,vector,i64,1000000,gaps,desc,15,0,0,1,2013291.000
kernel,vector,i64,1000000,gaps,desc,15,1,0,1,2011000.000
kernel,vector,i64,1000000,gaps,desc,15,0,1,1,2010000.000
kernel,vector,i64,1000000,gaps,desc,15,1,1,1,2726250.000
kernel,vector,i64,1000000,gaps,desc,15,1,2,1,2024208.000
kernel,vector,i64,1000000,gaps,desc,15,0,2,1,2343416.000
kernel,vector,i64,1000000,gaps,desc,15,0,3,1,2381042.000
kernel,vector,i64,1000000,gaps,desc,15,1,3,1,2759375.000
kernel,vector,i64,1000000,gaps,desc,15,1,4,1,2026000.000
kernel,vector,i64,1000000,gaps,desc,15,0,4,1,2028583.000
kernel,vector,i64,1000000,gaps,desc,15,0,5,1,2000667.000
kernel,vector,i64,1000000,gaps,desc,15,1,5,1,2123833.000
kernel,vector,i64,1000000,gaps,desc,15,1,6,1,1988416.000
kernel,vector,i64,1000000,gaps,desc,15,0,6,1,2022417.000
sorted,vector,i64,1000000,few,asc,0,1,0,1,2585625.000
sorted,vector,i64,1000000,few,asc,0,0,0,1,2609083.000
sorted,vector,i64,1000000,few,asc,0,0,1,1,2562625.000
sorted,vector,i64,1000000,few,asc,0,1,1,1,2681500.000
sorted,vector,i64,1000000,few,asc,0,1,2,1,2609250.000
sorted,vector,i64,1000000,few,asc,0,0,2,1,2550500.000
sorted,vector,i64,1000000,few,asc,0,1,3,1,2556084.000
sorted,vector,i64,1000000,few,asc,0,0,3,1,2557458.000
sorted,vector,i64,1000000,few,asc,0,0,4,1,2523167.000
sorted,vector,i64,1000000,few,asc,0,1,4,1,2552625.000
sorted,vector,i64,1000000,few,asc,0,0,5,1,2578166.000
sorted,vector,i64,1000000,few,asc,0,1,5,1,2568917.000
sorted,vector,i64,1000000,few,asc,0,0,6,1,2526291.000
sorted,vector,i64,1000000,few,asc,0,1,6,1,2560208.000
sorted,vector,i64,1000000,few,desc,0,0,0,1,2587250.000
sorted,vector,i64,1000000,few,desc,0,1,0,1,2586000.000
sorted,vector,i64,1000000,few,desc,0,0,1,1,2818375.000
sorted,vector,i64,1000000,few,desc,0,1,1,1,2819916.000
sorted,vector,i64,1000000,few,desc,0,0,2,1,2534875.000
sorted,vector,i64,1000000,few,desc,0,1,2,1,2744000.000
sorted,vector,i64,1000000,few,desc,0,0,3,1,2565166.000
sorted,vector,i64,1000000,few,desc,0,1,3,1,2599625.000
sorted,vector,i64,1000000,few,desc,0,1,4,1,2525125.000
sorted,vector,i64,1000000,few,desc,0,0,4,1,2734834.000
sorted,vector,i64,1000000,few,desc,0,1,5,1,2839208.000
sorted,vector,i64,1000000,few,desc,0,0,5,1,2479542.000
sorted,vector,i64,1000000,few,desc,0,1,6,1,2527666.000
sorted,vector,i64,1000000,few,desc,0,0,6,1,2615416.000
kernel,vector,i64,1000000,few,asc,8,0,0,1,1276625.000
kernel,vector,i64,1000000,few,asc,8,1,0,1,1420375.000
kernel,vector,i64,1000000,few,asc,8,1,1,1,1328500.000
kernel,vector,i64,1000000,few,asc,8,0,1,1,1312667.000
kernel,vector,i64,1000000,few,asc,8,0,2,1,1262375.000
kernel,vector,i64,1000000,few,asc,8,1,2,1,1346584.000
kernel,vector,i64,1000000,few,asc,8,1,3,1,1396250.000
kernel,vector,i64,1000000,few,asc,8,0,3,1,1417167.000
kernel,vector,i64,1000000,few,asc,8,0,4,1,1385375.000
kernel,vector,i64,1000000,few,asc,8,1,4,1,1300375.000
kernel,vector,i64,1000000,few,asc,8,1,5,1,1341875.000
kernel,vector,i64,1000000,few,asc,8,0,5,1,1377125.000
kernel,vector,i64,1000000,few,asc,8,1,6,1,1348125.000
kernel,vector,i64,1000000,few,asc,8,0,6,1,1286208.000
kernel,vector,i64,1000000,few,desc,8,0,0,1,1313416.000
kernel,vector,i64,1000000,few,desc,8,1,0,1,1408209.000
kernel,vector,i64,1000000,few,desc,8,0,1,1,1291667.000
kernel,vector,i64,1000000,few,desc,8,1,1,1,1391209.000
kernel,vector,i64,1000000,few,desc,8,1,2,1,1390750.000
kernel,vector,i64,1000000,few,desc,8,0,2,1,1317125.000
kernel,vector,i64,1000000,few,desc,8,0,3,1,1375958.000
kernel,vector,i64,1000000,few,desc,8,1,3,1,1358125.000
kernel,vector,i64,1000000,few,desc,8,0,4,1,1347541.000
kernel,vector,i64,1000000,few,desc,8,1,4,1,1365834.000
kernel,vector,i64,1000000,few,desc,8,0,5,1,1322750.000
kernel,vector,i64,1000000,few,desc,8,1,5,1,1386125.000
kernel,vector,i64,1000000,few,desc,8,0,6,1,1355041.000
kernel,vector,i64,1000000,few,desc,8,1,6,1,1454792.000
kernel,vector,i64,1000000,few,asc,11,0,0,1,1299000.000
kernel,vector,i64,1000000,few,asc,11,1,0,1,1484875.000
kernel,vector,i64,1000000,few,asc,11,0,1,1,1267833.000
kernel,vector,i64,1000000,few,asc,11,1,1,1,1338750.000
kernel,vector,i64,1000000,few,asc,11,0,2,1,1298334.000
kernel,vector,i64,1000000,few,asc,11,1,2,1,1377125.000
kernel,vector,i64,1000000,few,asc,11,1,3,1,1319834.000
kernel,vector,i64,1000000,few,asc,11,0,3,1,1316459.000
kernel,vector,i64,1000000,few,asc,11,0,4,1,1390041.000
kernel,vector,i64,1000000,few,asc,11,1,4,1,1333500.000
kernel,vector,i64,1000000,few,asc,11,0,5,1,1262667.000
kernel,vector,i64,1000000,few,asc,11,1,5,1,1363917.000
kernel,vector,i64,1000000,few,asc,11,0,6,1,1256000.000
kernel,vector,i64,1000000,few,asc,11,1,6,1,1358041.000
kernel,vector,i64,1000000,few,desc,11,1,0,1,1406750.000
kernel,vector,i64,1000000,few,desc,11,0,0,1,1282583.000
kernel,vector,i64,1000000,few,desc,11,1,1,1,1349792.000
kernel,vector,i64,1000000,few,desc,11,0,1,1,1287625.000
kernel,vector,i64,1000000,few,desc,11,0,2,1,1281250.000
kernel,vector,i64,1000000,few,desc,11,1,2,1,1356250.000
kernel,vector,i64,1000000,few,desc,11,0,3,1,1355750.000
kernel,vector,i64,1000000,few,desc,11,1,3,1,1344208.000
kernel,vector,i64,1000000,few,desc,11,1,4,1,1393916.000
kernel,vector,i64,1000000,few,desc,11,0,4,1,1327875.000
kernel,vector,i64,1000000,few,desc,11,1,5,1,1382917.000
kernel,vector,i64,1000000,few,desc,11,0,5,1,1306291.000
kernel,vector,i64,1000000,few,desc,11,1,6,1,1365000.000
kernel,vector,i64,1000000,few,desc,11,0,6,1,1317916.000
kernel,vector,i64,1000000,few,asc,15,1,0,1,1365000.000
kernel,vector,i64,1000000,few,asc,15,0,0,1,1419959.000
kernel,vector,i64,1000000,few,asc,15,1,1,1,1427666.000
kernel,vector,i64,1000000,few,asc,15,0,1,1,1324000.000
kernel,vector,i64,1000000,few,asc,15,1,2,1,1429166.000
kernel,vector,i64,1000000,few,asc,15,0,2,1,1323542.000
kernel,vector,i64,1000000,few,asc,15,0,3,1,1327417.000
kernel,vector,i64,1000000,few,asc,15,1,3,1,1368417.000
kernel,vector,i64,1000000,few,asc,15,1,4,1,1375375.000
kernel,vector,i64,1000000,few,asc,15,0,4,1,1305958.000
kernel,vector,i64,1000000,few,asc,15,1,5,1,1382709.000
kernel,vector,i64,1000000,few,asc,15,0,5,1,1395500.000
kernel,vector,i64,1000000,few,asc,15,0,6,1,1320458.000
kernel,vector,i64,1000000,few,asc,15,1,6,1,1356708.000
kernel,vector,i64,1000000,few,desc,15,0,0,1,1279166.000
kernel,vector,i64,1000000,few,desc,15,1,0,1,1456667.000
kernel,vector,i64,1000000,few,desc,15,0,1,1,1460334.000
kernel,vector,i64,1000000,few,desc,15,1,1,1,1462000.000
kernel,vector,i64,1000000,few,desc,15,0,2,1,1328834.000
kernel,vector,i64,1000000,few,desc,15,1,2,1,1431500.000
kernel,vector,i64,1000000,few,desc,15,1,3,1,1404708.000
kernel,vector,i64,1000000,few,desc,15,0,3,1,1372708.000
kernel,vector,i64,1000000,few,desc,15,1,4,1,1417417.000
kernel,vector,i64,1000000,few,desc,15,0,4,1,1407750.000
kernel,vector,i64,1000000,few,desc,15,1,5,1,1410458.000
kernel,vector,i64,1000000,few,desc,15,0,5,1,1365166.000
kernel,vector,i64,1000000,few,desc,15,1,6,1,1411833.000
kernel,vector,i64,1000000,few,desc,15,0,6,1,1414000.000
sorted,vector,i64,1000000,ordered,asc,0,1,0,2,256500.000
sorted,vector,i64,1000000,ordered,asc,0,0,0,2,256313.000
sorted,vector,i64,1000000,ordered,asc,0,1,1,3,246749.667
sorted,vector,i64,1000000,ordered,asc,0,0,1,3,229930.333
sorted,vector,i64,1000000,ordered,asc,0,0,2,3,223083.333
sorted,vector,i64,1000000,ordered,asc,0,1,2,3,223333.333
sorted,vector,i64,1000000,ordered,asc,0,0,3,3,225277.667
sorted,vector,i64,1000000,ordered,asc,0,1,3,2,251979.000
sorted,vector,i64,1000000,ordered,asc,0,1,4,3,223805.333
sorted,vector,i64,1000000,ordered,asc,0,0,4,3,228250.333
sorted,vector,i64,1000000,ordered,asc,0,1,5,3,223055.667
sorted,vector,i64,1000000,ordered,asc,0,0,5,3,233083.333
sorted,vector,i64,1000000,ordered,asc,0,1,6,3,234403.000
sorted,vector,i64,1000000,ordered,asc,0,0,6,3,223638.667
sorted,vector,i64,1000000,ordered,desc,0,0,0,2,340354.000
sorted,vector,i64,1000000,ordered,desc,0,1,0,2,327562.500
sorted,vector,i64,1000000,ordered,desc,0,0,1,2,325625.000
sorted,vector,i64,1000000,ordered,desc,0,1,1,2,332729.000
sorted,vector,i64,1000000,ordered,desc,0,1,2,2,346333.500
sorted,vector,i64,1000000,ordered,desc,0,0,2,2,338625.000
sorted,vector,i64,1000000,ordered,desc,0,0,3,2,348520.500
sorted,vector,i64,1000000,ordered,desc,0,1,3,2,324938.000
sorted,vector,i64,1000000,ordered,desc,0,0,4,2,343000.000
sorted,vector,i64,1000000,ordered,desc,0,1,4,2,325312.500
sorted,vector,i64,1000000,ordered,desc,0,0,5,2,327666.500
sorted,vector,i64,1000000,ordered,desc,0,1,5,2,342271.000
sorted,vector,i64,1000000,ordered,desc,0,1,6,2,337770.500
sorted,vector,i64,1000000,ordered,desc,0,0,6,2,333021.000
sorted,vector,i64,1000000,reverse,asc,0,1,0,2,331688.000
sorted,vector,i64,1000000,reverse,asc,0,0,0,2,342750.000
sorted,vector,i64,1000000,reverse,asc,0,0,1,2,328937.500
sorted,vector,i64,1000000,reverse,asc,0,1,1,2,331375.000
sorted,vector,i64,1000000,reverse,asc,0,0,2,2,336312.500
sorted,vector,i64,1000000,reverse,asc,0,1,2,2,341187.500
sorted,vector,i64,1000000,reverse,asc,0,1,3,2,336729.000
sorted,vector,i64,1000000,reverse,asc,0,0,3,2,324354.500
sorted,vector,i64,1000000,reverse,asc,0,1,4,2,324958.500
sorted,vector,i64,1000000,reverse,asc,0,0,4,2,323937.500
sorted,vector,i64,1000000,reverse,asc,0,0,5,1,695959.000
sorted,vector,i64,1000000,reverse,asc,0,1,5,2,340333.500
sorted,vector,i64,1000000,reverse,asc,0,1,6,2,327687.500
sorted,vector,i64,1000000,reverse,asc,0,0,6,2,324958.500
sorted,vector,i64,1000000,reverse,desc,0,1,0,3,232028.000
sorted,vector,i64,1000000,reverse,desc,0,0,0,3,231875.000
sorted,vector,i64,1000000,reverse,desc,0,1,1,3,228583.333
sorted,vector,i64,1000000,reverse,desc,0,0,1,3,228180.667
sorted,vector,i64,1000000,reverse,desc,0,1,2,3,230555.333
sorted,vector,i64,1000000,reverse,desc,0,0,2,3,229097.000
sorted,vector,i64,1000000,reverse,desc,0,0,3,3,234694.333
sorted,vector,i64,1000000,reverse,desc,0,1,3,3,233833.333
sorted,vector,i64,1000000,reverse,desc,0,1,4,3,241708.333
sorted,vector,i64,1000000,reverse,desc,0,0,4,3,230055.667
sorted,vector,i64,1000000,reverse,desc,0,1,5,3,248375.000
sorted,vector,i64,1000000,reverse,desc,0,0,5,3,234167.000
sorted,vector,i64,1000000,reverse,desc,0,1,6,3,230277.667
sorted,vector,i64,1000000,reverse,desc,0,0,6,3,235888.667
sorted,vector,i64,1000000,nearly,asc,0,1,0,1,5762958.000
sorted,vector,i64,1000000,nearly,asc,0,0,0,1,5463208.000
sorted,vector,i64,1000000,nearly,asc,0,1,1,1,6073917.000
sorted,vector,i64,1000000,nearly,asc,0,0,1,1,6417167.000
sorted,vector,i64,1000000,nearly,asc,0,0,2,1,6428250.000
sorted,vector,i64,1000000,nearly,asc,0,1,2,1,5898834.000
sorted,vector,i64,1000000,nearly,asc,0,1,3,1,5817792.000
sorted,vector,i64,1000000,nearly,asc,0,0,3,1,5637917.000
sorted,vector,i64,1000000,nearly,asc,0,1,4,1,5616708.000
sorted,vector,i64,1000000,nearly,asc,0,0,4,1,6049625.000
sorted,vector,i64,1000000,nearly,asc,0,1,5,1,5623958.000
sorted,vector,i64,1000000,nearly,asc,0,0,5,1,5755208.000
sorted,vector,i64,1000000,nearly,asc,0,0,6,1,5855917.000
sorted,vector,i64,1000000,nearly,asc,0,1,6,1,5649791.000
sorted,vector,i64,1000000,nearly,desc,0,0,0,1,5897709.000
sorted,vector,i64,1000000,nearly,desc,0,1,0,1,5710166.000
sorted,vector,i64,1000000,nearly,desc,0,1,1,1,5695167.000
sorted,vector,i64,1000000,nearly,desc,0,0,1,1,5898042.000
sorted,vector,i64,1000000,nearly,desc,0,1,2,1,5730500.000
sorted,vector,i64,1000000,nearly,desc,0,0,2,1,6373500.000
sorted,vector,i64,1000000,nearly,desc,0,1,3,1,5835000.000
sorted,vector,i64,1000000,nearly,desc,0,0,3,1,5593875.000
sorted,vector,i64,1000000,nearly,desc,0,1,4,1,5926541.000
sorted,vector,i64,1000000,nearly,desc,0,0,4,1,6019542.000
sorted,vector,i64,1000000,nearly,desc,0,1,5,1,5747167.000
sorted,vector,i64,1000000,nearly,desc,0,0,5,1,6104583.000
sorted,vector,i64,1000000,nearly,desc,0,1,6,1,5770500.000
sorted,vector,i64,1000000,nearly,desc,0,0,6,1,5535542.000
sorted,vector,i64,1000000,equal,asc,0,0,0,3,222694.333
sorted,vector,i64,1000000,equal,asc,0,1,0,3,222541.667
sorted,vector,i64,1000000,equal,asc,0,1,1,3,230139.000
sorted,vector,i64,1000000,equal,asc,0,0,1,3,224041.667
sorted,vector,i64,1000000,equal,asc,0,1,2,3,229194.667
sorted,vector,i64,1000000,equal,asc,0,0,2,3,222611.000
sorted,vector,i64,1000000,equal,asc,0,1,3,3,222736.000
sorted,vector,i64,1000000,equal,asc,0,0,3,3,230124.667
sorted,vector,i64,1000000,equal,asc,0,0,4,3,230055.333
sorted,vector,i64,1000000,equal,asc,0,1,4,3,227319.667
sorted,vector,i64,1000000,equal,asc,0,1,5,3,232861.333
sorted,vector,i64,1000000,equal,asc,0,0,5,3,235083.333
sorted,vector,i64,1000000,equal,asc,0,0,6,3,228042.333
sorted,vector,i64,1000000,equal,asc,0,1,6,3,224833.333
sorted,vector,i64,1000000,equal,desc,0,1,0,3,232472.000
sorted,vector,i64,1000000,equal,desc,0,0,0,3,229542.000
sorted,vector,i64,1000000,equal,desc,0,0,1,3,237680.333
sorted,vector,i64,1000000,equal,desc,0,1,1,3,234236.000
sorted,vector,i64,1000000,equal,desc,0,0,2,3,231889.000
sorted,vector,i64,1000000,equal,desc,0,1,2,3,226819.667
sorted,vector,i64,1000000,equal,desc,0,0,3,3,234249.667
sorted,vector,i64,1000000,equal,desc,0,1,3,3,229569.667
sorted,vector,i64,1000000,equal,desc,0,1,4,3,231528.000
sorted,vector,i64,1000000,equal,desc,0,0,4,3,228416.667
sorted,vector,i64,1000000,equal,desc,0,0,5,3,243569.667
sorted,vector,i64,1000000,equal,desc,0,1,5,3,223653.000
sorted,vector,i64,1000000,equal,desc,0,0,6,3,236888.667
sorted,vector,i64,1000000,equal,desc,0,1,6,3,226514.000
sorted,array,i64,65536,full,asc,0,1,0,2,411853.500
sorted,array,i64,65536,full,asc,0,0,0,2,405479.500
sorted,array,i64,65536,full,asc,0,0,1,2,403250.000
sorted,array,i64,65536,full,asc,0,1,1,2,393895.500
sorted,array,i64,65536,full,asc,0,0,2,2,422354.500
sorted,array,i64,65536,full,asc,0,1,2,1,537333.000
sorted,array,i64,65536,full,asc,0,1,3,2,381604.500
sorted,array,i64,65536,full,asc,0,0,3,2,400708.000
sorted,array,i64,65536,full,asc,0,0,4,2,383728.500
sorted,array,i64,65536,full,asc,0,1,4,2,374708.500
sorted,array,i64,65536,full,asc,0,0,5,2,477833.000
sorted,array,i64,65536,full,asc,0,1,5,2,395979.000
sorted,array,i64,65536,full,asc,0,0,6,2,380979.000
sorted,array,i64,65536,full,asc,0,1,6,2,383041.000
sorted,array,i64,65536,full,desc,0,1,0,2,395166.500
sorted,array,i64,65536,full,desc,0,0,0,2,399209.000
sorted,array,i64,65536,full,desc,0,0,1,2,391187.500
sorted,array,i64,65536,full,desc,0,1,1,2,382896.000
sorted,array,i64,65536,full,desc,0,0,2,2,402250.000
sorted,array,i64,65536,full,desc,0,1,2,2,392729.000
sorted,array,i64,65536,full,desc,0,1,3,2,564271.000
sorted,array,i64,65536,full,desc,0,0,3,2,400937.500
sorted,array,i64,65536,full,desc,0,1,4,2,409708.000
sorted,array,i64,65536,full,desc,0,0,4,2,396688.000
sorted,array,i64,65536,full,desc,0,0,5,2,400729.000
sorted,array,i64,65536,full,desc,0,1,5,2,398708.500
sorted,array,i64,65536,full,desc,0,1,6,2,395020.500
sorted,array,i64,65536,full,desc,0,0,6,2,396438.000
sorted,array,i64,65536,bits22,asc,0,0,0,3,170305.667
sorted,array,i64,65536,bits22,asc,0,1,0,3,182680.667
sorted,array,i64,65536,bits22,asc,0,1,1,4,165656.000
sorted,array,i64,65536,bits22,asc,0,0,1,3,166778.000
sorted,array,i64,65536,bits22,asc,0,1,2,3,173472.333
sorted,array,i64,65536,bits22,asc,0,0,2,3,172292.000
sorted,array,i64,65536,bits22,asc,0,1,3,3,181444.667
sorted,array,i64,65536,bits22,asc,0,0,3,3,179597.000
sorted,array,i64,65536,bits22,asc,0,1,4,3,176972.333
sorted,array,i64,65536,bits22,asc,0,0,4,3,169097.333
sorted,array,i64,65536,bits22,asc,0,1,5,3,179930.333
sorted,array,i64,65536,bits22,asc,0,0,5,3,177180.333
sorted,array,i64,65536,bits22,asc,0,0,6,3,179930.333
sorted,array,i64,65536,bits22,asc,0,1,6,3,175610.667
sorted,array,i64,65536,bits22,desc,0,1,0,3,179569.667
sorted,array,i64,65536,bits22,desc,0,0,0,3,176680.333
sorted,array,i64,65536,bits22,desc,0,1,1,3,173125.333
sorted,array,i64,65536,bits22,desc,0,0,1,3,169972.000
sorted,array,i64,65536,bits22,desc,0,1,2,3,168236.000
sorted,array,i64,65536,bits22,desc,0,0,2,4,168021.000
sorted,array,i64,65536,bits22,desc,0,1,3,4,167437.500
sorted,array,i64,65536,bits22,desc,0,0,3,4,168250.000
sorted,array,i64,65536,bits22,desc,0,0,4,3,182861.333
sorted,array,i64,65536,bits22,desc,0,1,4,3,171722.333
sorted,array,i64,65536,bits22,desc,0,1,5,4,168667.000
sorted,array,i64,65536,bits22,desc,0,0,5,4,165874.750
sorted,array,i64,65536,bits22,desc,0,1,6,3,175528.000
sorted,array,i64,65536,bits22,desc,0,0,6,3,168986.333
sorted,array,i64,65536,gaps,asc,0,1,0,2,277854.500
sorted,array,i64,65536,gaps,asc,0,0,0,2,261104.500
sorted,array,i64,65536,gaps,asc,0,0,1,2,296979.000
sorted,array,i64,65536,gaps,asc,0,1,1,3,268666.667
sorted,array,i64,65536,gaps,asc,0,1,2,2,264541.500
sorted,array,i64,65536,gaps,asc,0,0,2,2,293812.000
sorted,array,i64,65536,gaps,asc,0,1,3,2,326354.500
sorted,array,i64,65536,gaps,asc,0,0,3,2,321937.000
sorted,array,i64,65536,gaps,asc,0,1,4,2,292916.500
sorted,array,i64,65536,gaps,asc,0,0,4,2,289187.500
sorted,array,i64,65536,gaps,asc,0,1,5,2,272896.000
sorted,array,i64,65536,gaps,asc,0,0,5,2,276687.500
sorted,array,i64,65536,gaps,asc,0,1,6,2,261583.500
sorted,array,i64,65536,gaps,asc,0,0,6,2,273854.000
sorted,array,i64,65536,gaps,desc,0,0,0,2,298500.000
sorted,array,i64,65536,gaps,desc,0,1,0,2,304104.000
sorted,array,i64,65536,gaps,desc,0,1,1,2,308583.500
sorted,array,i64,65536,gaps,desc,0,0,1,2,298750.000
sorted,array,i64,65536,gaps,desc,0,0,2,2,301083.500
sorted,array,i64,65536,gaps,desc,0,1,2,2,293500.500
sorted,array,i64,65536,gaps,desc,0,0,3,2,294541.500
sorted,array,i64,65536,gaps,desc,0,1,3,2,279625.000
sorted,array,i64,65536,gaps,desc,0,0,4,2,301542.000
sorted,array,i64,65536,gaps,desc,0,1,4,2,279021.000
sorted,array,i64,65536,gaps,desc,0,0,5,2,303520.500
sorted,array,i64,65536,gaps,desc,0,1,5,2,284208.500
sorted,array,i64,65536,gaps,desc,0,0,6,2,294291.500
sorted,array,i64,65536,gaps,desc,0,1,6,2,289270.500
sorted,array,i64,65536,few,asc,0,1,0,4,142468.750
sorted,array,i64,65536,few,asc,0,0,0,4,156229.000
sorted,array,i64,65536,few,asc,0,0,1,4,155333.250
sorted,array,i64,65536,few,asc,0,1,1,4,138927.000
sorted,array,i64,65536,few,asc,0,0,2,4,152333.250
sorted,array,i64,65536,few,asc,0,1,2,4,137062.250
sorted,array,i64,65536,few,asc,0,0,3,4,152145.500
sorted,array,i64,65536,few,asc,0,1,3,4,135166.500
sorted,array,i64,65536,few,asc,0,0,4,4,152978.750
sorted,array,i64,65536,few,asc,0,1,4,4,137114.500
sorted,array,i64,65536,few,asc,0,1,5,4,139229.000
sorted,array,i64,65536,few,asc,0,0,5,4,151073.000
sorted,array,i64,65536,few,asc,0,1,6,4,136229.500
sorted,array,i64,65536,few,asc,0,0,6,4,150323.000
sorted,array,i64,65536,few,desc,0,1,0,4,156843.500
sorted,array,i64,65536,few,desc,0,0,0,3,176138.667
sorted,array,i64,65536,few,desc,0,0,1,3,177667.000
sorted,array,i64,65536,few,desc,0,1,1,4,153073.000
sorted,array,i64,65536,few,desc,0,1,2,4,152687.500
sorted,array,i64,65536,few,desc,0,0,2,3,169708.333
sorted,array,i64,65536,few,desc,0,0,3,3,179319.333
sorted,array,i64,65536,few,desc,0,1,3,4,149885.500
sorted,array,i64,65536,few,desc,0,0,4,3,173945.000
sorted,array,i64,65536,few,desc,0,1,4,4,151979.250
sorted,array,i64,65536,few,desc,0,1,5,4,156197.750
sorted,array,i64,65536,few,desc,0,0,5,3,173583.333
sorted,array,i64,65536,few,desc,0,0,6,3,167347.000
sorted,array,i64,65536,few,desc,0,1,6,4,156718.750
sorted,array,i64,65536,ordered,asc,0,0,0,15,34027.733
sorted,array,i64,65536,ordered,asc,0,1,0,15,34800.067
sorted,array,i64,65536,ordered,asc,0,1,1,15,34116.800
sorted,array,i64,65536,ordered,asc,0,0,1,15,34769.400
sorted,array,i64,65536,ordered,asc,0,0,2,15,34699.800
sorted,array,i64,65536,ordered,asc,0,1,2,15,35555.467
sorted,array,i64,65536,ordered,asc,0,0,3,15,35349.867
sorted,array,i64,65536,ordered,asc,0,1,3,15,34800.000
sorted,array,i64,65536,ordered,asc,0,0,4,15,34319.600
sorted,array,i64,65536,ordered,asc,0,1,4,15,35019.533
sorted,array,i64,65536,ordered,asc,0,1,5,15,35394.400
sorted,array,i64,65536,ordered,asc,0,0,5,15,35405.467
sorted,array,i64,65536,ordered,asc,0,0,6,15,34380.467
sorted,array,i64,65536,ordered,asc,0,1,6,15,35005.667
sorted,array,i64,65536,ordered,desc,0,1,0,11,46731.182
sorted,array,i64,65536,ordered,desc,0,0,0,11,48155.455
sorted,array,i64,65536,ordered,desc,0,1,1,11,48318.000
sorted,array,i64,65536,ordered,desc,0,0,1,11,47151.455
sorted,array,i64,65536,ordered,desc,0,0,2,11,47511.364
sorted,array,i64,65536,ordered,desc,0,1,2,11,46670.455
sorted,array,i64,65536,ordered,desc,0,1,3,11,47890.091
sorted,array,i64,65536,ordered,desc,0,0,3,11,47583.091
sorted,array,i64,65536,ordered,desc,0,1,4,11,46780.364
sorted,array,i64,65536,ordered,desc,0,0,4,11,47829.636
sorted,array,i64,65536,ordered,desc,0,0,5,11,47458.455
sorted,array,i64,65536,ordered,desc,0,1,5,11,47356.091
sorted,array,i64,65536,ordered,desc,0,0,6,11,47977.091
sorted,array,i64,65536,ordered,desc,0,1,6,11,47591.000
sorted,array,i64,65536,reverse,asc,0,1,0,12,44225.667
sorted,array,i64,65536,reverse,asc,0,0,0,12,43555.833
sorted,array,i64,65536,reverse,asc,0,0,1,12,43562.417
sorted,array,i64,65536,reverse,asc,0,1,1,12,43566.000
sorted,array,i64,65536,reverse,asc,0,1,2,12,45257.167
sorted,array,i64,65536,reverse,asc,0,0,2,11,45602.182
sorted,array,i64,65536,reverse,asc,0,0,3,11,49272.818
sorted,array,i64,65536,reverse,asc,0,1,3,11,47193.182
sorted,array,i64,65536,reverse,asc,0,0,4,11,46450.727
sorted,array,i64,65536,reverse,asc,0,1,4,11,46568.273
sorted,array,i64,65536,reverse,asc,0,1,5,11,46697.091
sorted,array,i64,65536,reverse,asc,0,0,5,11,46765.091
sorted,array,i64,65536,reverse,asc,0,0,6,11,46859.818
sorted,array,i64,65536,reverse,asc,0,1,6,11,46769.091
sorted,array,i64,65536,reverse,desc,0,1,0,15,34711.133
sorted,array,i64,65536,reverse,desc,0,0,0,15,34013.933
sorted,array,i64,65536,reverse,desc,0,0,1,15,35183.333
sorted,array,i64,65536,reverse,desc,0,1,1,15,34188.800
sorted,array,i64,65536,reverse,desc,0,0,2,15,35033.333
sorted,array,i64,65536,reverse,desc,0,1,2,15,34041.733
sorted,array,i64,65536,reverse,desc,0,0,3,15,34730.467
sorted,array,i64,65536,reverse,desc,0,1,3,15,34605.667
sorted,array,i64,65536,reverse,desc,0,1,4,15,34969.467
sorted,array,i64,65536,reverse,desc,0,0,4,15,34141.733
sorted,array,i64,65536,reverse,desc,0,0,5,15,34930.467
sorted,array,i64,65536,reverse,desc,0,1,5,15,35099.933
sorted,array,i64,65536,reverse,desc,0,0,6,15,35205.400
sorted,array,i64,65536,reverse,desc,0,1,6,15,35060.933
sorted,array,i64,65536,nearly,asc,0,0,0,2,366688.000
sorted,array,i64,65536,nearly,asc,0,1,0,2,373916.500
sorted,array,i64,65536,nearly,asc,0,0,1,2,374979.000
sorted,array,i64,65536,nearly,asc,0,1,1,2,384916.500
sorted,array,i64,65536,nearly,asc,0,1,2,2,370979.000
sorted,array,i64,65536,nearly,asc,0,0,2,2,376396.000
sorted,array,i64,65536,nearly,asc,0,1,3,2,369270.500
sorted,array,i64,65536,nearly,asc,0,0,3,2,372479.000
sorted,array,i64,65536,nearly,asc,0,1,4,2,381937.500
sorted,array,i64,65536,nearly,asc,0,0,4,2,374916.500
sorted,array,i64,65536,nearly,asc,0,1,5,2,370479.000
sorted,array,i64,65536,nearly,asc,0,0,5,2,379208.000
sorted,array,i64,65536,nearly,asc,0,1,6,2,378062.500
sorted,array,i64,65536,nearly,asc,0,0,6,2,397583.500
sorted,array,i64,65536,nearly,desc,0,0,0,2,371833.500
sorted,array,i64,65536,nearly,desc,0,1,0,2,382041.500
sorted,array,i64,65536,nearly,desc,0,0,1,2,378521.000
sorted,array,i64,65536,nearly,desc,0,1,1,2,371166.500
sorted,array,i64,65536,nearly,desc,0,1,2,2,370562.500
sorted,array,i64,65536,nearly,desc,0,0,2,2,372083.000
sorted,array,i64,65536,nearly,desc,0,1,3,2,385708.500
sorted,array,i64,65536,nearly,desc,0,0,3,2,371395.500
sorted,array,i64,65536,nearly,desc,0,1,4,2,370625.500
sorted,array,i64,65536,nearly,desc,0,0,4,2,377333.500
sorted,array,i64,65536,nearly,desc,0,1,5,2,373708.500
sorted,array,i64,65536,nearly,desc,0,0,5,2,373145.500
sorted,array,i64,65536,nearly,desc,0,0,6,2,376604.000
sorted,array,i64,65536,nearly,desc,0,1,6,2,385833.500
sorted,array,i64,65536,equal,asc,0,0,0,15,34711.200
sorted,array,i64,65536,equal,asc,0,1,0,15,34508.533
sorted,array,i64,65536,equal,asc,0,0,1,15,34680.800
sorted,array,i64,65536,equal,asc,0,1,1,15,34663.867
sorted,array,i64,65536,equal,asc,0,1,2,15,34683.200
sorted,array,i64,65536,equal,asc,0,0,2,15,34511.133
sorted,array,i64,65536,equal,asc,0,1,3,15,35344.533
sorted,array,i64,65536,equal,asc,0,0,3,15,34708.400
sorted,array,i64,65536,equal,asc,0,1,4,15,34619.467
sorted,array,i64,65536,equal,asc,0,0,4,15,34700.000
sorted,array,i64,65536,equal,asc,0,1,5,15,35250.067
sorted,array,i64,65536,equal,asc,0,0,5,16,31994.688
sorted,array,i64,65536,equal,asc,0,0,6,16,31963.500
sorted,array,i64,65536,equal,asc,0,1,6,16,31976.688
sorted,array,i64,65536,equal,desc,0,1,0,16,33161.688
sorted,array,i64,65536,equal,desc,0,0,0,16,32947.875
sorted,array,i64,65536,equal,desc,0,0,1,16,32585.938
sorted,array,i64,65536,equal,desc,0,1,1,15,34350.000
sorted,array,i64,65536,equal,desc,0,0,2,15,33875.000
sorted,array,i64,65536,equal,desc,0,1,2,15,34816.667
sorted,array,i64,65536,equal,desc,0,0,3,15,34352.933
sorted,array,i64,65536,equal,desc,0,1,3,15,34274.867
sorted,array,i64,65536,equal,desc,0,1,4,16,32645.688
sorted,array,i64,65536,equal,desc,0,0,4,16,31997.312
sorted,array,i64,65536,equal,desc,0,1,5,16,32007.750
sorted,array,i64,65536,equal,desc,0,0,5,16,32012.812
sorted,array,i64,65536,equal,desc,0,0,6,16,33054.562
sorted,array,i64,65536,equal,desc,0,1,6,16,32838.625
