stage,container,type,n,distribution,direction,bits,method,round,repeats,ns
sorted,vector,i32,128,full,asc,0,0,0,512,337.160
sorted,vector,i32,128,full,asc,0,1,0,512,343.914
sorted,vector,i32,128,full,asc,0,1,1,512,336.500
sorted,vector,i32,128,full,asc,0,0,1,512,338.779
sorted,vector,i32,128,full,asc,0,0,2,512,340.018
sorted,vector,i32,128,full,asc,0,1,2,512,341.553
sorted,vector,i32,128,full,asc,0,0,3,512,336.834
sorted,vector,i32,128,full,asc,0,1,3,512,337.008
sorted,vector,i32,128,full,asc,0,1,4,512,342.297
sorted,vector,i32,128,full,asc,0,0,4,512,367.189
sorted,vector,i32,128,full,asc,0,1,5,512,357.666
sorted,vector,i32,128,full,asc,0,0,5,512,340.488
sorted,vector,i32,128,full,asc,0,1,6,512,341.389
sorted,vector,i32,128,full,asc,0,0,6,512,360.674
sorted,vector,i32,128,full,desc,0,1,0,512,411.473
sorted,vector,i32,128,full,desc,0,0,0,512,476.234
sorted,vector,i32,128,full,desc,0,1,1,512,497.049
sorted,vector,i32,128,full,desc,0,0,1,512,413.580
sorted,vector,i32,128,full,desc,0,1,2,512,409.006
sorted,vector,i32,128,full,desc,0,0,2,512,445.492
sorted,vector,i32,128,full,desc,0,0,3,512,441.977
sorted,vector,i32,128,full,desc,0,1,3,512,424.570
sorted,vector,i32,128,full,desc,0,0,4,512,441.666
sorted,vector,i32,128,full,desc,0,1,4,512,428.143
sorted,vector,i32,128,full,desc,0,0,5,512,436.096
sorted,vector,i32,128,full,desc,0,1,5,512,426.766
sorted,vector,i32,128,full,desc,0,1,6,512,439.623
sorted,vector,i32,128,full,desc,0,0,6,512,424.594
sorted,vector,i32,128,bits22,asc,0,0,0,512,354.762
sorted,vector,i32,128,bits22,asc,0,1,0,512,336.266
sorted,vector,i32,128,bits22,asc,0,1,1,512,337.066
sorted,vector,i32,128,bits22,asc,0,0,1,512,362.545
sorted,vector,i32,128,bits22,asc,0,0,2,512,327.816
sorted,vector,i32,128,bits22,asc,0,1,2,512,360.203
sorted,vector,i32,128,bits22,asc,0,0,3,512,328.953
sorted,vector,i32,128,bits22,asc,0,1,3,512,368.971
sorted,vector,i32,128,bits22,asc,0,0,4,512,378.816
sorted,vector,i32,128,bits22,asc,0,1,4,512,395.990
sorted,vector,i32,128,bits22,asc,0,0,5,512,389.639
sorted,vector,i32,128,bits22,asc,0,1,5,512,368.072
sorted,vector,i32,128,bits22,asc,0,1,6,512,365.320
sorted,vector,i32,128,bits22,asc,0,0,6,512,376.227
sorted,vector,i32,128,bits22,desc,0,0,0,512,502.447
sorted,vector,i32,128,bits22,desc,0,1,0,512,521.902
sorted,vector,i32,128,bits22,desc,0,1,1,512,483.053
sorted,vector,i32,128,bits22,desc,0,0,1,512,555.146
sorted,vector,i32,128,bits22,desc,0,0,2,512,504.893
sorted,vector,i32,128,bits22,desc,0,1,2,512,503.174
sorted,vector,i32,128,bits22,desc,0,1,3,512,507.150
sorted,vector,i32,128,bits22,desc,0,0,3,512,500.484
sorted,vector,i32,128,bits22,desc,0,0,4,512,535.398
sorted,vector,i32,128,bits22,desc,0,1,4,512,494.297
sorted,vector,i32,128,bits22,desc,0,1,5,512,510.490
sorted,vector,i32,128,bits22,desc,0,0,5,512,512.371
sorted,vector,i32,128,bits22,desc,0,0,6,512,497.215
sorted,vector,i32,128,bits22,desc,0,1,6,512,520.508
sorted,vector,i32,128,gaps,asc,0,1,0,512,363.145
sorted,vector,i32,128,gaps,asc,0,0,0,512,373.041
sorted,vector,i32,128,gaps,asc,0,1,1,512,350.018
sorted,vector,i32,128,gaps,asc,0,0,1,512,351.574
sorted,vector,i32,128,gaps,asc,0,1,2,512,375.891
sorted,vector,i32,128,gaps,asc,0,0,2,512,339.852
sorted,vector,i32,128,gaps,asc,0,0,3,512,334.229
sorted,vector,i32,128,gaps,asc,0,1,3,512,374.752
sorted,vector,i32,128,gaps,asc,0,1,4,512,359.215
sorted,vector,i32,128,gaps,asc,0,0,4,512,368.084
sorted,vector,i32,128,gaps,asc,0,0,5,512,334.648
sorted,vector,i32,128,gaps,asc,0,1,5,512,372.229
sorted,vector,i32,128,gaps,asc,0,0,6,512,351.969
sorted,vector,i32,128,gaps,asc,0,1,6,512,355.791
sorted,vector,i32,128,gaps,desc,0,0,0,512,479.061
sorted,vector,i32,128,gaps,desc,0,1,0,512,505.469
sorted,vector,i32,128,gaps,desc,0,0,1,512,467.766
sorted,vector,i32,128,gaps,desc,0,1,1,512,493.434
sorted,vector,i32,128,gaps,desc,0,1,2,512,512.932
sorted,vector,i32,128,gaps,desc,0,0,2,512,516.186
sorted,vector,i32,128,gaps,desc,0,1,3,512,494.816
sorted,vector,i32,128,gaps,desc,0,0,3,512,476.467
sorted,vector,i32,128,gaps,desc,0,0,4,512,508.871
sorted,vector,i32,128,gaps,desc,0,1,4,512,466.621
sorted,vector,i32,128,gaps,desc,0,1,5,512,494.557
sorted,vector,i32,128,gaps,desc,0,0,5,512,489.092
sorted,vector,i32,128,gaps,desc,0,0,6,512,485.373
sorted,vector,i32,128,gaps,desc,0,1,6,512,489.004
sorted,vector,i32,128,few,asc,0,0,0,512,326.900
sorted,vector,i32,128,few,asc,0,1,0,512,298.084
sorted,vector,i32,128,few,asc,0,1,1,512,307.547
sorted,vector,i32,128,few,asc,0,0,1,512,302.076
sorted,vector,i32,128,few,asc,0,1,2,512,307.539
sorted,vector,i32,128,few,asc,0,0,2,512,334.637
sorted,vector,i32,128,few,asc,0,1,3,512,301.117
sorted,vector,i32,128,few,asc,0,0,3,512,298.752
sorted,vector,i32,128,few,asc,0,1,4,512,298.496
sorted,vector,i32,128,few,asc,0,0,4,512,301.016
sorted,vector,i32,128,few,asc,0,0,5,512,330.736
sorted,vector,i32,128,few,asc,0,1,5,512,310.225
sorted,vector,i32,128,few,asc,0,1,6,512,294.436
sorted,vector,i32,128,few,asc,0,0,6,512,297.627
sorted,vector,i32,128,few,desc,0,0,0,512,451.736
sorted,vector,i32,128,few,desc,0,1,0,512,461.512
sorted,vector,i32,128,few,desc,0,0,1,512,436.285
sorted,vector,i32,128,few,desc,0,1,1,512,459.805
sorted,vector,i32,128,few,desc,0,1,2,512,469.098
sorted,vector,i32,128,few,desc,0,0,2,512,456.146
sorted,vector,i32,128,few,desc,0,0,3,512,453.609
sorted,vector,i32,128,few,desc,0,1,3,512,490.803
sorted,vector,i32,128,few,desc,0,0,4,512,459.170
sorted,vector,i32,128,few,desc,0,1,4,512,444.352
sorted,vector,i32,128,few,desc,0,0,5,512,504.072
sorted,vector,i32,128,few,desc,0,1,5,512,429.121
sorted,vector,i32,128,few,desc,0,0,6,512,469.574
sorted,vector,i32,128,few,desc,0,1,6,512,455.537
sorted,vector,i32,128,ordered,asc,0,1,0,512,43.699
sorted,vector,i32,128,ordered,asc,0,0,0,512,42.727
sorted,vector,i32,128,ordered,asc,0,0,1,512,39.877
sorted,vector,i32,128,ordered,asc,0,1,1,512,38.984
sorted,vector,i32,128,ordered,asc,0,1,2,512,39.230
sorted,vector,i32,128,ordered,asc,0,0,2,512,40.043
sorted,vector,i32,128,ordered,asc,0,0,3,512,42.809
sorted,vector,i32,128,ordered,asc,0,1,3,512,44.912
sorted,vector,i32,128,ordered,asc,0,1,4,512,43.789
sorted,vector,i32,128,ordered,asc,0,0,4,512,44.514
sorted,vector,i32,128,ordered,asc,0,0,5,512,44.680
sorted,vector,i32,128,ordered,asc,0,1,5,512,39.709
sorted,vector,i32,128,ordered,asc,0,0,6,512,39.471
sorted,vector,i32,128,ordered,asc,0,1,6,512,40.045
sorted,vector,i32,128,ordered,desc,0,0,0,512,51.111
sorted,vector,i32,128,ordered,desc,0,1,0,512,49.547
sorted,vector,i32,128,ordered,desc,0,1,1,512,49.051
sorted,vector,i32,128,ordered,desc,0,0,1,512,49.799
sorted,vector,i32,128,ordered,desc,0,1,2,512,43.627
sorted,vector,i32,128,ordered,desc,0,0,2,512,43.693
sorted,vector,i32,128,ordered,desc,0,1,3,512,46.625
sorted,vector,i32,128,ordered,desc,0,0,3,512,49.887
sorted,vector,i32,128,ordered,desc,0,0,4,512,50.045
sorted,vector,i32,128,ordered,desc,0,1,4,512,48.430
sorted,vector,i32,128,ordered,desc,0,0,5,512,50.686
sorted,vector,i32,128,ordered,desc,0,1,5,512,48.336
sorted,vector,i32,128,ordered,desc,0,0,6,512,47.449
sorted,vector,i32,128,ordered,desc,0,1,6,512,44.102
sorted,vector,i32,128,reverse,asc,0,0,0,512,50.043
sorted,vector,i32,128,reverse,asc,0,1,0,512,50.055
sorted,vector,i32,128,reverse,asc,0,1,1,512,50.211
sorted,vector,i32,128,reverse,asc,0,0,1,512,49.881
sorted,vector,i32,128,reverse,asc,0,1,2,512,50.941
sorted,vector,i32,128,reverse,asc,0,0,2,512,48.426
sorted,vector,i32,128,reverse,asc,0,0,3,512,44.502
sorted,vector,i32,128,reverse,asc,0,1,3,512,44.596
sorted,vector,i32,128,reverse,asc,0,1,4,512,48.492
sorted,vector,i32,128,reverse,asc,0,0,4,512,50.129
sorted,vector,i32,128,reverse,asc,0,1,5,512,49.707
sorted,vector,i32,128,reverse,asc,0,0,5,512,49.967
sorted,vector,i32,128,reverse,asc,0,1,6,512,49.727
sorted,vector,i32,128,reverse,asc,0,0,6,512,49.643
sorted,vector,i32,128,reverse,desc,0,0,0,512,38.486
sorted,vector,i32,128,reverse,desc,0,1,0,512,40.029
sorted,vector,i32,128,reverse,desc,0,0,1,512,43.062
sorted,vector,i32,128,reverse,desc,0,1,1,512,41.016
sorted,vector,i32,128,reverse,desc,0,0,2,512,42.072
sorted,vector,i32,128,reverse,desc,0,1,2,512,40.523
sorted,vector,i32,128,reverse,desc,0,1,3,512,41.178
sorted,vector,i32,128,reverse,desc,0,0,3,512,41.422
sorted,vector,i32,128,reverse,desc,0,0,4,512,38.322
sorted,vector,i32,128,reverse,desc,0,1,4,512,37.109
sorted,vector,i32,128,reverse,desc,0,1,5,512,36.703
sorted,vector,i32,128,reverse,desc,0,0,5,512,40.609
sorted,vector,i32,128,reverse,desc,0,0,6,512,42.064
sorted,vector,i32,128,reverse,desc,0,1,6,512,42.232
sorted,vector,i32,128,nearly,asc,0,1,0,512,181.062
sorted,vector,i32,128,nearly,asc,0,0,0,512,203.297
sorted,vector,i32,128,nearly,asc,0,1,1,512,201.088
sorted,vector,i32,128,nearly,asc,0,0,1,512,190.994
sorted,vector,i32,128,nearly,asc,0,0,2,512,184.559
sorted,vector,i32,128,nearly,asc,0,1,2,512,179.947
sorted,vector,i32,128,nearly,asc,0,0,3,512,184.572
sorted,vector,i32,128,nearly,asc,0,1,3,512,184.086
sorted,vector,i32,128,nearly,asc,0,0,4,512,202.475
sorted,vector,i32,128,nearly,asc,0,1,4,512,203.438
sorted,vector,i32,128,nearly,asc,0,1,5,512,200.207
sorted,vector,i32,128,nearly,asc,0,0,5,512,183.996
sorted,vector,i32,128,nearly,asc,0,0,6,512,183.027
sorted,vector,i32,128,nearly,asc,0,1,6,512,180.174
sorted,vector,i32,128,nearly,desc,0,1,0,512,258.461
sorted,vector,i32,128,nearly,desc,0,0,0,512,252.686
sorted,vector,i32,128,nearly,desc,0,0,1,512,232.328
sorted,vector,i32,128,nearly,desc,0,1,1,512,256.188
sorted,vector,i32,128,nearly,desc,0,1,2,512,281.264
sorted,vector,i32,128,nearly,desc,0,0,2,512,229.895
sorted,vector,i32,128,nearly,desc,0,1,3,512,242.271
sorted,vector,i32,128,nearly,desc,0,0,3,512,256.674
sorted,vector,i32,128,nearly,desc,0,0,4,512,230.961
sorted,vector,i32,128,nearly,desc,0,1,4,512,254.312
sorted,vector,i32,128,nearly,desc,0,1,5,512,265.873
sorted,vector,i32,128,nearly,desc,0,0,5,512,236.410
sorted,vector,i32,128,nearly,desc,0,0,6,512,233.254
sorted,vector,i32,128,nearly,desc,0,1,6,512,259.031
sorted,vector,i32,128,equal,asc,0,1,0,512,39.945
sorted,vector,i32,128,equal,asc,0,0,0,512,39.533
sorted,vector,i32,128,equal,asc,0,1,1,512,44.428
sorted,vector,i32,128,equal,asc,0,0,1,512,44.354
sorted,vector,i32,128,equal,asc,0,0,2,512,44.184
sorted,vector,i32,128,equal,asc,0,1,2,512,44.684
sorted,vector,i32,128,equal,asc,0,1,3,512,44.105
sorted,vector,i32,128,equal,asc,0,0,3,512,43.867
sorted,vector,i32,128,equal,asc,0,0,4,512,40.193
sorted,vector,i32,128,equal,asc,0,1,4,512,39.314
sorted,vector,i32,128,equal,asc,0,1,5,512,39.072
sorted,vector,i32,128,equal,asc,0,0,5,512,43.701
sorted,vector,i32,128,equal,asc,0,1,6,512,44.330
sorted,vector,i32,128,equal,asc,0,0,6,512,43.789
sorted,vector,i32,128,equal,desc,0,1,0,512,43.219
sorted,vector,i32,128,equal,desc,0,0,0,512,39.311
sorted,vector,i32,128,equal,desc,0,0,1,512,38.340
sorted,vector,i32,128,equal,desc,0,1,1,512,38.732
sorted,vector,i32,128,equal,desc,0,1,2,512,42.082
sorted,vector,i32,128,equal,desc,0,0,2,512,42.812
sorted,vector,i32,128,equal,desc,0,0,3,512,42.963
sorted,vector,i32,128,equal,desc,0,1,3,512,43.863
sorted,vector,i32,128,equal,desc,0,0,4,512,46.482
sorted,vector,i32,128,equal,desc,0,1,4,512,43.447
sorted,vector,i32,128,equal,desc,0,0,5,512,41.672
sorted,vector,i32,128,equal,desc,0,1,5,512,39.631
sorted,vector,i32,128,equal,desc,0,1,6,512,39.061
sorted,vector,i32,128,equal,desc,0,0,6,512,39.385
sorted,vector,i32,512,full,asc,0,0,0,212,2363.816
sorted,vector,i32,512,full,asc,0,1,0,204,2456.093
sorted,vector,i32,512,full,asc,0,1,1,212,2368.099
sorted,vector,i32,512,full,asc,0,0,1,212,2366.170
sorted,vector,i32,512,full,asc,0,1,2,211,2370.256
sorted,vector,i32,512,full,asc,0,0,2,209,2402.321
sorted,vector,i32,512,full,asc,0,1,3,206,2436.252
sorted,vector,i32,512,full,asc,0,0,3,197,2541.426
sorted,vector,i32,512,full,asc,0,1,4,216,2321.745
sorted,vector,i32,512,full,asc,0,0,4,216,2320.028
sorted,vector,i32,512,full,asc,0,1,5,215,2329.856
sorted,vector,i32,512,full,asc,0,0,5,215,2332.944
sorted,vector,i32,512,full,asc,0,1,6,215,2332.358
sorted,vector,i32,512,full,asc,0,0,6,215,2329.842
sorted,vector,i32,512,full,desc,0,0,0,225,2224.418
sorted,vector,i32,512,full,desc,0,1,0,224,2233.268
sorted,vector,i32,512,full,desc,0,1,1,224,2237.161
sorted,vector,i32,512,full,desc,0,0,1,225,2224.271
sorted,vector,i32,512,full,desc,0,0,2,224,2233.964
sorted,vector,i32,512,full,desc,0,1,2,214,2341.724
sorted,vector,i32,512,full,desc,0,0,3,226,2219.035
sorted,vector,i32,512,full,desc,0,1,3,205,2452.415
sorted,vector,i32,512,full,desc,0,1,4,207,2420.874
sorted,vector,i32,512,full,desc,0,0,4,217,2304.147
sorted,vector,i32,512,full,desc,0,0,5,217,2312.009
sorted,vector,i32,512,full,desc,0,1,5,217,2308.157
sorted,vector,i32,512,full,desc,0,1,6,215,2329.660
sorted,vector,i32,512,full,desc,0,0,6,211,2374.621
sorted,vector,i32,512,bits22,asc,0,0,0,206,2430.631
sorted,vector,i32,512,bits22,asc,0,1,0,204,2458.863
sorted,vector,i32,512,bits22,asc,0,0,1,206,2430.777
sorted,vector,i32,512,bits22,asc,0,1,1,207,2416.126
sorted,vector,i32,512,bits22,asc,0,0,2,206,2435.107
sorted,vector,i32,512,bits22,asc,0,1,2,207,2419.947
sorted,vector,i32,512,bits22,asc,0,1,3,203,2464.059
sorted,vector,i32,512,bits22,asc,0,0,3,194,2577.840
sorted,vector,i32,512,bits22,asc,0,0,4,207,2421.618
sorted,vector,i32,512,bits22,asc,0,1,4,206,2429.117
sorted,vector,i32,512,bits22,asc,0,1,5,207,2420.449
sorted,vector,i32,512,bits22,asc,0,0,5,207,2422.488
sorted,vector,i32,512,bits22,asc,0,0,6,205,2442.049
sorted,vector,i32,512,bits22,asc,0,1,6,207,2418.942
sorted,vector,i32,512,bits22,desc,0,1,0,208,2408.428
sorted,vector,i32,512,bits22,desc,0,0,0,204,2453.632
sorted,vector,i32,512,bits22,desc,0,0,1,201,2496.881
sorted,vector,i32,512,bits22,desc,0,1,1,207,2425.527
sorted,vector,i32,512,bits22,desc,0,1,2,204,2459.971
sorted,vector,i32,512,bits22,desc,0,0,2,207,2416.000
sorted,vector,i32,512,bits22,desc,0,1,3,201,2499.318
sorted,vector,i32,512,bits22,desc,0,0,3,197,2538.736
sorted,vector,i32,512,bits22,desc,0,1,4,202,2486.802
sorted,vector,i32,512,bits22,desc,0,0,4,212,2365.958
sorted,vector,i32,512,bits22,desc,0,1,5,197,2549.939
sorted,vector,i32,512,bits22,desc,0,0,5,213,2350.192
sorted,vector,i32,512,bits22,desc,0,1,6,199,2515.533
sorted,vector,i32,512,bits22,desc,0,0,6,213,2347.798
sorted,vector,i32,512,gaps,asc,0,0,0,224,2236.817
sorted,vector,i32,512,gaps,asc,0,1,0,224,2233.848
sorted,vector,i32,512,gaps,asc,0,1,1,225,2230.969
sorted,vector,i32,512,gaps,asc,0,0,1,226,2221.221
sorted,vector,i32,512,gaps,asc,0,0,2,224,2237.929
sorted,vector,i32,512,gaps,asc,0,1,2,224,2240.719
sorted,vector,i32,512,gaps,asc,0,0,3,225,2226.276
sorted,vector,i32,512,gaps,asc,0,1,3,204,2459.549
sorted,vector,i32,512,gaps,asc,0,0,4,218,2293.601
sorted,vector,i32,512,gaps,asc,0,1,4,219,2293.420
sorted,vector,i32,512,gaps,asc,0,1,5,214,2336.664
sorted,vector,i32,512,gaps,asc,0,0,5,216,2324.671
sorted,vector,i32,512,gaps,asc,0,0,6,219,2288.132
sorted,vector,i32,512,gaps,asc,0,1,6,207,2421.498
sorted,vector,i32,512,gaps,desc,0,0,0,196,2563.597
sorted,vector,i32,512,gaps,desc,0,1,0,202,2479.391
sorted,vector,i32,512,gaps,desc,0,1,1,220,2276.932
sorted,vector,i32,512,gaps,desc,0,0,1,214,2336.472
sorted,vector,i32,512,gaps,desc,0,1,2,218,2297.197
sorted,vector,i32,512,gaps,desc,0,0,2,219,2283.648
sorted,vector,i32,512,gaps,desc,0,1,3,219,2291.242
sorted,vector,i32,512,gaps,desc,0,0,3,191,2624.990
sorted,vector,i32,512,gaps,desc,0,0,4,185,2711.270
sorted,vector,i32,512,gaps,desc,0,1,4,204,2455.083
sorted,vector,i32,512,gaps,desc,0,0,5,223,2246.453
sorted,vector,i32,512,gaps,desc,0,1,5,224,2242.004
sorted,vector,i32,512,gaps,desc,0,0,6,223,2247.045
sorted,vector,i32,512,gaps,desc,0,1,6,224,2238.433
sorted,vector,i32,512,few,asc,0,1,0,512,822.992
sorted,vector,i32,512,few,asc,0,0,0,512,806.723
sorted,vector,i32,512,few,asc,0,1,1,512,811.764
sorted,vector,i32,512,few,asc,0,0,1,512,800.965
sorted,vector,i32,512,few,asc,0,1,2,512,892.408
sorted,vector,i32,512,few,asc,0,0,2,512,839.289
sorted,vector,i32,512,few,asc,0,1,3,512,784.375
sorted,vector,i32,512,few,asc,0,0,3,512,838.615
sorted,vector,i32,512,few,asc,0,1,4,512,971.910
sorted,vector,i32,512,few,asc,0,0,4,512,764.709
sorted,vector,i32,512,few,asc,0,0,5,512,765.707
sorted,vector,i32,512,few,asc,0,1,5,512,784.059
sorted,vector,i32,512,few,asc,0,1,6,512,781.285
sorted,vector,i32,512,few,asc,0,0,6,512,772.873
sorted,vector,i32,512,few,desc,0,1,0,512,797.713
sorted,vector,i32,512,few,desc,0,0,0,512,768.758
sorted,vector,i32,512,few,desc,0,0,1,512,766.963
sorted,vector,i32,512,few,desc,0,1,1,512,803.318
sorted,vector,i32,512,few,desc,0,0,2,512,805.406
sorted,vector,i32,512,few,desc,0,1,2,512,810.303
sorted,vector,i32,512,few,desc,0,0,3,512,791.998
sorted,vector,i32,512,few,desc,0,1,3,512,824.686
sorted,vector,i32,512,few,desc,0,0,4,512,795.131
sorted,vector,i32,512,few,desc,0,1,4,512,856.268
sorted,vector,i32,512,few,desc,0,1,5,512,848.727
sorted,vector,i32,512,few,desc,0,0,5,512,813.543
sorted,vector,i32,512,few,desc,0,1,6,512,803.473
sorted,vector,i32,512,few,desc,0,0,6,512,824.711
sorted,vector,i32,512,ordered,asc,0,0,0,512,133.379
sorted,vector,i32,512,ordered,asc,0,1,0,512,132.078
sorted,vector,i32,512,ordered,asc,0,0,1,512,131.592
sorted,vector,i32,512,ordered,asc,0,1,1,512,131.836
sorted,vector,i32,512,ordered,asc,0,0,2,512,131.750
sorted,vector,i32,512,ordered,asc,0,1,2,512,154.955
sorted,vector,i32,512,ordered,asc,0,1,3,512,132.320
sorted,vector,i32,512,ordered,asc,0,0,3,512,131.834
sorted,vector,i32,512,ordered,asc,0,0,4,512,131.506
sorted,vector,i32,512,ordered,asc,0,1,4,512,131.994
sorted,vector,i32,512,ordered,asc,0,1,5,512,137.453
sorted,vector,i32,512,ordered,asc,0,0,5,512,132.902
sorted,vector,i32,512,ordered,asc,0,0,6,512,131.744
sorted,vector,i32,512,ordered,asc,0,1,6,512,131.514
sorted,vector,i32,512,ordered,desc,0,0,0,512,149.912
sorted,vector,i32,512,ordered,desc,0,1,0,512,150.070
sorted,vector,i32,512,ordered,desc,0,0,1,512,148.596
sorted,vector,i32,512,ordered,desc,0,1,1,512,150.236
sorted,vector,i32,512,ordered,desc,0,1,2,512,149.094
sorted,vector,i32,512,ordered,desc,0,0,2,512,148.523
sorted,vector,i32,512,ordered,desc,0,1,3,512,149.824
sorted,vector,i32,512,ordered,desc,0,0,3,512,150.857
sorted,vector,i32,512,ordered,desc,0,0,4,512,150.865
sorted,vector,i32,512,ordered,desc,0,1,4,512,149.988
sorted,vector,i32,512,ordered,desc,0,0,5,512,148.438
sorted,vector,i32,512,ordered,desc,0,1,5,512,161.871
sorted,vector,i32,512,ordered,desc,0,0,6,512,149.582
sorted,vector,i32,512,ordered,desc,0,1,6,512,150.303
sorted,vector,i32,512,reverse,asc,0,0,0,512,150.299
sorted,vector,i32,512,reverse,asc,0,1,0,512,150.311
sorted,vector,i32,512,reverse,asc,0,1,1,512,149.654
sorted,vector,i32,512,reverse,asc,0,0,1,512,149.900
sorted,vector,i32,512,reverse,asc,0,0,2,512,149.748
sorted,vector,i32,512,reverse,asc,0,1,2,512,150.145
sorted,vector,i32,512,reverse,asc,0,1,3,512,150.000
sorted,vector,i32,512,reverse,asc,0,0,3,512,149.010
sorted,vector,i32,512,reverse,asc,0,1,4,512,161.045
sorted,vector,i32,512,reverse,asc,0,0,4,512,164.871
sorted,vector,i32,512,reverse,asc,0,1,5,512,150.383
sorted,vector,i32,512,reverse,asc,0,0,5,512,180.908
sorted,vector,i32,512,reverse,asc,0,1,6,512,152.586
sorted,vector,i32,512,reverse,asc,0,0,6,512,150.627
sorted,vector,i32,512,reverse,desc,0,1,0,512,131.594
sorted,vector,i32,512,reverse,desc,0,0,0,512,137.637
sorted,vector,i32,512,reverse,desc,0,1,1,512,131.996
sorted,vector,i32,512,reverse,desc,0,0,1,512,132.486
sorted,vector,i32,512,reverse,desc,0,0,2,512,136.643
sorted,vector,i32,512,reverse,desc,0,1,2,512,170.045
sorted,vector,i32,512,reverse,desc,0,0,3,512,157.082
sorted,vector,i32,512,reverse,desc,0,1,3,512,163.779
sorted,vector,i32,512,reverse,desc,0,0,4,512,157.082
sorted,vector,i32,512,reverse,desc,0,1,4,512,153.713
sorted,vector,i32,512,reverse,desc,0,1,5,512,134.213
sorted,vector,i32,512,reverse,desc,0,0,5,512,133.557
sorted,vector,i32,512,reverse,desc,0,1,6,512,132.230
sorted,vector,i32,512,reverse,desc,0,0,6,512,147.623
sorted,vector,i32,512,nearly,asc,0,1,0,449,1115.898
sorted,vector,i32,512,nearly,asc,0,0,0,446,1122.769
sorted,vector,i32,512,nearly,asc,0,1,1,465,1076.239
sorted,vector,i32,512,nearly,asc,0,0,1,447,1120.718
sorted,vector,i32,512,nearly,asc,0,0,2,467,1072.079
sorted,vector,i32,512,nearly,asc,0,1,2,449,1115.539
sorted,vector,i32,512,nearly,asc,0,0,3,469,1067.075
sorted,vector,i32,512,nearly,asc,0,1,3,449,1113.771
sorted,vector,i32,512,nearly,asc,0,1,4,377,1328.573
sorted,vector,i32,512,nearly,asc,0,0,4,462,1082.260
sorted,vector,i32,512,nearly,asc,0,1,5,448,1117.087
sorted,vector,i32,512,nearly,asc,0,0,5,465,1077.067
sorted,vector,i32,512,nearly,asc,0,0,6,466,1073.869
sorted,vector,i32,512,nearly,asc,0,1,6,465,1076.181
sorted,vector,i32,512,nearly,desc,0,0,0,188,2672.862
sorted,vector,i32,512,nearly,desc,0,1,0,187,2675.428
sorted,vector,i32,512,nearly,desc,0,1,1,188,2665.176
sorted,vector,i32,512,nearly,desc,0,0,1,188,2667.691
sorted,vector,i32,512,nearly,desc,0,1,2,188,2664.191
sorted,vector,i32,512,nearly,desc,0,0,2,188,2664.223
sorted,vector,i32,512,nearly,desc,0,1,3,188,2666.527
sorted,vector,i32,512,nearly,desc,0,0,3,188,2661.846
sorted,vector,i32,512,nearly,desc,0,1,4,182,2759.830
sorted,vector,i32,512,nearly,desc,0,0,4,188,2666.356
sorted,vector,i32,512,nearly,desc,0,1,5,187,2675.053
sorted,vector,i32,512,nearly,desc,0,0,5,146,3433.795
sorted,vector,i32,512,nearly,desc,0,1,6,184,2727.321
sorted,vector,i32,512,nearly,desc,0,0,6,172,2918.081
sorted,vector,i32,512,equal,asc,0,1,0,512,131.701
sorted,vector,i32,512,equal,asc,0,0,0,512,132.412
sorted,vector,i32,512,equal,asc,0,1,1,512,138.838
sorted,vector,i32,512,equal,asc,0,0,1,512,133.059
sorted,vector,i32,512,equal,asc,0,0,2,512,132.398
sorted,vector,i32,512,equal,asc,0,1,2,512,132.639
sorted,vector,i32,512,equal,asc,0,0,3,512,133.545
sorted,vector,i32,512,equal,asc,0,1,3,512,132.834
sorted,vector,i32,512,equal,asc,0,0,4,512,132.818
sorted,vector,i32,512,equal,asc,0,1,4,512,132.729
sorted,vector,i32,512,equal,asc,0,1,5,512,131.930
sorted,vector,i32,512,equal,asc,0,0,5,512,132.650
sorted,vector,i32,512,equal,asc,0,0,6,512,132.562
sorted,vector,i32,512,equal,asc,0,1,6,512,132.902
sorted,vector,i32,512,equal,desc,0,0,0,512,132.324
sorted,vector,i32,512,equal,desc,0,1,0,512,133.725
sorted,vector,i32,512,equal,desc,0,0,1,512,132.471
sorted,vector,i32,512,equal,desc,0,1,1,512,132.488
sorted,vector,i32,512,equal,desc,0,0,2,512,132.000
sorted,vector,i32,512,equal,desc,0,1,2,512,133.283
sorted,vector,i32,512,equal,desc,0,0,3,512,132.572
sorted,vector,i32,512,equal,desc,0,1,3,512,132.242
sorted,vector,i32,512,equal,desc,0,1,4,512,132.484
sorted,vector,i32,512,equal,desc,0,0,4,512,132.889
sorted,vector,i32,512,equal,desc,0,1,5,512,132.402
sorted,vector,i32,512,equal,desc,0,0,5,512,132.490
sorted,vector,i32,512,equal,desc,0,1,6,512,149.576
sorted,vector,i32,512,equal,desc,0,0,6,512,133.299
sorted,vector,i32,4096,full,asc,0,1,0,44,11624.091
sorted,vector,i32,4096,full,asc,0,0,0,42,12159.690
sorted,vector,i32,4096,full,asc,0,0,1,43,11812.977
sorted,vector,i32,4096,full,asc,0,1,1,43,11872.093
sorted,vector,i32,4096,full,asc,0,0,2,48,10420.292
sorted,vector,i32,4096,full,asc,0,1,2,46,10873.130
sorted,vector,i32,4096,full,asc,0,0,3,47,10781.915
sorted,vector,i32,4096,full,asc,0,1,3,44,11375.955
sorted,vector,i32,4096,full,asc,0,1,4,44,11568.250
sorted,vector,i32,4096,full,asc,0,0,4,47,10826.255
sorted,vector,i32,4096,full,asc,0,0,5,46,11038.935
sorted,vector,i32,4096,full,asc,0,1,5,43,11862.326
sorted,vector,i32,4096,full,asc,0,1,6,43,11678.372
sorted,vector,i32,4096,full,asc,0,0,6,45,11171.222
sorted,vector,i32,4096,full,desc,0,1,0,46,11076.130
sorted,vector,i32,4096,full,desc,0,0,0,45,11228.733
sorted,vector,i32,4096,full,desc,0,0,1,44,11520.841
sorted,vector,i32,4096,full,desc,0,1,1,42,12185.643
sorted,vector,i32,4096,full,desc,0,0,2,44,11373.114
sorted,vector,i32,4096,full,desc,0,1,2,44,11388.295
sorted,vector,i32,4096,full,desc,0,0,3,44,11478.136
sorted,vector,i32,4096,full,desc,0,1,3,45,11149.889
sorted,vector,i32,4096,full,desc,0,0,4,44,11428.068
sorted,vector,i32,4096,full,desc,0,1,4,44,11446.136
sorted,vector,i32,4096,full,desc,0,0,5,44,11596.500
sorted,vector,i32,4096,full,desc,0,1,5,44,11614.614
sorted,vector,i32,4096,full,desc,0,0,6,43,11889.535
sorted,vector,i32,4096,full,desc,0,1,6,43,11649.209
sorted,vector,i32,4096,bits22,asc,0,0,0,59,8576.237
sorted,vector,i32,4096,bits22,asc,0,1,0,54,9284.000
sorted,vector,i32,4096,bits22,asc,0,1,1,54,9353.407
sorted,vector,i32,4096,bits22,asc,0,0,1,57,8798.263
sorted,vector,i32,4096,bits22,asc,0,0,2,58,8622.828
sorted,vector,i32,4096,bits22,asc,0,1,2,59,8529.695
sorted,vector,i32,4096,bits22,asc,0,1,3,54,9334.130
sorted,vector,i32,4096,bits22,asc,0,0,3,59,8617.966
sorted,vector,i32,4096,bits22,asc,0,1,4,54,9309.389
sorted,vector,i32,4096,bits22,asc,0,0,4,59,8610.898
sorted,vector,i32,4096,bits22,asc,0,1,5,53,9499.170
sorted,vector,i32,4096,bits22,asc,0,0,5,63,7975.492
sorted,vector,i32,4096,bits22,asc,0,0,6,57,8785.825
sorted,vector,i32,4096,bits22,asc,0,1,6,54,9324.926
sorted,vector,i32,4096,bits22,desc,0,0,0,61,8228.803
sorted,vector,i32,4096,bits22,desc,0,1,0,62,8192.839
sorted,vector,i32,4096,bits22,desc,0,0,1,57,8842.088
sorted,vector,i32,4096,bits22,desc,0,1,1,61,8308.033
sorted,vector,i32,4096,bits22,desc,0,0,2,60,8388.850
sorted,vector,i32,4096,bits22,desc,0,1,2,62,8153.887
sorted,vector,i32,4096,bits22,desc,0,1,3,62,8178.758
sorted,vector,i32,4096,bits22,desc,0,0,3,61,8278.607
sorted,vector,i32,4096,bits22,desc,0,1,4,62,8160.597
sorted,vector,i32,4096,bits22,desc,0,0,4,61,8287.607
sorted,vector,i32,4096,bits22,desc,0,1,5,62,8145.839
sorted,vector,i32,4096,bits22,desc,0,0,5,61,8224.049
sorted,vector,i32,4096,bits22,desc,0,1,6,62,8134.435
sorted,vector,i32,4096,bits22,desc,0,0,6,60,8382.650
sorted,vector,i32,4096,gaps,asc,0,1,0,30,16673.567
sorted,vector,i32,4096,gaps,asc,0,0,0,30,17331.833
sorted,vector,i32,4096,gaps,asc,0,1,1,26,19415.077
sorted,vector,i32,4096,gaps,asc,0,0,1,30,16755.433
sorted,vector,i32,4096,gaps,asc,0,1,2,30,16886.167
sorted,vector,i32,4096,gaps,asc,0,0,2,31,16588.806
sorted,vector,i32,4096,gaps,asc,0,0,3,30,16969.667
sorted,vector,i32,4096,gaps,asc,0,1,3,30,16840.333
sorted,vector,i32,4096,gaps,asc,0,1,4,30,17144.467
sorted,vector,i32,4096,gaps,asc,0,0,4,31,16595.516
sorted,vector,i32,4096,gaps,asc,0,1,5,31,16561.710
sorted,vector,i32,4096,gaps,asc,0,0,5,30,16731.833
sorted,vector,i32,4096,gaps,asc,0,1,6,30,16879.267
sorted,vector,i32,4096,gaps,asc,0,0,6,30,16709.767
sorted,vector,i32,4096,gaps,desc,0,1,0,30,16879.167
sorted,vector,i32,4096,gaps,desc,0,0,0,28,18352.786
sorted,vector,i32,4096,gaps,desc,0,0,1,30,17129.200
sorted,vector,i32,4096,gaps,desc,0,1,1,30,16809.700
sorted,vector,i32,4096,gaps,desc,0,1,2,30,17004.267
sorted,vector,i32,4096,gaps,desc,0,0,2,30,16898.567
sorted,vector,i32,4096,gaps,desc,0,1,3,30,16733.300
sorted,vector,i32,4096,gaps,desc,0,0,3,30,16898.700
sorted,vector,i32,4096,gaps,desc,0,1,4,30,16849.933
sorted,vector,i32,4096,gaps,desc,0,0,4,30,16886.133
sorted,vector,i32,4096,gaps,desc,0,0,5,29,17617.759
sorted,vector,i32,4096,gaps,desc,0,1,5,30,16770.833
sorted,vector,i32,4096,gaps,desc,0,0,6,30,16965.400
sorted,vector,i32,4096,gaps,desc,0,1,6,30,17029.333
sorted,vector,i32,4096,few,asc,0,0,0,99,5100.909
sorted,vector,i32,4096,few,asc,0,1,0,88,5720.614
sorted,vector,i32,4096,few,asc,0,0,1,94,5330.702
sorted,vector,i32,4096,few,asc,0,1,1,94,5348.787
sorted,vector,i32,4096,few,asc,0,0,2,95,5312.295
sorted,vector,i32,4096,few,asc,0,1,2,94,5373.277
sorted,vector,i32,4096,few,asc,0,1,3,94,5372.340
sorted,vector,i32,4096,few,asc,0,0,3,93,5389.828
sorted,vector,i32,4096,few,asc,0,0,4,95,5283.705
sorted,vector,i32,4096,few,asc,0,1,4,94,5363.053
sorted,vector,i32,4096,few,asc,0,1,5,93,5399.602
sorted,vector,i32,4096,few,asc,0,0,5,95,5312.253
sorted,vector,i32,4096,few,asc,0,0,6,94,5371.362
sorted,vector,i32,4096,few,asc,0,1,6,93,5414.430
sorted,vector,i32,4096,few,desc,0,0,0,91,5534.802
sorted,vector,i32,4096,few,desc,0,1,0,89,5628.596
sorted,vector,i32,4096,few,desc,0,1,1,86,5839.674
sorted,vector,i32,4096,few,desc,0,0,1,93,5384.860
sorted,vector,i32,4096,few,desc,0,1,2,88,5692.727
sorted,vector,i32,4096,few,desc,0,0,2,93,5416.280
sorted,vector,i32,4096,few,desc,0,1,3,84,5955.857
sorted,vector,i32,4096,few,desc,0,0,3,95,5302.632
sorted,vector,i32,4096,few,desc,0,1,4,96,5214.854
sorted,vector,i32,4096,few,desc,0,0,4,98,5136.571
sorted,vector,i32,4096,few,desc,0,0,5,99,5091.758
sorted,vector,i32,4096,few,desc,0,1,5,95,5263.568
sorted,vector,i32,4096,few,desc,0,0,6,94,5341.298
sorted,vector,i32,4096,few,desc,0,1,6,93,5407.204
sorted,vector,i32,4096,ordered,asc,0,1,0,512,955.186
sorted,vector,i32,4096,ordered,asc,0,0,0,512,936.545
sorted,vector,i32,4096,ordered,asc,0,1,1,512,931.891
sorted,vector,i32,4096,ordered,asc,0,0,1,512,959.334
sorted,vector,i32,4096,ordered,asc,0,0,2,512,956.553
sorted,vector,i32,4096,ordered,asc,0,1,2,512,927.645
sorted,vector,i32,4096,ordered,asc,0,0,3,512,959.787
sorted,vector,i32,4096,ordered,asc,0,1,3,508,985.057
sorted,vector,i32,4096,ordered,asc,0,1,4,512,955.496
sorted,vector,i32,4096,ordered,asc,0,0,4,510,981.110
sorted,vector,i32,4096,ordered,asc,0,0,5,512,951.260
sorted,vector,i32,4096,ordered,asc,0,1,5,510,980.837
sorted,vector,i32,4096,ordered,asc,0,1,6,512,946.734
sorted,vector,i32,4096,ordered,asc,0,0,6,512,977.369
sorted,vector,i32,4096,ordered,desc,0,0,0,443,1130.007
sorted,vector,i32,4096,ordered,desc,0,1,0,449,1114.252
sorted,vector,i32,4096,ordered,desc,0,0,1,440,1137.875
sorted,vector,i32,4096,ordered,desc,0,1,1,453,1104.658
sorted,vector,i32,4096,ordered,desc,0,0,2,436,1147.952
sorted,vector,i32,4096,ordered,desc,0,1,2,446,1123.303
sorted,vector,i32,4096,ordered,desc,0,1,3,438,1144.285
sorted,vector,i32,4096,ordered,desc,0,0,3,426,1175.981
sorted,vector,i32,4096,ordered,desc,0,1,4,443,1129.029
sorted,vector,i32,4096,ordered,desc,0,0,4,437,1145.984
sorted,vector,i32,4096,ordered,desc,0,0,5,446,1121.612
sorted,vector,i32,4096,ordered,desc,0,1,5,446,1123.240
sorted,vector,i32,4096,ordered,desc,0,0,6,440,1137.073
sorted,vector,i32,4096,ordered,desc,0,1,6,449,1114.352
sorted,vector,i32,4096,reverse,asc,0,1,0,442,1133.093
sorted,vector,i32,4096,reverse,asc,0,0,0,449,1114.900
sorted,vector,i32,4096,reverse,asc,0,0,1,414,1209.534
sorted,vector,i32,4096,reverse,asc,0,1,1,468,1068.701
sorted,vector,i32,4096,reverse,asc,0,1,2,476,1051.643
sorted,vector,i32,4096,reverse,asc,0,0,2,477,1050.314
sorted,vector,i32,4096,reverse,asc,0,1,3,468,1069.224
sorted,vector,i32,4096,reverse,asc,0,0,3,471,1061.800
sorted,vector,i32,4096,reverse,asc,0,1,4,460,1087.502
sorted,vector,i32,4096,reverse,asc,0,0,4,475,1054.541
sorted,vector,i32,4096,reverse,asc,0,0,5,456,1097.882
sorted,vector,i32,4096,reverse,asc,0,1,5,446,1121.159
sorted,vector,i32,4096,reverse,asc,0,0,6,454,1102.427
sorted,vector,i32,4096,reverse,asc,0,1,6,452,1106.460
sorted,vector,i32,4096,reverse,desc,0,1,0,512,968.094
sorted,vector,i32,4096,reverse,desc,0,0,0,512,974.527
sorted,vector,i32,4096,reverse,desc,0,0,1,506,988.383
sorted,vector,i32,4096,reverse,desc,0,1,1,512,968.875
sorted,vector,i32,4096,reverse,desc,0,0,2,512,977.480
sorted,vector,i32,4096,reverse,desc,0,1,2,509,982.566
sorted,vector,i32,4096,reverse,desc,0,1,3,509,983.517
sorted,vector,i32,4096,reverse,desc,0,0,3,512,974.711
sorted,vector,i32,4096,reverse,desc,0,1,4,505,991.582
sorted,vector,i32,4096,reverse,desc,0,0,4,506,989.168
sorted,vector,i32,4096,reverse,desc,0,0,5,492,1018.022
sorted,vector,i32,4096,reverse,desc,0,1,5,512,967.395
sorted,vector,i32,4096,reverse,desc,0,0,6,502,997.564
sorted,vector,i32,4096,reverse,desc,0,1,6,507,987.815
sorted,vector,i32,4096,nearly,asc,0,0,0,46,11012.696
sorted,vector,i32,4096,nearly,asc,0,1,0,44,11587.114
sorted,vector,i32,4096,nearly,asc,0,1,1,44,11600.318
sorted,vector,i32,4096,nearly,asc,0,0,1,46,11021.696
sorted,vector,i32,4096,nearly,asc,0,1,2,43,11644.349
sorted,vector,i32,4096,nearly,asc,0,0,2,46,11026.283
sorted,vector,i32,4096,nearly,asc,0,1,3,44,11578.591
sorted,vector,i32,4096,nearly,asc,0,0,3,45,11308.378
sorted,vector,i32,4096,nearly,asc,0,0,4,41,12426.829
sorted,vector,i32,4096,nearly,asc,0,1,4,42,12001.000
sorted,vector,i32,4096,nearly,asc,0,0,5,48,10426.208
sorted,vector,i32,4096,nearly,asc,0,1,5,46,11104.174
sorted,vector,i32,4096,nearly,asc,0,0,6,47,10785.468
sorted,vector,i32,4096,nearly,asc,0,1,6,47,10755.277
sorted,vector,i32,4096,nearly,desc,0,0,0,45,11203.822
sorted,vector,i32,4096,nearly,desc,0,1,0,47,10735.872
sorted,vector,i32,4096,nearly,desc,0,0,1,45,11131.333
sorted,vector,i32,4096,nearly,desc,0,1,1,48,10531.250
sorted,vector,i32,4096,nearly,desc,0,1,2,47,10664.915
sorted,vector,i32,4096,nearly,desc,0,0,2,45,11266.644
sorted,vector,i32,4096,nearly,desc,0,1,3,48,10577.167
sorted,vector,i32,4096,nearly,desc,0,0,3,39,13371.795
sorted,vector,i32,4096,nearly,desc,0,0,4,48,10426.229
sorted,vector,i32,4096,nearly,desc,0,1,4,52,9736.135
sorted,vector,i32,4096,nearly,desc,0,0,5,49,10353.776
sorted,vector,i32,4096,nearly,desc,0,1,5,46,11072.413
sorted,vector,i32,4096,nearly,desc,0,0,6,46,10916.587
sorted,vector,i32,4096,nearly,desc,0,1,6,51,9924.863
sorted,vector,i32,4096,equal,asc,0,1,0,512,968.023
sorted,vector,i32,4096,equal,asc,0,0,0,512,946.854
sorted,vector,i32,4096,equal,asc,0,0,1,509,982.804
sorted,vector,i32,4096,equal,asc,0,1,1,489,1023.256
sorted,vector,i32,4096,equal,asc,0,1,2,505,991.513
sorted,vector,i32,4096,equal,asc,0,0,2,504,993.401
sorted,vector,i32,4096,equal,asc,0,0,3,512,948.713
sorted,vector,i32,4096,equal,asc,0,1,3,509,983.499
sorted,vector,i32,4096,equal,asc,0,1,4,512,951.664
sorted,vector,i32,4096,equal,asc,0,0,4,491,1018.383
sorted,vector,i32,4096,equal,asc,0,0,5,502,997.398
sorted,vector,i32,4096,equal,asc,0,1,5,512,968.922
sorted,vector,i32,4096,equal,asc,0,0,6,512,976.693
sorted,vector,i32,4096,equal,asc,0,1,6,512,951.223
sorted,vector,i32,4096,equal,desc,0,1,0,463,1081.566
sorted,vector,i32,4096,equal,desc,0,0,0,512,950.184
sorted,vector,i32,4096,equal,desc,0,0,1,502,997.018
sorted,vector,i32,4096,equal,desc,0,1,1,512,970.895
sorted,vector,i32,4096,equal,desc,0,0,2,512,951.584
sorted,vector,i32,4096,equal,desc,0,1,2,512,973.965
sorted,vector,i32,4096,equal,desc,0,1,3,512,952.455
sorted,vector,i32,4096,equal,desc,0,0,3,512,974.562
sorted,vector,i32,4096,equal,desc,0,0,4,512,953.600
sorted,vector,i32,4096,equal,desc,0,1,4,492,1017.959
sorted,vector,i32,4096,equal,desc,0,1,5,512,974.525
sorted,vector,i32,4096,equal,desc,0,0,5,492,1017.870
sorted,vector,i32,4096,equal,desc,0,0,6,512,953.043
sorted,vector,i32,4096,equal,desc,0,1,6,512,943.301
sorted,vector,i32,65536,full,asc,0,0,0,3,189903.000
sorted,vector,i32,65536,full,asc,0,1,0,3,195444.333
sorted,vector,i32,65536,full,asc,0,0,1,3,196458.667
sorted,vector,i32,65536,full,asc,0,1,1,3,199319.667
sorted,vector,i32,65536,full,asc,0,0,2,3,183916.667
sorted,vector,i32,65536,full,asc,0,1,2,2,287042.000
sorted,vector,i32,65536,full,asc,0,1,3,3,209000.333
sorted,vector,i32,65536,full,asc,0,0,3,3,211153.000
sorted,vector,i32,65536,full,asc,0,1,4,3,193583.000
sorted,vector,i32,65536,full,asc,0,0,4,3,177958.667
sorted,vector,i32,65536,full,asc,0,0,5,3,185667.000
sorted,vector,i32,65536,full,asc,0,1,5,3,185722.333
sorted,vector,i32,65536,full,asc,0,0,6,3,180917.000
sorted,vector,i32,65536,full,asc,0,1,6,3,183708.333
sorted,vector,i32,65536,full,desc,0,0,0,3,223611.000
sorted,vector,i32,65536,full,desc,0,1,0,2,252791.500
sorted,vector,i32,65536,full,desc,0,1,1,3,216708.333
sorted,vector,i32,65536,full,desc,0,0,1,3,202083.333
sorted,vector,i32,65536,full,desc,0,1,2,3,205152.333
sorted,vector,i32,65536,full,desc,0,0,2,3,211347.333
sorted,vector,i32,65536,full,desc,0,0,3,3,200374.667
sorted,vector,i32,65536,full,desc,0,1,3,3,215208.333
sorted,vector,i32,65536,full,desc,0,0,4,3,208444.333
sorted,vector,i32,65536,full,desc,0,1,4,3,210625.333
sorted,vector,i32,65536,full,desc,0,1,5,3,215361.333
sorted,vector,i32,65536,full,desc,0,0,5,3,209528.000
sorted,vector,i32,65536,full,desc,0,0,6,3,207986.333
sorted,vector,i32,65536,full,desc,0,1,6,3,219055.667
sorted,vector,i32,65536,bits22,asc,0,0,0,4,146343.750
sorted,vector,i32,65536,bits22,asc,0,1,0,4,164197.750
sorted,vector,i32,65536,bits22,asc,0,0,1,4,150781.250
sorted,vector,i32,65536,bits22,asc,0,1,1,4,162583.250
sorted,vector,i32,65536,bits22,asc,0,1,2,4,162374.750
sorted,vector,i32,65536,bits22,asc,0,0,2,4,158740.000
sorted,vector,i32,65536,bits22,asc,0,1,3,4,156937.500
sorted,vector,i32,65536,bits22,asc,0,0,3,3,167000.000
sorted,vector,i32,65536,bits22,asc,0,0,4,4,152729.250
sorted,vector,i32,65536,bits22,asc,0,1,4,3,171875.000
sorted,vector,i32,65536,bits22,asc,0,0,5,3,185402.667
sorted,vector,i32,65536,bits22,asc,0,1,5,3,197486.333
sorted,vector,i32,65536,bits22,asc,0,1,6,4,152593.750
sorted,vector,i32,65536,bits22,asc,0,0,6,4,158874.750
sorted,vector,i32,65536,bits22,desc,0,0,0,4,140822.750
sorted,vector,i32,65536,bits22,desc,0,1,0,4,154916.500
sorted,vector,i32,65536,bits22,desc,0,1,1,4,140510.000
sorted,vector,i32,65536,bits22,desc,0,0,1,3,167194.667
sorted,vector,i32,65536,bits22,desc,0,1,2,4,152052.000
sorted,vector,i32,65536,bits22,desc,0,0,2,4,143468.750
sorted,vector,i32,65536,bits22,desc,0,0,3,4,143541.250
sorted,vector,i32,65536,bits22,desc,0,1,3,4,143729.000
sorted,vector,i32,65536,bits22,desc,0,0,4,4,154208.500
sorted,vector,i32,65536,bits22,desc,0,1,4,4,134521.000
sorted,vector,i32,65536,bits22,desc,0,0,5,4,146104.250
sorted,vector,i32,65536,bits22,desc,0,1,5,4,148510.250
sorted,vector,i32,65536,bits22,desc,0,0,6,4,137093.750
sorted,vector,i32,65536,bits22,desc,0,1,6,4,141885.250
sorted,vector,i32,65536,gaps,asc,0,1,0,2,328500.000
sorted,vector,i32,65536,gaps,asc,0,0,0,2,313125.500
sorted,vector,i32,65536,gaps,asc,0,1,1,2,302437.500
sorted,vector,i32,65536,gaps,asc,0,0,1,2,256771.000
sorted,vector,i32,65536,gaps,asc,0,0,2,2,264791.500
sorted,vector,i32,65536,gaps,asc,0,1,2,3,252152.667
sorted,vector,i32,65536,gaps,asc,0,1,3,2,317812.500
sorted,vector,i32,65536,gaps,asc,0,0,3,2,255458.500
sorted,vector,i32,65536,gaps,asc,0,1,4,2,267646.000
sorted,vector,i32,65536,gaps,asc,0,0,4,2,314854.000
sorted,vector,i32,65536,gaps,asc,0,1,5,3,265833.000
sorted,vector,i32,65536,gaps,asc,0,0,5,3,273152.667
sorted,vector,i32,65536,gaps,asc,0,1,6,3,242791.667
sorted,vector,i32,65536,gaps,asc,0,0,6,2,253292.000
sorted,vector,i32,65536,gaps,desc,0,1,0,2,327562.500
sorted,vector,i32,65536,gaps,desc,0,0,0,2,265541.500
sorted,vector,i32,65536,gaps,desc,0,0,1,2,319146.000
sorted,vector,i32,65536,gaps,desc,0,1,1,2,268208.500
sorted,vector,i32,65536,gaps,desc,0,1,2,2,293354.000
sorted,vector,i32,65536,gaps,desc,0,0,2,3,246624.667
sorted,vector,i32,65536,gaps,desc,0,1,3,2,251520.500
sorted,vector,i32,65536,gaps,desc,0,0,3,2,296562.500
sorted,vector,i32,65536,gaps,desc,0,0,4,2,328937.000
sorted,vector,i32,65536,gaps,desc,0,1,4,2,267270.500
sorted,vector,i32,65536,gaps,desc,0,0,5,2,270083.000
sorted,vector,i32,65536,gaps,desc,0,1,5,3,252444.667
sorted,vector,i32,65536,gaps,desc,0,0,6,3,258750.000
sorted,vector,i32,65536,gaps,desc,0,1,6,2,323646.000
sorted,vector,i32,65536,few,asc,0,1,0,5,107699.600
sorted,vector,i32,65536,few,asc,0,0,0,5,115033.000
sorted,vector,i32,65536,few,asc,0,0,1,5,111850.000
sorted,vector,i32,65536,few,asc,0,1,1,5,112191.800
sorted,vector,i32,65536,few,asc,0,1,2,5,105775.000
sorted,vector,i32,65536,few,asc,0,0,2,5,112516.800
sorted,vector,i32,65536,few,asc,0,1,3,5,101658.800
sorted,vector,i32,65536,few,asc,0,0,3,5,111366.800
sorted,vector,i32,65536,few,asc,0,0,4,5,109091.400
sorted,vector,i32,65536,few,asc,0,1,4,5,101458.400
sorted,vector,i32,65536,few,asc,0,0,5,5,112300.000
sorted,vector,i32,65536,few,asc,0,1,5,5,103241.200
sorted,vector,i32,65536,few,asc,0,1,6,5,100158.200
sorted,vector,i32,65536,few,asc,0,0,6,5,110725.000
sorted,vector,i32,65536,few,desc,0,1,0,4,148302.000
sorted,vector,i32,65536,few,desc,0,0,0,4,136562.500
sorted,vector,i32,65536,few,desc,0,0,1,4,132979.250
sorted,vector,i32,65536,few,desc,0,1,1,4,146062.250
sorted,vector,i32,65536,few,desc,0,1,2,4,142344.000
sorted,vector,i32,65536,few,desc,0,0,2,4,135771.000
sorted,vector,i32,65536,few,desc,0,1,3,4,140562.500
sorted,vector,i32,65536,few,desc,0,0,3,4,131364.500
sorted,vector,i32,65536,few,desc,0,1,4,4,143968.500
sorted,vector,i32,65536,few,desc,0,0,4,4,134406.000
sorted,vector,i32,65536,few,desc,0,0,5,4,136437.000
sorted,vector,i32,65536,few,desc,0,1,5,4,142458.250
sorted,vector,i32,65536,few,desc,0,1,6,4,148552.250
sorted,vector,i32,65536,few,desc,0,0,6,4,132728.750
sorted,vector,i32,65536,ordered,asc,0,0,0,32,15908.906
sorted,vector,i32,65536,ordered,asc,0,1,0,32,15726.688
sorted,vector,i32,65536,ordered,asc,0,1,1,32,15855.531
sorted,vector,i32,65536,ordered,asc,0,0,1,32,15747.312
sorted,vector,i32,65536,ordered,asc,0,0,2,32,15942.750
sorted,vector,i32,65536,ordered,asc,0,1,2,32,15669.312
sorted,vector,i32,65536,ordered,asc,0,1,3,32,15755.219
sorted,vector,i32,65536,ordered,asc,0,0,3,34,15034.353
sorted,vector,i32,65536,ordered,asc,0,1,4,33,15156.576
sorted,vector,i32,65536,ordered,asc,0,0,4,34,14960.588
sorted,vector,i32,65536,ordered,asc,0,1,5,33,15153.970
sorted,vector,i32,65536,ordered,asc,0,0,5,32,15724.031
sorted,vector,i32,65536,ordered,asc,0,0,6,31,16329.290
sorted,vector,i32,65536,ordered,asc,0,1,6,33,15434.364
sorted,vector,i32,65536,ordered,desc,0,1,0,27,19100.296
sorted,vector,i32,65536,ordered,desc,0,0,0,26,19391.077
sorted,vector,i32,65536,ordered,desc,0,0,1,27,18820.852
sorted,vector,i32,65536,ordered,desc,0,1,1,27,19202.185
sorted,vector,i32,65536,ordered,desc,0,1,2,27,19052.519
sorted,vector,i32,65536,ordered,desc,0,0,2,26,19278.885
sorted,vector,i32,65536,ordered,desc,0,1,3,27,18989.148
sorted,vector,i32,65536,ordered,desc,0,0,3,26,19346.154
sorted,vector,i32,65536,ordered,desc,0,1,4,27,18760.778
sorted,vector,i32,65536,ordered,desc,0,0,4,26,19368.538
sorted,vector,i32,65536,ordered,desc,0,0,5,26,19443.923
sorted,vector,i32,65536,ordered,desc,0,1,5,26,19475.923
sorted,vector,i32,65536,ordered,desc,0,1,6,25,20169.880
sorted,vector,i32,65536,ordered,desc,0,0,6,25,20388.520
sorted,vector,i32,65536,reverse,asc,0,0,0,25,20531.520
sorted,vector,i32,65536,reverse,asc,0,1,0,27,19146.556
sorted,vector,i32,65536,reverse,asc,0,0,1,25,20180.160
sorted,vector,i32,65536,reverse,asc,0,1,1,29,17722.655
sorted,vector,i32,65536,reverse,asc,0,0,2,29,17787.345
sorted,vector,i32,65536,reverse,asc,0,1,2,28,17901.821
sorted,vector,i32,65536,reverse,asc,0,1,3,29,17727.069
sorted,vector,i32,65536,reverse,asc,0,0,3,28,18023.929
sorted,vector,i32,65536,reverse,asc,0,0,4,29,17714.103
sorted,vector,i32,65536,reverse,asc,0,1,4,28,18437.464
sorted,vector,i32,65536,reverse,asc,0,1,5,27,18564.815
sorted,vector,i32,65536,reverse,asc,0,0,5,28,18363.107
sorted,vector,i32,65536,reverse,asc,0,1,6,28,18492.643
sorted,vector,i32,65536,reverse,asc,0,0,6,28,18126.536
sorted,vector,i32,65536,reverse,desc,0,0,0,32,15694.062
sorted,vector,i32,65536,reverse,desc,0,1,0,34,15074.706
sorted,vector,i32,65536,reverse,desc,0,0,1,35,14572.657
sorted,vector,i32,65536,reverse,desc,0,1,1,34,14898.294
sorted,vector,i32,65536,reverse,desc,0,0,2,34,15069.794
sorted,vector,i32,65536,reverse,desc,0,1,2,34,14836.971
sorted,vector,i32,65536,reverse,desc,0,0,3,33,15406.636
sorted,vector,i32,65536,reverse,desc,0,1,3,33,15287.788
sorted,vector,i32,65536,reverse,desc,0,1,4,31,16443.581
sorted,vector,i32,65536,reverse,desc,0,0,4,35,14579.714
sorted,vector,i32,65536,reverse,desc,0,0,5,34,15006.088
sorted,vector,i32,65536,reverse,desc,0,1,5,35,14573.857
sorted,vector,i32,65536,reverse,desc,0,0,6,32,15785.094
sorted,vector,i32,65536,reverse,desc,0,1,6,33,15374.970
sorted,vector,i32,65536,nearly,asc,0,1,0,3,181083.000
sorted,vector,i32,65536,nearly,asc,0,0,0,3,172972.333
sorted,vector,i32,65536,nearly,asc,0,0,1,3,172166.667
sorted,vector,i32,65536,nearly,asc,0,1,1,3,187694.333
sorted,vector,i32,65536,nearly,asc,0,0,2,3,170111.000
sorted,vector,i32,65536,nearly,asc,0,1,2,3,185833.333
sorted,vector,i32,65536,nearly,asc,0,0,3,3,172735.667
sorted,vector,i32,65536,nearly,asc,0,1,3,3,186597.000
sorted,vector,i32,65536,nearly,asc,0,0,4,3,178027.667
sorted,vector,i32,65536,nearly,asc,0,1,4,3,185916.000
sorted,vector,i32,65536,nearly,asc,0,0,5,3,176666.667
sorted,vector,i32,65536,nearly,asc,0,1,5,3,190097.333
sorted,vector,i32,65536,nearly,asc,0,0,6,3,175194.333
sorted,vector,i32,65536,nearly,asc,0,1,6,3,187000.000
sorted,vector,i32,65536,nearly,desc,0,0,0,3,188528.000
sorted,vector,i32,65536,nearly,desc,0,1,0,3,191014.000
sorted,vector,i32,65536,nearly,desc,0,0,1,3,180166.667
sorted,vector,i32,65536,nearly,desc,0,1,1,3,181389.000
sorted,vector,i32,65536,nearly,desc,0,1,2,3,185430.667
sorted,vector,i32,65536,nearly,desc,0,0,2,3,182402.667
sorted,vector,i32,65536,nearly,desc,0,1,3,3,187972.000
sorted,vector,i32,65536,nearly,desc,0,0,3,3,180986.333
sorted,vector,i32,65536,nearly,desc,0,0,4,3,180875.000
sorted,vector,i32,65536,nearly,desc,0,1,4,3,186236.000
sorted,vector,i32,65536,nearly,desc,0,1,5,3,189291.333
sorted,vector,i32,65536,nearly,desc,0,0,5,3,181361.000
sorted,vector,i32,65536,nearly,desc,0,0,6,3,187347.333
sorted,vector,i32,65536,nearly,desc,0,1,6,3,187472.000
sorted,vector,i32,65536,equal,asc,0,0,0,33,15397.727
sorted,vector,i32,65536,equal,asc,0,1,0,31,16287.548
sorted,vector,i32,65536,equal,asc,0,1,1,35,14565.543
sorted,vector,i32,65536,equal,asc,0,0,1,34,14949.647
sorted,vector,i32,65536,equal,asc,0,1,2,35,14664.343
sorted,vector,i32,65536,equal,asc,0,0,2,34,14933.912
sorted,vector,i32,65536,equal,asc,0,0,3,34,14947.088
sorted,vector,i32,65536,equal,asc,0,1,3,35,14563.086
sorted,vector,i32,65536,equal,asc,0,0,4,31,16473.129
sorted,vector,i32,65536,equal,asc,0,1,4,32,15661.469
sorted,vector,i32,65536,equal,asc,0,0,5,34,15068.706
sorted,vector,i32,65536,equal,asc,0,1,5,34,15127.441
sorted,vector,i32,65536,equal,asc,0,1,6,35,14604.714
sorted,vector,i32,65536,equal,asc,0,0,6,33,15532.909
sorted,vector,i32,65536,equal,desc,0,1,0,33,15507.606
sorted,vector,i32,65536,equal,desc,0,0,0,33,15348.545
sorted,vector,i32,65536,equal,desc,0,0,1,33,15468.394
sorted,vector,i32,65536,equal,desc,0,1,1,32,15725.312
sorted,vector,i32,65536,equal,desc,0,1,2,33,15186.818
sorted,vector,i32,65536,equal,desc,0,0,2,33,15520.303
sorted,vector,i32,65536,equal,desc,0,0,3,33,15498.758
sorted,vector,i32,65536,equal,desc,0,1,3,33,15527.848
sorted,vector,i32,65536,equal,desc,0,1,4,32,15737.000
sorted,vector,i32,65536,equal,desc,0,0,4,33,15276.576
sorted,vector,i32,65536,equal,desc,0,0,5,33,15553.121
sorted,vector,i32,65536,equal,desc,0,1,5,33,15606.212
sorted,vector,i32,65536,equal,desc,0,1,6,32,15764.188
sorted,vector,i32,65536,equal,desc,0,0,6,31,16159.968
sorted,vector,i32,1000000,full,asc,0,1,0,1,3825583.000
sorted,vector,i32,1000000,full,asc,0,0,0,1,3629334.000
sorted,vector,i32,1000000,full,asc,0,0,1,1,3625208.000
sorted,vector,i32,1000000,full,asc,0,1,1,1,3862042.000
sorted,vector,i32,1000000,full,asc,0,0,2,1,3613625.000
sorted,vector,i32,1000000,full,asc,0,1,2,1,3873625.000
sorted,vector,i32,1000000,full,asc,0,0,3,1,3647208.000
sorted,vector,i32,1000000,full,asc,0,1,3,1,3848375.000
sorted,vector,i32,1000000,full,asc,0,0,4,1,3622833.000
sorted,vector,i32,1000000,full,asc,0,1,4,1,3860042.000
sorted,vector,i32,1000000,full,asc,0,0,5,1,3617292.000
sorted,vector,i32,1000000,full,asc,0,1,5,1,3845167.000
sorted,vector,i32,1000000,full,asc,0,0,6,1,3630625.000
sorted,vector,i32,1000000,full,asc,0,1,6,1,3838208.000
sorted,vector,i32,1000000,full,desc,0,1,0,1,3755833.000
sorted,vector,i32,1000000,full,desc,0,0,0,1,3715250.000
sorted,vector,i32,1000000,full,desc,0,1,1,1,3723042.000
sorted,vector,i32,1000000,full,desc,0,0,1,1,3692750.000
sorted,vector,i32,1000000,full,desc,0,1,2,1,3700458.000
sorted,vector,i32,1000000,full,desc,0,0,2,1,3678125.000
sorted,vector,i32,1000000,full,desc,0,1,3,1,3740875.000
sorted,vector,i32,1000000,full,desc,0,0,3,1,3685292.000
sorted,vector,i32,1000000,full,desc,0,1,4,1,3713042.000
sorted,vector,i32,1000000,full,desc,0,0,4,1,3723083.000
sorted,vector,i32,1000000,full,desc,0,0,5,1,3724792.000
sorted,vector,i32,1000000,full,desc,0,1,5,1,3803500.000
sorted,vector,i32,1000000,full,desc,0,1,6,1,3720250.000
sorted,vector,i32,1000000,full,desc,0,0,6,1,3703125.000
kernel,vector,i32,1000000,full,asc,8,1,0,1,3095792.000
kernel,vector,i32,1000000,full,asc,8,0,0,1,3049625.000
kernel,vector,i32,1000000,full,asc,8,1,1,1,3174958.000
kernel,vector,i32,1000000,full,asc,8,0,1,1,3086167.000
kernel,vector,i32,1000000,full,asc,8,1,2,1,3166000.000
kernel,vector,i32,1000000,full,asc,8,0,2,1,3083750.000
kernel,vector,i32,1000000,full,asc,8,1,3,1,3144208.000
kernel,vector,i32,1000000,full,asc,8,0,3,1,3088500.000
kernel,vector,i32,1000000,full,asc,8,1,4,1,3067791.000
kernel,vector,i32,1000000,full,asc,8,0,4,1,3051667.000
kernel,vector,i32,1000000,full,asc,8,1,5,1,3092333.000
kernel,vector,i32,1000000,full,asc,8,0,5,1,3086292.000
kernel,vector,i32,1000000,full,asc,8,0,6,1,3051625.000
kernel,vector,i32,1000000,full,asc,8,1,6,1,3182125.000
kernel,vector,i32,1000000,full,desc,8,0,0,1,3038083.000
kernel,vector,i32,1000000,full,desc,8,1,0,1,3141958.000
kernel,vector,i32,1000000,full,desc,8,0,1,1,3079542.000
kernel,vector,i32,1000000,full,desc,8,1,1,1,3132917.000
kernel,vector,i32,1000000,full,desc,8,1,2,1,3110167.000
kernel,vector,i32,1000000,full,desc,8,0,2,1,3060500.000
kernel,vector,i32,1000000,full,desc,8,1,3,1,3117166.000
kernel,vector,i32,1000000,full,desc,8,0,3,1,3087750.000
kernel,vector,i32,1000000,full,desc,8,0,4,1,3059542.000
kernel,vector,i32,1000000,full,desc,8,1,4,1,3147583.000
kernel,vector,i32,1000000,full,desc,8,0,5,1,3107333.000
kernel,vector,i32,1000000,full,desc,8,1,5,1,3187958.000
kernel,vector,i32,1000000,full,desc,8,0,6,1,3063542.000
kernel,vector,i32,1000000,full,desc,8,1,6,1,3141292.000
kernel,vector,i32,1000000,full,asc,11,1,0,1,2621000.000
kernel,vector,i32,1000000,full,asc,11,0,0,1,2418833.000
kernel,vector,i32,1000000,full,asc,11,0,1,1,2434042.000
kernel,vector,i32,1000000,full,asc,11,1,1,1,2702875.000
kernel,vector,i32,1000000,full,asc,11,0,2,1,2416833.000
kernel,vector,i32,1000000,full,asc,11,1,2,1,2634417.000
kernel,vector,i32,1000000,full,asc,11,1,3,1,2648541.000
kernel,vector,i32,1000000,full,asc,11,0,3,1,2430708.000
kernel,vector,i32,1000000,full,asc,11,1,4,1,2613292.000
kernel,vector,i32,1000000,full,asc,11,0,4,1,2440333.000
kernel,vector,i32,1000000,full,asc,11,0,5,1,2458458.000
kernel,vector,i32,1000000,full,asc,11,1,5,1,2635166.000
kernel,vector,i32,1000000,full,asc,11,0,6,1,2429291.000
kernel,vector,i32,1000000,full,asc,11,1,6,1,2637333.000
kernel,vector,i32,1000000,full,desc,11,0,0,1,2417333.000
kernel,vector,i32,1000000,full,desc,11,1,0,1,2472458.000
kernel,vector,i32,1000000,full,desc,11,1,1,1,2449458.000
kernel,vector,i32,1000000,full,desc,11,0,1,1,2507959.000
kernel,vector,i32,1000000,full,desc,11,1,2,1,2435375.000
kernel,vector,i32,1000000,full,desc,11,0,2,1,2497583.000
kernel,vector,i32,1000000,full,desc,11,1,3,1,2535166.000
kernel,vector,i32,1000000,full,desc,11,0,3,1,2462250.000
kernel,vector,i32,1000000,full,desc,11,1,4,1,2472167.000
kernel,vector,i32,1000000,full,desc,11,0,4,1,2466959.000
kernel,vector,i32,1000000,full,desc,11,1,5,1,2448792.000
kernel,vector,i32,1000000,full,desc,11,0,5,1,2460041.000
kernel,vector,i32,1000000,full,desc,11,1,6,1,2477125.000
kernel,vector,i32,1000000,full,desc,11,0,6,1,2447791.000
kernel,vector,i32,1000000,full,asc,15,0,0,1,4957041.000
kernel,vector,i32,1000000,full,asc,15,1,0,1,5161750.000
kernel,vector,i32,1000000,full,asc,15,1,1,1,5061541.000
kernel,vector,i32,1000000,full,asc,15,0,1,1,4790042.000
kernel,vector,i32,1000000,full,asc,15,0,2,1,4674416.000
kernel,vector,i32,1000000,full,asc,15,1,2,1,5052167.000
kernel,vector,i32,1000000,full,asc,15,0,3,1,5083083.000
kernel,vector,i32,1000000,full,asc,15,1,3,1,4909959.000
kernel,vector,i32,1000000,full,asc,15,1,4,1,4919666.000
kernel,vector,i32,1000000,full,asc,15,0,4,1,4981334.000
kernel,vector,i32,1000000,full,asc,15,0,5,1,4832500.000
kernel,vector,i32,1000000,full,asc,15,1,5,1,5002208.000
kernel,vector,i32,1000000,full,asc,15,1,6,1,5087417.000
kernel,vector,i32,1000000,full,asc,15,0,6,1,4973959.000
kernel,vector,i32,1000000,full,desc,15,1,0,1,4680875.000
kernel,vector,i32,1000000,full,desc,15,0,0,1,4783625.000
kernel,vector,i32,1000000,full,desc,15,1,1,1,4956417.000
kernel,vector,i32,1000000,full,desc,15,0,1,1,4797375.000
kernel,vector,i32,1000000,full,desc,15,1,2,1,4981417.000
kernel,vector,i32,1000000,full,desc,15,0,2,1,4979500.000
kernel,vector,i32,1000000,full,desc,15,0,3,1,5143916.000
kernel,vector,i32,1000000,full,desc,15,1,3,1,4976792.000
kernel,vector,i32,1000000,full,desc,15,1,4,1,4993000.000
kernel,vector,i32,1000000,full,desc,15,0,4,1,4951000.000
kernel,vector,i32,1000000,full,desc,15,1,5,1,4964333.000
kernel,vector,i32,1000000,full,desc,15,0,5,1,5027333.000
kernel,vector,i32,1000000,full,desc,15,1,6,1,5068334.000
kernel,vector,i32,1000000,full,desc,15,0,6,1,4904459.000
sorted,vector,i32,1000000,bits22,asc,0,0,0,1,3262125.000
sorted,vector,i32,1000000,bits22,asc,0,1,0,1,3447750.000
sorted,vector,i32,1000000,bits22,asc,0,0,1,1,3130958.000
sorted,vector,i32,1000000,bits22,asc,0,1,1,1,3353125.000
sorted,vector,i32,1000000,bits22,asc,0,1,2,1,3053208.000
sorted,vector,i32,1000000,bits22,asc,0,0,2,1,2869583.000
sorted,vector,i32,1000000,bits22,asc,0,0,3,1,3236209.000
sorted,vector,i32,1000000,bits22,asc,0,1,3,1,3297041.000
sorted,vector,i32,1000000,bits22,asc,0,1,4,1,3107333.000
sorted,vector,i32,1000000,bits22,asc,0,0,4,1,2995917.000
sorted,vector,i32,1000000,bits22,asc,0,0,5,1,3257667.000
sorted,vector,i32,1000000,bits22,asc,0,1,5,1,3141792.000
sorted,vector,i32,1000000,bits22,asc,0,0,6,1,3156084.000
sorted,vector,i32,1000000,bits22,asc,0,1,6,1,3427667.000
sorted,vector,i32,1000000,bits22,desc,0,0,0,1,3079333.000
sorted,vector,i32,1000000,bits22,desc,0,1,0,1,3046167.000
sorted,vector,i32,1000000,bits22,desc,0,0,1,1,2994375.000
sorted,vector,i32,1000000,bits22,desc,0,1,1,1,3239084.000
sorted,vector,i32,1000000,bits22,desc,0,1,2,1,3210042.000
sorted,vector,i32,1000000,bits22,desc,0,0,2,1,3198291.000
sorted,vector,i32,1000000,bits22,desc,0,0,3,1,2884375.000
sorted,vector,i32,1000000,bits22,desc,0,1,3,1,3436000.000
sorted,vector,i32,1000000,bits22,desc,0,1,4,1,3233417.000
sorted,vector,i32,1000000,bits22,desc,0,0,4,1,3280000.000
sorted,vector,i32,1000000,bits22,desc,0,1,5,1,2922875.000
sorted,vector,i32,1000000,bits22,desc,0,0,5,1,2879167.000
sorted,vector,i32,1000000,bits22,desc,0,1,6,1,2979375.000
sorted,vector,i32,1000000,bits22,desc,0,0,6,1,3192417.000
kernel,vector,i32,1000000,bits22,asc,8,1,0,1,2599125.000
kernel,vector,i32,1000000,bits22,asc,8,0,0,1,2773666.000
kernel,vector,i32,1000000,bits22,asc,8,0,1,1,2589417.000
kernel,vector,i32,1000000,bits22,asc,8,1,1,1,2509958.000
kernel,vector,i32,1000000,bits22,asc,8,0,2,1,2561042.000
kernel,vector,i32,1000000,bits22,asc,8,1,2,1,2447500.000
kernel,vector,i32,1000000,bits22,asc,8,1,3,1,2485625.000
kernel,vector,i32,1000000,bits22,asc,8,0,3,1,2398833.000
kernel,vector,i32,1000000,bits22,asc,8,0,4,1,2567166.000
kernel,vector,i32,1000000,bits22,asc,8,1,4,1,2506166.000
kernel,vector,i32,1000000,bits22,asc,8,1,5,1,2375042.000
kernel,vector,i32,1000000,bits22,asc,8,0,5,1,2375291.000
kernel,vector,i32,1000000,bits22,asc,8,0,6,1,2331625.000
kernel,vector,i32,1000000,bits22,asc,8,1,6,1,2503875.000
kernel,vector,i32,1000000,bits22,desc,8,0,0,1,2591375.000
kernel,vector,i32,1000000,bits22,desc,8,1,0,1,2441167.000
kernel,vector,i32,1000000,bits22,desc,8,1,1,1,2660042.000
kernel,vector,i32,1000000,bits22,desc,8,0,1,1,2602583.000
kernel,vector,i32,1000000,bits22,desc,8,1,2,1,2576542.000
kernel,vector,i32,1000000,bits22,desc,8,0,2,1,2668334.000
kernel,vector,i32,1000000,bits22,desc,8,1,3,1,2802125.000
kernel,vector,i32,1000000,bits22,desc,8,0,3,1,2663209.000
kernel,vector,i32,1000000,bits22,desc,8,0,4,1,2585250.000
kernel,vector,i32,1000000,bits22,desc,8,1,4,1,2594000.000
kernel,vector,i32,1000000,bits22,desc,8,1,5,1,2667875.000
kernel,vector,i32,1000000,bits22,desc,8,0,5,1,2591708.000
kernel,vector,i32,1000000,bits22,desc,8,1,6,1,2585208.000
kernel,vector,i32,1000000,bits22,desc,8,0,6,1,2802458.000
kernel,vector,i32,1000000,bits22,asc,11,0,0,1,1797583.000
kernel,vector,i32,1000000,bits22,asc,11,1,0,1,1926667.000
kernel,vector,i32,1000000,bits22,asc,11,0,1,1,1747958.000
kernel,vector,i32,1000000,bits22,asc,11,1,1,1,1952958.000
kernel,vector,i32,1000000,bits22,asc,11,1,2,1,1924375.000
kernel,vector,i32,1000000,bits22,asc,11,0,2,1,1794250.000
kernel,vector,i32,1000000,bits22,asc,11,1,3,1,1878375.000
kernel,vector,i32,1000000,bits22,asc,11,0,3,1,1678708.000
kernel,vector,i32,1000000,bits22,asc,11,1,4,1,1887167.000
kernel,vector,i32,1000000,bits22,asc,11,0,4,1,1761708.000
kernel,vector,i32,1000000,bits22,asc,11,1,5,1,1920792.000
kernel,vector,i32,1000000,bits22,asc,11,0,5,1,1706667.000
kernel,vector,i32,1000000,bits22,asc,11,1,6,1,1947542.000
kernel,vector,i32,1000000,bits22,asc,11,0,6,1,1679666.000
kernel,vector,i32,1000000,bits22,desc,11,0,0,1,1788541.000
kernel,vector,i32,1000000,bits22,desc,11,1,0,1,1668000.000
kernel,vector,i32,1000000,bits22,desc,11,1,1,1,1802750.000
kernel,vector,i32,1000000,bits22,desc,11,0,1,1,1777875.000
kernel,vector,i32,1000000,bits22,desc,11,0,2,1,1764625.000
kernel,vector,i32,1000000,bits22,desc,11,1,2,1,1622000.000
kernel,vector,i32,1000000,bits22,desc,11,0,3,1,1653125.000
kernel,vector,i32,1000000,bits22,desc,11,1,3,1,1667000.000
kernel,vector,i32,1000000,bits22,desc,11,0,4,1,1615541.000
kernel,vector,i32,1000000,bits22,desc,11,1,4,1,1708291.000
kernel,vector,i32,1000000,bits22,desc,11,1,5,1,1625625.000
kernel,vector,i32,1000000,bits22,desc,11,0,5,1,1675333.000
kernel,vector,i32,1000000,bits22,desc,11,1,6,1,1753209.000
kernel,vector,i32,1000000,bits22,desc,11,0,6,1,1687916.000
kernel,vector,i32,1000000,bits22,asc,15,0,0,1,2642500.000
kernel,vector,i32,1000000,bits22,asc,15,1,0,1,2650917.000
kernel,vector,i32,1000000,bits22,asc,15,0,1,1,2582458.000
kernel,vector,i32,1000000,bits22,asc,15,1,1,1,2506500.000
kernel,vector,i32,1000000,bits22,asc,15,0,2,1,2555708.000
kernel,vector,i32,1000000,bits22,asc,15,1,2,1,2456666.000
kernel,vector,i32,1000000,bits22,asc,15,1,3,1,2631833.000
kernel,vector,i32,1000000,bits22,asc,15,0,3,1,2593417.000
kernel,vector,i32,1000000,bits22,asc,15,0,4,1,2600375.000
kernel,vector,i32,1000000,bits22,asc,15,1,4,1,2427959.000
kernel,vector,i32,1000000,bits22,asc,15,0,5,1,2475833.000
kernel,vector,i32,1000000,bits22,asc,15,1,5,1,2584375.000
kernel,vector,i32,1000000,bits22,asc,15,1,6,1,2514000.000
kernel,vector,i32,1000000,bits22,asc,15,0,6,1,2489750.000
kernel,vector,i32,1000000,bits22,desc,15,1,0,1,2535292.000
kernel,vector,i32,1000000,bits22,desc,15,0,0,1,2425167.000
kernel,vector,i32,1000000,bits22,desc,15,1,1,1,2433833.000
kernel,vector,i32,1000000,bits22,desc,15,0,1,1,2393083.000
kernel,vector,i32,1000000,bits22,desc,15,0,2,1,2583917.000
kernel,vector,i32,1000000,bits22,desc,15,1,2,1,2365125.000
kernel,vector,i32,1000000,bits22,desc,15,1,3,1,2454916.000
kernel,vector,i32,1000000,bits22,desc,15,0,3,1,2434000.000
kernel,vector,i32,1000000,bits22,desc,15,0,4,1,2517833.000
kernel,vector,i32,1000000,bits22,desc,15,1,4,1,2457333.000
kernel,vector,i32,1000000,bits22,desc,15,0,5,1,2471084.000
kernel,vector,i32,1000000,bits22,desc,15,1,5,1,2485542.000
kernel,vector,i32,1000000,bits22,desc,15,1,6,1,2498917.000
kernel,vector,i32,1000000,bits22,desc,15,0,6,1,2487500.000
sorted,vector,i32,1000000,gaps,asc,0,0,0,1,3872250.000
sorted,vector,i32,1000000,gaps,asc,0,1,0,1,3860375.000
sorted,vector,i32,1000000,gaps,asc,0,1,1,1,3991708.000
sorted,vector,i32,1000000,gaps,asc,0,0,1,1,3901708.000
sorted,vector,i32,1000000,gaps,asc,0,0,2,1,4013709.000
sorted,vector,i32,1000000,gaps,asc,0,1,2,1,4197708.000
sorted,vector,i32,1000000,gaps,asc,0,0,3,1,4198250.000
sorted,vector,i32,1000000,gaps,asc,0,1,3,1,3980667.000
sorted,vector,i32,1000000,gaps,asc,0,0,4,1,4436625.000
sorted,vector,i32,1000000,gaps,asc,0,1,4,1,4207542.000
sorted,vector,i32,1000000,gaps,asc,0,0,5,1,5560584.000
sorted,vector,i32,1000000,gaps,asc,0,1,5,1,4355625.000
sorted,vector,i32,1000000,gaps,asc,0,0,6,1,4151750.000
sorted,vector,i32,1000000,gaps,asc,0,1,6,1,4152750.000
sorted,vector,i32,1000000,gaps,desc,0,1,0,1,3950000.000
sorted,vector,i32,1000000,gaps,desc,0,0,0,1,3911333.000
sorted,vector,i32,1000000,gaps,desc,0,0,1,1,4033166.000
sorted,vector,i32,1000000,gaps,desc,0,1,1,1,3953958.000
sorted,vector,i32,1000000,gaps,desc,0,1,2,1,3863375.000
sorted,vector,i32,1000000,gaps,desc,0,0,2,1,3964542.000
sorted,vector,i32,1000000,gaps,desc,0,0,3,1,3814666.000
sorted,vector,i32,1000000,gaps,desc,0,1,3,1,3968583.000
sorted,vector,i32,1000000,gaps,desc,0,1,4,1,3870541.000
sorted,vector,i32,1000000,gaps,desc,0,0,4,1,3886417.000
sorted,vector,i32,1000000,gaps,desc,0,1,5,1,3887875.000
sorted,vector,i32,1000000,gaps,desc,0,0,5,1,3994500.000
sorted,vector,i32,1000000,gaps,desc,0,0,6,1,3843083.000
sorted,vector,i32,1000000,gaps,desc,0,1,6,1,3971709.000
kernel,vector,i32,1000000,gaps,asc,8,1,0,1,2698208.000
kernel,vector,i32,1000000,gaps,asc,8,0,0,1,4200291.000
kernel,vector,i32,1000000,gaps,asc,8,0,1,1,2873708.000
kernel,vector,i32,1000000,gaps,asc,8,1,1,1,2804750.000
kernel,vector,i32,1000000,gaps,asc,8,0,2,1,2784458.000
kernel,vector,i32,1000000,gaps,asc,8,1,2,1,2762000.000
kernel,vector,i32,1000000,gaps,asc,8,1,3,1,2620833.000
kernel,vector,i32,1000000,gaps,asc,8,0,3,1,4344750.000
kernel,vector,i32,1000000,gaps,asc,8,0,4,1,2704208.000
kernel,vector,i32,1000000,gaps,asc,8,1,4,1,2950166.000
kernel,vector,i32,1000000,gaps,asc,8,1,5,1,2582792.000
kernel,vector,i32,1000000,gaps,asc,8,0,5,1,2589958.000
kernel,vector,i32,1000000,gaps,asc,8,0,6,1,2800250.000
kernel,vector,i32,1000000,gaps,asc,8,1,6,1,2601542.000
kernel,vector,i32,1000000,gaps,desc,8,0,0,1,2615084.000
kernel,vector,i32,1000000,gaps,desc,8,1,0,1,2605667.000
kernel,vector,i32,1000000,gaps,desc,8,1,1,1,2724417.000
kernel,vector,i32,1000000,gaps,desc,8,0,1,1,2585542.000
kernel,vector,i32,1000000,gaps,desc,8,1,2,1,2620500.000
kernel,vector,i32,1000000,gaps,desc,8,0,2,1,2705209.000
kernel,vector,i32,1000000,gaps,desc,8,1,3,1,2615125.000
kernel,vector,i32,1000000,gaps,desc,8,0,3,1,2590625.000
kernel,vector,i32,1000000,gaps,desc,8,0,4,1,2708625.000
kernel,vector,i32,1000000,gaps,desc,8,1,4,1,2621292.000
kernel,vector,i32,1000000,gaps,desc,8,0,5,1,2607458.000
kernel,vector,i32,1000000,gaps,desc,8,1,5,1,2643959.000
kernel,vector,i32,1000000,gaps,desc,8,1,6,1,2608708.000
kernel,vector,i32,1000000,gaps,desc,8,0,6,1,2629083.000
kernel,vector,i32,1000000,gaps,asc,11,1,0,1,3879333.000
kernel,vector,i32,1000000,gaps,asc,11,0,0,1,3964833.000
kernel,vector,i32,1000000,gaps,asc,11,0,1,1,3866000.000
kernel,vector,i32,1000000,gaps,asc,11,1,1,1,4070834.000
kernel,vector,i32,1000000,gaps,asc,11,0,2,1,3912042.000
kernel,vector,i32,1000000,gaps,asc,11,1,2,1,4030625.000
kernel,vector,i32,1000000,gaps,asc,11,0,3,1,3876541.000
kernel,vector,i32,1000000,gaps,asc,11,1,3,1,4003292.000
kernel,vector,i32,1000000,gaps,asc,11,0,4,1,3882791.000
kernel,vector,i32,1000000,gaps,asc,11,1,4,1,3964167.000
kernel,vector,i32,1000000,gaps,asc,11,0,5,1,3893417.000
kernel,vector,i32,1000000,gaps,asc,11,1,5,1,4113458.000
kernel,vector,i32,1000000,gaps,asc,11,0,6,1,3882667.000
kernel,vector,i32,1000000,gaps,asc,11,1,6,1,3934875.000
kernel,vector,i32,1000000,gaps,desc,11,1,0,1,3880250.000
kernel,vector,i32,1000000,gaps,desc,11,0,0,1,3820041.000
kernel,vector,i32,1000000,gaps,desc,11,1,1,1,3894042.000
kernel,vector,i32,1000000,gaps,desc,11,0,1,1,3974292.000
kernel,vector,i32,1000000,gaps,desc,11,1,2,1,3946333.000
kernel,vector,i32,1000000,gaps,desc,11,0,2,1,3952208.000
kernel,vector,i32,1000000,gaps,desc,11,1,3,1,3974208.000
kernel,vector,i32,1000000,gaps,desc,11,0,3,1,3832083.000
kernel,vector,i32,1000000,gaps,desc,11,1,4,1,3817500.000
kernel,vector,i32,1000000,gaps,desc,11,0,4,1,3874000.000
kernel,vector,i32,1000000,gaps,desc,11,1,5,1,3948042.000
kernel,vector,i32,1000000,gaps,desc,11,0,5,1,3921250.000
kernel,vector,i32,1000000,gaps,desc,11,0,6,1,3766333.000
kernel,vector,i32,1000000,gaps,desc,11,1,6,1,4181375.000
kernel,vector,i32,1000000,gaps,asc,15,1,0,1,1866875.000
kernel,vector,i32,1000000,gaps,asc,15,0,0,1,1980583.000
kernel,vector,i32,1000000,gaps,asc,15,1,1,1,1904583.000
kernel,vector,i32,1000000,gaps,asc,15,0,1,1,1778458.000
kernel,vector,i32,1000000,gaps,asc,15,1,2,1,1876125.000
kernel,vector,i32,1000000,gaps,asc,15,0,2,1,1916834.000
kernel,vector,i32,1000000,gaps,asc,15,1,3,1,1774875.000
kernel,vector,i32,1000000,gaps,asc,15,0,3,1,1695875.000
kernel,vector,i32,1000000,gaps,asc,15,0,4,1,1715875.000
kernel,vector,i32,1000000,gaps,asc,15,1,4,1,1722125.000
kernel,vector,i32,1000000,gaps,asc,15,0,5,1,2006542.000
kernel,vector,i32,1000000,gaps,asc,15,1,5,1,1856250.000
kernel,vector,i32,1000000,gaps,asc,15,0,6,1,1726167.000
kernel,vector,i32,1000000,gaps,asc,15,1,6,1,1758208.000
kernel,vector,i32,1000000,gaps,desc,15,0,0,1,1787583.000
kernel,vector,i32,1000000,gaps,desc,15,1,0,1,1783000.000
kernel,vector,i32,1000000,gaps,desc,15,0,1,1,1746625.000
kernel,vector,i32,1000000,gaps,desc,15,1,1,1,1786292.000
kernel,vector,i32,1000000,gaps,desc,15,0,2,1,1778833.000
kernel,vector,i32,1000000,gaps,desc,15,1,2,1,1833458.000
kernel,vector,i32,1000000,gaps,desc,15,0,3,1,1772459.000
kernel,vector,i32,1000000,gaps,desc,15,1,3,1,1776375.000
kernel,vector,i32,1000000,gaps,desc,15,1,4,1,1821334.000
kernel,vector,i32,1000000,gaps,desc,15,0,4,1,1745458.000
kernel,vector,i32,1000000,gaps,desc,15,1,5,1,1760125.000
kernel,vector,i32,1000000,gaps,desc,15,0,5,1,1795417.000
kernel,vector,i32,1000000,gaps,desc,15,0,6,1,1779083.000
kernel,vector,i32,1000000,gaps,desc,15,1,6,1,1827834.000
sorted,vector,i32,1000000,few,asc,0,0,0,1,2335458.000
sorted,vector,i32,1000000,few,asc,0,1,0,1,2591291.000
sorted,vector,i32,1000000,few,asc,0,1,1,1,2407708.000
sorted,vector,i32,1000000,few,asc,0,0,1,1,2291792.000
sorted,vector,i32,1000000,few,asc,0,0,2,1,2467167.000
sorted,vector,i32,1000000,few,asc,0,1,2,1,2356292.000
sorted,vector,i32,1000000,few,asc,0,0,3,1,2265208.000
sorted,vector,i32,1000000,few,asc,0,1,3,1,2424541.000
sorted,vector,i32,1000000,few,asc,0,0,4,1,2288708.000
sorted,vector,i32,1000000,few,asc,0,1,4,1,2331959.000
sorted,vector,i32,1000000,few,asc,0,1,5,1,2415458.000
sorted,vector,i32,1000000,few,asc,0,0,5,1,2359291.000
sorted,vector,i32,1000000,few,asc,0,1,6,1,2261958.000
sorted,vector,i32,1000000,few,asc,0,0,6,1,2320125.000
sorted,vector,i32,1000000,few,desc,0,0,0,1,2324666.000
sorted,vector,i32,1000000,few,desc,0,1,0,1,2568000.000
sorted,vector,i32,1000000,few,desc,0,1,1,1,2327917.000
sorted,vector,i32,1000000,few,desc,0,0,1,1,2289708.000
sorted,vector,i32,1000000,few,desc,0,0,2,1,2232791.000
sorted,vector,i32,1000000,few,desc,0,1,2,1,2641333.000
sorted,vector,i32,1000000,few,desc,0,0,3,1,2443417.000
sorted,vector,i32,1000000,few,desc,0,1,3,1,2354875.000
sorted,vector,i32,1000000,few,desc,0,1,4,1,2527291.000
sorted,vector,i32,1000000,few,desc,0,0,4,1,2464625.000
sorted,vector,i32,1000000,few,desc,0,1,5,1,2381291.000
sorted,vector,i32,1000000,few,desc,0,0,5,1,2242833.000
sorted,vector,i32,1000000,few,desc,0,0,6,1,2496125.000
sorted,vector,i32,1000000,few,desc,0,1,6,1,2695042.000
kernel,vector,i32,1000000,few,asc,8,0,0,1,1099625.000
kernel,vector,i32,1000000,few,asc,8,1,0,1,1068458.000
kernel,vector,i32,1000000,few,asc,8,0,1,1,1160541.000
kernel,vector,i32,1000000,few,asc,8,1,1,1,1099834.000
kernel,vector,i32,1000000,few,asc,8,1,2,1,1112917.000
kernel,vector,i32,1000000,few,asc,8,0,2,1,1095916.000
kernel,vector,i32,1000000,few,asc,8,1,3,1,1111750.000
kernel,vector,i32,1000000,few,asc,8,0,3,1,1135458.000
kernel,vector,i32,1000000,few,asc,8,1,4,1,1144666.000
kernel,vector,i32,1000000,few,asc,8,0,4,1,1085959.000
kernel,vector,i32,1000000,few,asc,8,1,5,1,1124667.000
kernel,vector,i32,1000000,few,asc,8,0,5,1,1148250.000
kernel,vector,i32,1000000,few,asc,8,1,6,1,1210792.000
kernel,vector,i32,1000000,few,asc,8,0,6,1,1120750.000
kernel,vector,i32,1000000,few,desc,8,1,0,1,1225458.000
kernel,vector,i32,1000000,few,desc,8,0,0,1,1112667.000
kernel,vector,i32,1000000,few,desc,8,1,1,1,1186375.000
kernel,vector,i32,1000000,few,desc,8,0,1,1,1109208.000
kernel,vector,i32,1000000,few,desc,8,0,2,1,1092208.000
kernel,vector,i32,1000000,few,desc,8,1,2,1,1196167.000
kernel,vector,i32,1000000,few,desc,8,0,3,1,1123209.000
kernel,vector,i32,1000000,few,desc,8,1,3,1,1160500.000
kernel,vector,i32,1000000,few,desc,8,1,4,1,1184667.000
kernel,vector,i32,1000000,few,desc,8,0,4,1,1102375.000
kernel,vector,i32,1000000,few,desc,8,0,5,1,1155250.000
kernel,vector,i32,1000000,few,desc,8,1,5,1,1217584.000
kernel,vector,i32,1000000,few,desc,8,0,6,1,1126625.000
kernel,vector,i32,1000000,few,desc,8,1,6,1,1161000.000
kernel,vector,i32,1000000,few,asc,11,0,0,1,1155459.000
kernel,vector,i32,1000000,few,asc,11,1,0,1,1192917.000
kernel,vector,i32,1000000,few,asc,11,0,1,1,1118750.000
kernel,vector,i32,1000000,few,asc,11,1,1,1,1131042.000
kernel,vector,i32,1000000,few,asc,11,0,2,1,1107750.000
kernel,vector,i32,1000000,few,asc,11,1,2,1,1180250.000
kernel,vector,i32,1000000,few,asc,11,1,3,1,1137375.000
kernel,vector,i32,1000000,few,asc,11,0,3,1,1182417.000
kernel,vector,i32,1000000,few,asc,11,1,4,1,1182375.000
kernel,vector,i32,1000000,few,asc,11,0,4,1,1014083.000
kernel,vector,i32,1000000,few,asc,11,1,5,1,1153250.000
kernel,vector,i32,1000000,few,asc,11,0,5,1,1079166.000
kernel,vector,i32,1000000,few,asc,11,1,6,1,1131500.000
kernel,vector,i32,1000000,few,asc,11,0,6,1,1096041.000
kernel,vector,i32,1000000,few,desc,11,0,0,1,1134584.000
kernel,vector,i32,1000000,few,desc,11,1,0,1,1099458.000
kernel,vector,i32,1000000,few,desc,11,1,1,1,1139917.000
kernel,vector,i32,1000000,few,desc,11,0,1,1,1147917.000
kernel,vector,i32,1000000,few,desc,11,1,2,1,1130667.000
kernel,vector,i32,1000000,few,desc,11,0,2,1,1085416.000
kernel,vector,i32,1000000,few,desc,11,0,3,1,1062791.000
kernel,vector,i32,1000000,few,desc,11,1,3,1,1145000.000
kernel,vector,i32,1000000,few,desc,11,1,4,1,1195375.000
kernel,vector,i32,1000000,few,desc,11,0,4,1,1106291.000
kernel,vector,i32,1000000,few,desc,11,1,5,1,1222375.000
kernel,vector,i32,1000000,few,desc,11,0,5,1,1099792.000
kernel,vector,i32,1000000,few,desc,11,0,6,1,1143500.000
kernel,vector,i32,1000000,few,desc,11,1,6,1,1148917.000
kernel,vector,i32,1000000,few,asc,15,1,0,1,1204125.000
kernel,vector,i32,1000000,few,asc,15,0,0,1,1056250.000
kernel,vector,i32,1000000,few,asc,15,0,1,1,1173958.000
kernel,vector,i32,1000000,few,asc,15,1,1,1,1265791.000
kernel,vector,i32,1000000,few,asc,15,0,2,1,1056084.000
kernel,vector,i32,1000000,few,asc,15,1,2,1,1327250.000
kernel,vector,i32,1000000,few,asc,15,0,3,1,1185708.000
kernel,vector,i32,1000000,few,asc,15,1,3,1,1205750.000
kernel,vector,i32,1000000,few,asc,15,0,4,1,1156250.000
kernel,vector,i32,1000000,few,asc,15,1,4,1,1178625.000
kernel,vector,i32,1000000,few,asc,15,0,5,1,1142917.000
kernel,vector,i32,1000000,few,asc,15,1,5,1,1153834.000
kernel,vector,i32,1000000,few,asc,15,1,6,1,1157750.000
kernel,vector,i32,1000000,few,asc,15,0,6,1,1104417.000
kernel,vector,i32,1000000,few,desc,15,1,0,1,1205959.000
kernel,vector,i32,1000000,few,desc,15,0,0,1,1098625.000
kernel,vector,i32,1000000,few,desc,15,1,1,1,1199375.000
kernel,vector,i32,1000000,few,desc,15,0,1,1,1118083.000
kernel,vector,i32,1000000,few,desc,15,1,2,1,1253083.000
kernel,vector,i32,1000000,few,desc,15,0,2,1,1146333.000
kernel,vector,i32,1000000,few,desc,15,1,3,1,1150167.000
kernel,vector,i32,1000000,few,desc,15,0,3,1,1119333.000
kernel,vector,i32,1000000,few,desc,15,0,4,1,1135875.000
kernel,vector,i32,1000000,few,desc,15,1,4,1,1201209.000
kernel,vector,i32,1000000,few,desc,15,0,5,1,1167333.000
kernel,vector,i32,1000000,few,desc,15,1,5,1,1190875.000
kernel,vector,i32,1000000,few,desc,15,1,6,1,1187584.000
kernel,vector,i32,1000000,few,desc,15,0,6,1,1124667.000
sorted,vector,i32,1000000,ordered,asc,0,1,0,3,227444.333
sorted,vector,i32,1000000,ordered,asc,0,0,0,3,222597.333
sorted,vector,i32,1000000,ordered,asc,0,0,1,3,222611.000
sorted,vector,i32,1000000,ordered,asc,0,1,1,3,224194.333
sorted,vector,i32,1000000,ordered,asc,0,0,2,3,247847.333
sorted,vector,i32,1000000,ordered,asc,0,1,2,3,229319.333
sorted,vector,i32,1000000,ordered,asc,0,0,3,3,230153.000
sorted,vector,i32,1000000,ordered,asc,0,1,3,3,237027.667
sorted,vector,i32,1000000,ordered,asc,0,0,4,3,231833.667
sorted,vector,i32,1000000,ordered,asc,0,1,4,3,234764.000
sorted,vector,i32,1000000,ordered,asc,0,1,5,3,230500.000
sorted,vector,i32,1000000,ordered,asc,0,0,5,3,231917.000
sorted,vector,i32,1000000,ordered,asc,0,0,6,3,226875.333
sorted,vector,i32,1000000,ordered,asc,0,1,6,3,225111.333
sorted,vector,i32,1000000,ordered,desc,0,0,0,2,273708.500
sorted,vector,i32,1000000,ordered,desc,0,1,0,2,277396.000
sorted,vector,i32,1000000,ordered,desc,0,1,1,2,274146.000
sorted,vector,i32,1000000,ordered,desc,0,0,1,2,279479.000
sorted,vector,i32,1000000,ordered,desc,0,1,2,2,274542.000
sorted,vector,i32,1000000,ordered,desc,0,0,2,2,274166.500
sorted,vector,i32,1000000,ordered,desc,0,1,3,2,288645.500
sorted,vector,i32,1000000,ordered,desc,0,0,3,2,290917.000
sorted,vector,i32,1000000,ordered,desc,0,0,4,2,281916.500
sorted,vector,i32,1000000,ordered,desc,0,1,4,2,300208.500
sorted,vector,i32,1000000,ordered,desc,0,1,5,2,288916.500
sorted,vector,i32,1000000,ordered,desc,0,0,5,2,296770.500
sorted,vector,i32,1000000,ordered,desc,0,0,6,2,295354.500
sorted,vector,i32,1000000,ordered,desc,0,1,6,2,293625.000
sorted,vector,i32,1000000,reverse,asc,0,1,0,2,275188.000
sorted,vector,i32,1000000,reverse,asc,0,0,0,2,276000.000
sorted,vector,i32,1000000,reverse,asc,0,0,1,2,307250.000
sorted,vector,i32,1000000,reverse,asc,0,1,1,2,290896.000
sorted,vector,i32,1000000,reverse,asc,0,1,2,2,299896.000
sorted,vector,i32,1000000,reverse,asc,0,0,2,2,284292.000
sorted,vector,i32,1000000,reverse,asc,0,1,3,2,278687.500
sorted,vector,i32,1000000,reverse,asc,0,0,3,2,290313.000
sorted,vector,i32,1000000,reverse,asc,0,1,4,2,296437.500
sorted,vector,i32,1000000,reverse,asc,0,0,4,2,308083.500
sorted,vector,i32,1000000,reverse,asc,0,1,5,2,282979.500
sorted,vector,i32,1000000,reverse,asc,0,0,5,2,292520.500
sorted,vector,i32,1000000,reverse,asc,0,1,6,2,303312.000
sorted,vector,i32,1000000,reverse,asc,0,0,6,2,279042.000
sorted,vector,i32,1000000,reverse,desc,0,0,0,3,232083.333
sorted,vector,i32,1000000,reverse,desc,0,1,0,3,237375.000
sorted,vector,i32,1000000,reverse,desc,0,0,1,3,235250.000
sorted,vector,i32,1000000,reverse,desc,0,1,1,3,243333.667
sorted,vector,i32,1000000,reverse,desc,0,0,2,3,248291.667
sorted,vector,i32,1000000,reverse,desc,0,1,2,3,239250.000
sorted,vector,i32,1000000,reverse,desc,0,1,3,3,242486.000
sorted,vector,i32,1000000,reverse,desc,0,0,3,1,677209.000
sorted,vector,i32,1000000,reverse,desc,0,1,4,3,237930.333
sorted,vector,i32,1000000,reverse,desc,0,0,4,3,235930.333
sorted,vector,i32,1000000,reverse,desc,0,1,5,3,234569.333
sorted,vector,i32,1000000,reverse,desc,0,0,5,3,224152.667
sorted,vector,i32,1000000,reverse,desc,0,1,6,3,226041.333
sorted,vector,i32,1000000,reverse,desc,0,0,6,3,222569.333
sorted,vector,i32,1000000,nearly,asc,0,0,0,1,2745459.000
sorted,vector,i32,1000000,nearly,asc,0,1,0,1,3051375.000
sorted,vector,i32,1000000,nearly,asc,0,1,1,1,2816292.000
sorted,vector,i32,1000000,nearly,asc,0,0,1,1,2680125.000
sorted,vector,i32,1000000,nearly,asc,0,1,2,1,2929083.000
sorted,vector,i32,1000000,nearly,asc,0,0,2,1,2998125.000
sorted,vector,i32,1000000,nearly,asc,0,1,3,1,4539334.000
sorted,vector,i32,1000000,nearly,asc,0,0,3,1,3323042.000
sorted,vector,i32,1000000,nearly,asc,0,1,4,1,3297208.000
sorted,vector,i32,1000000,nearly,asc,0,0,4,1,3454458.000
sorted,vector,i32,1000000,nearly,asc,0,1,5,1,3253667.000
sorted,vector,i32,1000000,nearly,asc,0,0,5,1,3267000.000
sorted,vector,i32,1000000,nearly,asc,0,0,6,1,3253458.000
sorted,vector,i32,1000000,nearly,asc,0,1,6,1,3230250.000
sorted,vector,i32,1000000,nearly,desc,0,1,0,1,2955875.000
sorted,vector,i32,1000000,nearly,desc,0,0,0,1,3165459.000
sorted,vector,i32,1000000,nearly,desc,0,1,1,1,3433625.000
sorted,vector,i32,1000000,nearly,desc,0,0,1,1,2995250.000
sorted,vector,i32,1000000,nearly,desc,0,0,2,1,3011459.000
sorted,vector,i32,1000000,nearly,desc,0,1,2,1,3110166.000
sorted,vector,i32,1000000,nearly,desc,0,0,3,1,3266083.000
sorted,vector,i32,1000000,nearly,desc,0,1,3,1,3043750.000
sorted,vector,i32,1000000,nearly,desc,0,0,4,1,3235792.000
sorted,vector,i32,1000000,nearly,desc,0,1,4,1,2915625.000
sorted,vector,i32,1000000,nearly,desc,0,1,5,1,2773834.000
sorted,vector,i32,1000000,nearly,desc,0,0,5,1,2852042.000
sorted,vector,i32,1000000,nearly,desc,0,1,6,1,2739958.000
sorted,vector,i32,1000000,nearly,desc,0,0,6,1,2866166.000
sorted,vector,i32,1000000,equal,asc,0,0,0,3,232444.333
sorted,vector,i32,1000000,equal,asc,0,1,0,2,250916.500
sorted,vector,i32,1000000,equal,asc,0,0,1,3,240666.333
sorted,vector,i32,1000000,equal,asc,0,1,1,3,239041.333
sorted,vector,i32,1000000,equal,asc,0,1,2,3,238875.333
sorted,vector,i32,1000000,equal,asc,0,0,2,3,223347.000
sorted,vector,i32,1000000,equal,asc,0,0,3,3,222333.333
sorted,vector,i32,1000000,equal,asc,0,1,3,3,222305.667
sorted,vector,i32,1000000,equal,asc,0,0,4,3,226569.333
sorted,vector,i32,1000000,equal,asc,0,1,4,3,233333.667
sorted,vector,i32,1000000,equal,asc,0,1,5,3,232958.333
sorted,vector,i32,1000000,equal,asc,0,0,5,3,236777.667
sorted,vector,i32,1000000,equal,asc,0,0,6,3,222263.667
sorted,vector,i32,1000000,equal,asc,0,1,6,3,223764.333
sorted,vector,i32,1000000,equal,desc,0,0,0,3,235750.000
sorted,vector,i32,1000000,equal,desc,0,1,0,3,227514.000
sorted,vector,i32,1000000,equal,desc,0,0,1,3,222222.333
sorted,vector,i32,1000000,equal,desc,0,1,1,3,226583.333
sorted,vector,i32,1000000,equal,desc,0,1,2,2,270062.000
sorted,vector,i32,1000000,equal,desc,0,0,2,3,222111.333
sorted,vector,i32,1000000,equal,desc,0,0,3,3,222236.333
sorted,vector,i32,1000000,equal,desc,0,1,3,3,222208.333
sorted,vector,i32,1000000,equal,desc,0,1,4,3,223777.667
sorted,vector,i32,1000000,equal,desc,0,0,4,3,237653.000
sorted,vector,i32,1000000,equal,desc,0,0,5,3,222277.333
sorted,vector,i32,1000000,equal,desc,0,1,5,3,240527.667
sorted,vector,i32,1000000,equal,desc,0,1,6,3,223583.000
sorted,vector,i32,1000000,equal,desc,0,0,6,3,223347.333
sorted,array,i32,65536,full,asc,0,0,0,2,363875.500
sorted,array,i32,65536,full,asc,0,1,0,2,345896.000
sorted,array,i32,65536,full,asc,0,0,1,2,265166.500
sorted,array,i32,65536,full,asc,0,1,1,3,223916.333
sorted,array,i32,65536,full,asc,0,0,2,3,213416.667
sorted,array,i32,65536,full,asc,0,1,2,3,213111.000
sorted,array,i32,65536,full,asc,0,0,3,3,213653.000
sorted,array,i32,65536,full,asc,0,1,3,3,213638.667
sorted,array,i32,65536,full,asc,0,1,4,3,196027.667
sorted,array,i32,65536,full,asc,0,0,4,3,205069.333
sorted,array,i32,65536,full,asc,0,0,5,3,206500.333
sorted,array,i32,65536,full,asc,0,1,5,3,207722.000
sorted,array,i32,65536,full,asc,0,1,6,3,206986.333
sorted,array,i32,65536,full,asc,0,0,6,3,204305.667
sorted,array,i32,65536,full,desc,0,0,0,3,204014.000
sorted,array,i32,65536,full,desc,0,1,0,2,253583.000
sorted,array,i32,65536,full,desc,0,1,1,3,228958.333
sorted,array,i32,65536,full,desc,0,0,1,2,256104.000
sorted,array,i32,65536,full,desc,0,0,2,3,210125.000
sorted,array,i32,65536,full,desc,0,1,2,3,205069.333
sorted,array,i32,65536,full,desc,0,1,3,3,210555.667
sorted,array,i32,65536,full,desc,0,0,3,3,207722.000
sorted,array,i32,65536,full,desc,0,1,4,3,205958.667
sorted,array,i32,65536,full,desc,0,0,4,3,205042.000
sorted,array,i32,65536,full,desc,0,1,5,3,207514.000
sorted,array,i32,65536,full,desc,0,0,5,3,206305.667
sorted,array,i32,65536,full,desc,0,1,6,3,200486.000
sorted,array,i32,65536,full,desc,0,0,6,3,183597.000
sorted,array,i32,65536,bits22,asc,0,1,0,3,168625.000
sorted,array,i32,65536,bits22,asc,0,0,0,4,158864.500
sorted,array,i32,65536,bits22,asc,0,0,1,4,149729.250
sorted,array,i32,65536,bits22,asc,0,1,1,4,151604.000
sorted,array,i32,65536,bits22,asc,0,0,2,4,151135.500
sorted,array,i32,65536,bits22,asc,0,1,2,4,149468.500
sorted,array,i32,65536,bits22,asc,0,1,3,3,173930.667
sorted,array,i32,65536,bits22,asc,0,0,3,3,183916.667
sorted,array,i32,65536,bits22,asc,0,0,4,4,165645.500
sorted,array,i32,65536,bits22,asc,0,1,4,3,178430.333
sorted,array,i32,65536,bits22,asc,0,1,5,3,183777.667
sorted,array,i32,65536,bits22,asc,0,0,5,4,171041.750
sorted,array,i32,65536,bits22,asc,0,0,6,3,258111.000
sorted,array,i32,65536,bits22,asc,0,1,6,3,173805.667
sorted,array,i32,65536,bits22,desc,0,1,0,4,161469.000
sorted,array,i32,65536,bits22,desc,0,0,0,4,154229.000
sorted,array,i32,65536,bits22,desc,0,1,1,3,168180.333
sorted,array,i32,65536,bits22,desc,0,0,1,4,153489.250
sorted,array,i32,65536,bits22,desc,0,1,2,3,190527.667
sorted,array,i32,65536,bits22,desc,0,0,2,3,193903.000
sorted,array,i32,65536,bits22,desc,0,1,3,3,174986.333
sorted,array,i32,65536,bits22,desc,0,0,3,4,156062.500
sorted,array,i32,65536,bits22,desc,0,1,4,4,148833.250
sorted,array,i32,65536,bits22,desc,0,0,4,4,153375.000
sorted,array,i32,65536,bits22,desc,0,1,5,4,148104.500
sorted,array,i32,65536,bits22,desc,0,0,5,4,146000.000
sorted,array,i32,65536,bits22,desc,0,1,6,4,154229.250
sorted,array,i32,65536,bits22,desc,0,0,6,4,146583.250
sorted,array,i32,65536,gaps,asc,0,1,0,2,353833.500
sorted,array,i32,65536,gaps,asc,0,0,0,3,265513.667
sorted,array,i32,65536,gaps,asc,0,0,1,2,266750.000
sorted,array,i32,65536,gaps,asc,0,1,1,3,259416.667
sorted,array,i32,65536,gaps,asc,0,1,2,2,313708.500
sorted,array,i32,65536,gaps,asc,0,0,2,3,262069.667
sorted,array,i32,65536,gaps,asc,0,1,3,2,270812.000
sorted,array,i32,65536,gaps,asc,0,0,3,2,280896.000
sorted,array,i32,65536,gaps,asc,0,1,4,2,280125.500
sorted,array,i32,65536,gaps,asc,0,0,4,2,276000.000
sorted,array,i32,65536,gaps,asc,0,0,5,2,264021.000
sorted,array,i32,65536,gaps,asc,0,1,5,2,294833.000
sorted,array,i32,65536,gaps,asc,0,0,6,3,260792.000
sorted,array,i32,65536,gaps,asc,0,1,6,2,263354.000
sorted,array,i32,65536,gaps,desc,0,1,0,2,284250.500
sorted,array,i32,65536,gaps,desc,0,0,0,3,284041.333
sorted,array,i32,65536,gaps,desc,0,0,1,2,285187.500
sorted,array,i32,65536,gaps,desc,0,1,1,2,289750.000
sorted,array,i32,65536,gaps,desc,0,0,2,3,275402.667
sorted,array,i32,65536,gaps,desc,0,1,2,2,285916.000
sorted,array,i32,65536,gaps,desc,0,0,3,3,271291.667
sorted,array,i32,65536,gaps,desc,0,1,3,2,285375.000
sorted,array,i32,65536,gaps,desc,0,1,4,2,336583.000
sorted,array,i32,65536,gaps,desc,0,0,4,2,258500.500
sorted,array,i32,65536,gaps,desc,0,0,5,2,348875.000
sorted,array,i32,65536,gaps,desc,0,1,5,2,293833.500
sorted,array,i32,65536,gaps,desc,0,0,6,2,274666.500
sorted,array,i32,65536,gaps,desc,0,1,6,2,292354.000
sorted,array,i32,65536,few,asc,0,0,0,5,114433.200
sorted,array,i32,65536,few,asc,0,1,0,4,129083.250
sorted,array,i32,65536,few,asc,0,0,1,5,111975.200
sorted,array,i32,65536,few,asc,0,1,1,5,114666.800
sorted,array,i32,65536,few,asc,0,1,2,5,116716.600
sorted,array,i32,65536,few,asc,0,0,2,5,111491.600
sorted,array,i32,65536,few,asc,0,1,3,5,116383.400
sorted,array,i32,65536,few,asc,0,0,3,5,110625.000
sorted,array,i32,65536,few,asc,0,1,4,5,115841.800
sorted,array,i32,65536,few,asc,0,0,4,4,143010.500
sorted,array,i32,65536,few,asc,0,0,5,4,135302.000
sorted,array,i32,65536,few,asc,0,1,5,4,135427.250
sorted,array,i32,65536,few,asc,0,0,6,5,118849.600
sorted,array,i32,65536,few,asc,0,1,6,5,113308.400
sorted,array,i32,65536,few,desc,0,1,0,4,133344.000
sorted,array,i32,65536,few,desc,0,0,0,4,131791.500
sorted,array,i32,65536,few,desc,0,1,1,4,139041.500
sorted,array,i32,65536,few,desc,0,0,1,4,129750.250
sorted,array,i32,65536,few,desc,0,1,2,4,132624.750
sorted,array,i32,65536,few,desc,0,0,2,4,130437.500
sorted,array,i32,65536,few,desc,0,1,3,4,137781.500
sorted,array,i32,65536,few,desc,0,0,3,4,127697.750
sorted,array,i32,65536,few,desc,0,1,4,4,149521.000
sorted,array,i32,65536,few,desc,0,0,4,4,150895.750
sorted,array,i32,65536,few,desc,0,0,5,4,127344.000
sorted,array,i32,65536,few,desc,0,1,5,4,129781.500
sorted,array,i32,65536,few,desc,0,0,6,5,124291.600
sorted,array,i32,65536,few,desc,0,1,6,4,126458.250
sorted,array,i32,65536,ordered,asc,0,0,0,20,25391.600
sorted,array,i32,65536,ordered,asc,0,1,0,20,25129.200
sorted,array,i32,65536,ordered,asc,0,0,1,20,26127.000
sorted,array,i32,65536,ordered,asc,0,1,1,20,25968.700
sorted,array,i32,65536,ordered,asc,0,0,2,22,23702.682
sorted,array,i32,65536,ordered,asc,0,1,2,22,23460.409
sorted,array,i32,65536,ordered,asc,0,1,3,22,23700.727
sorted,array,i32,65536,ordered,asc,0,0,3,22,23517.136
sorted,array,i32,65536,ordered,asc,0,0,4,20,25189.500
sorted,array,i32,65536,ordered,asc,0,1,4,21,24627.048
sorted,array,i32,65536,ordered,asc,0,1,5,21,24234.238
sorted,array,i32,65536,ordered,asc,0,0,5,21,24849.333
sorted,array,i32,65536,ordered,asc,0,0,6,21,24912.810
sorted,array,i32,65536,ordered,asc,0,1,6,21,24629.000
sorted,array,i32,65536,ordered,desc,0,1,0,14,36434.500
sorted,array,i32,65536,ordered,desc,0,0,0,15,35158.333
sorted,array,i32,65536,ordered,desc,0,0,1,14,35940.571
sorted,array,i32,65536,ordered,desc,0,1,1,15,34875.067
sorted,array,i32,65536,ordered,desc,0,1,2,14,37282.786
sorted,array,i32,65536,ordered,desc,0,0,2,15,35444.333
sorted,array,i32,65536,ordered,desc,0,0,3,15,35516.600
sorted,array,i32,65536,ordered,desc,0,1,3,15,34991.667
sorted,array,i32,65536,ordered,desc,0,0,4,14,35806.500
sorted,array,i32,65536,ordered,desc,0,1,4,15,35135.933
sorted,array,i32,65536,ordered,desc,0,1,5,15,34744.400
sorted,array,i32,65536,ordered,desc,0,0,5,14,37729.071
sorted,array,i32,65536,ordered,desc,0,1,6,15,35711.000
sorted,array,i32,65536,ordered,desc,0,0,6,15,34841.733
sorted,array,i32,65536,reverse,asc,0,1,0,15,33894.333
sorted,array,i32,65536,reverse,asc,0,0,0,16,32997.312
sorted,array,i32,65536,reverse,asc,0,1,1,15,34391.600
sorted,array,i32,65536,reverse,asc,0,0,1,15,33483.400
sorted,array,i32,65536,reverse,asc,0,1,2,15,35155.467
sorted,array,i32,65536,reverse,asc,0,0,2,14,37172.500
sorted,array,i32,65536,reverse,asc,0,0,3,16,33057.250
sorted,array,i32,65536,reverse,asc,0,1,3,15,33761.200
sorted,array,i32,65536,reverse,asc,0,1,4,15,34544.533
sorted,array,i32,65536,reverse,asc,0,0,4,15,34955.600
sorted,array,i32,65536,reverse,asc,0,1,5,15,34236.000
sorted,array,i32,65536,reverse,asc,0,0,5,15,35672.067
sorted,array,i32,65536,reverse,asc,0,1,6,15,35083.467
sorted,array,i32,65536,reverse,asc,0,0,6,14,36071.500
sorted,array,i32,65536,reverse,desc,0,0,0,20,25687.450
sorted,array,i32,65536,reverse,desc,0,1,0,20,25912.450
sorted,array,i32,65536,reverse,desc,0,0,1,20,25095.800
sorted,array,i32,65536,reverse,desc,0,1,1,20,25635.400
sorted,array,i32,65536,reverse,desc,0,1,2,20,25531.300
sorted,array,i32,65536,reverse,desc,0,0,2,19,26342.105
sorted,array,i32,65536,reverse,desc,0,0,3,20,26058.150
sorted,array,i32,65536,reverse,desc,0,1,3,19,27059.263
sorted,array,i32,65536,reverse,desc,0,0,4,20,25706.250
sorted,array,i32,65536,reverse,desc,0,1,4,19,26826.737
sorted,array,i32,65536,reverse,desc,0,1,5,20,25339.600
sorted,array,i32,65536,reverse,desc,0,0,5,20,25720.800
sorted,array,i32,65536,reverse,desc,0,1,6,19,26361.947
sorted,array,i32,65536,reverse,desc,0,0,6,20,25720.750
sorted,array,i32,65536,nearly,asc,0,0,0,3,206430.667
sorted,array,i32,65536,nearly,asc,0,1,0,3,194944.667
sorted,array,i32,65536,nearly,asc,0,0,1,3,191583.333
sorted,array,i32,65536,nearly,asc,0,1,1,3,189861.333
sorted,array,i32,65536,nearly,asc,0,0,2,3,199569.667
sorted,array,i32,65536,nearly,asc,0,1,2,3,188125.000
sorted,array,i32,65536,nearly,asc,0,1,3,3,185181.000
sorted,array,i32,65536,nearly,asc,0,0,3,3,183583.000
sorted,array,i32,65536,nearly,asc,0,0,4,3,170722.000
sorted,array,i32,65536,nearly,asc,0,1,4,3,180208.000
sorted,array,i32,65536,nearly,asc,0,0,5,3,185347.000
sorted,array,i32,65536,nearly,asc,0,1,5,3,182319.333
sorted,array,i32,65536,nearly,asc,0,1,6,3,194166.667
sorted,array,i32,65536,nearly,asc,0,0,6,3,186180.667
sorted,array,i32,65536,nearly,desc,0,1,0,3,196375.000
sorted,array,i32,65536,nearly,desc,0,0,0,3,190902.667
sorted,array,i32,65536,nearly,desc,0,1,1,3,204374.667
sorted,array,i32,65536,nearly,desc,0,0,1,3,194236.333
sorted,array,i32,65536,nearly,desc,0,0,2,3,192888.667
sorted,array,i32,65536,nearly,desc,0,1,2,3,190542.000
sorted,array,i32,65536,nearly,desc,0,1,3,3,178791.667
sorted,array,i32,65536,nearly,desc,0,0,3,3,174666.667
sorted,array,i32,65536,nearly,desc,0,0,4,3,180083.000
sorted,array,i32,65536,nearly,desc,0,1,4,3,175958.667
sorted,array,i32,65536,nearly,desc,0,1,5,3,193361.000
sorted,array,i32,65536,nearly,desc,0,0,5,3,187750.000
sorted,array,i32,65536,nearly,desc,0,0,6,3,189250.000
sorted,array,i32,65536,nearly,desc,0,1,6,3,187250.333
sorted,array,i32,65536,equal,asc,0,0,0,20,25818.700
sorted,array,i32,65536,equal,asc,0,1,0,20,25072.900
sorted,array,i32,65536,equal,asc,0,1,1,20,25718.750
sorted,array,i32,65536,equal,asc,0,0,1,20,25604.150
sorted,array,i32,65536,equal,asc,0,1,2,20,25466.800
sorted,array,i32,65536,equal,asc,0,0,2,22,23528.545
sorted,array,i32,65536,equal,asc,0,1,3,21,24174.571
sorted,array,i32,65536,equal,asc,0,0,3,22,23534.182
sorted,array,i32,65536,equal,asc,0,0,4,19,27561.368
sorted,array,i32,65536,equal,asc,0,1,4,21,24660.619
sorted,array,i32,65536,equal,asc,0,1,5,20,25037.450
sorted,array,i32,65536,equal,asc,0,0,5,21,24091.286
sorted,array,i32,65536,equal,asc,0,1,6,20,26139.750
sorted,array,i32,65536,equal,asc,0,0,6,21,24333.429
sorted,array,i32,65536,equal,desc,0,1,0,20,25841.550
sorted,array,i32,65536,equal,desc,0,0,0,21,24884.952
sorted,array,i32,65536,equal,desc,0,0,1,20,25250.050
sorted,array,i32,65536,equal,desc,0,1,1,21,23882.810
sorted,array,i32,65536,equal,desc,0,0,2,22,23746.227
sorted,array,i32,65536,equal,desc,0,1,2,22,23536.091
sorted,array,i32,65536,equal,desc,0,1,3,21,24821.524
sorted,array,i32,65536,equal,desc,0,0,3,21,24117.143
sorted,array,i32,65536,equal,desc,0,1,4,21,23958.333
sorted,array,i32,65536,equal,desc,0,0,4,21,24240.143
sorted,array,i32,65536,equal,desc,0,1,5,22,23549.273
sorted,array,i32,65536,equal,desc,0,0,5,21,24234.190
sorted,array,i32,65536,equal,desc,0,1,6,21,24954.333
sorted,array,i32,65536,equal,desc,0,0,6,21,24597.190
sorted,vector,i64,128,full,asc,0,0,0,512,367.178
sorted,vector,i64,128,full,asc,0,1,0,512,428.385
sorted,vector,i64,128,full,asc,0,1,1,512,382.805
sorted,vector,i64,128,full,asc,0,0,1,512,371.906
sorted,vector,i64,128,full,asc,0,1,2,512,371.256
sorted,vector,i64,128,full,asc,0,0,2,512,398.531
sorted,vector,i64,128,full,asc,0,0,3,512,399.338
sorted,vector,i64,128,full,asc,0,1,3,512,368.658
sorted,vector,i64,128,full,asc,0,1,4,512,470.062
sorted,vector,i64,128,full,asc,0,0,4,512,411.707
sorted,vector,i64,128,full,asc,0,1,5,512,407.307
sorted,vector,i64,128,full,asc,0,0,5,512,482.508
sorted,vector,i64,128,full,asc,0,0,6,512,414.721
sorted,vector,i64,128,full,asc,0,1,6,512,410.070
sorted,vector,i64,128,full,desc,0,0,0,512,446.270
sorted,vector,i64,128,full,desc,0,1,0,512,445.166
sorted,vector,i64,128,full,desc,0,1,1,512,449.371
sorted,vector,i64,128,full,desc,0,0,1,512,451.602
sorted,vector,i64,128,full,desc,0,0,2,512,451.252
sorted,vector,i64,128,full,desc,0,1,2,512,451.639
sorted,vector,i64,128,full,desc,0,1,3,512,446.943
sorted,vector,i64,128,full,desc,0,0,3,512,459.318
sorted,vector,i64,128,full,desc,0,0,4,512,435.541
sorted,vector,i64,128,full,desc,0,1,4,512,432.459
sorted,vector,i64,128,full,desc,0,0,5,512,435.957
sorted,vector,i64,128,full,desc,0,1,5,512,436.260
sorted,vector,i64,128,full,desc,0,1,6,512,434.895
sorted,vector,i64,128,full,desc,0,0,6,512,446.266
sorted,vector,i64,128,bits22,asc,0,0,0,512,363.031
sorted,vector,i64,128,bits22,asc,0,1,0,512,336.660
sorted,vector,i64,128,bits22,asc,0,1,1,512,335.693
sorted,vector,i64,128,bits22,asc,0,0,1,512,337.619
sorted,vector,i64,128,bits22,asc,0,0,2,512,375.652
sorted,vector,i64,128,bits22,asc,0,1,2,512,390.051
sorted,vector,i64,128,bits22,asc,0,0,3,512,340.346
sorted,vector,i64,128,bits22,asc,0,1,3,512,361.887
sorted,vector,i64,128,bits22,asc,0,1,4,512,349.215
sorted,vector,i64,128,bits22,asc,0,0,4,512,377.197
sorted,vector,i64,128,bits22,asc,0,1,5,512,344.891
sorted,vector,i64,128,bits22,asc,0,0,5,512,338.932
sorted,vector,i64,128,bits22,asc,0,1,6,512,336.967
sorted,vector,i64,128,bits22,asc,0,0,6,512,370.443
sorted,vector,i64,128,bits22,desc,0,0,0,512,507.381
sorted,vector,i64,128,bits22,desc,0,1,0,512,496.047
sorted,vector,i64,128,bits22,desc,0,0,1,512,455.570
sorted,vector,i64,128,bits22,desc,0,1,1,512,457.895
sorted,vector,i64,128,bits22,desc,0,1,2,512,459.443
sorted,vector,i64,128,bits22,desc,0,0,2,512,454.840
sorted,vector,i64,128,bits22,desc,0,1,3,512,457.344
sorted,vector,i64,128,bits22,desc,0,0,3,512,466.129
sorted,vector,i64,128,bits22,desc,0,1,4,512,456.215
sorted,vector,i64,128,bits22,desc,0,0,4,512,455.156
sorted,vector,i64,128,bits22,desc,0,0,5,512,454.631
sorted,vector,i64,128,bits22,desc,0,1,5,512,454.631
sorted,vector,i64,128,bits22,desc,0,0,6,512,454.252
sorted,vector,i64,128,bits22,desc,0,1,6,512,469.396
sorted,vector,i64,128,gaps,asc,0,0,0,512,379.395
sorted,vector,i64,128,gaps,asc,0,1,0,512,378.580
sorted,vector,i64,128,gaps,asc,0,1,1,512,382.812
sorted,vector,i64,128,gaps,asc,0,0,1,512,393.725
sorted,vector,i64,128,gaps,asc,0,0,2,512,328.539
sorted,vector,i64,128,gaps,asc,0,1,2,512,325.500
sorted,vector,i64,128,gaps,asc,0,0,3,512,325.709
sorted,vector,i64,128,gaps,asc,0,1,3,512,328.707
sorted,vector,i64,128,gaps,asc,0,1,4,512,319.312
sorted,vector,i64,128,gaps,asc,0,0,4,512,319.469
sorted,vector,i64,128,gaps,asc,0,0,5,512,323.498
sorted,vector,i64,128,gaps,asc,0,1,5,512,321.287
sorted,vector,i64,128,gaps,asc,0,1,6,512,318.641
sorted,vector,i64,128,gaps,asc,0,0,6,512,319.314
sorted,vector,i64,128,gaps,desc,0,1,0,512,383.557
sorted,vector,i64,128,gaps,desc,0,0,0,512,417.877
sorted,vector,i64,128,gaps,desc,0,0,1,512,452.924
sorted,vector,i64,128,gaps,desc,0,1,1,512,417.660
sorted,vector,i64,128,gaps,desc,0,0,2,512,401.869
sorted,vector,i64,128,gaps,desc,0,1,2,512,404.801
sorted,vector,i64,128,gaps,desc,0,0,3,512,425.848
sorted,vector,i64,128,gaps,desc,0,1,3,512,386.225
sorted,vector,i64,128,gaps,desc,0,1,4,512,445.729
sorted,vector,i64,128,gaps,desc,0,0,4,512,428.234
sorted,vector,i64,128,gaps,desc,0,0,5,512,449.389
sorted,vector,i64,128,gaps,desc,0,1,5,512,449.865
sorted,vector,i64,128,gaps,desc,0,0,6,512,443.209
sorted,vector,i64,128,gaps,desc,0,1,6,512,391.105
sorted,vector,i64,128,few,asc,0,1,0,512,296.869
sorted,vector,i64,128,few,asc,0,0,0,512,301.029
sorted,vector,i64,128,few,asc,0,0,1,512,301.764
sorted,vector,i64,128,few,asc,0,1,1,512,300.131
sorted,vector,i64,128,few,asc,0,1,2,512,297.926
sorted,vector,i64,128,few,asc,0,0,2,512,303.619
sorted,vector,i64,128,few,asc,0,1,3,512,302.572
sorted,vector,i64,128,few,asc,0,0,3,512,305.088
sorted,vector,i64,128,few,asc,0,0,4,512,298.576
sorted,vector,i64,128,few,asc,0,1,4,512,304.691
sorted,vector,i64,128,few,asc,0,1,5,512,299.803
sorted,vector,i64,128,few,asc,0,0,5,512,302.338
sorted,vector,i64,128,few,asc,0,1,6,512,303.543
sorted,vector,i64,128,few,asc,0,0,6,512,299.562
sorted,vector,i64,128,few,desc,0,0,0,512,312.926
sorted,vector,i64,128,few,desc,0,1,0,512,344.002
sorted,vector,i64,128,few,desc,0,0,1,512,316.955
sorted,vector,i64,128,few,desc,0,1,1,512,335.664
sorted,vector,i64,128,few,desc,0,1,2,512,336.398
sorted,vector,i64,128,few,desc,0,0,2,512,337.738
sorted,vector,i64,128,few,desc,0,1,3,512,367.891
sorted,vector,i64,128,few,desc,0,0,3,512,312.045
sorted,vector,i64,128,few,desc,0,0,4,512,346.373
sorted,vector,i64,128,few,desc,0,1,4,512,336.914
sorted,vector,i64,128,few,desc,0,1,5,512,367.877
sorted,vector,i64,128,few,desc,0,0,5,512,312.666
sorted,vector,i64,128,few,desc,0,1,6,512,308.594
sorted,vector,i64,128,few,desc,0,0,6,512,310.367
sorted,vector,i64,128,ordered,asc,0,1,0,512,38.906
sorted,vector,i64,128,ordered,asc,0,0,0,512,38.488
sorted,vector,i64,128,ordered,asc,0,0,1,512,39.061
sorted,vector,i64,128,ordered,asc,0,1,1,512,38.492
sorted,vector,i64,128,ordered,asc,0,1,2,512,39.385
sorted,vector,i64,128,ordered,asc,0,0,2,512,38.576
sorted,vector,i64,128,ordered,asc,0,1,3,512,38.738
sorted,vector,i64,128,ordered,asc,0,0,3,512,38.908
sorted,vector,i64,128,ordered,asc,0,0,4,512,37.930
sorted,vector,i64,128,ordered,asc,0,1,4,512,37.928
sorted,vector,i64,128,ordered,asc,0,1,5,512,38.166
sorted,vector,i64,128,ordered,asc,0,0,5,512,38.576
sorted,vector,i64,128,ordered,asc,0,0,6,512,38.990
sorted,vector,i64,128,ordered,asc,0,1,6,512,39.717
sorted,vector,i64,128,ordered,desc,0,0,0,512,52.490
sorted,vector,i64,128,ordered,desc,0,1,0,512,54.201
sorted,vector,i64,128,ordered,desc,0,0,1,512,52.564
sorted,vector,i64,128,ordered,desc,0,1,1,512,50.213
sorted,vector,i64,128,ordered,desc,0,1,2,512,47.764
sorted,vector,i64,128,ordered,desc,0,0,2,512,47.203
sorted,vector,i64,128,ordered,desc,0,0,3,512,47.363
sorted,vector,i64,128,ordered,desc,0,1,3,512,46.881
sorted,vector,i64,128,ordered,desc,0,1,4,512,51.344
sorted,vector,i64,128,ordered,desc,0,0,4,512,52.578
sorted,vector,i64,128,ordered,desc,0,0,5,512,52.566
sorted,vector,i64,128,ordered,desc,0,1,5,512,55.254
sorted,vector,i64,128,ordered,desc,0,0,6,512,47.035
sorted,vector,i64,128,ordered,desc,0,1,6,512,45.824
sorted,vector,i64,128,reverse,asc,0,1,0,512,46.145
sorted,vector,i64,128,reverse,asc,0,0,0,512,52.484
sorted,vector,i64,128,reverse,asc,0,1,1,512,52.574
sorted,vector,i64,128,reverse,asc,0,0,1,512,52.086
sorted,vector,i64,128,reverse,asc,0,0,2,512,51.916
sorted,vector,i64,128,reverse,asc,0,1,2,512,51.424
sorted,vector,i64,128,reverse,asc,0,0,3,512,46.719
sorted,vector,i64,128,reverse,asc,0,1,3,512,47.119
sorted,vector,i64,128,reverse,asc,0,0,4,512,46.953
sorted,vector,i64,128,reverse,asc,0,1,4,512,46.955
sorted,vector,i64,128,reverse,asc,0,0,5,512,49.807
sorted,vector,i64,128,reverse,asc,0,1,5,512,52.000
sorted,vector,i64,128,reverse,asc,0,0,6,512,52.578
sorted,vector,i64,128,reverse,asc,0,1,6,512,52.002
sorted,vector,i64,128,reverse,desc,0,1,0,512,39.633
sorted,vector,i64,128,reverse,desc,0,0,0,512,39.814
sorted,vector,i64,128,reverse,desc,0,1,1,512,39.469
sorted,vector,i64,128,reverse,desc,0,0,1,512,39.619
sorted,vector,i64,128,reverse,desc,0,0,2,512,39.551
sorted,vector,i64,128,reverse,desc,0,1,2,512,39.387
sorted,vector,i64,128,reverse,desc,0,0,3,512,39.711
sorted,vector,i64,128,reverse,desc,0,1,3,512,39.793
sorted,vector,i64,128,reverse,desc,0,1,4,512,42.881
sorted,vector,i64,128,reverse,desc,0,0,4,512,40.672
sorted,vector,i64,128,reverse,desc,0,1,5,512,39.141
sorted,vector,i64,128,reverse,desc,0,0,5,512,42.234
sorted,vector,i64,128,reverse,desc,0,1,6,512,42.885
sorted,vector,i64,128,reverse,desc,0,0,6,512,44.023
sorted,vector,i64,128,nearly,asc,0,0,0,512,183.027
sorted,vector,i64,128,nearly,asc,0,1,0,512,184.896
sorted,vector,i64,128,nearly,asc,0,1,1,512,208.330
sorted,vector,i64,128,nearly,asc,0,0,1,512,201.986
sorted,vector,i64,128,nearly,asc,0,1,2,512,182.043
sorted,vector,i64,128,nearly,asc,0,0,2,512,183.184
sorted,vector,i64,128,nearly,asc,0,1,3,512,180.660
sorted,vector,i64,128,nearly,asc,0,0,3,512,181.879
sorted,vector,i64,128,nearly,asc,0,1,4,512,180.492
sorted,vector,i64,128,nearly,asc,0,0,4,512,183.838
sorted,vector,i64,128,nearly,asc,0,0,5,512,192.045
sorted,vector,i64,128,nearly,asc,0,1,5,512,195.734
sorted,vector,i64,128,nearly,asc,0,0,6,512,182.945
sorted,vector,i64,128,nearly,asc,0,1,6,512,180.340
sorted,vector,i64,128,nearly,desc,0,1,0,512,236.422
sorted,vector,i64,128,nearly,desc,0,0,0,512,253.729
sorted,vector,i64,128,nearly,desc,0,0,1,512,245.678
sorted,vector,i64,128,nearly,desc,0,1,1,512,225.908
sorted,vector,i64,128,nearly,desc,0,1,2,512,242.518
sorted,vector,i64,128,nearly,desc,0,0,2,512,252.766
sorted,vector,i64,128,nearly,desc,0,1,3,512,227.686
sorted,vector,i64,128,nearly,desc,0,0,3,512,236.584
sorted,vector,i64,128,nearly,desc,0,0,4,512,254.641
sorted,vector,i64,128,nearly,desc,0,1,4,512,234.627
sorted,vector,i64,128,nearly,desc,0,0,5,512,230.688
sorted,vector,i64,128,nearly,desc,0,1,5,512,254.385
sorted,vector,i64,128,nearly,desc,0,0,6,512,274.184
sorted,vector,i64,128,nearly,desc,0,1,6,512,233.975
sorted,vector,i64,128,equal,asc,0,0,0,512,45.260
sorted,vector,i64,128,equal,asc,0,1,0,512,47.521
sorted,vector,i64,128,equal,asc,0,0,1,512,44.014
sorted,vector,i64,128,equal,asc,0,1,1,512,38.334
sorted,vector,i64,128,equal,asc,0,1,2,512,38.330
sorted,vector,i64,128,equal,asc,0,0,2,512,40.533
sorted,vector,i64,128,equal,asc,0,0,3,512,40.607
sorted,vector,i64,128,equal,asc,0,1,3,512,42.570
sorted,vector,i64,128,equal,asc,0,0,4,512,44.672
sorted,vector,i64,128,equal,asc,0,1,4,512,43.049
sorted,vector,i64,128,equal,asc,0,1,5,512,42.318
sorted,vector,i64,128,equal,asc,0,0,5,512,45.484
sorted,vector,i64,128,equal,asc,0,0,6,512,42.791
sorted,vector,i64,128,equal,asc,0,1,6,512,38.010
sorted,vector,i64,128,equal,desc,0,1,0,512,38.086
sorted,vector,i64,128,equal,desc,0,0,0,512,41.016
sorted,vector,i64,128,equal,desc,0,1,1,512,43.457
sorted,vector,i64,128,equal,desc,0,0,1,512,43.049
sorted,vector,i64,128,equal,desc,0,0,2,512,43.867
sorted,vector,i64,128,equal,desc,0,1,2,512,43.621
sorted,vector,i64,128,equal,desc,0,1,3,512,39.707
sorted,vector,i64,128,equal,desc,0,0,3,512,39.955
sorted,vector,i64,128,equal,desc,0,0,4,512,43.453
sorted,vector,i64,128,equal,desc,0,1,4,512,41.258
sorted,vector,i64,128,equal,desc,0,1,5,512,44.588
sorted,vector,i64,128,equal,desc,0,0,5,512,44.436
sorted,vector,i64,128,equal,desc,0,1,6,512,44.516
sorted,vector,i64,128,equal,desc,0,0,6,512,43.297
sorted,vector,i64,512,full,asc,0,1,0,239,2100.243
sorted,vector,i64,512,full,asc,0,0,0,226,2219.978
sorted,vector,i64,512,full,asc,0,1,1,238,2102.067
sorted,vector,i64,512,full,asc,0,0,1,224,2237.348
sorted,vector,i64,512,full,asc,0,1,2,238,2105.206
sorted,vector,i64,512,full,asc,0,0,2,199,2515.704
sorted,vector,i64,512,full,asc,0,1,3,219,2288.434
sorted,vector,i64,512,full,asc,0,0,3,216,2321.782
sorted,vector,i64,512,full,asc,0,1,4,217,2311.843
sorted,vector,i64,512,full,asc,0,0,4,178,2811.337
sorted,vector,i64,512,full,asc,0,0,5,214,2342.318
sorted,vector,i64,512,full,asc,0,1,5,215,2332.763
sorted,vector,i64,512,full,asc,0,0,6,222,2259.045
sorted,vector,i64,512,full,asc,0,1,6,226,2214.044
sorted,vector,i64,512,full,desc,0,1,0,204,2458.495
sorted,vector,i64,512,full,desc,0,0,0,213,2352.451
sorted,vector,i64,512,full,desc,0,0,1,201,2489.244
sorted,vector,i64,512,full,desc,0,1,1,212,2360.061
sorted,vector,i64,512,full,desc,0,0,2,203,2465.108
sorted,vector,i64,512,full,desc,0,1,2,210,2384.367
sorted,vector,i64,512,full,desc,0,0,3,205,2451.010
sorted,vector,i64,512,full,desc,0,1,3,201,2499.572
sorted,vector,i64,512,full,desc,0,0,4,202,2476.475
sorted,vector,i64,512,full,desc,0,1,4,195,2579.913
sorted,vector,i64,512,full,desc,0,0,5,205,2442.063
sorted,vector,i64,512,full,desc,0,1,5,212,2360.816
sorted,vector,i64,512,full,desc,0,1,6,222,2253.023
sorted,vector,i64,512,full,desc,0,0,6,223,2248.682
sorted,vector,i64,512,bits22,asc,0,1,0,220,2285.832
sorted,vector,i64,512,bits22,asc,0,0,0,215,2330.033
sorted,vector,i64,512,bits22,asc,0,1,1,220,2273.450
sorted,vector,i64,512,bits22,asc,0,0,1,221,2263.009
sorted,vector,i64,512,bits22,asc,0,0,2,211,2376.782
sorted,vector,i64,512,bits22,asc,0,1,2,203,2468.148
sorted,vector,i64,512,bits22,asc,0,1,3,198,2535.747
sorted,vector,i64,512,bits22,asc,0,0,3,206,2438.335
sorted,vector,i64,512,bits22,asc,0,1,4,205,2446.537
sorted,vector,i64,512,bits22,asc,0,0,4,188,2667.718
sorted,vector,i64,512,bits22,asc,0,1,5,193,2600.829
sorted,vector,i64,512,bits22,asc,0,0,5,219,2292.991
sorted,vector,i64,512,bits22,asc,0,1,6,219,2287.489
sorted,vector,i64,512,bits22,asc,0,0,6,220,2282.955
sorted,vector,i64,512,bits22,desc,0,1,0,229,2184.140
sorted,vector,i64,512,bits22,desc,0,0,0,229,2191.406
sorted,vector,i64,512,bits22,desc,0,0,1,229,2191.808
sorted,vector,i64,512,bits22,desc,0,1,1,225,2229.782
sorted,vector,i64,512,bits22,desc,0,0,2,217,2304.972
sorted,vector,i64,512,bits22,desc,0,1,2,206,2436.840
sorted,vector,i64,512,bits22,desc,0,1,3,227,2211.427
sorted,vector,i64,512,bits22,desc,0,0,3,215,2334.288
sorted,vector,i64,512,bits22,desc,0,0,4,217,2314.124
sorted,vector,i64,512,bits22,desc,0,1,4,211,2372.858
sorted,vector,i64,512,bits22,desc,0,0,5,217,2313.968
sorted,vector,i64,512,bits22,desc,0,1,5,211,2372.005
sorted,vector,i64,512,bits22,desc,0,0,6,189,2657.471
sorted,vector,i64,512,bits22,desc,0,1,6,212,2363.816
sorted,vector,i64,512,gaps,asc,0,1,0,219,2288.466
sorted,vector,i64,512,gaps,asc,0,0,0,219,2292.064
sorted,vector,i64,512,gaps,asc,0,1,1,219,2288.621
sorted,vector,i64,512,gaps,asc,0,0,1,214,2343.692
sorted,vector,i64,512,gaps,asc,0,1,2,204,2452.221
sorted,vector,i64,512,gaps,asc,0,0,2,201,2496.020
sorted,vector,i64,512,gaps,asc,0,0,3,202,2481.629
sorted,vector,i64,512,gaps,asc,0,1,3,203,2465.946
sorted,vector,i64,512,gaps,asc,0,1,4,186,2692.392
sorted,vector,i64,512,gaps,asc,0,0,4,200,2503.545
sorted,vector,i64,512,gaps,asc,0,1,5,204,2459.147
sorted,vector,i64,512,gaps,asc,0,0,5,200,2511.645
sorted,vector,i64,512,gaps,asc,0,0,6,202,2487.168
sorted,vector,i64,512,gaps,asc,0,1,6,195,2570.954
sorted,vector,i64,512,gaps,desc,0,1,0,212,2367.896
sorted,vector,i64,512,gaps,desc,0,0,0,208,2412.841
sorted,vector,i64,512,gaps,desc,0,0,1,203,2467.167
sorted,vector,i64,512,gaps,desc,0,1,1,207,2415.870
sorted,vector,i64,512,gaps,desc,0,1,2,205,2451.449
sorted,vector,i64,512,gaps,desc,0,0,2,207,2417.879
sorted,vector,i64,512,gaps,desc,0,0,3,205,2451.229
sorted,vector,i64,512,gaps,desc,0,1,3,199,2525.774
sorted,vector,i64,512,gaps,desc,0,1,4,194,2587.139
sorted,vector,i64,512,gaps,desc,0,0,4,206,2435.102
sorted,vector,i64,512,gaps,desc,0,0,5,209,2394.694
sorted,vector,i64,512,gaps,desc,0,1,5,204,2459.564
sorted,vector,i64,512,gaps,desc,0,0,6,208,2413.293
sorted,vector,i64,512,gaps,desc,0,1,6,207,2422.710
sorted,vector,i64,512,few,asc,0,0,0,512,923.529
sorted,vector,i64,512,few,asc,0,1,0,512,938.969
sorted,vector,i64,512,few,asc,0,0,1,512,917.082
sorted,vector,i64,512,few,asc,0,1,1,512,914.619
sorted,vector,i64,512,few,asc,0,1,2,512,934.711
sorted,vector,i64,512,few,asc,0,0,2,512,914.771
sorted,vector,i64,512,few,asc,0,0,3,512,909.900
sorted,vector,i64,512,few,asc,0,1,3,512,937.727
sorted,vector,i64,512,few,asc,0,0,4,512,917.541
sorted,vector,i64,512,few,asc,0,1,4,512,924.250
sorted,vector,i64,512,few,asc,0,0,5,512,923.584
sorted,vector,i64,512,few,asc,0,1,5,512,939.695
sorted,vector,i64,512,few,asc,0,0,6,512,890.688
sorted,vector,i64,512,few,asc,0,1,6,512,919.602
sorted,vector,i64,512,few,desc,0,0,0,512,918.629
sorted,vector,i64,512,few,desc,0,1,0,512,956.219
sorted,vector,i64,512,few,desc,0,1,1,512,967.324
sorted,vector,i64,512,few,desc,0,0,1,512,909.652
sorted,vector,i64,512,few,desc,0,1,2,510,981.478
sorted,vector,i64,512,few,desc,0,0,2,512,889.430
sorted,vector,i64,512,few,desc,0,1,3,512,974.436
sorted,vector,i64,512,few,desc,0,0,3,512,909.566
sorted,vector,i64,512,few,desc,0,0,4,512,908.514
sorted,vector,i64,512,few,desc,0,1,4,512,974.762
sorted,vector,i64,512,few,desc,0,0,5,512,913.896
sorted,vector,i64,512,few,desc,0,1,5,512,972.369
sorted,vector,i64,512,few,desc,0,1,6,512,933.848
sorted,vector,i64,512,few,desc,0,0,6,512,947.553
sorted,vector,i64,512,ordered,asc,0,0,0,512,139.318
sorted,vector,i64,512,ordered,asc,0,1,0,512,145.762
sorted,vector,i64,512,ordered,asc,0,0,1,512,148.678
sorted,vector,i64,512,ordered,asc,0,1,1,512,143.240
sorted,vector,i64,512,ordered,asc,0,0,2,512,133.629
sorted,vector,i64,512,ordered,asc,0,1,2,512,155.848
sorted,vector,i64,512,ordered,asc,0,0,3,512,155.779
sorted,vector,i64,512,ordered,asc,0,1,3,512,160.574
sorted,vector,i64,512,ordered,asc,0,1,4,512,154.123
sorted,vector,i64,512,ordered,asc,0,0,4,512,146.580
sorted,vector,i64,512,ordered,asc,0,0,5,512,133.621
sorted,vector,i64,512,ordered,asc,0,1,5,512,148.131
sorted,vector,i64,512,ordered,asc,0,0,6,512,149.906
sorted,vector,i64,512,ordered,asc,0,1,6,512,138.184
sorted,vector,i64,512,ordered,desc,0,0,0,512,176.438
sorted,vector,i64,512,ordered,desc,0,1,0,512,179.762
sorted,vector,i64,512,ordered,desc,0,1,1,512,184.816
sorted,vector,i64,512,ordered,desc,0,0,1,512,171.227
sorted,vector,i64,512,ordered,desc,0,1,2,512,176.352
sorted,vector,i64,512,ordered,desc,0,0,2,512,177.896
sorted,vector,i64,512,ordered,desc,0,1,3,512,184.553
sorted,vector,i64,512,ordered,desc,0,0,3,512,179.359
sorted,vector,i64,512,ordered,desc,0,0,4,512,187.104
sorted,vector,i64,512,ordered,desc,0,1,4,512,187.014
sorted,vector,i64,512,ordered,desc,0,1,5,512,187.014
sorted,vector,i64,512,ordered,desc,0,0,5,512,180.504
sorted,vector,i64,512,ordered,desc,0,0,6,512,169.189
sorted,vector,i64,512,ordered,desc,0,1,6,512,180.914
sorted,vector,i64,512,reverse,asc,0,0,0,512,176.027
sorted,vector,i64,512,reverse,asc,0,1,0,512,183.670
sorted,vector,i64,512,reverse,asc,0,0,1,512,169.684
sorted,vector,i64,512,reverse,asc,0,1,1,512,183.508
sorted,vector,i64,512,reverse,asc,0,1,2,512,184.168
sorted,vector,i64,512,reverse,asc,0,0,2,512,170.252
sorted,vector,i64,512,reverse,asc,0,0,3,512,174.969
sorted,vector,i64,512,reverse,asc,0,1,3,512,181.967
sorted,vector,i64,512,reverse,asc,0,1,4,512,166.836
sorted,vector,i64,512,reverse,asc,0,0,4,512,185.146
sorted,vector,i64,512,reverse,asc,0,0,5,512,183.680
sorted,vector,i64,512,reverse,asc,0,1,5,512,165.199
sorted,vector,i64,512,reverse,asc,0,1,6,512,178.951
sorted,vector,i64,512,reverse,asc,0,0,6,512,183.096
sorted,vector,i64,512,reverse,desc,0,0,0,512,148.680
sorted,vector,i64,512,reverse,desc,0,1,0,512,136.797
sorted,vector,i64,512,reverse,desc,0,1,1,512,139.146
sorted,vector,i64,512,reverse,desc,0,0,1,512,147.205
sorted,vector,i64,512,reverse,desc,0,0,2,512,142.232
sorted,vector,i64,512,reverse,desc,0,1,2,512,134.602
sorted,vector,i64,512,reverse,desc,0,1,3,512,147.045
sorted,vector,i64,512,reverse,desc,0,0,3,512,146.820
sorted,vector,i64,512,reverse,desc,0,1,4,512,132.648
sorted,vector,i64,512,reverse,desc,0,0,4,512,144.855
sorted,vector,i64,512,reverse,desc,0,0,5,512,147.273
sorted,vector,i64,512,reverse,desc,0,1,5,512,136.400
sorted,vector,i64,512,reverse,desc,0,1,6,512,138.672
sorted,vector,i64,512,reverse,desc,0,0,6,512,147.689
sorted,vector,i64,512,nearly,asc,0,1,0,476,1051.983
sorted,vector,i64,512,nearly,asc,0,0,0,413,1211.567
sorted,vector,i64,512,nearly,asc,0,1,1,464,1078.478
sorted,vector,i64,512,nearly,asc,0,0,1,456,1097.601
sorted,vector,i64,512,nearly,asc,0,0,2,463,1080.814
sorted,vector,i64,512,nearly,asc,0,1,2,467,1072.548
sorted,vector,i64,512,nearly,asc,0,1,3,455,1100.741
sorted,vector,i64,512,nearly,asc,0,0,3,471,1062.626
sorted,vector,i64,512,nearly,asc,0,0,4,455,1100.716
sorted,vector,i64,512,nearly,asc,0,1,4,460,1089.048
sorted,vector,i64,512,nearly,asc,0,0,5,457,1095.917
sorted,vector,i64,512,nearly,asc,0,1,5,452,1106.927
sorted,vector,i64,512,nearly,asc,0,1,6,468,1069.169
sorted,vector,i64,512,nearly,asc,0,0,6,454,1103.106
sorted,vector,i64,512,nearly,desc,0,0,0,286,1751.021
sorted,vector,i64,512,nearly,desc,0,1,0,288,1742.198
sorted,vector,i64,512,nearly,desc,0,0,1,289,1730.263
sorted,vector,i64,512,nearly,desc,0,1,1,289,1730.533
sorted,vector,i64,512,nearly,desc,0,0,2,289,1731.398
sorted,vector,i64,512,nearly,desc,0,1,2,289,1731.983
sorted,vector,i64,512,nearly,desc,0,1,3,290,1730.303
sorted,vector,i64,512,nearly,desc,0,0,3,290,1726.297
sorted,vector,i64,512,nearly,desc,0,1,4,291,1723.529
sorted,vector,i64,512,nearly,desc,0,0,4,292,1714.449
sorted,vector,i64,512,nearly,desc,0,0,5,290,1728.314
sorted,vector,i64,512,nearly,desc,0,1,5,292,1715.045
sorted,vector,i64,512,nearly,desc,0,0,6,289,1732.433
sorted,vector,i64,512,nearly,desc,0,1,6,296,1694.122
sorted,vector,i64,512,equal,asc,0,1,0,512,138.352
sorted,vector,i64,512,equal,asc,0,0,0,512,148.107
sorted,vector,i64,512,equal,asc,0,1,1,512,167.586
sorted,vector,i64,512,equal,asc,0,0,1,512,134.676
sorted,vector,i64,512,equal,asc,0,1,2,512,135.996
sorted,vector,i64,512,equal,asc,0,0,2,512,150.680
sorted,vector,i64,512,equal,asc,0,0,3,512,133.145
sorted,vector,i64,512,equal,asc,0,1,3,512,145.826
sorted,vector,i64,512,equal,asc,0,0,4,512,147.865
sorted,vector,i64,512,equal,asc,0,1,4,512,137.117
sorted,vector,i64,512,equal,asc,0,1,5,512,131.197
sorted,vector,i64,512,equal,asc,0,0,5,512,143.645
sorted,vector,i64,512,equal,asc,0,1,6,512,142.428
sorted,vector,i64,512,equal,asc,0,0,6,512,133.455
sorted,vector,i64,512,equal,desc,0,1,0,512,133.221
sorted,vector,i64,512,equal,desc,0,0,0,512,133.465
sorted,vector,i64,512,equal,desc,0,1,1,512,147.305
sorted,vector,i64,512,equal,desc,0,0,1,512,146.818
sorted,vector,i64,512,equal,desc,0,0,2,512,138.180
sorted,vector,i64,512,equal,desc,0,1,2,512,148.281
sorted,vector,i64,512,equal,desc,0,0,3,512,147.158
sorted,vector,i64,512,equal,desc,0,1,3,512,132.652
sorted,vector,i64,512,equal,desc,0,1,4,512,138.355
sorted,vector,i64,512,equal,desc,0,0,4,512,148.104
sorted,vector,i64,512,equal,desc,0,1,5,512,135.336
sorted,vector,i64,512,equal,desc,0,0,5,512,142.654
sorted,vector,i64,512,equal,desc,0,1,6,512,147.549
sorted,vector,i64,512,equal,desc,0,0,6,512,139.561
sorted,vector,i64,4096,full,asc,0,0,0,24,21368.083
sorted,vector,i64,4096,full,asc,0,1,0,24,21036.375
sorted,vector,i64,4096,full,asc,0,0,1,24,21409.750
sorted,vector,i64,4096,full,asc,0,1,1,24,21057.292
sorted,vector,i64,4096,full,asc,0,1,2,23,22259.087
sorted,vector,i64,4096,full,asc,0,0,2,23,22655.783
sorted,vector,i64,4096,full,asc,0,1,3,24,21189.292
sorted,vector,i64,4096,full,asc,0,0,3,26,19737.192
sorted,vector,i64,4096,full,asc,0,0,4,26,19746.846
sorted,vector,i64,4096,full,asc,0,1,4,26,19519.231
sorted,vector,i64,4096,full,asc,0,0,5,24,21111.167
sorted,vector,i64,4096,full,asc,0,1,5,26,19849.346
sorted,vector,i64,4096,full,asc,0,0,6,24,20840.292
sorted,vector,i64,4096,full,asc,0,1,6,24,21019.083
sorted,vector,i64,4096,full,desc,0,1,0,23,22029.043
sorted,vector,i64,4096,full,desc,0,0,0,24,20994.833
sorted,vector,i64,4096,full,desc,0,1,1,23,22011.043
sorted,vector,i64,4096,full,desc,0,0,1,24,21102.333
sorted,vector,i64,4096,full,desc,0,0,2,24,21022.417
sorted,vector,i64,4096,full,desc,0,1,2,22,22837.091
sorted,vector,i64,4096,full,desc,0,0,3,24,21116.333
sorted,vector,i64,4096,full,desc,0,1,3,23,22295.174
sorted,vector,i64,4096,full,desc,0,0,4,24,21598.917
sorted,vector,i64,4096,full,desc,0,1,4,23,22019.957
sorted,vector,i64,4096,full,desc,0,1,5,25,20543.400
sorted,vector,i64,4096,full,desc,0,0,5,25,20626.600
sorted,vector,i64,4096,full,desc,0,1,6,23,21978.087
sorted,vector,i64,4096,full,desc,0,0,6,24,21074.750
sorted,vector,i64,4096,bits22,asc,0,0,0,57,8809.105
sorted,vector,i64,4096,bits22,asc,0,1,0,58,8771.534
sorted,vector,i64,4096,bits22,asc,0,1,1,57,8903.456
sorted,vector,i64,4096,bits22,asc,0,0,1,57,8932.018
sorted,vector,i64,4096,bits22,asc,0,0,2,54,9388.815
sorted,vector,i64,4096,bits22,asc,0,1,2,58,8665.241
sorted,vector,i64,4096,bits22,asc,0,1,3,57,8907.211
sorted,vector,i64,4096,bits22,asc,0,0,3,57,8888.982
sorted,vector,i64,4096,bits22,asc,0,0,4,56,8991.875
sorted,vector,i64,4096,bits22,asc,0,1,4,57,8885.175
sorted,vector,i64,4096,bits22,asc,0,0,5,56,9005.214
sorted,vector,i64,4096,bits22,asc,0,1,5,57,8887.456
sorted,vector,i64,4096,bits22,asc,0,0,6,56,9005.964
sorted,vector,i64,4096,bits22,asc,0,1,6,58,8751.448
sorted,vector,i64,4096,bits22,desc,0,1,0,54,9422.815
sorted,vector,i64,4096,bits22,desc,0,0,0,56,8958.321
sorted,vector,i64,4096,bits22,desc,0,1,1,53,9571.566
sorted,vector,i64,4096,bits22,desc,0,0,1,55,9256.018
sorted,vector,i64,4096,bits22,desc,0,0,2,56,9006.661
sorted,vector,i64,4096,bits22,desc,0,1,2,54,9434.537
sorted,vector,i64,4096,bits22,desc,0,1,3,54,9373.463
sorted,vector,i64,4096,bits22,desc,0,0,3,55,9130.291
sorted,vector,i64,4096,bits22,desc,0,0,4,56,8994.839
sorted,vector,i64,4096,bits22,desc,0,1,4,54,9383.389
sorted,vector,i64,4096,bits22,desc,0,0,5,56,8970.982
sorted,vector,i64,4096,bits22,desc,0,1,5,54,9404.315
sorted,vector,i64,4096,bits22,desc,0,0,6,56,8969.536
sorted,vector,i64,4096,bits22,desc,0,1,6,54,9355.796
sorted,vector,i64,4096,gaps,asc,0,1,0,29,17304.483
sorted,vector,i64,4096,gaps,asc,0,0,0,27,18550.889
sorted,vector,i64,4096,gaps,asc,0,1,1,30,17179.200
sorted,vector,i64,4096,gaps,asc,0,0,1,29,17304.517
sorted,vector,i64,4096,gaps,asc,0,0,2,29,17495.759
sorted,vector,i64,4096,gaps,asc,0,1,2,30,17184.633
sorted,vector,i64,4096,gaps,asc,0,1,3,29,17813.241
sorted,vector,i64,4096,gaps,asc,0,0,3,29,17288.793
sorted,vector,i64,4096,gaps,asc,0,1,4,29,17377.931
sorted,vector,i64,4096,gaps,asc,0,0,4,29,17357.793
sorted,vector,i64,4096,gaps,asc,0,1,5,29,17468.414
sorted,vector,i64,4096,gaps,asc,0,0,5,29,17316.138
sorted,vector,i64,4096,gaps,asc,0,1,6,29,17286.069
sorted,vector,i64,4096,gaps,asc,0,0,6,29,17376.448
sorted,vector,i64,4096,gaps,desc,0,0,0,29,17321.828
sorted,vector,i64,4096,gaps,desc,0,1,0,26,19453.615
sorted,vector,i64,4096,gaps,desc,0,1,1,29,17681.000
sorted,vector,i64,4096,gaps,desc,0,0,1,29,17295.931
sorted,vector,i64,4096,gaps,desc,0,0,2,29,17429.655
sorted,vector,i64,4096,gaps,desc,0,1,2,29,17623.517
sorted,vector,i64,4096,gaps,desc,0,0,3,30,17141.633
sorted,vector,i64,4096,gaps,desc,0,1,3,30,17209.633
sorted,vector,i64,4096,gaps,desc,0,1,4,29,17245.690
sorted,vector,i64,4096,gaps,desc,0,0,4,30,17041.667
sorted,vector,i64,4096,gaps,desc,0,1,5,30,17200.033
sorted,vector,i64,4096,gaps,desc,0,0,5,29,17306.103
sorted,vector,i64,4096,gaps,desc,0,0,6,29,17533.069
sorted,vector,i64,4096,gaps,desc,0,1,6,29,17364.897
sorted,vector,i64,4096,few,asc,0,0,0,84,5992.548
sorted,vector,i64,4096,few,asc,0,1,0,83,6032.639
sorted,vector,i64,4096,few,asc,0,0,1,85,5886.765
sorted,vector,i64,4096,few,asc,0,1,1,84,5963.714
sorted,vector,i64,4096,few,asc,0,0,2,84,5964.262
sorted,vector,i64,4096,few,asc,0,1,2,86,5895.884
sorted,vector,i64,4096,few,asc,0,1,3,83,6026.120
sorted,vector,i64,4096,few,asc,0,0,3,85,5890.294
sorted,vector,i64,4096,few,asc,0,1,4,83,6029.651
sorted,vector,i64,4096,few,asc,0,0,4,85,5887.718
sorted,vector,i64,4096,few,asc,0,1,5,84,6018.798
sorted,vector,i64,4096,few,asc,0,0,5,86,5846.837
sorted,vector,i64,4096,few,asc,0,0,6,86,5869.593
sorted,vector,i64,4096,few,asc,0,1,6,84,6009.452
sorted,vector,i64,4096,few,desc,0,1,0,80,6316.200
sorted,vector,i64,4096,few,desc,0,0,0,80,6260.925
sorted,vector,i64,4096,few,desc,0,0,1,88,5686.557
sorted,vector,i64,4096,few,desc,0,1,1,85,5936.259
sorted,vector,i64,4096,few,desc,0,0,2,91,5514.209
sorted,vector,i64,4096,few,desc,0,1,2,88,5731.057
sorted,vector,i64,4096,few,desc,0,0,3,90,5557.867
sorted,vector,i64,4096,few,desc,0,1,3,87,5791.621
sorted,vector,i64,4096,few,desc,0,0,4,87,5808.920
sorted,vector,i64,4096,few,desc,0,1,4,86,5842.070
sorted,vector,i64,4096,few,desc,0,0,5,90,5582.322
sorted,vector,i64,4096,few,desc,0,1,5,87,5756.149
sorted,vector,i64,4096,few,desc,0,0,6,90,5636.589
sorted,vector,i64,4096,few,desc,0,1,6,80,6258.312
sorted,vector,i64,4096,ordered,asc,0,1,0,495,1011.719
sorted,vector,i64,4096,ordered,asc,0,0,0,512,940.186
sorted,vector,i64,4096,ordered,asc,0,0,1,512,934.000
sorted,vector,i64,4096,ordered,asc,0,1,1,512,933.084
sorted,vector,i64,4096,ordered,asc,0,0,2,512,940.924
sorted,vector,i64,4096,ordered,asc,0,1,2,512,972.283
sorted,vector,i64,4096,ordered,asc,0,0,3,488,1026.098
sorted,vector,i64,4096,ordered,asc,0,1,3,512,944.809
sorted,vector,i64,4096,ordered,asc,0,1,4,512,936.830
sorted,vector,i64,4096,ordered,asc,0,0,4,512,944.801
sorted,vector,i64,4096,ordered,asc,0,0,5,511,978.726
sorted,vector,i64,4096,ordered,asc,0,1,5,510,981.949
sorted,vector,i64,4096,ordered,asc,0,0,6,510,981.514
sorted,vector,i64,4096,ordered,asc,0,1,6,503,994.521
sorted,vector,i64,4096,ordered,desc,0,0,0,396,1264.513
sorted,vector,i64,4096,ordered,desc,0,1,0,384,1303.932
sorted,vector,i64,4096,ordered,desc,0,1,1,354,1412.749
sorted,vector,i64,4096,ordered,desc,0,0,1,395,1268.557
sorted,vector,i64,4096,ordered,desc,0,0,2,393,1273.310
sorted,vector,i64,4096,ordered,desc,0,1,2,385,1299.891
sorted,vector,i64,4096,ordered,desc,0,1,3,391,1278.852
sorted,vector,i64,4096,ordered,desc,0,0,3,381,1312.795
sorted,vector,i64,4096,ordered,desc,0,1,4,406,1234.480
sorted,vector,i64,4096,ordered,desc,0,0,4,388,1288.755
sorted,vector,i64,4096,ordered,desc,0,0,5,394,1270.939
sorted,vector,i64,4096,ordered,desc,0,1,5,386,1297.938
sorted,vector,i64,4096,ordered,desc,0,0,6,392,1276.569
sorted,vector,i64,4096,ordered,desc,0,1,6,392,1277.995
sorted,vector,i64,4096,reverse,asc,0,0,0,391,1279.182
sorted,vector,i64,4096,reverse,asc,0,1,0,392,1278.166
sorted,vector,i64,4096,reverse,asc,0,1,1,386,1296.404
sorted,vector,i64,4096,reverse,asc,0,0,1,377,1327.162
sorted,vector,i64,4096,reverse,asc,0,0,2,405,1237.437
sorted,vector,i64,4096,reverse,asc,0,1,2,408,1228.027
sorted,vector,i64,4096,reverse,asc,0,0,3,420,1192.767
sorted,vector,i64,4096,reverse,asc,0,1,3,404,1237.817
sorted,vector,i64,4096,reverse,asc,0,0,4,397,1260.083
sorted,vector,i64,4096,reverse,asc,0,1,4,388,1290.799
sorted,vector,i64,4096,reverse,asc,0,0,5,394,1269.769
sorted,vector,i64,4096,reverse,asc,0,1,5,385,1299.465
sorted,vector,i64,4096,reverse,asc,0,0,6,387,1295.450
sorted,vector,i64,4096,reverse,asc,0,1,6,380,1319.108
sorted,vector,i64,4096,reverse,desc,0,1,0,512,952.236
sorted,vector,i64,4096,reverse,desc,0,0,0,512,941.178
sorted,vector,i64,4096,reverse,desc,0,0,1,512,961.236
sorted,vector,i64,4096,reverse,desc,0,1,1,512,975.834
sorted,vector,i64,4096,reverse,desc,0,0,2,499,1003.527
sorted,vector,i64,4096,reverse,desc,0,1,2,500,1001.530
sorted,vector,i64,4096,reverse,desc,0,1,3,479,1043.923
sorted,vector,i64,4096,reverse,desc,0,0,3,493,1014.641
sorted,vector,i64,4096,reverse,desc,0,1,4,486,1029.492
sorted,vector,i64,4096,reverse,desc,0,0,4,498,1005.259
sorted,vector,i64,4096,reverse,desc,0,0,5,498,1004.791
sorted,vector,i64,4096,reverse,desc,0,1,5,512,940.574
sorted,vector,i64,4096,reverse,desc,0,0,6,512,957.029
sorted,vector,i64,4096,reverse,desc,0,1,6,512,935.209
sorted,vector,i64,4096,nearly,asc,0,1,0,24,20904.542
sorted,vector,i64,4096,nearly,asc,0,0,0,24,21178.833
sorted,vector,i64,4096,nearly,asc,0,0,1,24,21116.250
sorted,vector,i64,4096,nearly,asc,0,1,1,25,20763.280
sorted,vector,i64,4096,nearly,asc,0,0,2,24,21314.292
sorted,vector,i64,4096,nearly,asc,0,1,2,24,20993.000
sorted,vector,i64,4096,nearly,asc,0,0,3,24,21467.292
sorted,vector,i64,4096,nearly,asc,0,1,3,25,20801.640
sorted,vector,i64,4096,nearly,asc,0,1,4,25,20793.320
sorted,vector,i64,4096,nearly,asc,0,0,4,23,21893.174
sorted,vector,i64,4096,nearly,asc,0,1,5,25,20671.840
sorted,vector,i64,4096,nearly,asc,0,0,5,26,19248.615
sorted,vector,i64,4096,nearly,asc,0,0,6,26,19916.846
sorted,vector,i64,4096,nearly,asc,0,1,6,27,18959.667
sorted,vector,i64,4096,nearly,desc,0,1,0,24,21637.208
sorted,vector,i64,4096,nearly,desc,0,0,0,26,20035.308
sorted,vector,i64,4096,nearly,desc,0,1,1,24,21756.917
sorted,vector,i64,4096,nearly,desc,0,0,1,25,20796.600
sorted,vector,i64,4096,nearly,desc,0,0,2,24,21088.667
sorted,vector,i64,4096,nearly,desc,0,1,2,23,22177.565
sorted,vector,i64,4096,nearly,desc,0,0,3,24,21024.375
sorted,vector,i64,4096,nearly,desc,0,1,3,23,22037.957
sorted,vector,i64,4096,nearly,desc,0,1,4,23,22045.565
sorted,vector,i64,4096,nearly,desc,0,0,4,24,21250.125
sorted,vector,i64,4096,nearly,desc,0,1,5,23,22197.435
sorted,vector,i64,4096,nearly,desc,0,0,5,24,21244.625
sorted,vector,i64,4096,nearly,desc,0,0,6,22,22945.136
sorted,vector,i64,4096,nearly,desc,0,1,6,22,22984.864
sorted,vector,i64,4096,equal,asc,0,0,0,425,1177.854
sorted,vector,i64,4096,equal,asc,0,1,0,511,978.726
sorted,vector,i64,4096,equal,asc,0,0,1,512,973.447
sorted,vector,i64,4096,equal,asc,0,1,1,512,974.539
sorted,vector,i64,4096,equal,asc,0,0,2,420,1191.593
sorted,vector,i64,4096,equal,asc,0,1,2,512,943.723
sorted,vector,i64,4096,equal,asc,0,0,3,512,937.840
sorted,vector,i64,4096,equal,asc,0,1,3,512,940.121
sorted,vector,i64,4096,equal,asc,0,0,4,508,985.567
sorted,vector,i64,4096,equal,asc,0,1,4,512,936.266
sorted,vector,i64,4096,equal,asc,0,0,5,512,937.543
sorted,vector,i64,4096,equal,asc,0,1,5,512,969.967
sorted,vector,i64,4096,equal,asc,0,1,6,508,984.734
sorted,vector,i64,4096,equal,asc,0,0,6,512,938.568
sorted,vector,i64,4096,equal,desc,0,1,0,486,1030.239
sorted,vector,i64,4096,equal,desc,0,0,0,512,961.346
sorted,vector,i64,4096,equal,desc,0,1,1,493,1015.905
sorted,vector,i64,4096,equal,desc,0,0,1,498,1004.468
sorted,vector,i64,4096,equal,desc,0,0,2,475,1053.655
sorted,vector,i64,4096,equal,desc,0,1,2,491,1018.929
sorted,vector,i64,4096,equal,desc,0,1,3,494,1012.435
sorted,vector,i64,4096,equal,desc,0,0,3,503,995.966
sorted,vector,i64,4096,equal,desc,0,1,4,484,1033.911
sorted,vector,i64,4096,equal,desc,0,0,4,459,1091.386
sorted,vector,i64,4096,equal,desc,0,0,5,499,1003.070
sorted,vector,i64,4096,equal,desc,0,1,5,495,1010.782
sorted,vector,i64,4096,equal,desc,0,0,6,497,1007.239
sorted,vector,i64,4096,equal,desc,0,1,6,495,1011.398
sorted,vector,i64,65536,full,asc,0,0,0,2,406374.500
sorted,vector,i64,65536,full,asc,0,1,0,2,391749.500
sorted,vector,i64,65536,full,asc,0,1,1,2,379250.000
sorted,vector,i64,65536,full,asc,0,0,1,2,380166.500
sorted,vector,i64,65536,full,asc,0,0,2,2,382104.000
sorted,vector,i64,65536,full,asc,0,1,2,2,381395.500
sorted,vector,i64,65536,full,asc,0,0,3,2,384520.500
sorted,vector,i64,65536,full,asc,0,1,3,2,384354.000
sorted,vector,i64,65536,full,asc,0,0,4,2,376792.000
sorted,vector,i64,65536,full,asc,0,1,4,2,399083.000
sorted,vector,i64,65536,full,asc,0,1,5,2,384916.500
sorted,vector,i64,65536,full,asc,0,0,5,2,378437.000
sorted,vector,i64,65536,full,asc,0,0,6,2,377395.500
sorted,vector,i64,65536,full,asc,0,1,6,2,385083.500
sorted,vector,i64,65536,full,desc,0,1,0,2,383416.500
sorted,vector,i64,65536,full,desc,0,0,0,2,378416.500
sorted,vector,i64,65536,full,desc,0,0,1,2,382833.500
sorted,vector,i64,65536,full,desc,0,1,1,2,377312.500
sorted,vector,i64,65536,full,desc,0,0,2,2,373041.500
sorted,vector,i64,65536,full,desc,0,1,2,2,369791.500
sorted,vector,i64,65536,full,desc,0,1,3,2,373021.000
sorted,vector,i64,65536,full,desc,0,0,3,2,383583.000
sorted,vector,i64,65536,full,desc,0,1,4,2,369270.500
sorted,vector,i64,65536,full,desc,0,0,4,2,373792.000
sorted,vector,i64,65536,full,desc,0,0,5,2,374312.500
sorted,vector,i64,65536,full,desc,0,1,5,2,373750.500
sorted,vector,i64,65536,full,desc,0,1,6,2,369749.500
sorted,vector,i64,65536,full,desc,0,0,6,2,376229.000
sorted,vector,i64,65536,bits22,asc,0,1,0,3,172222.333
sorted,vector,i64,65536,bits22,asc,0,0,0,4,172489.500
sorted,vector,i64,65536,bits22,asc,0,0,1,4,164969.000
sorted,vector,i64,65536,bits22,asc,0,1,1,3,166972.333
sorted,vector,i64,65536,bits22,asc,0,0,2,3,168375.000
sorted,vector,i64,65536,bits22,asc,0,1,2,3,183347.000
sorted,vector,i64,65536,bits22,asc,0,1,3,3,177028.000
sorted,vector,i64,65536,bits22,asc,0,0,3,4,167917.000
sorted,vector,i64,65536,bits22,asc,0,1,4,4,166177.000
sorted,vector,i64,65536,bits22,asc,0,0,4,4,162875.000
sorted,vector,i64,65536,bits22,asc,0,0,5,4,168010.250
sorted,vector,i64,65536,bits22,asc,0,1,5,4,170635.500
sorted,vector,i64,65536,bits22,asc,0,0,6,4,164114.750
sorted,vector,i64,65536,bits22,asc,0,1,6,4,168250.000
sorted,vector,i64,65536,bits22,desc,0,0,0,4,165448.000
sorted,vector,i64,65536,bits22,desc,0,1,0,4,157041.750
sorted,vector,i64,65536,bits22,desc,0,1,1,4,154614.500
sorted,vector,i64,65536,bits22,desc,0,0,1,4,160406.250
sorted,vector,i64,65536,bits22,desc,0,0,2,4,159374.750
sorted,vector,i64,65536,bits22,desc,0,1,2,4,151229.250
sorted,vector,i64,65536,bits22,desc,0,1,3,4,153406.000
sorted,vector,i64,65536,bits22,desc,0,0,3,4,159166.500
sorted,vector,i64,65536,bits22,desc,0,0,4,4,159177.250
sorted,vector,i64,65536,bits22,desc,0,1,4,4,153854.000
sorted,vector,i64,65536,bits22,desc,0,0,5,4,160614.500
sorted,vector,i64,65536,bits22,desc,0,1,5,4,153802.250
sorted,vector,i64,65536,bits22,desc,0,1,6,4,151969.000
sorted,vector,i64,65536,bits22,desc,0,0,6,4,160187.750
sorted,vector,i64,65536,gaps,asc,0,1,0,2,257312.500
sorted,vector,i64,65536,gaps,asc,0,0,0,2,288896.000
sorted,vector,i64,65536,gaps,asc,0,0,1,2,263333.500
sorted,vector,i64,65536,gaps,asc,0,1,1,2,257791.500
sorted,vector,i64,65536,gaps,asc,0,0,2,2,283896.000
sorted,vector,i64,65536,gaps,asc,0,1,2,2,297417.000
sorted,vector,i64,65536,gaps,asc,0,1,3,2,274083.000
sorted,vector,i64,65536,gaps,asc,0,0,3,2,278146.000
sorted,vector,i64,65536,gaps,asc,0,1,4,3,247139.000
sorted,vector,i64,65536,gaps,asc,0,0,4,2,264437.500
sorted,vector,i64,65536,gaps,asc,0,0,5,2,273062.500
sorted,vector,i64,65536,gaps,asc,0,1,5,3,256486.000
sorted,vector,i64,65536,gaps,asc,0,1,6,2,313479.500
sorted,vector,i64,65536,gaps,asc,0,0,6,3,264000.000
sorted,vector,i64,65536,gaps,desc,0,1,0,2,292604.000
sorted,vector,i64,65536,gaps,desc,0,0,0,3,273625.000
sorted,vector,i64,65536,gaps,desc,0,1,1,2,293187.500
sorted,vector,i64,65536,gaps,desc,0,0,1,2,306312.500
sorted,vector,i64,65536,gaps,desc,0,1,2,3,278888.667
sorted,vector,i64,65536,gaps,desc,0,0,2,2,305437.500
sorted,vector,i64,65536,gaps,desc,0,1,3,3,274180.333
sorted,vector,i64,65536,gaps,desc,0,0,3,2,285896.000
sorted,vector,i64,65536,gaps,desc,0,0,4,2,336750.000
sorted,vector,i64,65536,gaps,desc,0,1,4,3,286583.333
sorted,vector,i64,65536,gaps,desc,0,0,5,2,297854.000
sorted,vector,i64,65536,gaps,desc,0,1,5,3,264638.667
sorted,vector,i64,65536,gaps,desc,0,1,6,2,297396.000
sorted,vector,i64,65536,gaps,desc,0,0,6,2,284000.000
sorted,vector,i64,65536,few,asc,0,1,0,4,134365.000
sorted,vector,i64,65536,few,asc,0,0,0,4,130635.250
sorted,vector,i64,65536,few,asc,0,1,1,4,128302.000
sorted,vector,i64,65536,few,asc,0,0,1,4,127927.000
sorted,vector,i64,65536,few,asc,0,1,2,4,135729.000
sorted,vector,i64,65536,few,asc,0,0,2,4,135448.000
sorted,vector,i64,65536,few,asc,0,0,3,5,123300.000
sorted,vector,i64,65536,few,asc,0,1,3,4,129885.750
sorted,vector,i64,65536,few,asc,0,1,4,4,126146.000
sorted,vector,i64,65536,few,asc,0,0,4,5,126033.200
sorted,vector,i64,65536,few,asc,0,1,5,4,126875.000
sorted,vector,i64,65536,few,asc,0,0,5,5,122341.800
sorted,vector,i64,65536,few,asc,0,1,6,4,127708.500
sorted,vector,i64,65536,few,asc,0,0,6,5,123274.800
sorted,vector,i64,65536,few,desc,0,1,0,4,151687.500
sorted,vector,i64,65536,few,desc,0,0,0,4,148677.250
sorted,vector,i64,65536,few,desc,0,1,1,4,151333.250
sorted,vector,i64,65536,few,desc,0,0,1,4,156947.750
sorted,vector,i64,65536,few,desc,0,1,2,4,154395.750
sorted,vector,i64,65536,few,desc,0,0,2,4,148801.750
sorted,vector,i64,65536,few,desc,0,0,3,4,148604.250
sorted,vector,i64,65536,few,desc,0,1,3,4,149885.250
sorted,vector,i64,65536,few,desc,0,0,4,4,148229.250
sorted,vector,i64,65536,few,desc,0,1,4,4,150146.000
sorted,vector,i64,65536,few,desc,0,1,5,4,146448.000
sorted,vector,i64,65536,few,desc,0,0,5,4,156083.500
sorted,vector,i64,65536,few,desc,0,1,6,4,155406.500
sorted,vector,i64,65536,few,desc,0,0,6,4,149447.750
sorted,vector,i64,65536,ordered,asc,0,1,0,35,14575.086
sorted,vector,i64,65536,ordered,asc,0,0,0,33,15464.727
sorted,vector,i64,65536,ordered,asc,0,1,1,35,14589.286
sorted,vector,i64,65536,ordered,asc,0,0,1,34,14906.853
sorted,vector,i64,65536,ordered,asc,0,0,2,33,15190.667
sorted,vector,i64,65536,ordered,asc,0,1,2,33,15268.909
sorted,vector,i64,65536,ordered,asc,0,0,3,33,15399.030
sorted,vector,i64,65536,ordered,asc,0,1,3,33,15292.939
sorted,vector,i64,65536,ordered,asc,0,1,4,31,16259.355
sorted,vector,i64,65536,ordered,asc,0,0,4,34,14837.029
sorted,vector,i64,65536,ordered,asc,0,1,5,34,14923.912
sorted,vector,i64,65536,ordered,asc,0,0,5,33,15284.091
sorted,vector,i64,65536,ordered,asc,0,0,6,35,14595.371
sorted,vector,i64,65536,ordered,asc,0,1,6,34,14885.971
sorted,vector,i64,65536,ordered,desc,0,1,0,23,22299.043
sorted,vector,i64,65536,ordered,desc,0,0,0,23,22440.130
sorted,vector,i64,65536,ordered,desc,0,0,1,22,23530.273
sorted,vector,i64,65536,ordered,desc,0,1,1,24,21595.500
sorted,vector,i64,65536,ordered,desc,0,1,2,25,20723.200
sorted,vector,i64,65536,ordered,desc,0,0,2,24,20949.625
sorted,vector,i64,65536,ordered,desc,0,1,3,23,21974.652
sorted,vector,i64,65536,ordered,desc,0,0,3,24,21206.583
sorted,vector,i64,65536,ordered,desc,0,0,4,25,20741.600
sorted,vector,i64,65536,ordered,desc,0,1,4,23,21862.435
sorted,vector,i64,65536,ordered,desc,0,1,5,23,22208.304
sorted,vector,i64,65536,ordered,desc,0,0,5,23,22168.391
sorted,vector,i64,65536,ordered,desc,0,1,6,22,22994.318
sorted,vector,i64,65536,ordered,desc,0,0,6,23,22300.696
sorted,vector,i64,65536,reverse,asc,0,1,0,23,22123.261
sorted,vector,i64,65536,reverse,asc,0,0,0,24,20963.583
sorted,vector,i64,65536,reverse,asc,0,0,1,23,21936.565
sorted,vector,i64,65536,reverse,asc,0,1,1,23,22048.826
sorted,vector,i64,65536,reverse,asc,0,0,2,23,22289.957
sorted,vector,i64,65536,reverse,asc,0,1,2,23,22371.391
sorted,vector,i64,65536,reverse,asc,0,0,3,23,22507.217
sorted,vector,i64,65536,reverse,asc,0,1,3,24,21310.833
sorted,vector,i64,65536,reverse,asc,0,0,4,25,20751.680
sorted,vector,i64,65536,reverse,asc,0,1,4,24,21461.833
sorted,vector,i64,65536,reverse,asc,0,0,5,23,22135.826
sorted,vector,i64,65536,reverse,asc,0,1,5,23,21942.000
sorted,vector,i64,65536,reverse,asc,0,0,6,23,22592.522
sorted,vector,i64,65536,reverse,asc,0,1,6,24,21159.792
sorted,vector,i64,65536,reverse,desc,0,1,0,32,15884.188
sorted,vector,i64,65536,reverse,desc,0,0,0,31,16361.484
sorted,vector,i64,65536,reverse,desc,0,1,1,33,15218.424
sorted,vector,i64,65536,reverse,desc,0,0,1,32,15656.250
sorted,vector,i64,65536,reverse,desc,0,0,2,32,15974.000
sorted,vector,i64,65536,reverse,desc,0,1,2,32,15778.719
sorted,vector,i64,65536,reverse,desc,0,0,3,32,15748.719
sorted,vector,i64,65536,reverse,desc,0,1,3,32,15934.875
sorted,vector,i64,65536,reverse,desc,0,0,4,32,15838.594
sorted,vector,i64,65536,reverse,desc,0,1,4,32,15852.875
sorted,vector,i64,65536,reverse,desc,0,0,5,32,15858.031
sorted,vector,i64,65536,reverse,desc,0,1,5,32,15901.031
sorted,vector,i64,65536,reverse,desc,0,0,6,34,15008.471
sorted,vector,i64,65536,reverse,desc,0,1,6,33,15191.879
sorted,vector,i64,65536,nearly,asc,0,0,0,2,343708.000
sorted,vector,i64,65536,nearly,asc,0,1,0,2,357291.500
sorted,vector,i64,65536,nearly,asc,0,1,1,2,350374.500
sorted,vector,i64,65536,nearly,asc,0,0,1,2,354625.000
sorted,vector,i64,65536,nearly,asc,0,0,2,2,345479.000
sorted,vector,i64,65536,nearly,asc,0,1,2,2,322542.000
sorted,vector,i64,65536,nearly,asc,0,0,3,2,327292.000
sorted,vector,i64,65536,nearly,asc,0,1,3,2,321437.500
sorted,vector,i64,65536,nearly,asc,0,1,4,2,348229.000
sorted,vector,i64,65536,nearly,asc,0,0,4,2,344250.000
sorted,vector,i64,65536,nearly,asc,0,1,5,2,353729.000
sorted,vector,i64,65536,nearly,asc,0,0,5,2,346916.500
sorted,vector,i64,65536,nearly,asc,0,1,6,2,354166.500
sorted,vector,i64,65536,nearly,asc,0,0,6,2,350708.000
sorted,vector,i64,65536,nearly,desc,0,1,0,2,345853.500
sorted,vector,i64,65536,nearly,desc,0,0,0,2,330166.500
sorted,vector,i64,65536,nearly,desc,0,0,1,2,320437.500
sorted,vector,i64,65536,nearly,desc,0,1,1,2,351395.500
sorted,vector,i64,65536,nearly,desc,0,1,2,2,338000.000
sorted,vector,i64,65536,nearly,desc,0,0,2,2,356187.500
sorted,vector,i64,65536,nearly,desc,0,0,3,2,345604.500
sorted,vector,i64,65536,nearly,desc,0,1,3,2,355312.500
sorted,vector,i64,65536,nearly,desc,0,1,4,2,363354.500
sorted,vector,i64,65536,nearly,desc,0,0,4,2,346041.500
sorted,vector,i64,65536,nearly,desc,0,1,5,2,360333.500
sorted,vector,i64,65536,nearly,desc,0,0,5,2,354541.500
sorted,vector,i64,65536,nearly,desc,0,0,6,2,354625.000
sorted,vector,i64,65536,nearly,desc,0,1,6,2,346250.000
sorted,vector,i64,65536,equal,asc,0,0,0,33,15222.273
sorted,vector,i64,65536,equal,asc,0,1,0,32,15637.938
sorted,vector,i64,65536,equal,asc,0,0,1,33,15439.424
sorted,vector,i64,65536,equal,asc,0,1,1,33,15229.758
sorted,vector,i64,65536,equal,asc,0,0,2,32,15833.469
sorted,vector,i64,65536,equal,asc,0,1,2,32,15743.406
sorted,vector,i64,65536,equal,asc,0,0,3,32,15960.875
sorted,vector,i64,65536,equal,asc,0,1,3,34,14898.324
sorted,vector,i64,65536,equal,asc,0,1,4,35,14590.429
sorted,vector,i64,65536,equal,asc,0,0,4,35,14585.686
sorted,vector,i64,65536,equal,asc,0,0,5,32,15650.938
sorted,vector,i64,65536,equal,asc,0,1,5,35,14565.571
sorted,vector,i64,65536,equal,asc,0,1,6,34,14936.176
sorted,vector,i64,65536,equal,asc,0,0,6,33,15314.485
sorted,vector,i64,65536,equal,desc,0,1,0,32,15765.688
sorted,vector,i64,65536,equal,desc,0,0,0,32,16033.750
sorted,vector,i64,65536,equal,desc,0,0,1,32,15632.750
sorted,vector,i64,65536,equal,desc,0,1,1,34,14755.000
sorted,vector,i64,65536,equal,desc,0,0,2,34,15004.882
sorted,vector,i64,65536,equal,desc,0,1,2,33,15193.212
sorted,vector,i64,65536,equal,desc,0,0,3,34,14716.941
sorted,vector,i64,65536,equal,desc,0,1,3,33,15156.697
sorted,vector,i64,65536,equal,desc,0,1,4,33,15556.909
sorted,vector,i64,65536,equal,desc,0,0,4,33,15633.788
sorted,vector,i64,65536,equal,desc,0,1,5,30,16690.200
sorted,vector,i64,65536,equal,desc,0,0,5,35,14683.314
sorted,vector,i64,65536,equal,desc,0,1,6,35,14697.571
sorted,vector,i64,65536,equal,desc,0,0,6,34,14987.647
sorted,vector,i64,1000000,full,asc,0,0,0,1,6816833.000
sorted,vector,i64,1000000,full,asc,0,1,0,1,6439000.000
sorted,vector,i64,1000000,full,asc,0,1,1,1,6586542.000
sorted,vector,i64,1000000,full,asc,0,0,1,1,6857125.000
sorted,vector,i64,1000000,full,asc,0,1,2,1,6727792.000
sorted,vector,i64,1000000,full,asc,0,0,2,1,6855750.000
sorted,vector,i64,1000000,full,asc,0,0,3,1,6654917.000
sorted,vector,i64,1000000,full,asc,0,1,3,1,6846041.000
sorted,vector,i64,1000000,full,asc,0,0,4,1,6453084.000
sorted,vector,i64,1000000,full,asc,0,1,4,1,6646500.000
sorted,vector,i64,1000000,full,asc,0,1,5,1,6664333.000
sorted,vector,i64,1000000,full,asc,0,0,5,1,6974250.000
sorted,vector,i64,1000000,full,asc,0,1,6,1,6541000.000
sorted,vector,i64,1000000,full,asc,0,0,6,1,6654458.000
sorted,vector,i64,1000000,full,desc,0,1,0,1,6687125.000
sorted,vector,i64,1000000,full,desc,0,0,0,1,6718250.000
sorted,vector,i64,1000000,full,desc,0,0,1,1,6728875.000
sorted,vector,i64,1000000,full,desc,0,1,1,1,6632416.000
sorted,vector,i64,1000000,full,desc,0,1,2,1,6685334.000
sorted,vector,i64,1000000,full,desc,0,0,2,1,6855583.000
sorted,vector,i64,1000000,full,desc,0,0,3,1,6847041.000
sorted,vector,i64,1000000,full,desc,0,1,3,1,6733500.000
sorted,vector,i64,1000000,full,desc,0,1,4,1,7122458.000
sorted,vector,i64,1000000,full,desc,0,0,4,1,7270167.000
sorted,vector,i64,1000000,full,desc,0,0,5,1,7861916.000
sorted,vector,i64,1000000,full,desc,0,1,5,1,7399250.000
sorted,vector,i64,1000000,full,desc,0,1,6,1,7213500.000
sorted,vector,i64,1000000,full,desc,0,0,6,1,7292500.000
kernel,vector,i64,1000000,full,asc,8,0,0,1,7354667.000
kernel,vector,i64,1000000,full,asc,8,1,0,1,6971583.000
kernel,vector,i64,1000000,full,asc,8,1,1,1,7087750.000
kernel,vector,i64,1000000,full,asc,8,0,1,1,7305291.000
kernel,vector,i64,1000000,full,asc,8,0,2,1,7273417.000
kernel,vector,i64,1000000,full,asc,8,1,2,1,6856834.000
kernel,vector,i64,1000000,full,asc,8,1,3,1,6799500.000
kernel,vector,i64,1000000,full,asc,8,0,3,1,7328584.000
kernel,vector,i64,1000000,full,asc,8,1,4,1,7022542.000
kernel,vector,i64,1000000,full,asc,8,0,4,1,7382125.000
kernel,vector,i64,1000000,full,asc,8,1,5,1,6930959.000
kernel,vector,i64,1000000,full,asc,8,0,5,1,7294000.000
kernel,vector,i64,1000000,full,asc,8,1,6,1,6654667.000
kernel,vector,i64,1000000,full,asc,8,0,6,1,7285416.000
kernel,vector,i64,1000000,full,desc,8,1,0,1,6970416.000
kernel,vector,i64,1000000,full,desc,8,0,0,1,6490875.000
kernel,vector,i64,1000000,full,desc,8,0,1,1,7303875.000
kernel,vector,i64,1000000,full,desc,8,1,1,1,7270833.000
kernel,vector,i64,1000000,full,desc,8,0,2,1,7214500.000
kernel,vector,i64,1000000,full,desc,8,1,2,1,6769041.000
kernel,vector,i64,1000000,full,desc,8,0,3,1,7365875.000
kernel,vector,i64,1000000,full,desc,8,1,3,1,7033208.000
kernel,vector,i64,1000000,full,desc,8,1,4,1,6973250.000
kernel,vector,i64,1000000,full,desc,8,0,4,1,6977083.000
kernel,vector,i64,1000000,full,desc,8,0,5,1,6826791.000
kernel,vector,i64,1000000,full,desc,8,1,5,1,6906416.000
kernel,vector,i64,1000000,full,desc,8,0,6,1,6973166.000
kernel,vector,i64,1000000,full,desc,8,1,6,1,7069709.000
kernel,vector,i64,1000000,full,asc,11,1,0,1,5522250.000
kernel,vector,i64,1000000,full,asc,11,0,0,1,5898833.000
kernel,vector,i64,1000000,full,asc,11,0,1,1,5664042.000
kernel,vector,i64,1000000,full,asc,11,1,1,1,5613541.000
kernel,vector,i64,1000000,full,asc,11,1,2,1,5670500.000
kernel,vector,i64,1000000,full,asc,11,0,2,1,6013417.000
kernel,vector,i64,1000000,full,asc,11,0,3,1,5612125.000
kernel,vector,i64,1000000,full,asc,11,1,3,1,5322083.000
kernel,vector,i64,1000000,full,asc,11,1,4,1,5664333.000
kernel,vector,i64,1000000,full,asc,11,0,4,1,6020792.000
kernel,vector,i64,1000000,full,asc,11,0,5,1,5972250.000
kernel,vector,i64,1000000,full,asc,11,1,5,1,5562250.000
kernel,vector,i64,1000000,full,asc,11,1,6,1,6084167.000
kernel,vector,i64,1000000,full,asc,11,0,6,1,6586667.000
kernel,vector,i64,1000000,full,desc,11,1,0,1,5957958.000
kernel,vector,i64,1000000,full,desc,11,0,0,1,6751750.000
kernel,vector,i64,1000000,full,desc,11,0,1,1,7031000.000
kernel,vector,i64,1000000,full,desc,11,1,1,1,6071167.000
kernel,vector,i64,1000000,full,desc,11,0,2,1,6837000.000
kernel,vector,i64,1000000,full,desc,11,1,2,1,5485625.000
kernel,vector,i64,1000000,full,desc,11,1,3,1,5483750.000
kernel,vector,i64,1000000,full,desc,11,0,3,1,5816875.000
kernel,vector,i64,1000000,full,desc,11,0,4,1,5859625.000
kernel,vector,i64,1000000,full,desc,11,1,4,1,5282500.000
kernel,vector,i64,1000000,full,desc,11,0,5,1,5648833.000
kernel,vector,i64,1000000,full,desc,11,1,5,1,5572375.000
kernel,vector,i64,1000000,full,desc,11,0,6,1,5521375.000
kernel,vector,i64,1000000,full,desc,11,1,6,1,5576709.000
kernel,vector,i64,1000000,full,asc,15,0,0,1,8072500.000
kernel,vector,i64,1000000,full,asc,15,1,0,1,8047083.000
kernel,vector,i64,1000000,full,asc,15,1,1,1,7984584.000
kernel,vector,i64,1000000,full,asc,15,0,1,1,8318917.000
kernel,vector,i64,1000000,full,asc,15,0,2,1,8095291.000
kernel,vector,i64,1000000,full,asc,15,1,2,1,8029792.000
kernel,vector,i64,1000000,full,asc,15,1,3,1,8413291.000
kernel,vector,i64,1000000,full,asc,15,0,3,1,7936084.000
kernel,vector,i64,1000000,full,asc,15,0,4,1,8369709.000
kernel,vector,i64,1000000,full,asc,15,1,4,1,8161291.000
kernel,vector,i64,1000000,full,asc,15,1,5,1,8124792.000
kernel,vector,i64,1000000,full,asc,15,0,5,1,7795750.000
kernel,vector,i64,1000000,full,asc,15,1,6,1,8143500.000
kernel,vector,i64,1000000,full,asc,15,0,6,1,7936333.000
kernel,vector,i64,1000000,full,desc,15,1,0,1,8038208.000
kernel,vector,i64,1000000,full,desc,15,0,0,1,7921541.000
kernel,vector,i64,1000000,full,desc,15,0,1,1,8088459.000
kernel,vector,i64,1000000,full,desc,15,1,1,1,7992584.000
kernel,vector,i64,1000000,full,desc,15,1,2,1,7680750.000
kernel,vector,i64,1000000,full,desc,15,0,2,1,8056541.000
kernel,vector,i64,1000000,full,desc,15,1,3,1,8038292.000
kernel,vector,i64,1000000,full,desc,15,0,3,1,8038875.000
kernel,vector,i64,1000000,full,desc,15,1,4,1,8110125.000
kernel,vector,i64,1000000,full,desc,15,0,4,1,7953625.000
kernel,vector,i64,1000000,full,desc,15,0,5,1,7897541.000
kernel,vector,i64,1000000,full,desc,15,1,5,1,7725583.000
kernel,vector,i64,1000000,full,desc,15,1,6,1,8080125.000
kernel,vector,i64,1000000,full,desc,15,0,6,1,8183125.000
sorted,vector,i64,1000000,bits22,asc,0,1,0,1,3475959.000
sorted,vector,i64,1000000,bits22,asc,0,0,0,1,3210875.000
sorted,vector,i64,1000000,bits22,asc,0,0,1,1,3492750.000
sorted,vector,i64,1000000,bits22,asc,0,1,1,1,3335625.000
sorted,vector,i64,1000000,bits22,asc,0,1,2,1,3429333.000
sorted,vector,i64,1000000,bits22,asc,0,0,2,1,10502791.000
sorted,vector,i64,1000000,bits22,asc,0,1,3,1,3964166.000
sorted,vector,i64,1000000,bits22,asc,0,0,3,1,3658541.000
sorted,vector,i64,1000000,bits22,asc,0,0,4,1,3803125.000
sorted,vector,i64,1000000,bits22,asc,0,1,4,1,3903375.000
sorted,vector,i64,1000000,bits22,asc,0,0,5,1,3771417.000
sorted,vector,i64,1000000,bits22,asc,0,1,5,1,3688042.000
sorted,vector,i64,1000000,bits22,asc,0,0,6,1,4095167.000
sorted,vector,i64,1000000,bits22,asc,0,1,6,1,3440334.000
sorted,vector,i64,1000000,bits22,desc,0,1,0,1,3781625.000
sorted,vector,i64,1000000,bits22,desc,0,0,0,1,3953292.000
sorted,vector,i64,1000000,bits22,desc,0,0,1,1,3542417.000
sorted,vector,i64,1000000,bits22,desc,0,1,1,1,3616708.000
sorted,vector,i64,1000000,bits22,desc,0,0,2,1,3666500.000
sorted,vector,i64,1000000,bits22,desc,0,1,2,1,3428792.000
sorted,vector,i64,1000000,bits22,desc,0,1,3,1,3696250.000
sorted,vector,i64,1000000,bits22,desc,0,0,3,1,3626750.000
sorted,vector,i64,1000000,bits22,desc,0,1,4,1,3555625.000
sorted,vector,i64,1000000,bits22,desc,0,0,4,1,3947209.000
sorted,vector,i64,1000000,bits22,desc,0,1,5,1,3523167.000
sorted,vector,i64,1000000,bits22,desc,0,0,5,1,4058166.000
sorted,vector,i64,1000000,bits22,desc,0,0,6,1,3670250.000
sorted,vector,i64,1000000,bits22,desc,0,1,6,1,3453459.000
kernel,vector,i64,1000000,bits22,asc,8,0,0,1,3325708.000
kernel,vector,i64,1000000,bits22,asc,8,1,0,1,2738042.000
kernel,vector,i64,1000000,bits22,asc,8,1,1,1,2906875.000
kernel,vector,i64,1000000,bits22,asc,8,0,1,1,3323417.000
kernel,vector,i64,1000000,bits22,asc,8,1,2,1,2876750.000
kernel,vector,i64,1000000,bits22,asc,8,0,2,1,3287917.000
kernel,vector,i64,1000000,bits22,asc,8,0,3,1,3361209.000
kernel,vector,i64,1000000,bits22,asc,8,1,3,1,2894167.000
kernel,vector,i64,1000000,bits22,asc,8,0,4,1,2880125.000
kernel,vector,i64,1000000,bits22,asc,8,1,4,1,2939791.000
kernel,vector,i64,1000000,bits22,asc,8,1,5,1,2921333.000
kernel,vector,i64,1000000,bits22,asc,8,0,5,1,2820375.000
kernel,vector,i64,1000000,bits22,asc,8,0,6,1,3923417.000
kernel,vector,i64,1000000,bits22,asc,8,1,6,1,3197583.000
kernel,vector,i64,1000000,bits22,desc,8,0,0,1,3238458.000
kernel,vector,i64,1000000,bits22,desc,8,1,0,1,2850791.000
kernel,vector,i64,1000000,bits22,desc,8,0,1,1,3278458.000
kernel,vector,i64,1000000,bits22,desc,8,1,1,1,2887542.000
kernel,vector,i64,1000000,bits22,desc,8,0,2,1,3225750.000
kernel,vector,i64,1000000,bits22,desc,8,1,2,1,2795500.000
kernel,vector,i64,1000000,bits22,desc,8,1,3,1,2853833.000
kernel,vector,i64,1000000,bits22,desc,8,0,3,1,2852125.000
kernel,vector,i64,1000000,bits22,desc,8,0,4,1,2907125.000
kernel,vector,i64,1000000,bits22,desc,8,1,4,1,2807041.000
kernel,vector,i64,1000000,bits22,desc,8,1,5,1,2892834.000
kernel,vector,i64,1000000,bits22,desc,8,0,5,1,3111084.000
kernel,vector,i64,1000000,bits22,desc,8,1,6,1,2748667.000
kernel,vector,i64,1000000,bits22,desc,8,0,6,1,3067542.000
kernel,vector,i64,1000000,bits22,asc,11,0,0,1,2007250.000
kernel,vector,i64,1000000,bits22,asc,11,1,0,1,2237250.000
kernel,vector,i64,1000000,bits22,asc,11,0,1,1,2344625.000
kernel,vector,i64,1000000,bits22,asc,11,1,1,1,1967292.000
kernel,vector,i64,1000000,bits22,asc,11,1,2,1,2073208.000
kernel,vector,i64,1000000,bits22,asc,11,0,2,1,2309250.000
kernel,vector,i64,1000000,bits22,asc,11,1,3,1,2146334.000
kernel,vector,i64,1000000,bits22,asc,11,0,3,1,2312459.000
kernel,vector,i64,1000000,bits22,asc,11,1,4,1,2308958.000
kernel,vector,i64,1000000,bits22,asc,11,0,4,1,2505500.000
kernel,vector,i64,1000000,bits22,asc,11,1,5,1,2156084.000
kernel,vector,i64,1000000,bits22,asc,11,0,5,1,1985250.000
kernel,vector,i64,1000000,bits22,asc,11,1,6,1,2128375.000
kernel,vector,i64,1000000,bits22,asc,11,0,6,1,2458875.000
kernel,vector,i64,1000000,bits22,desc,11,0,0,1,2588458.000
kernel,vector,i64,1000000,bits22,desc,11,1,0,1,2125292.000
kernel,vector,i64,1000000,bits22,desc,11,0,1,1,2136417.000
kernel,vector,i64,1000000,bits22,desc,11,1,1,1,2019000.000
kernel,vector,i64,1000000,bits22,desc,11,0,2,1,2040208.000
kernel,vector,i64,1000000,bits22,desc,11,1,2,1,2242417.000
kernel,vector,i64,1000000,bits22,desc,11,0,3,1,2398958.000
kernel,vector,i64,1000000,bits22,desc,11,1,3,1,1992166.000
kernel,vector,i64,1000000,bits22,desc,11,1,4,1,2198333.000
kernel,vector,i64,1000000,bits22,desc,11,0,4,1,2453083.000
kernel,vector,i64,1000000,bits22,desc,11,0,5,1,2355917.000
kernel,vector,i64,1000000,bits22,desc,11,1,5,1,1991667.000
kernel,vector,i64,1000000,bits22,desc,11,0,6,1,2468458.000
kernel,vector,i64,1000000,bits22,desc,11,1,6,1,2167083.000
kernel,vector,i64,1000000,bits22,asc,15,0,0,1,2678792.000
kernel,vector,i64,1000000,bits22,asc,15,1,0,1,2692333.000
kernel,vector,i64,1000000,bits22,asc,15,1,1,1,2831083.000
kernel,vector,i64,1000000,bits22,asc,15,0,1,1,2678542.000
kernel,vector,i64,1000000,bits22,asc,15,1,2,1,2699417.000
kernel,vector,i64,1000000,bits22,asc,15,0,2,1,2817792.000
kernel,vector,i64,1000000,bits22,asc,15,0,3,1,2688000.000
kernel,vector,i64,1000000,bits22,asc,15,1,3,1,2749791.000
kernel,vector,i64,1000000,bits22,asc,15,1,4,1,2963208.000
kernel,vector,i64,1000000,bits22,asc,15,0,4,1,2761000.000
kernel,vector,i64,1000000,bits22,asc,15,1,5,1,3082042.000
kernel,vector,i64,1000000,bits22,asc,15,0,5,1,2843000.000
kernel,vector,i64,1000000,bits22,asc,15,0,6,1,2677166.000
kernel,vector,i64,1000000,bits22,asc,15,1,6,1,2871291.000
kernel,vector,i64,1000000,bits22,desc,15,0,0,1,2661333.000
kernel,vector,i64,1000000,bits22,desc,15,1,0,1,2833625.000
kernel,vector,i64,1000000,bits22,desc,15,1,1,1,2814250.000
kernel,vector,i64,1000000,bits22,desc,15,0,1,1,2733833.000
kernel,vector,i64,1000000,bits22,desc,15,1,2,1,3049750.000
kernel,vector,i64,1000000,bits22,desc,15,0,2,1,2648333.000
kernel,vector,i64,1000000,bits22,desc,15,1,3,1,2990834.000
kernel,vector,i64,1000000,bits22,desc,15,0,3,1,2873292.000
kernel,vector,i64,1000000,bits22,desc,15,0,4,1,2872791.000
kernel,vector,i64,1000000,bits22,desc,15,1,4,1,2781084.000
kernel,vector,i64,1000000,bits22,desc,15,0,5,1,2942792.000
kernel,vector,i64,1000000,bits22,desc,15,1,5,1,2902958.000
kernel,vector,i64,1000000,bits22,desc,15,0,6,1,2610875.000
kernel,vector,i64,1000000,bits22,desc,15,1,6,1,2848417.000
sorted,vector,i64,1000000,gaps,asc,0,1,0,1,3005375.000
sorted,vector,i64,1000000,gaps,asc,0,0,0,1,4175125.000
sorted,vector,i64,1000000,gaps,asc,0,1,1,1,3069000.000
sorted,vector,i64,1000000,gaps,asc,0,0,1,1,4110250.000
sorted,vector,i64,1000000,gaps,asc,0,0,2,1,4079167.000
sorted,vector,i64,1000000,gaps,asc,0,1,2,1,4304333.000
sorted,vector,i64,1000000,gaps,asc,0,1,3,1,4278458.000
sorted,vector,i64,1000000,gaps,asc,0,0,3,1,4157375.000
sorted,vector,i64,1000000,gaps,asc,0,0,4,1,4124334.000
sorted,vector,i64,1000000,gaps,asc,0,1,4,1,4298417.000
sorted,vector,i64,1000000,gaps,asc,0,1,5,1,2960667.000
sorted,vector,i64,1000000,gaps,asc,0,0,5,1,4493334.000
sorted,vector,i64,1000000,gaps,asc,0,1,6,1,3106875.000
sorted,vector,i64,1000000,gaps,asc,0,0,6,1,4308208.000
sorted,vector,i64,1000000,gaps,desc,0,0,0,1,4248500.000
sorted,vector,i64,1000000,gaps,desc,0,1,0,1,4215416.000
sorted,vector,i64,1000000,gaps,desc,0,0,1,1,4229833.000
sorted,vector,i64,1000000,gaps,desc,0,1,1,1,4154041.000
sorted,vector,i64,1000000,gaps,desc,0,0,2,1,4135708.000
sorted,vector,i64,1000000,gaps,desc,0,1,2,1,4160500.000
sorted,vector,i64,1000000,gaps,desc,0,0,3,1,4212375.000
sorted,vector,i64,1000000,gaps,desc,0,1,3,1,4207666.000
sorted,vector,i64,1000000,gaps,desc,0,1,4,1,4221042.000
sorted,vector,i64,1000000,gaps,desc,0,0,4,1,4751209.000
sorted,vector,i64,1000000,gaps,desc,0,1,5,1,4072125.000
sorted,vector,i64,1000000,gaps,desc,0,0,5,1,4409042.000
sorted,vector,i64,1000000,gaps,desc,0,1,6,1,4129667.000
sorted,vector,i64,1000000,gaps,desc,0,0,6,1,4151542.000
kernel,vector,i64,1000000,gaps,asc,8,1,0,1,2190250.000
kernel,vector,i64,1000000,gaps,asc,8,0,0,1,2954208.000
kernel,vector,i64,1000000,gaps,asc,8,1,1,1,1775292.000
kernel,vector,i64,1000000,gaps,asc,8,0,1,1,2946209.000
kernel,vector,i64,1000000,gaps,asc,8,1,2,1,2988750.000
kernel,vector,i64,1000000,gaps,asc,8,0,2,1,3147625.000
kernel,vector,i64,1000000,gaps,asc,8,1,3,1,3082917.000
kernel,vector,i64,1000000,gaps,asc,8,0,3,1,2824917.000
kernel,vector,i64,1000000,gaps,asc,8,1,4,1,2997417.000
kernel,vector,i64,1000000,gaps,asc,8,0,4,1,2808958.000
kernel,vector,i64,1000000,gaps,asc,8,1,5,1,3096083.000
kernel,vector,i64,1000000,gaps,asc,8,0,5,1,2857625.000
kernel,vector,i64,1000000,gaps,asc,8,1,6,1,3212833.000
kernel,vector,i64,1000000,gaps,asc,8,0,6,1,2837333.000
kernel,vector,i64,1000000,gaps,desc,8,1,0,1,2944458.000
kernel,vector,i64,1000000,gaps,desc,8,0,0,1,2903250.000
kernel,vector,i64,1000000,gaps,desc,8,1,1,1,2912750.000
kernel,vector,i64,1000000,gaps,desc,8,0,1,1,2907000.000
kernel,vector,i64,1000000,gaps,desc,8,1,2,1,2898875.000
kernel,vector,i64,1000000,gaps,desc,8,0,2,1,3004250.000
kernel,vector,i64,1000000,gaps,desc,8,0,3,1,2992583.000
kernel,vector,i64,1000000,gaps,desc,8,1,3,1,2949292.000
kernel,vector,i64,1000000,gaps,desc,8,0,4,1,2885458.000
kernel,vector,i64,1000000,gaps,desc,8,1,4,1,2851792.000
kernel,vector,i64,1000000,gaps,desc,8,0,5,1,2813042.000
kernel,vector,i64,1000000,gaps,desc,8,1,5,1,2961708.000
kernel,vector,i64,1000000,gaps,desc,8,1,6,1,2890333.000
kernel,vector,i64,1000000,gaps,desc,8,0,6,1,2845875.000
kernel,vector,i64,1000000,gaps,asc,11,1,0,1,4264125.000
kernel,vector,i64,1000000,gaps,asc,11,0,0,1,3924250.000
kernel,vector,i64,1000000,gaps,asc,11,1,1,1,4219958.000
kernel,vector,i64,1000000,gaps,asc,11,0,1,1,3473042.000
kernel,vector,i64,1000000,gaps,asc,11,1,2,1,4375583.000
kernel,vector,i64,1000000,gaps,asc,11,0,2,1,3534792.000
kernel,vector,i64,1000000,gaps,asc,11,0,3,1,3679167.000
kernel,vector,i64,1000000,gaps,asc,11,1,3,1,4141417.000
kernel,vector,i64,1000000,gaps,asc,11,0,4,1,3645250.000
kernel,vector,i64,1000000,gaps,asc,11,1,4,1,4185375.000
kernel,vector,i64,1000000,gaps,asc,11,0,5,1,3635833.000
kernel,vector,i64,1000000,gaps,asc,11,1,5,1,4226792.000
kernel,vector,i64,1000000,gaps,asc,11,0,6,1,3453208.000
kernel,vector,i64,1000000,gaps,asc,11,1,6,1,4204708.000
kernel,vector,i64,1000000,gaps,desc,11,0,0,1,3503541.000
kernel,vector,i64,1000000,gaps,desc,11,1,0,1,4342959.000
kernel,vector,i64,1000000,gaps,desc,11,1,1,1,4246375.000
kernel,vector,i64,1000000,gaps,desc,11,0,1,1,3644959.000
kernel,vector,i64,1000000,gaps,desc,11,0,2,1,3678834.000
kernel,vector,i64,1000000,gaps,desc,11,1,2,1,4261958.000
kernel,vector,i64,1000000,gaps,desc,11,1,3,1,4216042.000
kernel,vector,i64,1000000,gaps,desc,11,0,3,1,3647750.000
kernel,vector,i64,1000000,gaps,desc,11,0,4,1,3654709.000
kernel,vector,i64,1000000,gaps,desc,11,1,4,1,4322334.000
kernel,vector,i64,1000000,gaps,desc,11,1,5,1,4335625.000
kernel,vector,i64,1000000,gaps,desc,11,0,5,1,3597459.000
kernel,vector,i64,1000000,gaps,desc,11,0,6,1,3570833.000
kernel,vector,i64,1000000,gaps,desc,11,1,6,1,4174458.000
kernel,vector,i64,1000000,gaps,asc,15,0,0,1,2080541.000
kernel,vector,i64,1000000,gaps,asc,15,1,0,1,2257958.000
kernel,vector,i64,1000000,gaps,asc,15,0,1,1,2054167.000
kernel,vector,i64,1000000,gaps,asc,15,1,1,1,2051500.000
kernel,vector,i64,1000000,gaps,asc,15,1,2,1,2044541.000
kernel,vector,i64,1000000,gaps,asc,15,0,2,1,2011458.000
kernel,vector,i64,1000000,gaps,asc,15,0,3,1,2033292.000
kernel,vector,i64,1000000,gaps,asc,15,1,3,1,2091500.000
kernel,vector,i64,1000000,gaps,asc,15,1,4,1,2011083.000
kernel,vector,i64,1000000,gaps,asc,15,0,4,1,2029958.000
kernel,vector,i64,1000000,gaps,asc,15,0,5,1,2114042.000
kernel,vector,i64,1000000,gaps,asc,15,1,5,1,2147208.000
kernel,vector,i64,1000000,gaps,asc,15,0,6,1,2054500.000
kernel,vector,i64,1000000,gaps,asc,15,1,6,1,2070417.000
kernel,vector,i64,1000000,gaps,desc,15,1,0,1,2045917.000
kernel,vector,i64,1000000,gaps,desc,15,0,0,1,2181459.000
kernel,vector,i64,1000000,gaps,desc,15,0,1,1,2087125.000
kernel,vector,i64,1000000,gaps,desc,15,1,1,1,2016792.000
kernel,vector,i64,1000000,gaps,desc,15,1,2,1,2230458.000
kernel,vector,i64,1000000,gaps,desc,15,0,2,1,2099375.000
kernel,vector,i64,1000000,gaps,desc,15,1,3,1,2111875.000
kernel,vector,i64,1000000,gaps,desc,15,0,3,1,2271917.000
kernel,vector,i64,1000000,gaps,desc,15,0,4,1,2024000.000
kernel,vector,i64,1000000,gaps,desc,15,1,4,1,2158959.000
kernel,vector,i64,1000000,gaps,desc,15,1,5,1,2161583.000
kernel,vector,i64,1000000,gaps,desc,15,0,5,1,2499750.000
kernel,vector,i64,1000000,gaps,desc,15,0,6,1,2068666.000
kernel,vector,i64,1000000,gaps,desc,15,1,6,1,2168833.000
sorted,vector,i64,1000000,few,asc,0,1,0,1,2770709.000
sorted,vector,i64,1000000,few,asc,0,0,0,1,2639958.000
sorted,vector,i64,1000000,few,asc,0,1,1,1,2681541.000
sorted,vector,i64,1000000,few,asc,0,0,1,1,2642792.000
sorted,vector,i64,1000000,few,asc,0,0,2,1,2732250.000
sorted,vector,i64,1000000,few,asc,0,1,2,1,2733667.000
sorted,vector,i64,1000000,few,asc,0,1,3,1,2736166.000
sorted,vector,i64,1000000,few,asc,0,0,3,1,2569916.000
sorted,vector,i64,1000000,few,asc,0,0,4,1,2682459.000
sorted,vector,i64,1000000,few,asc,0,1,4,1,2654125.000
sorted,vector,i64,1000000,few,asc,0,1,5,1,2625334.000
sorted,vector,i64,1000000,few,asc,0,0,5,1,2628709.000
sorted,vector,i64,1000000,few,asc,0,0,6,1,2592583.000
sorted,vector,i64,1000000,few,asc,0,1,6,1,2716917.000
sorted,vector,i64,1000000,few,desc,0,0,0,1,2626541.000
sorted,vector,i64,1000000,few,desc,0,1,0,1,2714750.000
sorted,vector,i64,1000000,few,desc,0,1,1,1,2683500.000
sorted,vector,i64,1000000,few,desc,0,0,1,1,2713000.000
sorted,vector,i64,1000000,few,desc,0,1,2,1,2660042.000
sorted,vector,i64,1000000,few,desc,0,0,2,1,2607750.000
sorted,vector,i64,1000000,few,desc,0,0,3,1,2626334.000
sorted,vector,i64,1000000,few,desc,0,1,3,1,2682000.000
sorted,vector,i64,1000000,few,desc,0,0,4,1,2607666.000
sorted,vector,i64,1000000,few,desc,0,1,4,1,2664833.000
sorted,vector,i64,1000000,few,desc,0,0,5,1,2642625.000
sorted,vector,i64,1000000,few,desc,0,1,5,1,2757541.000
sorted,vector,i64,1000000,few,desc,0,1,6,1,2640000.000
sorted,vector,i64,1000000,few,desc,0,0,6,1,2551333.000
kernel,vector,i64,1000000,few,asc,8,1,0,1,1368083.000
kernel,vector,i64,1000000,few,asc,8,0,0,1,1435875.000
kernel,vector,i64,1000000,few,asc,8,0,1,1,1342042.000
kernel,vector,i64,1000000,few,asc,8,1,1,1,1424625.000
kernel,vector,i64,1000000,few,asc,8,0,2,1,1336541.000
kernel,vector,i64,1000000,few,asc,8,1,2,1,1552500.000
kernel,vector,i64,1000000,few,asc,8,1,3,1,1372375.000
kernel,vector,i64,1000000,few,asc,8,0,3,1,1365875.000
kernel,vector,i64,1000000,few,asc,8,1,4,1,1386583.000
kernel,vector,i64,1000000,few,asc,8,0,4,1,1365875.000
kernel,vector,i64,1000000,few,asc,8,0,5,1,1328000.000
kernel,vector,i64,1000000,few,asc,8,1,5,1,1412667.000
kernel,vector,i64,1000000,few,asc,8,1,6,1,1442042.000
kernel,vector,i64,1000000,few,asc,8,0,6,1,1367750.000
kernel,vector,i64,1000000,few,desc,8,1,0,1,1396084.000
kernel,vector,i64,1000000,few,desc,8,0,0,1,1383959.000
kernel,vector,i64,1000000,few,desc,8,0,1,1,1384125.000
kernel,vector,i64,1000000,few,desc,8,1,1,1,1458792.000
kernel,vector,i64,1000000,few,desc,8,1,2,1,1436584.000
kernel,vector,i64,1000000,few,desc,8,0,2,1,1413375.000
kernel,vector,i64,1000000,few,desc,8,0,3,1,1387458.000
kernel,vector,i64,1000000,few,desc,8,1,3,1,1524542.000
kernel,vector,i64,1000000,few,desc,8,1,4,1,1381416.000
kernel,vector,i64,1000000,few,desc,8,0,4,1,1472500.000
kernel,vector,i64,1000000,few,desc,8,0,5,1,1398542.000
kernel,vector,i64,1000000,few,desc,8,1,5,1,1461167.000
kernel,vector,i64,1000000,few,desc,8,0,6,1,1380958.000
kernel,vector,i64,1000000,few,desc,8,1,6,1,1407625.000
kernel,vector,i64,1000000,few,asc,11,0,0,1,1394250.000
kernel,vector,i64,1000000,few,asc,11,1,0,1,1440834.000
kernel,vector,i64,1000000,few,asc,11,1,1,1,1492750.000
kernel,vector,i64,1000000,few,asc,11,0,1,1,1393584.000
kernel,vector,i64,1000000,few,asc,11,0,2,1,1507875.000
kernel,vector,i64,1000000,few,asc,11,1,2,1,1439334.000
kernel,vector,i64,1000000,few,asc,11,0,3,1,1414958.000
kernel,vector,i64,1000000,few,asc,11,1,3,1,1436541.000
kernel,vector,i64,1000000,few,asc,11,1,4,1,1449000.000
kernel,vector,i64,1000000,few,asc,11,0,4,1,1413125.000
kernel,vector,i64,1000000,few,asc,11,1,5,1,1564250.000
kernel,vector,i64,1000000,few,asc,11,0,5,1,1361708.000
kernel,vector,i64,1000000,few,asc,11,0,6,1,1385250.000
kernel,vector,i64,1000000,few,asc,11,1,6,1,1418792.000
kernel,vector,i64,1000000,few,desc,11,1,0,1,1730209.000
kernel,vector,i64,1000000,few,desc,11,0,0,1,1601917.000
kernel,vector,i64,1000000,few,desc,11,1,1,1,1630417.000
kernel,vector,i64,1000000,few,desc,11,0,1,1,1379958.000
kernel,vector,i64,1000000,few,desc,11,1,2,1,1658041.000
kernel,vector,i64,1000000,few,desc,11,0,2,1,1464916.000
kernel,vector,i64,1000000,few,desc,11,0,3,1,1356500.000
kernel,vector,i64,1000000,few,desc,11,1,3,1,1512583.000
kernel,vector,i64,1000000,few,desc,11,0,4,1,1478750.000
kernel,vector,i64,1000000,few,desc,11,1,4,1,1554584.000
kernel,vector,i64,1000000,few,desc,11,1,5,1,1591750.000
kernel,vector,i64,1000000,few,desc,11,0,5,1,1453833.000
kernel,vector,i64,1000000,few,desc,11,0,6,1,1454375.000
kernel,vector,i64,1000000,few,desc,11,1,6,1,1534875.000
kernel,vector,i64,1000000,few,asc,15,0,0,1,1345542.000
kernel,vector,i64,1000000,few,asc,15,1,0,1,1644708.000
kernel,vector,i64,1000000,few,asc,15,0,1,1,1379750.000
kernel,vector,i64,1000000,few,asc,15,1,1,1,1449458.000
kernel,vector,i64,1000000,few,asc,15,0,2,1,1356792.000
kernel,vector,i64,1000000,few,asc,15,1,2,1,1606667.000
kernel,vector,i64,1000000,few,asc,15,1,3,1,1418333.000
kernel,vector,i64,1000000,few,asc,15,0,3,1,1415625.000
kernel,vector,i64,1000000,few,asc,15,0,4,1,1413708.000
kernel,vector,i64,1000000,few,asc,15,1,4,1,1525125.000
kernel,vector,i64,1000000,few,asc,15,0,5,1,1400208.000
kernel,vector,i64,1000000,few,asc,15,1,5,1,1437833.000
kernel,vector,i64,1000000,few,asc,15,0,6,1,1333833.000
kernel,vector,i64,1000000,few,asc,15,1,6,1,1438958.000
kernel,vector,i64,1000000,few,desc,15,0,0,1,1336125.000
kernel,vector,i64,1000000,few,desc,15,1,0,1,1448042.000
kernel,vector,i64,1000000,few,desc,15,1,1,1,1440666.000
kernel,vector,i64,1000000,few,desc,15,0,1,1,1387416.000
kernel,vector,i64,1000000,few,desc,15,0,2,1,1382125.000
kernel,vector,i64,1000000,few,desc,15,1,2,1,1435916.000
kernel,vector,i64,1000000,few,desc,15,1,3,1,1497125.000
kernel,vector,i64,1000000,few,desc,15,0,3,1,1492333.000
kernel,vector,i64,1000000,few,desc,15,0,4,1,1329083.000
kernel,vector,i64,1000000,few,desc,15,1,4,1,1384500.000
kernel,vector,i64,1000000,few,desc,15,0,5,1,1361667.000
kernel,vector,i64,1000000,few,desc,15,1,5,1,1496083.000
kernel,vector,i64,1000000,few,desc,15,0,6,1,1440000.000
kernel,vector,i64,1000000,few,desc,15,1,6,1,1526084.000
sorted,vector,i64,1000000,ordered,asc,0,1,0,3,231888.667
sorted,vector,i64,1000000,ordered,asc,0,0,0,3,237055.333
sorted,vector,i64,1000000,ordered,asc,0,1,1,3,229569.333
sorted,vector,i64,1000000,ordered,asc,0,0,1,3,233889.000
sorted,vector,i64,1000000,ordered,asc,0,0,2,3,250667.000
sorted,vector,i64,1000000,ordered,asc,0,1,2,2,250563.000
sorted,vector,i64,1000000,ordered,asc,0,1,3,3,228805.667
sorted,vector,i64,1000000,ordered,asc,0,0,3,3,239250.000
sorted,vector,i64,1000000,ordered,asc,0,1,4,3,255069.333
sorted,vector,i64,1000000,ordered,asc,0,0,4,3,229194.667
sorted,vector,i64,1000000,ordered,asc,0,1,5,3,231375.000
sorted,vector,i64,1000000,ordered,asc,0,0,5,3,237277.333
sorted,vector,i64,1000000,ordered,asc,0,0,6,3,239041.667
sorted,vector,i64,1000000,ordered,asc,0,1,6,3,233528.000
sorted,vector,i64,1000000,ordered,desc,0,0,0,2,347062.500
sorted,vector,i64,1000000,ordered,desc,0,1,0,2,349562.500
sorted,vector,i64,1000000,ordered,desc,0,0,1,2,353833.500
sorted,vector,i64,1000000,ordered,desc,0,1,1,2,348187.500
sorted,vector,i64,1000000,ordered,desc,0,1,2,2,345437.500
sorted,vector,i64,1000000,ordered,desc,0,0,2,2,344875.500
sorted,vector,i64,1000000,ordered,desc,0,1,3,2,350916.500
sorted,vector,i64,1000000,ordered,desc,0,0,3,2,353979.500
sorted,vector,i64,1000000,ordered,desc,0,0,4,2,356062.500
sorted,vector,i64,1000000,ordered,desc,0,1,4,1,890583.000
sorted,vector,i64,1000000,ordered,desc,0,0,5,2,369895.500
sorted,vector,i64,1000000,ordered,desc,0,1,5,2,355583.000
sorted,vector,i64,1000000,ordered,desc,0,0,6,2,346562.500
sorted,vector,i64,1000000,ordered,desc,0,1,6,2,358541.500
sorted,vector,i64,1000000,reverse,asc,0,1,0,2,387771.000
sorted,vector,i64,1000000,reverse,asc,0,0,0,2,384958.500
sorted,vector,i64,1000000,reverse,asc,0,1,1,2,381125.000
sorted,vector,i64,1000000,reverse,asc,0,0,1,2,382749.500
sorted,vector,i64,1000000,reverse,asc,0,0,2,2,417166.500
sorted,vector,i64,1000000,reverse,asc,0,1,2,2,379708.000
sorted,vector,i64,1000000,reverse,asc,0,0,3,2,382104.000
sorted,vector,i64,1000000,reverse,asc,0,1,3,2,389937.500
sorted,vector,i64,1000000,reverse,asc,0,0,4,2,380208.500
sorted,vector,i64,1000000,reverse,asc,0,1,4,2,389937.000
sorted,vector,i64,1000000,reverse,asc,0,0,5,2,387187.500
sorted,vector,i64,1000000,reverse,asc,0,1,5,2,382521.000
sorted,vector,i64,1000000,reverse,asc,0,0,6,2,391771.000
sorted,vector,i64,1000000,reverse,asc,0,1,6,2,327500.000
sorted,vector,i64,1000000,reverse,desc,0,1,0,2,262583.000
sorted,vector,i64,1000000,reverse,desc,0,0,0,3,242499.667
sorted,vector,i64,1000000,reverse,desc,0,1,1,3,246110.667
sorted,vector,i64,1000000,reverse,desc,0,0,1,3,237055.667
sorted,vector,i64,1000000,reverse,desc,0,0,2,2,261583.000
sorted,vector,i64,1000000,reverse,desc,0,1,2,3,246777.667
sorted,vector,i64,1000000,reverse,desc,0,0,3,2,253104.000
sorted,vector,i64,1000000,reverse,desc,0,1,3,3,262680.333
sorted,vector,i64,1000000,reverse,desc,0,0,4,3,227514.000
sorted,vector,i64,1000000,reverse,desc,0,1,4,3,230458.333
sorted,vector,i64,1000000,reverse,desc,0,0,5,3,246431.000
sorted,vector,i64,1000000,reverse,desc,0,1,5,3,251125.333
sorted,vector,i64,1000000,reverse,desc,0,0,6,2,255771.000
sorted,vector,i64,1000000,reverse,desc,0,1,6,3,253750.000
sorted,vector,i64,1000000,nearly,asc,0,0,0,1,6106084.000
sorted,vector,i64,1000000,nearly,asc,0,1,0,1,5853791.000
sorted,vector,i64,1000000,nearly,asc,0,1,1,1,5812666.000
sorted,vector,i64,1000000,nearly,asc,0,0,1,1,5782417.000
sorted,vector,i64,1000000,nearly,asc,0,1,2,1,5814500.000
sorted,vector,i64,1000000,nearly,asc,0,0,2,1,5844125.000
sorted,vector,i64,1000000,nearly,asc,0,0,3,1,5891334.000
sorted,vector,i64,1000000,nearly,asc,0,1,3,1,5774042.000
sorted,vector,i64,1000000,nearly,asc,0,0,4,1,5930542.000
sorted,vector,i64,1000000,nearly,asc,0,1,4,1,5866333.000
sorted,vector,i64,1000000,nearly,asc,0,0,5,1,6182708.000
sorted,vector,i64,1000000,nearly,asc,0,1,5,1,6023708.000
sorted,vector,i64,1000000,nearly,asc,0,1,6,1,5923917.000
sorted,vector,i64,1000000,nearly,asc,0,0,6,1,6175292.000
sorted,vector,i64,1000000,nearly,desc,0,0,0,1,6278291.000
sorted,vector,i64,1000000,nearly,desc,0,1,0,1,5769166.000
sorted,vector,i64,1000000,nearly,desc,0,0,1,1,6133000.000
sorted,vector,i64,1000000,nearly,desc,0,1,1,1,5692417.000
sorted,vector,i64,1000000,nearly,desc,0,0,2,1,5869917.000
sorted,vector,i64,1000000,nearly,desc,0,1,2,1,5975167.000
sorted,vector,i64,1000000,nearly,desc,0,1,3,1,6015250.000
sorted,vector,i64,1000000,nearly,desc,0,0,3,1,6072042.000
sorted,vector,i64,1000000,nearly,desc,0,1,4,1,5880583.000
sorted,vector,i64,1000000,nearly,desc,0,0,4,1,5770792.000
sorted,vector,i64,1000000,nearly,desc,0,1,5,1,5846542.000
sorted,vector,i64,1000000,nearly,desc,0,0,5,1,6183333.000
sorted,vector,i64,1000000,nearly,desc,0,1,6,1,5775291.000
sorted,vector,i64,1000000,nearly,desc,0,0,6,1,6057542.000
sorted,vector,i64,1000000,equal,asc,0,1,0,3,222750.000
sorted,vector,i64,1000000,equal,asc,0,0,0,3,230486.000
sorted,vector,i64,1000000,equal,asc,0,1,1,3,224833.333
sorted,vector,i64,1000000,equal,asc,0,0,1,3,222375.000
sorted,vector,i64,1000000,equal,asc,0,1,2,3,225097.333
sorted,vector,i64,1000000,equal,asc,0,0,2,3,222014.000
sorted,vector,i64,1000000,equal,asc,0,1,3,3,227152.667
sorted,vector,i64,1000000,equal,asc,0,0,3,3,226791.667
sorted,vector,i64,1000000,equal,asc,0,0,4,3,222027.667
sorted,vector,i64,1000000,equal,asc,0,1,4,3,231041.333
sorted,vector,i64,1000000,equal,asc,0,1,5,3,232499.667
sorted,vector,i64,1000000,equal,asc,0,0,5,3,229222.333
sorted,vector,i64,1000000,equal,asc,0,1,6,3,227875.000
sorted,vector,i64,1000000,equal,asc,0,0,6,3,236888.667
sorted,vector,i64,1000000,equal,desc,0,1,0,3,225653.000
sorted,vector,i64,1000000,equal,desc,0,0,0,3,223305.333
sorted,vector,i64,1000000,equal,desc,0,1,1,3,228555.000
sorted,vector,i64,1000000,equal,desc,0,0,1,3,229166.667
sorted,vector,i64,1000000,equal,desc,0,0,2,3,230152.667
sorted,vector,i64,1000000,equal,desc,0,1,2,3,228875.000
sorted,vector,i64,1000000,equal,desc,0,1,3,3,227346.667
sorted,vector,i64,1000000,equal,desc,0,0,3,3,233638.667
sorted,vector,i64,1000000,equal,desc,0,1,4,3,231500.000
sorted,vector,i64,1000000,equal,desc,0,0,4,3,231361.333
sorted,vector,i64,1000000,equal,desc,0,0,5,3,234125.000
sorted,vector,i64,1000000,equal,desc,0,1,5,3,230652.667
sorted,vector,i64,1000000,equal,desc,0,1,6,3,226736.000
sorted,vector,i64,1000000,equal,desc,0,0,6,3,225361.000
sorted,array,i64,65536,full,asc,0,0,0,2,411270.500
sorted,array,i64,65536,full,asc,0,1,0,2,419541.500
sorted,array,i64,65536,full,asc,0,1,1,2,409875.000
sorted,array,i64,65536,full,asc,0,0,1,2,408896.000
sorted,array,i64,65536,full,asc,0,0,2,2,402958.500
sorted,array,i64,65536,full,asc,0,1,2,2,398917.000
sorted,array,i64,65536,full,asc,0,0,3,2,403021.500
sorted,array,i64,65536,full,asc,0,1,3,2,420624.500
sorted,array,i64,65536,full,asc,0,0,4,1,529625.000
sorted,array,i64,65536,full,asc,0,1,4,2,440208.000
sorted,array,i64,65536,full,asc,0,0,5,2,391916.500
sorted,array,i64,65536,full,asc,0,1,5,2,393041.500
sorted,array,i64,65536,full,asc,0,1,6,2,396083.000
sorted,array,i64,65536,full,asc,0,0,6,2,398499.500
sorted,array,i64,65536,full,desc,0,1,0,2,419021.000
sorted,array,i64,65536,full,desc,0,0,0,2,409520.500
sorted,array,i64,65536,full,desc,0,0,1,2,401167.000
sorted,array,i64,65536,full,desc,0,1,1,2,394208.000
sorted,array,i64,65536,full,desc,0,0,2,2,409145.500
sorted,array,i64,65536,full,desc,0,1,2,2,393000.000
sorted,array,i64,65536,full,desc,0,1,3,2,389854.000
sorted,array,i64,65536,full,desc,0,0,3,2,401688.000
sorted,array,i64,65536,full,desc,0,0,4,2,409458.500
sorted,array,i64,65536,full,desc,0,1,4,2,390812.500
sorted,array,i64,65536,full,desc,0,0,5,2,407979.500
sorted,array,i64,65536,full,desc,0,1,5,2,396834.000
sorted,array,i64,65536,full,desc,0,0,6,2,403895.500
sorted,array,i64,65536,full,desc,0,1,6,2,385541.500
sorted,array,i64,65536,bits22,asc,0,0,0,3,207541.333
sorted,array,i64,65536,bits22,asc,0,1,0,3,192944.333
sorted,array,i64,65536,bits22,asc,0,1,1,3,187652.667
sorted,array,i64,65536,bits22,asc,0,0,1,3,190250.000
sorted,array,i64,65536,bits22,asc,0,1,2,3,181805.667
sorted,array,i64,65536,bits22,asc,0,0,2,3,191069.000
sorted,array,i64,65536,bits22,asc,0,1,3,3,178528.000
sorted,array,i64,65536,bits22,asc,0,0,3,3,185486.000
sorted,array,i64,65536,bits22,asc,0,1,4,3,179875.333
sorted,array,i64,65536,bits22,asc,0,0,4,3,191694.333
sorted,array,i64,65536,bits22,asc,0,1,5,3,177402.667
sorted,array,i64,65536,bits22,asc,0,0,5,3,186930.667
sorted,array,i64,65536,bits22,asc,0,1,6,3,180194.333
sorted,array,i64,65536,bits22,asc,0,0,6,3,188041.667
sorted,array,i64,65536,bits22,desc,0,0,0,3,188805.667
sorted,array,i64,65536,bits22,desc,0,1,0,3,187500.000
sorted,array,i64,65536,bits22,desc,0,1,1,3,171153.000
sorted,array,i64,65536,bits22,desc,0,0,1,3,200166.667
sorted,array,i64,65536,bits22,desc,0,1,2,3,169291.333
sorted,array,i64,65536,bits22,desc,0,0,2,3,191167.000
sorted,array,i64,65536,bits22,desc,0,1,3,3,178236.000
sorted,array,i64,65536,bits22,desc,0,0,3,3,192902.667
sorted,array,i64,65536,bits22,desc,0,0,4,3,182125.000
sorted,array,i64,65536,bits22,desc,0,1,4,3,179874.667
sorted,array,i64,65536,bits22,desc,0,0,5,3,183805.333
sorted,array,i64,65536,bits22,desc,0,1,5,3,177416.667
sorted,array,i64,65536,bits22,desc,0,1,6,3,171375.333
sorted,array,i64,65536,bits22,desc,0,0,6,3,192360.667
sorted,array,i64,65536,gaps,asc,0,0,0,2,298979.500
sorted,array,i64,65536,gaps,asc,0,1,0,2,301708.500
sorted,array,i64,65536,gaps,asc,0,0,1,2,296896.000
sorted,array,i64,65536,gaps,asc,0,1,1,2,281187.000
sorted,array,i64,65536,gaps,asc,0,1,2,3,261763.667
sorted,array,i64,65536,gaps,asc,0,0,2,2,297812.000
sorted,array,i64,65536,gaps,asc,0,1,3,3,276667.000
sorted,array,i64,65536,gaps,asc,0,0,3,2,273896.000
sorted,array,i64,65536,gaps,asc,0,0,4,2,276146.000
sorted,array,i64,65536,gaps,asc,0,1,4,2,276979.000
sorted,array,i64,65536,gaps,asc,0,1,5,2,267521.000
sorted,array,i64,65536,gaps,asc,0,0,5,2,284395.500
sorted,array,i64,65536,gaps,asc,0,1,6,3,267416.667
sorted,array,i64,65536,gaps,asc,0,0,6,2,280000.000
sorted,array,i64,65536,gaps,desc,0,1,0,2,303354.500
sorted,array,i64,65536,gaps,desc,0,0,0,2,335084.000
sorted,array,i64,65536,gaps,desc,0,1,1,2,333187.500
sorted,array,i64,65536,gaps,desc,0,0,1,2,294770.500
sorted,array,i64,65536,gaps,desc,0,0,2,2,284667.000
sorted,array,i64,65536,gaps,desc,0,1,2,2,283770.500
sorted,array,i64,65536,gaps,desc,0,0,3,2,255417.000
sorted,array,i64,65536,gaps,desc,0,1,3,2,319334.000
sorted,array,i64,65536,gaps,desc,0,0,4,3,262625.333
sorted,array,i64,65536,gaps,desc,0,1,4,2,265833.500
sorted,array,i64,65536,gaps,desc,0,0,5,2,273834.000
sorted,array,i64,65536,gaps,desc,0,1,5,2,270187.500
sorted,array,i64,65536,gaps,desc,0,1,6,2,314188.000
sorted,array,i64,65536,gaps,desc,0,0,6,2,271916.500
sorted,array,i64,65536,few,asc,0,1,0,4,161406.250
sorted,array,i64,65536,few,asc,0,0,0,4,161968.750
sorted,array,i64,65536,few,asc,0,1,1,4,157239.750
sorted,array,i64,65536,few,asc,0,0,1,4,158468.750
sorted,array,i64,65536,few,asc,0,1,2,4,156521.000
sorted,array,i64,65536,few,asc,0,0,2,4,165166.750
sorted,array,i64,65536,few,asc,0,1,3,4,161479.250
sorted,array,i64,65536,few,asc,0,0,3,4,158093.750
sorted,array,i64,65536,few,asc,0,0,4,4,164375.000
sorted,array,i64,65536,few,asc,0,1,4,4,159166.750
sorted,array,i64,65536,few,asc,0,0,5,4,163020.750
sorted,array,i64,65536,few,asc,0,1,5,4,161364.750
sorted,array,i64,65536,few,asc,0,0,6,4,163062.250
sorted,array,i64,65536,few,asc,0,1,6,4,158677.250
sorted,array,i64,65536,few,desc,0,0,0,4,162354.000
sorted,array,i64,65536,few,desc,0,1,0,4,145843.750
sorted,array,i64,65536,few,desc,0,1,1,4,138031.250
sorted,array,i64,65536,few,desc,0,0,1,4,156676.750
sorted,array,i64,65536,few,desc,0,1,2,4,144489.250
sorted,array,i64,65536,few,desc,0,0,2,4,155666.500
sorted,array,i64,65536,few,desc,0,0,3,4,155479.000
sorted,array,i64,65536,few,desc,0,1,3,4,139406.250
sorted,array,i64,65536,few,desc,0,0,4,4,152885.500
sorted,array,i64,65536,few,desc,0,1,4,4,139760.500
sorted,array,i64,65536,few,desc,0,0,5,4,153500.000
sorted,array,i64,65536,few,desc,0,1,5,4,137177.250
sorted,array,i64,65536,few,desc,0,0,6,4,151989.500
sorted,array,i64,65536,few,desc,0,1,6,4,139531.500
sorted,array,i64,65536,ordered,asc,0,0,0,14,35732.143
sorted,array,i64,65536,ordered,asc,0,1,0,15,35508.267
sorted,array,i64,65536,ordered,asc,0,0,1,15,34708.400
sorted,array,i64,65536,ordered,asc,0,1,1,15,34963.800
sorted,array,i64,65536,ordered,asc,0,0,2,15,34750.000
sorted,array,i64,65536,ordered,asc,0,1,2,15,34633.467
sorted,array,i64,65536,ordered,asc,0,0,3,15,34888.867
sorted,array,i64,65536,ordered,asc,0,1,3,15,34655.600
sorted,array,i64,65536,ordered,asc,0,1,4,15,34863.867
sorted,array,i64,65536,ordered,asc,0,0,4,15,34888.800
sorted,array,i64,65536,ordered,asc,0,1,5,15,35291.667
sorted,array,i64,65536,ordered,asc,0,0,5,14,36651.857
sorted,array,i64,65536,ordered,asc,0,1,6,15,34619.533
sorted,array,i64,65536,ordered,asc,0,0,6,15,34900.067
sorted,array,i64,65536,ordered,desc,0,1,0,11,47795.455
sorted,array,i64,65536,ordered,desc,0,0,0,11,47151.636
sorted,array,i64,65536,ordered,desc,0,1,1,11,48958.364
sorted,array,i64,65536,ordered,desc,0,0,1,11,47321.727
sorted,array,i64,65536,ordered,desc,0,0,2,11,47943.273
sorted,array,i64,65536,ordered,desc,0,1,2,11,48280.364
sorted,array,i64,65536,ordered,desc,0,1,3,11,46996.364
sorted,array,i64,65536,ordered,desc,0,0,3,11,48924.182
sorted,array,i64,65536,ordered,desc,0,1,4,11,47401.545
sorted,array,i64,65536,ordered,desc,0,0,4,11,48844.636
sorted,array,i64,65536,ordered,desc,0,1,5,11,49321.818
sorted,array,i64,65536,ordered,desc,0,0,5,11,47374.909
sorted,array,i64,65536,ordered,desc,0,0,6,11,47977.091
sorted,array,i64,65536,ordered,desc,0,1,6,11,47212.000
sorted,array,i64,65536,reverse,asc,0,0,0,11,46643.909
sorted,array,i64,65536,reverse,asc,0,1,0,11,47814.455
sorted,array,i64,65536,reverse,asc,0,1,1,11,47405.273
sorted,array,i64,65536,reverse,asc,0,0,1,11,47568.000
sorted,array,i64,65536,reverse,asc,0,1,2,11,47806.909
sorted,array,i64,65536,reverse,asc,0,0,2,11,47659.091
sorted,array,i64,65536,reverse,asc,0,0,3,11,48507.727
sorted,array,i64,65536,reverse,asc,0,1,3,11,47568.000
sorted,array,i64,65536,reverse,asc,0,1,4,11,47727.364
sorted,array,i64,65536,reverse,asc,0,0,4,11,47776.636
sorted,array,i64,65536,reverse,asc,0,1,5,11,47261.273
sorted,array,i64,65536,reverse,asc,0,0,5,11,48810.727
sorted,array,i64,65536,reverse,asc,0,0,6,11,48367.364
sorted,array,i64,65536,reverse,asc,0,1,6,11,47935.545
sorted,array,i64,65536,reverse,desc,0,1,0,15,34805.600
sorted,array,i64,65536,reverse,desc,0,0,0,15,34866.667
sorted,array,i64,65536,reverse,desc,0,0,1,15,34997.333
sorted,array,i64,65536,reverse,desc,0,1,1,15,35369.533
sorted,array,i64,65536,reverse,desc,0,1,2,15,35097.200
sorted,array,i64,65536,reverse,desc,0,0,2,15,34716.667
sorted,array,i64,65536,reverse,desc,0,0,3,14,36381.000
sorted,array,i64,65536,reverse,desc,0,1,3,15,34772.200
sorted,array,i64,65536,reverse,desc,0,1,4,15,34936.267
sorted,array,i64,65536,reverse,desc,0,0,4,15,34694.600
sorted,array,i64,65536,reverse,desc,0,1,5,15,35241.733
sorted,array,i64,65536,reverse,desc,0,0,5,15,34900.000
sorted,array,i64,65536,reverse,desc,0,1,6,15,35619.333
sorted,array,i64,65536,reverse,desc,0,0,6,15,34624.867
sorted,array,i64,65536,nearly,asc,0,0,0,2,373208.500
sorted,array,i64,65536,nearly,asc,0,1,0,2,376812.500
sorted,array,i64,65536,nearly,asc,0,1,1,2,373479.000
sorted,array,i64,65536,nearly,asc,0,0,1,2,380041.500
sorted,array,i64,65536,nearly,asc,0,1,2,2,376333.000
sorted,array,i64,65536,nearly,asc,0,0,2,2,371520.500
sorted,array,i64,65536,nearly,asc,0,1,3,2,377583.500
sorted,array,i64,65536,nearly,asc,0,0,3,2,384562.500
sorted,array,i64,65536,nearly,asc,0,0,4,2,374666.500
sorted,array,i64,65536,nearly,asc,0,1,4,2,376499.500
sorted,array,i64,65536,nearly,asc,0,0,5,2,380104.000
sorted,array,i64,65536,nearly,asc,0,1,5,2,385292.000
sorted,array,i64,65536,nearly,asc,0,0,6,2,379812.000
sorted,array,i64,65536,nearly,asc,0,1,6,2,375750.000
sorted,array,i64,65536,nearly,desc,0,1,0,2,385104.000
sorted,array,i64,65536,nearly,desc,0,0,0,2,378167.000
sorted,array,i64,65536,nearly,desc,0,1,1,2,377271.000
sorted,array,i64,65536,nearly,desc,0,0,1,2,374792.000
sorted,array,i64,65536,nearly,desc,0,0,2,2,374666.500
sorted,array,i64,65536,nearly,desc,0,1,2,2,389166.500
sorted,array,i64,65536,nearly,desc,0,0,3,2,381166.500
sorted,array,i64,65536,nearly,desc,0,1,3,2,373354.500
sorted,array,i64,65536,nearly,desc,0,1,4,2,377562.500
sorted,array,i64,65536,nearly,desc,0,0,4,2,388062.500
sorted,array,i64,65536,nearly,desc,0,0,5,2,375708.500
sorted,array,i64,65536,nearly,desc,0,1,5,2,374958.500
sorted,array,i64,65536,nearly,desc,0,0,6,2,384062.500
sorted,array,i64,65536,nearly,desc,0,1,6,2,380292.000
sorted,array,i64,65536,equal,asc,0,0,0,15,34538.733
sorted,array,i64,65536,equal,asc,0,1,0,15,35063.933
sorted,array,i64,65536,equal,asc,0,0,1,15,35469.533
sorted,array,i64,65536,equal,asc,0,1,1,14,38113.071
sorted,array,i64,65536,equal,asc,0,1,2,15,35077.800
sorted,array,i64,65536,equal,asc,0,0,2,15,35088.867
sorted,array,i64,65536,equal,asc,0,1,3,15,34583.333
sorted,array,i64,65536,equal,asc,0,0,3,15,35139.000
sorted,array,i64,65536,equal,asc,0,1,4,15,34583.400
sorted,array,i64,65536,equal,asc,0,0,4,15,35488.867
sorted,array,i64,65536,equal,asc,0,0,5,15,33916.800
sorted,array,i64,65536,equal,asc,0,1,5,16,32020.875
sorted,array,i64,65536,equal,asc,0,1,6,16,32020.688
sorted,array,i64,65536,equal,asc,0,0,6,16,32007.875
sorted,array,i64,65536,equal,desc,0,0,0,16,33297.062
sorted,array,i64,65536,equal,desc,0,1,0,16,33309.750
sorted,array,i64,65536,equal,desc,0,0,1,15,34183.467
sorted,array,i64,65536,equal,desc,0,1,1,15,34211.067
sorted,array,i64,65536,equal,desc,0,0,2,15,33864.000
sorted,array,i64,65536,equal,desc,0,1,2,15,34030.467
sorted,array,i64,65536,equal,desc,0,1,3,15,34163.867
sorted,array,i64,65536,equal,desc,0,0,3,15,34791.800
sorted,array,i64,65536,equal,desc,0,1,4,15,34066.600
sorted,array,i64,65536,equal,desc,0,0,4,15,35491.867
sorted,array,i64,65536,equal,desc,0,0,5,14,35720.214
sorted,array,i64,65536,equal,desc,0,1,5,15,34658.333
sorted,array,i64,65536,equal,desc,0,0,6,15,34200.067
sorted,array,i64,65536,equal,desc,0,1,6,15,34752.800
