stage,container,type,n,distribution,direction,bits,method,round,repeats,ns
sorted,vector,i32,128,full,asc,0,1,0,512,964.756
sorted,vector,i32,128,full,asc,0,0,0,498,1005.446
sorted,vector,i32,128,full,asc,0,1,1,498,1005.347
sorted,vector,i32,128,full,asc,0,0,1,498,1004.345
sorted,vector,i32,128,full,asc,0,1,2,501,998.575
sorted,vector,i32,128,full,asc,0,0,2,512,945.711
sorted,vector,i32,128,full,asc,0,1,3,512,832.844
sorted,vector,i32,128,full,asc,0,0,3,512,834.131
sorted,vector,i32,128,full,asc,0,0,4,512,779.648
sorted,vector,i32,128,full,asc,0,1,4,512,735.592
sorted,vector,i32,128,full,asc,0,0,5,512,849.098
sorted,vector,i32,128,full,asc,0,1,5,512,837.213
sorted,vector,i32,128,full,asc,0,0,6,512,831.965
sorted,vector,i32,128,full,asc,0,1,6,512,833.500
sorted,vector,i32,128,full,desc,0,0,0,512,977.129
sorted,vector,i32,128,full,desc,0,1,0,512,962.270
sorted,vector,i32,128,full,desc,0,1,1,512,864.166
sorted,vector,i32,128,full,desc,0,0,1,512,841.311
sorted,vector,i32,128,full,desc,0,1,2,512,833.746
sorted,vector,i32,128,full,desc,0,0,2,512,832.023
sorted,vector,i32,128,full,desc,0,0,3,512,837.410
sorted,vector,i32,128,full,desc,0,1,3,512,835.283
sorted,vector,i32,128,full,desc,0,1,4,512,833.010
sorted,vector,i32,128,full,desc,0,0,4,512,832.770
sorted,vector,i32,128,full,desc,0,0,5,512,843.428
sorted,vector,i32,128,full,desc,0,1,5,512,864.428
sorted,vector,i32,128,full,desc,0,0,6,512,834.225
sorted,vector,i32,128,full,desc,0,1,6,512,827.393
sorted,vector,i32,128,bits22,asc,0,0,0,512,673.014
sorted,vector,i32,128,bits22,asc,0,1,0,512,671.543
sorted,vector,i32,128,bits22,asc,0,0,1,512,686.932
sorted,vector,i32,128,bits22,asc,0,1,1,512,679.189
sorted,vector,i32,128,bits22,asc,0,0,2,512,682.113
sorted,vector,i32,128,bits22,asc,0,1,2,512,668.547
sorted,vector,i32,128,bits22,asc,0,0,3,512,661.695
sorted,vector,i32,128,bits22,asc,0,1,3,512,664.387
sorted,vector,i32,128,bits22,asc,0,1,4,512,677.494
sorted,vector,i32,128,bits22,asc,0,0,4,512,654.943
sorted,vector,i32,128,bits22,asc,0,0,5,512,664.461
sorted,vector,i32,128,bits22,asc,0,1,5,512,656.572
sorted,vector,i32,128,bits22,asc,0,1,6,512,651.676
sorted,vector,i32,128,bits22,asc,0,0,6,512,656.086
sorted,vector,i32,128,bits22,desc,0,0,0,512,726.240
sorted,vector,i32,128,bits22,desc,0,1,0,512,744.936
sorted,vector,i32,128,bits22,desc,0,0,1,512,738.938
sorted,vector,i32,128,bits22,desc,0,1,1,512,734.527
sorted,vector,i32,128,bits22,desc,0,0,2,512,735.844
sorted,vector,i32,128,bits22,desc,0,1,2,512,741.186
sorted,vector,i32,128,bits22,desc,0,1,3,512,739.330
sorted,vector,i32,128,bits22,desc,0,0,3,512,739.514
sorted,vector,i32,128,bits22,desc,0,1,4,512,740.799
sorted,vector,i32,128,bits22,desc,0,0,4,512,754.559
sorted,vector,i32,128,bits22,desc,0,1,5,512,754.900
sorted,vector,i32,128,bits22,desc,0,0,5,512,736.551
sorted,vector,i32,128,bits22,desc,0,1,6,512,747.645
sorted,vector,i32,128,bits22,desc,0,0,6,512,740.480
sorted,vector,i32,128,gaps,asc,0,1,0,512,559.494
sorted,vector,i32,128,gaps,asc,0,0,0,512,543.941
sorted,vector,i32,128,gaps,asc,0,0,1,512,546.568
sorted,vector,i32,128,gaps,asc,0,1,1,512,555.582
sorted,vector,i32,128,gaps,asc,0,1,2,512,539.639
sorted,vector,i32,128,gaps,asc,0,0,2,512,537.842
sorted,vector,i32,128,gaps,asc,0,0,3,512,542.562
sorted,vector,i32,128,gaps,asc,0,1,3,512,539.629
sorted,vector,i32,128,gaps,asc,0,1,4,512,537.682
sorted,vector,i32,128,gaps,asc,0,0,4,512,538.090
sorted,vector,i32,128,gaps,asc,0,0,5,512,539.465
sorted,vector,i32,128,gaps,asc,0,1,5,512,537.998
sorted,vector,i32,128,gaps,asc,0,0,6,512,536.805
sorted,vector,i32,128,gaps,asc,0,1,6,512,538.340
sorted,vector,i32,128,gaps,desc,0,1,0,512,758.949
sorted,vector,i32,128,gaps,desc,0,0,0,512,756.271
sorted,vector,i32,128,gaps,desc,0,0,1,512,725.061
sorted,vector,i32,128,gaps,desc,0,1,1,512,703.301
sorted,vector,i32,128,gaps,desc,0,0,2,512,702.064
sorted,vector,i32,128,gaps,desc,0,1,2,512,710.439
sorted,vector,i32,128,gaps,desc,0,1,3,512,707.607
sorted,vector,i32,128,gaps,desc,0,0,3,512,712.500
sorted,vector,i32,128,gaps,desc,0,1,4,512,711.180
sorted,vector,i32,128,gaps,desc,0,0,4,512,719.160
sorted,vector,i32,128,gaps,desc,0,0,5,512,702.633
sorted,vector,i32,128,gaps,desc,0,1,5,512,719.643
sorted,vector,i32,128,gaps,desc,0,0,6,512,709.480
sorted,vector,i32,128,gaps,desc,0,1,6,512,707.916
sorted,vector,i32,128,few,asc,0,0,0,512,421.361
sorted,vector,i32,128,few,asc,0,1,0,512,418.078
sorted,vector,i32,128,few,asc,0,1,1,512,422.605
sorted,vector,i32,128,few,asc,0,0,1,512,431.482
sorted,vector,i32,128,few,asc,0,1,2,512,436.113
sorted,vector,i32,128,few,asc,0,0,2,512,418.133
sorted,vector,i32,128,few,asc,0,1,3,512,422.537
sorted,vector,i32,128,few,asc,0,0,3,512,421.557
sorted,vector,i32,128,few,asc,0,1,4,512,463.035
sorted,vector,i32,128,few,asc,0,0,4,512,416.324
sorted,vector,i32,128,few,asc,0,0,5,512,415.648
sorted,vector,i32,128,few,asc,0,1,5,512,422.193
sorted,vector,i32,128,few,asc,0,0,6,512,401.012
sorted,vector,i32,128,few,asc,0,1,6,512,391.914
sorted,vector,i32,128,few,desc,0,1,0,512,558.422
sorted,vector,i32,128,few,desc,0,0,0,512,558.098
sorted,vector,i32,128,few,desc,0,1,1,512,566.094
sorted,vector,i32,128,few,desc,0,0,1,512,562.775
sorted,vector,i32,128,few,desc,0,1,2,512,575.260
sorted,vector,i32,128,few,desc,0,0,2,512,552.104
sorted,vector,i32,128,few,desc,0,1,3,512,549.615
sorted,vector,i32,128,few,desc,0,0,3,512,549.252
sorted,vector,i32,128,few,desc,0,0,4,512,551.291
sorted,vector,i32,128,few,desc,0,1,4,512,551.926
sorted,vector,i32,128,few,desc,0,0,5,512,550.375
sorted,vector,i32,128,few,desc,0,1,5,512,555.564
sorted,vector,i32,128,few,desc,0,0,6,512,553.438
sorted,vector,i32,128,few,desc,0,1,6,512,550.240
sorted,vector,i32,128,ordered,asc,0,1,0,512,54.785
sorted,vector,i32,128,ordered,asc,0,0,0,512,53.209
sorted,vector,i32,128,ordered,asc,0,1,1,512,54.131
sorted,vector,i32,128,ordered,asc,0,0,1,512,53.285
sorted,vector,i32,128,ordered,asc,0,1,2,512,53.662
sorted,vector,i32,128,ordered,asc,0,0,2,512,54.150
sorted,vector,i32,128,ordered,asc,0,0,3,512,53.281
sorted,vector,i32,128,ordered,asc,0,1,3,512,55.176
sorted,vector,i32,128,ordered,asc,0,1,4,512,50.242
sorted,vector,i32,128,ordered,asc,0,0,4,512,50.039
sorted,vector,i32,128,ordered,asc,0,0,5,512,50.459
sorted,vector,i32,128,ordered,asc,0,1,5,512,50.760
sorted,vector,i32,128,ordered,asc,0,0,6,512,50.541
sorted,vector,i32,128,ordered,asc,0,1,6,512,50.855
sorted,vector,i32,128,ordered,desc,0,1,0,512,58.090
sorted,vector,i32,128,ordered,desc,0,0,0,512,57.936
sorted,vector,i32,128,ordered,desc,0,1,1,512,57.201
sorted,vector,i32,128,ordered,desc,0,0,1,512,58.084
sorted,vector,i32,128,ordered,desc,0,1,2,512,57.949
sorted,vector,i32,128,ordered,desc,0,0,2,512,57.939
sorted,vector,i32,128,ordered,desc,0,0,3,512,58.367
sorted,vector,i32,128,ordered,desc,0,1,3,512,57.859
sorted,vector,i32,128,ordered,desc,0,0,4,512,58.346
sorted,vector,i32,128,ordered,desc,0,1,4,512,57.787
sorted,vector,i32,128,ordered,desc,0,0,5,512,58.084
sorted,vector,i32,128,ordered,desc,0,1,5,512,58.826
sorted,vector,i32,128,ordered,desc,0,0,6,512,57.945
sorted,vector,i32,128,ordered,desc,0,1,6,512,57.291
sorted,vector,i32,128,reverse,asc,0,1,0,512,57.973
sorted,vector,i32,128,reverse,asc,0,0,0,512,62.064
sorted,vector,i32,128,reverse,asc,0,0,1,512,51.924
sorted,vector,i32,128,reverse,asc,0,1,1,512,57.238
sorted,vector,i32,128,reverse,asc,0,1,2,512,56.941
sorted,vector,i32,128,reverse,asc,0,0,2,512,58.869
sorted,vector,i32,128,reverse,asc,0,1,3,512,57.059
sorted,vector,i32,128,reverse,asc,0,0,3,512,58.740
sorted,vector,i32,128,reverse,asc,0,1,4,512,59.145
sorted,vector,i32,128,reverse,asc,0,0,4,512,51.072
sorted,vector,i32,128,reverse,asc,0,0,5,512,55.422
sorted,vector,i32,128,reverse,asc,0,1,5,512,57.484
sorted,vector,i32,128,reverse,asc,0,0,6,512,56.832
sorted,vector,i32,128,reverse,asc,0,1,6,512,59.393
sorted,vector,i32,128,reverse,desc,0,0,0,512,52.990
sorted,vector,i32,128,reverse,desc,0,1,0,512,50.094
sorted,vector,i32,128,reverse,desc,0,0,1,512,52.596
sorted,vector,i32,128,reverse,desc,0,1,1,512,49.328
sorted,vector,i32,128,reverse,desc,0,1,2,512,51.664
sorted,vector,i32,128,reverse,desc,0,0,2,512,51.859
sorted,vector,i32,128,reverse,desc,0,0,3,512,49.650
sorted,vector,i32,128,reverse,desc,0,1,3,512,49.428
sorted,vector,i32,128,reverse,desc,0,1,4,512,48.436
sorted,vector,i32,128,reverse,desc,0,0,4,512,50.965
sorted,vector,i32,128,reverse,desc,0,0,5,512,50.916
sorted,vector,i32,128,reverse,desc,0,1,5,512,49.662
sorted,vector,i32,128,reverse,desc,0,1,6,512,49.225
sorted,vector,i32,128,reverse,desc,0,0,6,512,49.438
sorted,vector,i32,128,nearly,asc,0,1,0,512,235.699
sorted,vector,i32,128,nearly,asc,0,0,0,512,224.779
sorted,vector,i32,128,nearly,asc,0,0,1,512,229.484
sorted,vector,i32,128,nearly,asc,0,1,1,512,231.533
sorted,vector,i32,128,nearly,asc,0,0,2,512,231.279
sorted,vector,i32,128,nearly,asc,0,1,2,512,225.498
sorted,vector,i32,128,nearly,asc,0,1,3,512,225.656
sorted,vector,i32,128,nearly,asc,0,0,3,512,224.279
sorted,vector,i32,128,nearly,asc,0,1,4,512,225.490
sorted,vector,i32,128,nearly,asc,0,0,4,512,223.389
sorted,vector,i32,128,nearly,asc,0,1,5,512,230.143
sorted,vector,i32,128,nearly,asc,0,0,5,512,225.027
sorted,vector,i32,128,nearly,asc,0,1,6,512,225.082
sorted,vector,i32,128,nearly,asc,0,0,6,512,224.529
sorted,vector,i32,128,nearly,desc,0,1,0,512,294.086
sorted,vector,i32,128,nearly,desc,0,0,0,512,285.381
sorted,vector,i32,128,nearly,desc,0,0,1,512,284.756
sorted,vector,i32,128,nearly,desc,0,1,1,512,280.510
sorted,vector,i32,128,nearly,desc,0,0,2,512,279.062
sorted,vector,i32,128,nearly,desc,0,1,2,512,280.041
sorted,vector,i32,128,nearly,desc,0,1,3,512,278.807
sorted,vector,i32,128,nearly,desc,0,0,3,512,277.838
sorted,vector,i32,128,nearly,desc,0,0,4,512,282.803
sorted,vector,i32,128,nearly,desc,0,1,4,512,277.670
sorted,vector,i32,128,nearly,desc,0,0,5,512,278.311
sorted,vector,i32,128,nearly,desc,0,1,5,512,278.072
sorted,vector,i32,128,nearly,desc,0,1,6,512,280.096
sorted,vector,i32,128,nearly,desc,0,0,6,512,278.156
sorted,vector,i32,128,equal,asc,0,0,0,512,47.277
sorted,vector,i32,128,equal,asc,0,1,0,512,47.938
sorted,vector,i32,128,equal,asc,0,0,1,512,49.553
sorted,vector,i32,128,equal,asc,0,1,1,512,47.855
sorted,vector,i32,128,equal,asc,0,0,2,512,47.355
sorted,vector,i32,128,equal,asc,0,1,2,512,48.270
sorted,vector,i32,128,equal,asc,0,1,3,512,47.699
sorted,vector,i32,128,equal,asc,0,0,3,512,47.928
sorted,vector,i32,128,equal,asc,0,0,4,512,46.475
sorted,vector,i32,128,equal,asc,0,1,4,512,47.684
sorted,vector,i32,128,equal,asc,0,1,5,512,47.611
sorted,vector,i32,128,equal,asc,0,0,5,512,46.871
sorted,vector,i32,128,equal,asc,0,1,6,512,47.375
sorted,vector,i32,128,equal,asc,0,0,6,512,46.467
sorted,vector,i32,128,equal,desc,0,0,0,512,48.094
sorted,vector,i32,128,equal,desc,0,1,0,512,47.512
sorted,vector,i32,128,equal,desc,0,0,1,512,48.498
sorted,vector,i32,128,equal,desc,0,1,1,512,47.766
sorted,vector,i32,128,equal,desc,0,0,2,512,47.836
sorted,vector,i32,128,equal,desc,0,1,2,512,47.275
sorted,vector,i32,128,equal,desc,0,0,3,512,48.502
sorted,vector,i32,128,equal,desc,0,1,3,512,49.957
sorted,vector,i32,128,equal,desc,0,1,4,512,47.770
sorted,vector,i32,128,equal,desc,0,0,4,512,48.588
sorted,vector,i32,128,equal,desc,0,1,5,512,47.695
sorted,vector,i32,128,equal,desc,0,0,5,512,48.926
sorted,vector,i32,128,equal,desc,0,1,6,512,48.096
sorted,vector,i32,128,equal,desc,0,0,6,512,49.732
sorted,vector,i32,512,full,asc,0,0,0,186,2696.215
sorted,vector,i32,512,full,asc,0,1,0,178,2817.652
sorted,vector,i32,512,full,asc,0,1,1,197,2543.792
sorted,vector,i32,512,full,asc,0,0,1,198,2529.864
sorted,vector,i32,512,full,asc,0,0,2,198,2536.818
sorted,vector,i32,512,full,asc,0,1,2,199,2520.513
sorted,vector,i32,512,full,asc,0,0,3,197,2542.995
sorted,vector,i32,512,full,asc,0,1,3,199,2516.121
sorted,vector,i32,512,full,asc,0,1,4,188,2668.218
sorted,vector,i32,512,full,asc,0,0,4,195,2576.697
sorted,vector,i32,512,full,asc,0,0,5,183,2735.656
sorted,vector,i32,512,full,asc,0,1,5,183,2744.301
sorted,vector,i32,512,full,asc,0,1,6,183,2746.585
sorted,vector,i32,512,full,asc,0,0,6,173,2895.231
sorted,vector,i32,512,full,desc,0,1,0,28,57044.571
sorted,vector,i32,512,full,desc,0,0,0,168,2978.696
sorted,vector,i32,512,full,desc,0,1,1,172,2913.709
sorted,vector,i32,512,full,desc,0,0,1,174,2879.816
sorted,vector,i32,512,full,desc,0,1,2,168,2990.792
sorted,vector,i32,512,full,desc,0,0,2,173,2893.075
sorted,vector,i32,512,full,desc,0,0,3,174,2880.218
sorted,vector,i32,512,full,desc,0,1,3,142,3540.155
sorted,vector,i32,512,full,desc,0,0,4,178,2821.202
sorted,vector,i32,512,full,desc,0,1,4,178,2821.860
sorted,vector,i32,512,full,desc,0,0,5,177,2838.277
sorted,vector,i32,512,full,desc,0,1,5,175,2860.480
sorted,vector,i32,512,full,desc,0,0,6,178,2819.545
sorted,vector,i32,512,full,desc,0,1,6,178,2812.989
sorted,vector,i32,512,bits22,asc,0,1,0,175,2857.177
sorted,vector,i32,512,bits22,asc,0,0,0,176,2851.318
sorted,vector,i32,512,bits22,asc,0,1,1,176,2842.057
sorted,vector,i32,512,bits22,asc,0,0,1,172,2907.919
sorted,vector,i32,512,bits22,asc,0,1,2,175,2870.989
sorted,vector,i32,512,bits22,asc,0,0,2,176,2846.602
sorted,vector,i32,512,bits22,asc,0,0,3,177,2836.412
sorted,vector,i32,512,bits22,asc,0,1,3,176,2856.983
sorted,vector,i32,512,bits22,asc,0,1,4,175,2857.903
sorted,vector,i32,512,bits22,asc,0,0,4,176,2847.994
sorted,vector,i32,512,bits22,asc,0,1,5,175,2859.303
sorted,vector,i32,512,bits22,asc,0,0,5,177,2835.243
sorted,vector,i32,512,bits22,asc,0,1,6,176,2848.494
sorted,vector,i32,512,bits22,asc,0,0,6,164,3050.317
sorted,vector,i32,512,bits22,desc,0,0,0,184,2722.353
sorted,vector,i32,512,bits22,desc,0,1,0,184,2722.076
sorted,vector,i32,512,bits22,desc,0,1,1,185,2711.962
sorted,vector,i32,512,bits22,desc,0,0,1,184,2722.598
sorted,vector,i32,512,bits22,desc,0,0,2,184,2724.413
sorted,vector,i32,512,bits22,desc,0,1,2,181,2769.807
sorted,vector,i32,512,bits22,desc,0,0,3,181,2774.635
sorted,vector,i32,512,bits22,desc,0,1,3,182,2753.423
sorted,vector,i32,512,bits22,desc,0,1,4,181,2774.867
sorted,vector,i32,512,bits22,desc,0,0,4,183,2734.055
sorted,vector,i32,512,bits22,desc,0,1,5,181,2767.061
sorted,vector,i32,512,bits22,desc,0,0,5,179,2800.782
sorted,vector,i32,512,bits22,desc,0,0,6,181,2773.232
sorted,vector,i32,512,bits22,desc,0,1,6,189,2651.222
sorted,vector,i32,512,gaps,asc,0,1,0,232,2164.526
sorted,vector,i32,512,gaps,asc,0,0,0,175,2867.589
sorted,vector,i32,512,gaps,asc,0,1,1,213,2350.737
sorted,vector,i32,512,gaps,asc,0,0,1,207,2426.739
sorted,vector,i32,512,gaps,asc,0,0,2,208,2410.337
sorted,vector,i32,512,gaps,asc,0,1,2,211,2371.218
sorted,vector,i32,512,gaps,asc,0,0,3,191,2628.298
sorted,vector,i32,512,gaps,asc,0,1,3,191,2620.424
sorted,vector,i32,512,gaps,asc,0,1,4,199,2518.834
sorted,vector,i32,512,gaps,asc,0,0,4,205,2441.483
sorted,vector,i32,512,gaps,asc,0,0,5,205,2444.107
sorted,vector,i32,512,gaps,asc,0,1,5,199,2514.854
sorted,vector,i32,512,gaps,asc,0,0,6,205,2444.727
sorted,vector,i32,512,gaps,asc,0,1,6,188,2662.239
sorted,vector,i32,512,gaps,desc,0,1,0,210,2387.510
sorted,vector,i32,512,gaps,desc,0,0,0,208,2409.856
sorted,vector,i32,512,gaps,desc,0,0,1,208,2406.798
sorted,vector,i32,512,gaps,desc,0,1,1,214,2341.519
sorted,vector,i32,512,gaps,desc,0,1,2,202,2479.183
sorted,vector,i32,512,gaps,desc,0,0,2,213,2353.286
sorted,vector,i32,512,gaps,desc,0,0,3,214,2343.439
sorted,vector,i32,512,gaps,desc,0,1,3,208,2412.865
sorted,vector,i32,512,gaps,desc,0,1,4,205,2453.844
sorted,vector,i32,512,gaps,desc,0,0,4,196,2559.719
sorted,vector,i32,512,gaps,desc,0,0,5,207,2425.097
sorted,vector,i32,512,gaps,desc,0,1,5,214,2345.023
sorted,vector,i32,512,gaps,desc,0,0,6,196,2555.464
sorted,vector,i32,512,gaps,desc,0,1,6,220,2282.745
sorted,vector,i32,512,few,asc,0,1,0,512,765.656
sorted,vector,i32,512,few,asc,0,0,0,512,788.332
sorted,vector,i32,512,few,asc,0,0,1,512,753.594
sorted,vector,i32,512,few,asc,0,1,1,512,764.033
sorted,vector,i32,512,few,asc,0,1,2,512,806.887
sorted,vector,i32,512,few,asc,0,0,2,512,754.494
sorted,vector,i32,512,few,asc,0,0,3,512,788.740
sorted,vector,i32,512,few,asc,0,1,3,512,828.197
sorted,vector,i32,512,few,asc,0,0,4,512,755.848
sorted,vector,i32,512,few,asc,0,1,4,512,778.828
sorted,vector,i32,512,few,asc,0,1,5,512,794.854
sorted,vector,i32,512,few,asc,0,0,5,512,805.580
sorted,vector,i32,512,few,asc,0,0,6,512,781.434
sorted,vector,i32,512,few,asc,0,1,6,512,786.219
sorted,vector,i32,512,few,desc,0,0,0,512,771.084
sorted,vector,i32,512,few,desc,0,1,0,512,853.615
sorted,vector,i32,512,few,desc,0,0,1,512,849.033
sorted,vector,i32,512,few,desc,0,1,1,512,803.717
sorted,vector,i32,512,few,desc,0,0,2,512,795.100
sorted,vector,i32,512,few,desc,0,1,2,512,817.650
sorted,vector,i32,512,few,desc,0,0,3,512,772.379
sorted,vector,i32,512,few,desc,0,1,3,512,839.275
sorted,vector,i32,512,few,desc,0,0,4,512,781.209
sorted,vector,i32,512,few,desc,0,1,4,512,816.582
sorted,vector,i32,512,few,desc,0,0,5,512,802.592
sorted,vector,i32,512,few,desc,0,1,5,512,847.777
sorted,vector,i32,512,few,desc,0,0,6,512,776.625
sorted,vector,i32,512,few,desc,0,1,6,512,846.602
sorted,vector,i32,512,ordered,asc,0,1,0,512,136.967
sorted,vector,i32,512,ordered,asc,0,0,0,512,137.373
sorted,vector,i32,512,ordered,asc,0,0,1,512,137.787
sorted,vector,i32,512,ordered,asc,0,1,1,512,134.117
sorted,vector,i32,512,ordered,asc,0,0,2,512,135.092
sorted,vector,i32,512,ordered,asc,0,1,2,512,176.857
sorted,vector,i32,512,ordered,asc,0,1,3,512,168.531
sorted,vector,i32,512,ordered,asc,0,0,3,512,135.184
sorted,vector,i32,512,ordered,asc,0,0,4,512,134.848
sorted,vector,i32,512,ordered,asc,0,1,4,512,136.904
sorted,vector,i32,512,ordered,asc,0,0,5,512,134.850
sorted,vector,i32,512,ordered,asc,0,1,5,512,135.494
sorted,vector,i32,512,ordered,asc,0,0,6,512,134.943
sorted,vector,i32,512,ordered,asc,0,1,6,512,135.422
sorted,vector,i32,512,ordered,desc,0,1,0,512,154.562
sorted,vector,i32,512,ordered,desc,0,0,0,512,152.832
sorted,vector,i32,512,ordered,desc,0,0,1,512,152.109
sorted,vector,i32,512,ordered,desc,0,1,1,512,152.910
sorted,vector,i32,512,ordered,desc,0,0,2,512,153.314
sorted,vector,i32,512,ordered,desc,0,1,2,512,152.752
sorted,vector,i32,512,ordered,desc,0,0,3,512,152.338
sorted,vector,i32,512,ordered,desc,0,1,3,512,152.426
sorted,vector,i32,512,ordered,desc,0,1,4,512,152.342
sorted,vector,i32,512,ordered,desc,0,0,4,512,154.223
sorted,vector,i32,512,ordered,desc,0,1,5,512,153.801
sorted,vector,i32,512,ordered,desc,0,0,5,512,153.484
sorted,vector,i32,512,ordered,desc,0,1,6,512,153.064
sorted,vector,i32,512,ordered,desc,0,0,6,512,154.707
sorted,vector,i32,512,reverse,asc,0,0,0,512,152.916
sorted,vector,i32,512,reverse,asc,0,1,0,512,154.039
sorted,vector,i32,512,reverse,asc,0,1,1,512,151.771
sorted,vector,i32,512,reverse,asc,0,0,1,512,150.135
sorted,vector,i32,512,reverse,asc,0,0,2,512,150.402
sorted,vector,i32,512,reverse,asc,0,1,2,512,149.498
sorted,vector,i32,512,reverse,asc,0,1,3,512,150.234
sorted,vector,i32,512,reverse,asc,0,0,3,512,149.338
sorted,vector,i32,512,reverse,asc,0,0,4,512,150.055
sorted,vector,i32,512,reverse,asc,0,1,4,512,150.076
sorted,vector,i32,512,reverse,asc,0,0,5,512,149.178
sorted,vector,i32,512,reverse,asc,0,1,5,512,150.166
sorted,vector,i32,512,reverse,asc,0,0,6,512,200.443
sorted,vector,i32,512,reverse,asc,0,1,6,512,162.768
sorted,vector,i32,512,reverse,desc,0,0,0,512,131.582
sorted,vector,i32,512,reverse,desc,0,1,0,512,132.479
sorted,vector,i32,512,reverse,desc,0,0,1,512,157.154
sorted,vector,i32,512,reverse,desc,0,1,1,512,131.420
sorted,vector,i32,512,reverse,desc,0,0,2,512,132.568
sorted,vector,i32,512,reverse,desc,0,1,2,512,132.631
sorted,vector,i32,512,reverse,desc,0,0,3,512,132.662
sorted,vector,i32,512,reverse,desc,0,1,3,512,132.318
sorted,vector,i32,512,reverse,desc,0,1,4,512,132.965
sorted,vector,i32,512,reverse,desc,0,0,4,512,132.854
sorted,vector,i32,512,reverse,desc,0,1,5,512,134.027
sorted,vector,i32,512,reverse,desc,0,0,5,512,132.164
sorted,vector,i32,512,reverse,desc,0,1,6,512,132.982
sorted,vector,i32,512,reverse,desc,0,0,6,512,132.631
sorted,vector,i32,512,nearly,asc,0,1,0,456,1097.879
sorted,vector,i32,512,nearly,asc,0,0,0,452,1107.049
sorted,vector,i32,512,nearly,asc,0,1,1,454,1103.326
sorted,vector,i32,512,nearly,asc,0,0,1,430,1163.088
sorted,vector,i32,512,nearly,asc,0,0,2,394,1271.081
sorted,vector,i32,512,nearly,asc,0,1,2,452,1107.144
sorted,vector,i32,512,nearly,asc,0,1,3,435,1150.025
sorted,vector,i32,512,nearly,asc,0,0,3,448,1117.562
sorted,vector,i32,512,nearly,asc,0,0,4,435,1151.632
sorted,vector,i32,512,nearly,asc,0,1,4,451,1110.592
sorted,vector,i32,512,nearly,asc,0,1,5,448,1118.402
sorted,vector,i32,512,nearly,asc,0,0,5,440,1137.673
sorted,vector,i32,512,nearly,asc,0,1,6,453,1104.130
sorted,vector,i32,512,nearly,asc,0,0,6,439,1141.333
sorted,vector,i32,512,nearly,desc,0,0,0,302,1660.626
sorted,vector,i32,512,nearly,desc,0,1,0,310,1614.371
sorted,vector,i32,512,nearly,desc,0,0,1,292,1713.483
sorted,vector,i32,512,nearly,desc,0,1,1,291,1723.096
sorted,vector,i32,512,nearly,desc,0,1,2,291,1722.636
sorted,vector,i32,512,nearly,desc,0,0,2,319,1572.213
sorted,vector,i32,512,nearly,desc,0,0,3,319,1570.288
sorted,vector,i32,512,nearly,desc,0,1,3,298,1682.305
sorted,vector,i32,512,nearly,desc,0,1,4,312,1606.696
sorted,vector,i32,512,nearly,desc,0,0,4,306,1635.732
sorted,vector,i32,512,nearly,desc,0,0,5,321,1558.707
sorted,vector,i32,512,nearly,desc,0,1,5,303,1654.983
sorted,vector,i32,512,nearly,desc,0,0,6,321,1559.209
sorted,vector,i32,512,nearly,desc,0,1,6,306,1636.010
sorted,vector,i32,512,equal,asc,0,0,0,512,131.752
sorted,vector,i32,512,equal,asc,0,1,0,512,139.398
sorted,vector,i32,512,equal,asc,0,1,1,512,135.982
sorted,vector,i32,512,equal,asc,0,0,1,512,134.688
sorted,vector,i32,512,equal,asc,0,0,2,512,132.652
sorted,vector,i32,512,equal,asc,0,1,2,512,134.182
sorted,vector,i32,512,equal,asc,0,1,3,512,133.064
sorted,vector,i32,512,equal,asc,0,0,3,512,132.412
sorted,vector,i32,512,equal,asc,0,0,4,512,132.338
sorted,vector,i32,512,equal,asc,0,1,4,512,135.180
sorted,vector,i32,512,equal,asc,0,1,5,512,186.951
sorted,vector,i32,512,equal,asc,0,0,5,512,142.906
sorted,vector,i32,512,equal,asc,0,1,6,512,143.311
sorted,vector,i32,512,equal,asc,0,0,6,512,152.188
sorted,vector,i32,512,equal,desc,0,1,0,512,133.812
sorted,vector,i32,512,equal,desc,0,0,0,512,134.258
sorted,vector,i32,512,equal,desc,0,0,1,512,135.742
sorted,vector,i32,512,equal,desc,0,1,1,512,133.549
sorted,vector,i32,512,equal,desc,0,1,2,512,138.904
sorted,vector,i32,512,equal,desc,0,0,2,512,155.285
sorted,vector,i32,512,equal,desc,0,0,3,512,133.225
sorted,vector,i32,512,equal,desc,0,1,3,512,134.195
sorted,vector,i32,512,equal,desc,0,1,4,512,132.633
sorted,vector,i32,512,equal,desc,0,0,4,512,132.240
sorted,vector,i32,512,equal,desc,0,1,5,512,132.166
sorted,vector,i32,512,equal,desc,0,0,5,512,132.414
sorted,vector,i32,512,equal,desc,0,0,6,512,132.412
sorted,vector,i32,512,equal,desc,0,1,6,512,132.574
sorted,vector,i32,4096,full,asc,0,0,0,47,10739.404
sorted,vector,i32,4096,full,asc,0,1,0,46,11034.435
sorted,vector,i32,4096,full,asc,0,0,1,48,10451.458
sorted,vector,i32,4096,full,asc,0,1,1,45,11220.467
sorted,vector,i32,4096,full,asc,0,0,2,47,10785.468
sorted,vector,i32,4096,full,asc,0,1,2,44,11423.295
sorted,vector,i32,4096,full,asc,0,1,3,45,11258.244
sorted,vector,i32,4096,full,asc,0,0,3,46,11207.326
sorted,vector,i32,4096,full,asc,0,1,4,42,12129.071
sorted,vector,i32,4096,full,asc,0,0,4,49,10379.327
sorted,vector,i32,4096,full,asc,0,0,5,46,10907.739
sorted,vector,i32,4096,full,asc,0,1,5,44,11543.795
sorted,vector,i32,4096,full,asc,0,1,6,44,11462.205
sorted,vector,i32,4096,full,asc,0,0,6,48,10522.583
sorted,vector,i32,4096,full,desc,0,0,0,47,10720.723
sorted,vector,i32,4096,full,desc,0,1,0,46,11005.391
sorted,vector,i32,4096,full,desc,0,1,1,48,10631.917
sorted,vector,i32,4096,full,desc,0,0,1,46,11049.804
sorted,vector,i32,4096,full,desc,0,0,2,46,11022.609
sorted,vector,i32,4096,full,desc,0,1,2,47,10754.298
sorted,vector,i32,4096,full,desc,0,0,3,45,11211.911
sorted,vector,i32,4096,full,desc,0,1,3,47,10684.383
sorted,vector,i32,4096,full,desc,0,0,4,47,10783.638
sorted,vector,i32,4096,full,desc,0,1,4,46,11002.739
sorted,vector,i32,4096,full,desc,0,0,5,46,11135.870
sorted,vector,i32,4096,full,desc,0,1,5,44,11419.477
sorted,vector,i32,4096,full,desc,0,1,6,47,10738.532
sorted,vector,i32,4096,full,desc,0,0,6,43,11693.791
sorted,vector,i32,4096,bits22,asc,0,0,0,62,8114.242
sorted,vector,i32,4096,bits22,asc,0,1,0,58,8633.586
sorted,vector,i32,4096,bits22,asc,0,0,1,63,8070.000
sorted,vector,i32,4096,bits22,asc,0,1,1,60,8479.167
sorted,vector,i32,4096,bits22,asc,0,1,2,58,8757.207
sorted,vector,i32,4096,bits22,asc,0,0,2,65,7725.585
sorted,vector,i32,4096,bits22,asc,0,0,3,62,8182.145
sorted,vector,i32,4096,bits22,asc,0,1,3,61,8316.836
sorted,vector,i32,4096,bits22,asc,0,1,4,57,8856.737
sorted,vector,i32,4096,bits22,asc,0,0,4,58,8742.862
sorted,vector,i32,4096,bits22,asc,0,0,5,62,8155.935
sorted,vector,i32,4096,bits22,asc,0,1,5,59,8488.051
sorted,vector,i32,4096,bits22,asc,0,1,6,62,8153.823
sorted,vector,i32,4096,bits22,asc,0,0,6,64,7888.656
sorted,vector,i32,4096,bits22,desc,0,0,0,66,7638.803
sorted,vector,i32,4096,bits22,desc,0,1,0,66,7691.848
sorted,vector,i32,4096,bits22,desc,0,1,1,66,7602.242
sorted,vector,i32,4096,bits22,desc,0,0,1,63,7959.000
sorted,vector,i32,4096,bits22,desc,0,0,2,64,7884.797
sorted,vector,i32,4096,bits22,desc,0,1,2,63,8035.635
sorted,vector,i32,4096,bits22,desc,0,1,3,64,7867.281
sorted,vector,i32,4096,bits22,desc,0,0,3,63,7975.540
sorted,vector,i32,4096,bits22,desc,0,0,4,64,7878.281
sorted,vector,i32,4096,bits22,desc,0,1,4,52,9716.385
sorted,vector,i32,4096,bits22,desc,0,1,5,60,8368.083
sorted,vector,i32,4096,bits22,desc,0,0,5,63,8026.492
sorted,vector,i32,4096,bits22,desc,0,1,6,67,7495.104
sorted,vector,i32,4096,bits22,desc,0,0,6,62,8119.661
sorted,vector,i32,4096,gaps,asc,0,0,0,29,17735.379
sorted,vector,i32,4096,gaps,asc,0,1,0,30,16965.200
sorted,vector,i32,4096,gaps,asc,0,1,1,29,17583.379
sorted,vector,i32,4096,gaps,asc,0,0,1,30,16666.800
sorted,vector,i32,4096,gaps,asc,0,0,2,30,17072.367
sorted,vector,i32,4096,gaps,asc,0,1,2,30,17163.833
sorted,vector,i32,4096,gaps,asc,0,1,3,27,18959.778
sorted,vector,i32,4096,gaps,asc,0,0,3,27,19086.481
sorted,vector,i32,4096,gaps,asc,0,1,4,28,17961.357
sorted,vector,i32,4096,gaps,asc,0,0,4,28,18319.964
sorted,vector,i32,4096,gaps,asc,0,1,5,29,17426.690
sorted,vector,i32,4096,gaps,asc,0,0,5,29,17252.862
sorted,vector,i32,4096,gaps,asc,0,1,6,29,17739.897
sorted,vector,i32,4096,gaps,asc,0,0,6,29,17304.655
sorted,vector,i32,4096,gaps,desc,0,0,0,26,19419.846
sorted,vector,i32,4096,gaps,desc,0,1,0,29,17465.379
sorted,vector,i32,4096,gaps,desc,0,0,1,30,16986.100
sorted,vector,i32,4096,gaps,desc,0,1,1,28,17956.893
sorted,vector,i32,4096,gaps,desc,0,0,2,30,16691.500
sorted,vector,i32,4096,gaps,desc,0,1,2,29,17566.069
sorted,vector,i32,4096,gaps,desc,0,0,3,29,17486.897
sorted,vector,i32,4096,gaps,desc,0,1,3,30,16826.333
sorted,vector,i32,4096,gaps,desc,0,1,4,29,17530.345
sorted,vector,i32,4096,gaps,desc,0,0,4,30,16947.267
sorted,vector,i32,4096,gaps,desc,0,1,5,29,17418.034
sorted,vector,i32,4096,gaps,desc,0,0,5,30,16775.033
sorted,vector,i32,4096,gaps,desc,0,0,6,30,16972.167
sorted,vector,i32,4096,gaps,desc,0,1,6,29,17254.207
sorted,vector,i32,4096,few,asc,0,0,0,104,4850.212
sorted,vector,i32,4096,few,asc,0,1,0,95,5288.653
sorted,vector,i32,4096,few,asc,0,1,1,97,5161.928
sorted,vector,i32,4096,few,asc,0,0,1,101,4980.673
sorted,vector,i32,4096,few,asc,0,1,2,96,5240.042
sorted,vector,i32,4096,few,asc,0,0,2,96,5268.635
sorted,vector,i32,4096,few,asc,0,0,3,89,5668.135
sorted,vector,i32,4096,few,asc,0,1,3,97,5189.948
sorted,vector,i32,4096,few,asc,0,1,4,99,5054.222
sorted,vector,i32,4096,few,asc,0,0,4,102,4913.324
sorted,vector,i32,4096,few,asc,0,1,5,102,4937.098
sorted,vector,i32,4096,few,asc,0,0,5,99,5057.667
sorted,vector,i32,4096,few,asc,0,1,6,102,4910.922
sorted,vector,i32,4096,few,asc,0,0,6,100,5033.280
sorted,vector,i32,4096,few,desc,0,0,0,101,5001.644
sorted,vector,i32,4096,few,desc,0,1,0,95,5327.653
sorted,vector,i32,4096,few,desc,0,0,1,98,5125.867
sorted,vector,i32,4096,few,desc,0,1,1,96,5224.854
sorted,vector,i32,4096,few,desc,0,0,2,90,5616.222
sorted,vector,i32,4096,few,desc,0,1,2,96,5259.177
sorted,vector,i32,4096,few,desc,0,1,3,93,5409.925
sorted,vector,i32,4096,few,desc,0,0,3,92,5448.348
sorted,vector,i32,4096,few,desc,0,0,4,101,5004.485
sorted,vector,i32,4096,few,desc,0,1,4,94,5340.404
sorted,vector,i32,4096,few,desc,0,0,5,102,4902.775
sorted,vector,i32,4096,few,desc,0,1,5,94,5342.606
sorted,vector,i32,4096,few,desc,0,1,6,97,5202.722
sorted,vector,i32,4096,few,desc,0,0,6,98,5102.051
sorted,vector,i32,4096,ordered,asc,0,0,0,512,928.969
sorted,vector,i32,4096,ordered,asc,0,1,0,512,961.180
sorted,vector,i32,4096,ordered,asc,0,0,1,512,960.045
sorted,vector,i32,4096,ordered,asc,0,1,1,503,995.831
sorted,vector,i32,4096,ordered,asc,0,0,2,498,1005.185
sorted,vector,i32,4096,ordered,asc,0,1,2,512,926.434
sorted,vector,i32,4096,ordered,asc,0,1,3,512,955.752
sorted,vector,i32,4096,ordered,asc,0,0,3,512,926.264
sorted,vector,i32,4096,ordered,asc,0,0,4,512,959.668
sorted,vector,i32,4096,ordered,asc,0,1,4,512,928.557
sorted,vector,i32,4096,ordered,asc,0,1,5,512,956.604
sorted,vector,i32,4096,ordered,asc,0,0,5,512,957.844
sorted,vector,i32,4096,ordered,asc,0,1,6,512,929.119
sorted,vector,i32,4096,ordered,asc,0,0,6,512,952.377
sorted,vector,i32,4096,ordered,desc,0,0,0,401,1247.140
sorted,vector,i32,4096,ordered,desc,0,1,0,463,1080.024
sorted,vector,i32,4096,ordered,desc,0,0,1,474,1056.340
sorted,vector,i32,4096,ordered,desc,0,1,1,462,1083.102
sorted,vector,i32,4096,ordered,desc,0,1,2,465,1077.589
sorted,vector,i32,4096,ordered,desc,0,0,2,474,1056.097
sorted,vector,i32,4096,ordered,desc,0,1,3,463,1080.456
sorted,vector,i32,4096,ordered,desc,0,0,3,471,1062.163
sorted,vector,i32,4096,ordered,desc,0,0,4,453,1104.960
sorted,vector,i32,4096,ordered,desc,0,1,4,473,1059.372
sorted,vector,i32,4096,ordered,desc,0,1,5,445,1124.998
sorted,vector,i32,4096,ordered,desc,0,0,5,453,1104.499
sorted,vector,i32,4096,ordered,desc,0,1,6,439,1139.481
sorted,vector,i32,4096,ordered,desc,0,0,6,450,1114.064
sorted,vector,i32,4096,reverse,asc,0,1,0,467,1071.377
sorted,vector,i32,4096,reverse,asc,0,0,0,450,1112.149
sorted,vector,i32,4096,reverse,asc,0,1,1,453,1105.038
sorted,vector,i32,4096,reverse,asc,0,0,1,458,1091.801
sorted,vector,i32,4096,reverse,asc,0,0,2,469,1068.665
sorted,vector,i32,4096,reverse,asc,0,1,2,448,1116.435
sorted,vector,i32,4096,reverse,asc,0,0,3,445,1125.290
sorted,vector,i32,4096,reverse,asc,0,1,3,418,1196.318
sorted,vector,i32,4096,reverse,asc,0,1,4,460,1089.211
sorted,vector,i32,4096,reverse,asc,0,0,4,472,1059.949
sorted,vector,i32,4096,reverse,asc,0,1,5,466,1074.114
sorted,vector,i32,4096,reverse,asc,0,0,5,473,1058.137
sorted,vector,i32,4096,reverse,asc,0,1,6,465,1075.447
sorted,vector,i32,4096,reverse,asc,0,0,6,475,1052.638
sorted,vector,i32,4096,reverse,desc,0,0,0,512,928.551
sorted,vector,i32,4096,reverse,desc,0,1,0,512,974.695
sorted,vector,i32,4096,reverse,desc,0,0,1,512,925.619
sorted,vector,i32,4096,reverse,desc,0,1,1,507,988.073
sorted,vector,i32,4096,reverse,desc,0,0,2,512,955.230
sorted,vector,i32,4096,reverse,desc,0,1,2,512,954.021
sorted,vector,i32,4096,reverse,desc,0,1,3,512,937.086
sorted,vector,i32,4096,reverse,desc,0,0,3,512,959.961
sorted,vector,i32,4096,reverse,desc,0,0,4,512,947.104
sorted,vector,i32,4096,reverse,desc,0,1,4,512,932.055
sorted,vector,i32,4096,reverse,desc,0,1,5,512,951.896
sorted,vector,i32,4096,reverse,desc,0,0,5,512,926.346
sorted,vector,i32,4096,reverse,desc,0,0,6,512,952.223
sorted,vector,i32,4096,reverse,desc,0,1,6,512,932.877
sorted,vector,i32,4096,nearly,asc,0,1,0,46,10988.283
sorted,vector,i32,4096,nearly,asc,0,0,0,51,9967.980
sorted,vector,i32,4096,nearly,asc,0,0,1,51,9958.373
sorted,vector,i32,4096,nearly,asc,0,1,1,46,10915.826
sorted,vector,i32,4096,nearly,asc,0,1,2,48,10537.312
sorted,vector,i32,4096,nearly,asc,0,0,2,49,10339.286
sorted,vector,i32,4096,nearly,asc,0,0,3,48,10571.917
sorted,vector,i32,4096,nearly,asc,0,1,3,45,11259.244
sorted,vector,i32,4096,nearly,asc,0,1,4,47,10835.936
sorted,vector,i32,4096,nearly,asc,0,0,4,49,10399.694
sorted,vector,i32,4096,nearly,asc,0,1,5,45,11352.756
sorted,vector,i32,4096,nearly,asc,0,0,5,47,10656.894
sorted,vector,i32,4096,nearly,asc,0,1,6,43,11645.419
sorted,vector,i32,4096,nearly,asc,0,0,6,48,10417.562
sorted,vector,i32,4096,nearly,desc,0,1,0,51,9903.588
sorted,vector,i32,4096,nearly,desc,0,0,0,46,10924.870
sorted,vector,i32,4096,nearly,desc,0,0,1,46,10891.217
sorted,vector,i32,4096,nearly,desc,0,1,1,42,12155.738
sorted,vector,i32,4096,nearly,desc,0,0,2,47,10680.830
sorted,vector,i32,4096,nearly,desc,0,1,2,52,9720.423
sorted,vector,i32,4096,nearly,desc,0,0,3,49,10348.694
sorted,vector,i32,4096,nearly,desc,0,1,3,52,9709.231
sorted,vector,i32,4096,nearly,desc,0,1,4,50,10096.600
sorted,vector,i32,4096,nearly,desc,0,0,4,51,9992.627
sorted,vector,i32,4096,nearly,desc,0,1,5,48,10460.188
sorted,vector,i32,4096,nearly,desc,0,0,5,49,10364.673
sorted,vector,i32,4096,nearly,desc,0,1,6,51,9973.020
sorted,vector,i32,4096,nearly,desc,0,0,6,49,10335.020
sorted,vector,i32,4096,equal,asc,0,1,0,505,990.438
sorted,vector,i32,4096,equal,asc,0,0,0,500,1000.246
sorted,vector,i32,4096,equal,asc,0,1,1,512,953.854
sorted,vector,i32,4096,equal,asc,0,0,1,512,938.801
sorted,vector,i32,4096,equal,asc,0,1,2,512,960.283
sorted,vector,i32,4096,equal,asc,0,0,2,512,941.160
sorted,vector,i32,4096,equal,asc,0,1,3,512,965.412
sorted,vector,i32,4096,equal,asc,0,0,3,512,930.490
sorted,vector,i32,4096,equal,asc,0,1,4,512,957.686
sorted,vector,i32,4096,equal,asc,0,0,4,512,926.666
sorted,vector,i32,4096,equal,asc,0,1,5,466,1073.944
sorted,vector,i32,4096,equal,asc,0,0,5,512,932.781
sorted,vector,i32,4096,equal,asc,0,0,6,512,930.346
sorted,vector,i32,4096,equal,asc,0,1,6,512,934.582
sorted,vector,i32,4096,equal,desc,0,0,0,512,926.186
sorted,vector,i32,4096,equal,desc,0,1,0,512,929.273
sorted,vector,i32,4096,equal,desc,0,0,1,512,926.111
sorted,vector,i32,4096,equal,desc,0,1,1,512,956.045
sorted,vector,i32,4096,equal,desc,0,1,2,512,928.227
sorted,vector,i32,4096,equal,desc,0,0,2,512,930.338
sorted,vector,i32,4096,equal,desc,0,1,3,512,931.887
sorted,vector,i32,4096,equal,desc,0,0,3,512,927.322
sorted,vector,i32,4096,equal,desc,0,1,4,429,1167.343
sorted,vector,i32,4096,equal,desc,0,0,4,512,932.457
sorted,vector,i32,4096,equal,desc,0,1,5,512,968.162
sorted,vector,i32,4096,equal,desc,0,0,5,512,936.283
sorted,vector,i32,4096,equal,desc,0,0,6,512,953.939
sorted,vector,i32,4096,equal,desc,0,1,6,512,934.158
sorted,vector,i32,65536,full,asc,0,1,0,3,207152.333
sorted,vector,i32,65536,full,asc,0,0,0,3,194764.000
sorted,vector,i32,65536,full,asc,0,1,1,3,210888.667
sorted,vector,i32,65536,full,asc,0,0,1,3,193249.667
sorted,vector,i32,65536,full,asc,0,1,2,3,203569.333
sorted,vector,i32,65536,full,asc,0,0,2,3,192764.333
sorted,vector,i32,65536,full,asc,0,0,3,3,196541.667
sorted,vector,i32,65536,full,asc,0,1,3,3,208250.000
sorted,vector,i32,65536,full,asc,0,1,4,3,211375.000
sorted,vector,i32,65536,full,asc,0,0,4,3,198097.333
sorted,vector,i32,65536,full,asc,0,1,5,2,254563.000
sorted,vector,i32,65536,full,asc,0,0,5,3,208583.333
sorted,vector,i32,65536,full,asc,0,0,6,3,191430.667
sorted,vector,i32,65536,full,asc,0,1,6,3,205472.000
sorted,vector,i32,65536,full,desc,0,0,0,3,190236.000
sorted,vector,i32,65536,full,desc,0,1,0,3,209847.000
sorted,vector,i32,65536,full,desc,0,0,1,3,198083.667
sorted,vector,i32,65536,full,desc,0,1,1,3,191639.000
sorted,vector,i32,65536,full,desc,0,1,2,3,186847.333
sorted,vector,i32,65536,full,desc,0,0,2,3,193125.000
sorted,vector,i32,65536,full,desc,0,0,3,3,184736.000
sorted,vector,i32,65536,full,desc,0,1,3,2,273875.500
sorted,vector,i32,65536,full,desc,0,1,4,3,210472.000
sorted,vector,i32,65536,full,desc,0,0,4,3,210791.667
sorted,vector,i32,65536,full,desc,0,0,5,3,184125.000
sorted,vector,i32,65536,full,desc,0,1,5,3,202861.000
sorted,vector,i32,65536,full,desc,0,1,6,3,191625.333
sorted,vector,i32,65536,full,desc,0,0,6,3,178277.667
sorted,vector,i32,65536,bits22,asc,0,0,0,4,138208.250
sorted,vector,i32,65536,bits22,asc,0,1,0,4,147083.250
sorted,vector,i32,65536,bits22,asc,0,0,1,4,159479.250
sorted,vector,i32,65536,bits22,asc,0,1,1,4,146104.500
sorted,vector,i32,65536,bits22,asc,0,1,2,4,143031.250
sorted,vector,i32,65536,bits22,asc,0,0,2,4,137677.250
sorted,vector,i32,65536,bits22,asc,0,0,3,4,139229.250
sorted,vector,i32,65536,bits22,asc,0,1,3,4,143270.750
sorted,vector,i32,65536,bits22,asc,0,1,4,4,138823.000
sorted,vector,i32,65536,bits22,asc,0,0,4,4,142395.750
sorted,vector,i32,65536,bits22,asc,0,1,5,4,142916.750
sorted,vector,i32,65536,bits22,asc,0,0,5,4,137729.250
sorted,vector,i32,65536,bits22,asc,0,1,6,4,146844.000
sorted,vector,i32,65536,bits22,asc,0,0,6,4,134333.250
sorted,vector,i32,65536,bits22,desc,0,0,0,4,139146.000
sorted,vector,i32,65536,bits22,desc,0,1,0,4,148291.750
sorted,vector,i32,65536,bits22,desc,0,1,1,4,143312.250
sorted,vector,i32,65536,bits22,desc,0,0,1,4,132947.750
sorted,vector,i32,65536,bits22,desc,0,1,2,4,153979.000
sorted,vector,i32,65536,bits22,desc,0,0,2,4,158979.250
sorted,vector,i32,65536,bits22,desc,0,0,3,4,138927.250
sorted,vector,i32,65536,bits22,desc,0,1,3,4,156021.000
sorted,vector,i32,65536,bits22,desc,0,0,4,4,136270.500
sorted,vector,i32,65536,bits22,desc,0,1,4,4,146770.750
sorted,vector,i32,65536,bits22,desc,0,1,5,4,145083.250
sorted,vector,i32,65536,bits22,desc,0,0,5,4,144072.750
sorted,vector,i32,65536,bits22,desc,0,1,6,4,159874.750
sorted,vector,i32,65536,bits22,desc,0,0,6,4,138906.500
sorted,vector,i32,65536,gaps,asc,0,1,0,3,261041.667
sorted,vector,i32,65536,gaps,asc,0,0,0,2,254000.000
sorted,vector,i32,65536,gaps,asc,0,0,1,3,262695.000
sorted,vector,i32,65536,gaps,asc,0,1,1,3,236388.667
sorted,vector,i32,65536,gaps,asc,0,1,2,2,281604.500
sorted,vector,i32,65536,gaps,asc,0,0,2,3,257972.000
sorted,vector,i32,65536,gaps,asc,0,0,3,2,257771.000
sorted,vector,i32,65536,gaps,asc,0,1,3,3,218180.667
sorted,vector,i32,65536,gaps,asc,0,1,4,3,249527.667
sorted,vector,i32,65536,gaps,asc,0,0,4,3,232986.667
sorted,vector,i32,65536,gaps,asc,0,0,5,2,286979.000
sorted,vector,i32,65536,gaps,asc,0,1,5,3,257416.667
sorted,vector,i32,65536,gaps,asc,0,1,6,3,248749.667
sorted,vector,i32,65536,gaps,asc,0,0,6,3,255486.000
sorted,vector,i32,65536,gaps,desc,0,0,0,2,314687.500
sorted,vector,i32,65536,gaps,desc,0,1,0,2,270083.000
sorted,vector,i32,65536,gaps,desc,0,1,1,2,333271.000
sorted,vector,i32,65536,gaps,desc,0,0,1,3,254444.333
sorted,vector,i32,65536,gaps,desc,0,0,2,2,308874.500
sorted,vector,i32,65536,gaps,desc,0,1,2,2,266042.000
sorted,vector,i32,65536,gaps,desc,0,0,3,2,309645.500
sorted,vector,i32,65536,gaps,desc,0,1,3,2,266354.500
sorted,vector,i32,65536,gaps,desc,0,0,4,2,310646.000
sorted,vector,i32,65536,gaps,desc,0,1,4,3,250291.667
sorted,vector,i32,65536,gaps,desc,0,1,5,2,317687.500
sorted,vector,i32,65536,gaps,desc,0,0,5,2,308854.500
sorted,vector,i32,65536,gaps,desc,0,0,6,2,262375.500
sorted,vector,i32,65536,gaps,desc,0,1,6,2,265938.000
sorted,vector,i32,65536,few,asc,0,0,0,5,105099.800
sorted,vector,i32,65536,few,asc,0,1,0,6,97194.500
sorted,vector,i32,65536,few,asc,0,0,1,5,103316.800
sorted,vector,i32,65536,few,asc,0,1,1,6,98583.000
sorted,vector,i32,65536,few,asc,0,1,2,6,97590.333
sorted,vector,i32,65536,few,asc,0,0,2,5,102050.200
sorted,vector,i32,65536,few,asc,0,1,3,6,98986.167
sorted,vector,i32,65536,few,asc,0,0,3,5,100225.000
sorted,vector,i32,65536,few,asc,0,0,4,5,104575.200
sorted,vector,i32,65536,few,asc,0,1,4,6,97159.667
sorted,vector,i32,65536,few,asc,0,1,5,5,100608.400
sorted,vector,i32,65536,few,asc,0,0,5,5,106583.800
sorted,vector,i32,65536,few,asc,0,1,6,6,93826.500
sorted,vector,i32,65536,few,asc,0,0,6,5,106408.400
sorted,vector,i32,65536,few,desc,0,1,0,4,130041.500
sorted,vector,i32,65536,few,desc,0,0,0,5,116675.000
sorted,vector,i32,65536,few,desc,0,1,1,4,126427.000
sorted,vector,i32,65536,few,desc,0,0,1,6,97076.167
sorted,vector,i32,65536,few,desc,0,0,2,6,88340.333
sorted,vector,i32,65536,few,desc,0,1,2,5,112233.400
sorted,vector,i32,65536,few,desc,0,1,3,6,89812.500
sorted,vector,i32,65536,few,desc,0,0,3,5,104792.000
sorted,vector,i32,65536,few,desc,0,0,4,6,86625.167
sorted,vector,i32,65536,few,desc,0,1,4,5,108233.400
sorted,vector,i32,65536,few,desc,0,0,5,5,113133.400
sorted,vector,i32,65536,few,desc,0,1,5,6,91979.000
sorted,vector,i32,65536,few,desc,0,1,6,6,95791.667
sorted,vector,i32,65536,few,desc,0,0,6,5,101374.600
sorted,vector,i32,65536,ordered,asc,0,0,0,34,14822.353
sorted,vector,i32,65536,ordered,asc,0,1,0,35,14692.829
sorted,vector,i32,65536,ordered,asc,0,1,1,32,16079.406
sorted,vector,i32,65536,ordered,asc,0,0,1,33,15596.030
sorted,vector,i32,65536,ordered,asc,0,0,2,35,14683.286
sorted,vector,i32,65536,ordered,asc,0,1,2,35,14635.657
sorted,vector,i32,65536,ordered,asc,0,1,3,34,15125.000
sorted,vector,i32,65536,ordered,asc,0,0,3,33,15243.727
sorted,vector,i32,65536,ordered,asc,0,1,4,35,14581.029
sorted,vector,i32,65536,ordered,asc,0,0,4,34,15125.000
sorted,vector,i32,65536,ordered,asc,0,0,5,35,14602.314
sorted,vector,i32,65536,ordered,asc,0,1,5,33,15329.545
sorted,vector,i32,65536,ordered,asc,0,1,6,32,15705.719
sorted,vector,i32,65536,ordered,asc,0,0,6,33,15181.788
sorted,vector,i32,65536,ordered,desc,0,0,0,27,18837.963
sorted,vector,i32,65536,ordered,desc,0,1,0,28,18459.786
sorted,vector,i32,65536,ordered,desc,0,1,1,28,18433.036
sorted,vector,i32,65536,ordered,desc,0,0,1,27,19055.481
sorted,vector,i32,65536,ordered,desc,0,0,2,27,18898.222
sorted,vector,i32,65536,ordered,desc,0,1,2,27,18564.741
sorted,vector,i32,65536,ordered,desc,0,0,3,28,18487.964
sorted,vector,i32,65536,ordered,desc,0,1,3,27,19353.333
sorted,vector,i32,65536,ordered,desc,0,1,4,25,20464.880
sorted,vector,i32,65536,ordered,desc,0,0,4,26,19274.000
sorted,vector,i32,65536,ordered,desc,0,0,5,27,18521.593
sorted,vector,i32,65536,ordered,desc,0,1,5,27,18966.000
sorted,vector,i32,65536,ordered,desc,0,1,6,27,18984.556
sorted,vector,i32,65536,ordered,desc,0,0,6,28,18227.714
sorted,vector,i32,65536,reverse,asc,0,0,0,27,19131.185
sorted,vector,i32,65536,reverse,asc,0,1,0,27,19103.333
sorted,vector,i32,65536,reverse,asc,0,1,1,27,18828.630
sorted,vector,i32,65536,reverse,asc,0,0,1,27,18526.296
sorted,vector,i32,65536,reverse,asc,0,0,2,28,18235.107
sorted,vector,i32,65536,reverse,asc,0,1,2,27,18833.407
sorted,vector,i32,65536,reverse,asc,0,0,3,27,18887.444
sorted,vector,i32,65536,reverse,asc,0,1,3,28,18435.893
sorted,vector,i32,65536,reverse,asc,0,0,4,28,18376.429
sorted,vector,i32,65536,reverse,asc,0,1,4,27,18981.593
sorted,vector,i32,65536,reverse,asc,0,1,5,27,18958.370
sorted,vector,i32,65536,reverse,asc,0,0,5,27,18807.111
sorted,vector,i32,65536,reverse,asc,0,1,6,27,18891.963
sorted,vector,i32,65536,reverse,asc,0,0,6,28,18436.071
sorted,vector,i32,65536,reverse,desc,0,1,0,33,15175.364
sorted,vector,i32,65536,reverse,desc,0,0,0,34,14970.559
sorted,vector,i32,65536,reverse,desc,0,1,1,34,15096.765
sorted,vector,i32,65536,reverse,desc,0,0,1,34,14970.500
sorted,vector,i32,65536,reverse,desc,0,1,2,34,15126.147
sorted,vector,i32,65536,reverse,desc,0,0,2,34,15115.118
sorted,vector,i32,65536,reverse,desc,0,1,3,30,16752.833
sorted,vector,i32,65536,reverse,desc,0,0,3,32,15947.938
sorted,vector,i32,65536,reverse,desc,0,0,4,34,14754.941
sorted,vector,i32,65536,reverse,desc,0,1,4,34,14976.824
sorted,vector,i32,65536,reverse,desc,0,1,5,34,15126.176
sorted,vector,i32,65536,reverse,desc,0,0,5,34,15127.382
sorted,vector,i32,65536,reverse,desc,0,0,6,34,14932.471
sorted,vector,i32,65536,reverse,desc,0,1,6,34,14884.912
sorted,vector,i32,65536,nearly,asc,0,1,0,3,183652.667
sorted,vector,i32,65536,nearly,asc,0,0,0,3,172166.333
sorted,vector,i32,65536,nearly,asc,0,1,1,3,180986.000
sorted,vector,i32,65536,nearly,asc,0,0,1,3,171861.000
sorted,vector,i32,65536,nearly,asc,0,1,2,3,182527.667
sorted,vector,i32,65536,nearly,asc,0,0,2,3,170153.000
sorted,vector,i32,65536,nearly,asc,0,1,3,3,184806.000
sorted,vector,i32,65536,nearly,asc,0,0,3,3,173639.000
sorted,vector,i32,65536,nearly,asc,0,0,4,3,170611.000
sorted,vector,i32,65536,nearly,asc,0,1,4,3,183541.667
sorted,vector,i32,65536,nearly,asc,0,1,5,3,183931.000
sorted,vector,i32,65536,nearly,asc,0,0,5,3,173486.000
sorted,vector,i32,65536,nearly,asc,0,0,6,3,192083.667
sorted,vector,i32,65536,nearly,asc,0,1,6,3,183528.000
sorted,vector,i32,65536,nearly,desc,0,0,0,3,171222.333
sorted,vector,i32,65536,nearly,desc,0,1,0,3,173624.667
sorted,vector,i32,65536,nearly,desc,0,1,1,3,173652.667
sorted,vector,i32,65536,nearly,desc,0,0,1,3,173319.333
sorted,vector,i32,65536,nearly,desc,0,0,2,3,168319.333
sorted,vector,i32,65536,nearly,desc,0,1,2,3,173680.667
sorted,vector,i32,65536,nearly,desc,0,0,3,3,173583.000
sorted,vector,i32,65536,nearly,desc,0,1,3,3,171805.333
sorted,vector,i32,65536,nearly,desc,0,1,4,3,171764.000
sorted,vector,i32,65536,nearly,desc,0,0,4,3,171153.000
sorted,vector,i32,65536,nearly,desc,0,1,5,3,177278.333
sorted,vector,i32,65536,nearly,desc,0,0,5,3,171889.000
sorted,vector,i32,65536,nearly,desc,0,0,6,3,171472.333
sorted,vector,i32,65536,nearly,desc,0,1,6,3,174014.000
sorted,vector,i32,65536,equal,asc,0,1,0,33,15238.697
sorted,vector,i32,65536,equal,asc,0,0,0,34,14817.412
sorted,vector,i32,65536,equal,asc,0,0,1,33,15171.818
sorted,vector,i32,65536,equal,asc,0,1,1,33,15402.758
sorted,vector,i32,65536,equal,asc,0,1,2,34,15044.118
sorted,vector,i32,65536,equal,asc,0,0,2,33,15579.485
sorted,vector,i32,65536,equal,asc,0,0,3,33,15536.667
sorted,vector,i32,65536,equal,asc,0,1,3,35,14575.029
sorted,vector,i32,65536,equal,asc,0,0,4,34,14901.882
sorted,vector,i32,65536,equal,asc,0,1,4,35,14667.800
sorted,vector,i32,65536,equal,asc,0,1,5,34,14841.882
sorted,vector,i32,65536,equal,asc,0,0,5,35,14594.029
sorted,vector,i32,65536,equal,asc,0,1,6,35,14565.429
sorted,vector,i32,65536,equal,asc,0,0,6,35,14560.714
sorted,vector,i32,65536,equal,desc,0,1,0,33,15594.697
sorted,vector,i32,65536,equal,desc,0,0,0,32,15720.188
sorted,vector,i32,65536,equal,desc,0,1,1,35,14569.114
sorted,vector,i32,65536,equal,desc,0,0,1,35,14560.657
sorted,vector,i32,65536,equal,desc,0,1,2,35,14578.686
sorted,vector,i32,65536,equal,desc,0,0,2,35,14560.686
sorted,vector,i32,65536,equal,desc,0,1,3,35,14582.057
sorted,vector,i32,65536,equal,desc,0,0,3,34,14776.971
sorted,vector,i32,65536,equal,desc,0,0,4,34,14790.471
sorted,vector,i32,65536,equal,desc,0,1,4,34,15009.882
sorted,vector,i32,65536,equal,desc,0,1,5,34,14898.294
sorted,vector,i32,65536,equal,desc,0,0,5,32,15851.562
sorted,vector,i32,65536,equal,desc,0,0,6,35,14683.229
sorted,vector,i32,65536,equal,desc,0,1,6,33,15159.121
sorted,vector,i32,1000000,full,asc,0,1,0,1,3766208.000
sorted,vector,i32,1000000,full,asc,0,0,0,1,3705042.000
sorted,vector,i32,1000000,full,asc,0,1,1,1,3756250.000
sorted,vector,i32,1000000,full,asc,0,0,1,1,3656667.000
sorted,vector,i32,1000000,full,asc,0,0,2,1,3714084.000
sorted,vector,i32,1000000,full,asc,0,1,2,1,3967125.000
sorted,vector,i32,1000000,full,asc,0,0,3,1,3559417.000
sorted,vector,i32,1000000,full,asc,0,1,3,1,3830125.000
sorted,vector,i32,1000000,full,asc,0,1,4,1,3755875.000
sorted,vector,i32,1000000,full,asc,0,0,4,1,3733125.000
sorted,vector,i32,1000000,full,asc,0,1,5,1,3732125.000
sorted,vector,i32,1000000,full,asc,0,0,5,1,3649917.000
sorted,vector,i32,1000000,full,asc,0,0,6,1,3602250.000
sorted,vector,i32,1000000,full,asc,0,1,6,1,3772125.000
sorted,vector,i32,1000000,full,desc,0,0,0,1,3733042.000
sorted,vector,i32,1000000,full,desc,0,1,0,1,3665666.000
sorted,vector,i32,1000000,full,desc,0,1,1,1,3671583.000
sorted,vector,i32,1000000,full,desc,0,0,1,1,3591167.000
sorted,vector,i32,1000000,full,desc,0,1,2,1,3652083.000
sorted,vector,i32,1000000,full,desc,0,0,2,1,3565666.000
sorted,vector,i32,1000000,full,desc,0,0,3,1,3689167.000
sorted,vector,i32,1000000,full,desc,0,1,3,1,3649708.000
sorted,vector,i32,1000000,full,desc,0,0,4,1,3743458.000
sorted,vector,i32,1000000,full,desc,0,1,4,1,3610125.000
sorted,vector,i32,1000000,full,desc,0,1,5,1,3809083.000
sorted,vector,i32,1000000,full,desc,0,0,5,1,3597750.000
sorted,vector,i32,1000000,full,desc,0,1,6,1,3609708.000
sorted,vector,i32,1000000,full,desc,0,0,6,1,3597708.000
kernel,vector,i32,1000000,full,asc,8,0,0,1,2989542.000
kernel,vector,i32,1000000,full,asc,8,1,0,1,3080417.000
kernel,vector,i32,1000000,full,asc,8,0,1,1,3018500.000
kernel,vector,i32,1000000,full,asc,8,1,1,1,3001333.000
kernel,vector,i32,1000000,full,asc,8,1,2,1,2931709.000
kernel,vector,i32,1000000,full,asc,8,0,2,1,2888792.000
kernel,vector,i32,1000000,full,asc,8,0,3,1,2967625.000
kernel,vector,i32,1000000,full,asc,8,1,3,1,3125583.000
kernel,vector,i32,1000000,full,asc,8,1,4,1,3026250.000
kernel,vector,i32,1000000,full,asc,8,0,4,1,3047500.000
kernel,vector,i32,1000000,full,asc,8,0,5,1,2985583.000
kernel,vector,i32,1000000,full,asc,8,1,5,1,3083875.000
kernel,vector,i32,1000000,full,asc,8,1,6,1,3068250.000
kernel,vector,i32,1000000,full,asc,8,0,6,1,2984208.000
kernel,vector,i32,1000000,full,desc,8,1,0,1,3045959.000
kernel,vector,i32,1000000,full,desc,8,0,0,1,2962292.000
kernel,vector,i32,1000000,full,desc,8,1,1,1,3090042.000
kernel,vector,i32,1000000,full,desc,8,0,1,1,3009459.000
kernel,vector,i32,1000000,full,desc,8,1,2,1,3074208.000
kernel,vector,i32,1000000,full,desc,8,0,2,1,2993125.000
kernel,vector,i32,1000000,full,desc,8,0,3,1,3051833.000
kernel,vector,i32,1000000,full,desc,8,1,3,1,3071750.000
kernel,vector,i32,1000000,full,desc,8,1,4,1,3163750.000
kernel,vector,i32,1000000,full,desc,8,0,4,1,2987792.000
kernel,vector,i32,1000000,full,desc,8,0,5,1,2989125.000
kernel,vector,i32,1000000,full,desc,8,1,5,1,3056834.000
kernel,vector,i32,1000000,full,desc,8,1,6,1,3070666.000
kernel,vector,i32,1000000,full,desc,8,0,6,1,3020417.000
kernel,vector,i32,1000000,full,asc,11,0,0,1,2424333.000
kernel,vector,i32,1000000,full,asc,11,1,0,1,2697292.000
kernel,vector,i32,1000000,full,asc,11,0,1,1,2417791.000
kernel,vector,i32,1000000,full,asc,11,1,1,1,2649583.000
kernel,vector,i32,1000000,full,asc,11,0,2,1,2528417.000
kernel,vector,i32,1000000,full,asc,11,1,2,1,2816042.000
kernel,vector,i32,1000000,full,asc,11,1,3,1,2673417.000
kernel,vector,i32,1000000,full,asc,11,0,3,1,2437041.000
kernel,vector,i32,1000000,full,asc,11,1,4,1,2647292.000
kernel,vector,i32,1000000,full,asc,11,0,4,1,2629708.000
kernel,vector,i32,1000000,full,asc,11,1,5,1,2630125.000
kernel,vector,i32,1000000,full,asc,11,0,5,1,2337417.000
kernel,vector,i32,1000000,full,asc,11,1,6,1,2679416.000
kernel,vector,i32,1000000,full,asc,11,0,6,1,2521583.000
kernel,vector,i32,1000000,full,desc,11,1,0,1,2430208.000
kernel,vector,i32,1000000,full,desc,11,0,0,1,2498084.000
kernel,vector,i32,1000000,full,desc,11,1,1,1,2495083.000
kernel,vector,i32,1000000,full,desc,11,0,1,1,2431334.000
kernel,vector,i32,1000000,full,desc,11,1,2,1,2439709.000
kernel,vector,i32,1000000,full,desc,11,0,2,1,2495417.000
kernel,vector,i32,1000000,full,desc,11,1,3,1,2483417.000
kernel,vector,i32,1000000,full,desc,11,0,3,1,2470500.000
kernel,vector,i32,1000000,full,desc,11,1,4,1,2487458.000
kernel,vector,i32,1000000,full,desc,11,0,4,1,2488583.000
kernel,vector,i32,1000000,full,desc,11,0,5,1,2462625.000
kernel,vector,i32,1000000,full,desc,11,1,5,1,2423875.000
kernel,vector,i32,1000000,full,desc,11,0,6,1,2469166.000
kernel,vector,i32,1000000,full,desc,11,1,6,1,2531958.000
kernel,vector,i32,1000000,full,asc,15,1,0,1,4893375.000
kernel,vector,i32,1000000,full,asc,15,0,0,1,4890625.000
kernel,vector,i32,1000000,full,asc,15,1,1,1,4918666.000
kernel,vector,i32,1000000,full,asc,15,0,1,1,4694125.000
kernel,vector,i32,1000000,full,asc,15,1,2,1,4859250.000
kernel,vector,i32,1000000,full,asc,15,0,2,1,5024875.000
kernel,vector,i32,1000000,full,asc,15,0,3,1,4992208.000
kernel,vector,i32,1000000,full,asc,15,1,3,1,4887041.000
kernel,vector,i32,1000000,full,asc,15,0,4,1,5058709.000
kernel,vector,i32,1000000,full,asc,15,1,4,1,4897167.000
kernel,vector,i32,1000000,full,asc,15,1,5,1,4941416.000
kernel,vector,i32,1000000,full,asc,15,0,5,1,5041709.000
kernel,vector,i32,1000000,full,asc,15,1,6,1,4878459.000
kernel,vector,i32,1000000,full,asc,15,0,6,1,4807375.000
kernel,vector,i32,1000000,full,desc,15,1,0,1,5195083.000
kernel,vector,i32,1000000,full,desc,15,0,0,1,4749000.000
kernel,vector,i32,1000000,full,desc,15,0,1,1,4751625.000
kernel,vector,i32,1000000,full,desc,15,1,1,1,4713125.000
kernel,vector,i32,1000000,full,desc,15,1,2,1,5187375.000
kernel,vector,i32,1000000,full,desc,15,0,2,1,5086708.000
kernel,vector,i32,1000000,full,desc,15,1,3,1,5144125.000
kernel,vector,i32,1000000,full,desc,15,0,3,1,5011667.000
kernel,vector,i32,1000000,full,desc,15,0,4,1,5096667.000
kernel,vector,i32,1000000,full,desc,15,1,4,1,4792459.000
kernel,vector,i32,1000000,full,desc,15,1,5,1,4927208.000
kernel,vector,i32,1000000,full,desc,15,0,5,1,4977750.000
kernel,vector,i32,1000000,full,desc,15,0,6,1,5419125.000
kernel,vector,i32,1000000,full,desc,15,1,6,1,4993459.000
sorted,vector,i32,1000000,bits22,asc,0,0,0,1,3105333.000
sorted,vector,i32,1000000,bits22,asc,0,1,0,1,3158250.000
sorted,vector,i32,1000000,bits22,asc,0,1,1,1,3204791.000
sorted,vector,i32,1000000,bits22,asc,0,0,1,1,3082166.000
sorted,vector,i32,1000000,bits22,asc,0,0,2,1,3140208.000
sorted,vector,i32,1000000,bits22,asc,0,1,2,1,3347500.000
sorted,vector,i32,1000000,bits22,asc,0,1,3,1,3219041.000
sorted,vector,i32,1000000,bits22,asc,0,0,3,1,3010917.000
sorted,vector,i32,1000000,bits22,asc,0,1,4,1,3172292.000
sorted,vector,i32,1000000,bits22,asc,0,0,4,1,3053125.000
sorted,vector,i32,1000000,bits22,asc,0,1,5,1,3219250.000
sorted,vector,i32,1000000,bits22,asc,0,0,5,1,2948334.000
sorted,vector,i32,1000000,bits22,asc,0,0,6,1,3246916.000
sorted,vector,i32,1000000,bits22,asc,0,1,6,1,3148167.000
sorted,vector,i32,1000000,bits22,desc,0,0,0,1,3217083.000
sorted,vector,i32,1000000,bits22,desc,0,1,0,1,3160416.000
sorted,vector,i32,1000000,bits22,desc,0,1,1,1,3105750.000
sorted,vector,i32,1000000,bits22,desc,0,0,1,1,3117500.000
sorted,vector,i32,1000000,bits22,desc,0,1,2,1,3153542.000
sorted,vector,i32,1000000,bits22,desc,0,0,2,1,3180416.000
sorted,vector,i32,1000000,bits22,desc,0,1,3,1,3182583.000
sorted,vector,i32,1000000,bits22,desc,0,0,3,1,3052625.000
sorted,vector,i32,1000000,bits22,desc,0,0,4,1,2822292.000
sorted,vector,i32,1000000,bits22,desc,0,1,4,1,3214167.000
sorted,vector,i32,1000000,bits22,desc,0,1,5,1,3022583.000
sorted,vector,i32,1000000,bits22,desc,0,0,5,1,3106292.000
sorted,vector,i32,1000000,bits22,desc,0,1,6,1,3703666.000
sorted,vector,i32,1000000,bits22,desc,0,0,6,1,3053666.000
kernel,vector,i32,1000000,bits22,asc,8,1,0,1,2361750.000
kernel,vector,i32,1000000,bits22,asc,8,0,0,1,2248041.000
kernel,vector,i32,1000000,bits22,asc,8,1,1,1,2584917.000
kernel,vector,i32,1000000,bits22,asc,8,0,1,1,2392833.000
kernel,vector,i32,1000000,bits22,asc,8,0,2,1,2438875.000
kernel,vector,i32,1000000,bits22,asc,8,1,2,1,2393792.000
kernel,vector,i32,1000000,bits22,asc,8,0,3,1,2287250.000
kernel,vector,i32,1000000,bits22,asc,8,1,3,1,2323542.000
kernel,vector,i32,1000000,bits22,asc,8,1,4,1,2372000.000
kernel,vector,i32,1000000,bits22,asc,8,0,4,1,2454125.000
kernel,vector,i32,1000000,bits22,asc,8,1,5,1,2330291.000
kernel,vector,i32,1000000,bits22,asc,8,0,5,1,2309417.000
kernel,vector,i32,1000000,bits22,asc,8,0,6,1,2293541.000
kernel,vector,i32,1000000,bits22,asc,8,1,6,1,2307834.000
kernel,vector,i32,1000000,bits22,desc,8,1,0,1,2467958.000
kernel,vector,i32,1000000,bits22,desc,8,0,0,1,2378958.000
kernel,vector,i32,1000000,bits22,desc,8,1,1,1,2430833.000
kernel,vector,i32,1000000,bits22,desc,8,0,1,1,2288666.000
kernel,vector,i32,1000000,bits22,desc,8,0,2,1,2503917.000
kernel,vector,i32,1000000,bits22,desc,8,1,2,1,2430208.000
kernel,vector,i32,1000000,bits22,desc,8,1,3,1,2415166.000
kernel,vector,i32,1000000,bits22,desc,8,0,3,1,2440792.000
kernel,vector,i32,1000000,bits22,desc,8,0,4,1,2574250.000
kernel,vector,i32,1000000,bits22,desc,8,1,4,1,2348750.000
kernel,vector,i32,1000000,bits22,desc,8,1,5,1,2490083.000
kernel,vector,i32,1000000,bits22,desc,8,0,5,1,2390125.000
kernel,vector,i32,1000000,bits22,desc,8,0,6,1,2592417.000
kernel,vector,i32,1000000,bits22,desc,8,1,6,1,2431125.000
kernel,vector,i32,1000000,bits22,asc,11,0,0,1,1562208.000
kernel,vector,i32,1000000,bits22,asc,11,1,0,1,1811708.000
kernel,vector,i32,1000000,bits22,asc,11,0,1,1,1622125.000
kernel,vector,i32,1000000,bits22,asc,11,1,1,1,1810833.000
kernel,vector,i32,1000000,bits22,asc,11,1,2,1,1795958.000
kernel,vector,i32,1000000,bits22,asc,11,0,2,1,1622583.000
kernel,vector,i32,1000000,bits22,asc,11,0,3,1,1653750.000
kernel,vector,i32,1000000,bits22,asc,11,1,3,1,1931666.000
kernel,vector,i32,1000000,bits22,asc,11,0,4,1,1587458.000
kernel,vector,i32,1000000,bits22,asc,11,1,4,1,1766125.000
kernel,vector,i32,1000000,bits22,asc,11,1,5,1,1814792.000
kernel,vector,i32,1000000,bits22,asc,11,0,5,1,1744500.000
kernel,vector,i32,1000000,bits22,asc,11,0,6,1,1565834.000
kernel,vector,i32,1000000,bits22,asc,11,1,6,1,1795917.000
kernel,vector,i32,1000000,bits22,desc,11,1,0,1,1545500.000
kernel,vector,i32,1000000,bits22,desc,11,0,0,1,1757625.000
kernel,vector,i32,1000000,bits22,desc,11,1,1,1,1662541.000
kernel,vector,i32,1000000,bits22,desc,11,0,1,1,1610500.000
kernel,vector,i32,1000000,bits22,desc,11,1,2,1,1608958.000
kernel,vector,i32,1000000,bits22,desc,11,0,2,1,1599958.000
kernel,vector,i32,1000000,bits22,desc,11,0,3,1,1647375.000
kernel,vector,i32,1000000,bits22,desc,11,1,3,1,1653042.000
kernel,vector,i32,1000000,bits22,desc,11,1,4,1,1655916.000
kernel,vector,i32,1000000,bits22,desc,11,0,4,1,1653083.000
kernel,vector,i32,1000000,bits22,desc,11,0,5,1,1634958.000
kernel,vector,i32,1000000,bits22,desc,11,1,5,1,1625500.000
kernel,vector,i32,1000000,bits22,desc,11,0,6,1,1727375.000
kernel,vector,i32,1000000,bits22,desc,11,1,6,1,1646417.000
kernel,vector,i32,1000000,bits22,asc,15,1,0,1,2390041.000
kernel,vector,i32,1000000,bits22,asc,15,0,0,1,2349416.000
kernel,vector,i32,1000000,bits22,asc,15,0,1,1,2350833.000
kernel,vector,i32,1000000,bits22,asc,15,1,1,1,2485500.000
kernel,vector,i32,1000000,bits22,asc,15,0,2,1,2385667.000
kernel,vector,i32,1000000,bits22,asc,15,1,2,1,2435542.000
kernel,vector,i32,1000000,bits22,asc,15,1,3,1,2424500.000
kernel,vector,i32,1000000,bits22,asc,15,0,3,1,2428958.000
kernel,vector,i32,1000000,bits22,asc,15,1,4,1,2384000.000
kernel,vector,i32,1000000,bits22,asc,15,0,4,1,2381709.000
kernel,vector,i32,1000000,bits22,asc,15,0,5,1,2409916.000
kernel,vector,i32,1000000,bits22,asc,15,1,5,1,2406625.000
kernel,vector,i32,1000000,bits22,asc,15,1,6,1,2425000.000
kernel,vector,i32,1000000,bits22,asc,15,0,6,1,2390167.000
kernel,vector,i32,1000000,bits22,desc,15,0,0,1,2378458.000
kernel,vector,i32,1000000,bits22,desc,15,1,0,1,2344709.000
kernel,vector,i32,1000000,bits22,desc,15,1,1,1,2367000.000
kernel,vector,i32,1000000,bits22,desc,15,0,1,1,2396125.000
kernel,vector,i32,1000000,bits22,desc,15,1,2,1,2356458.000
kernel,vector,i32,1000000,bits22,desc,15,0,2,1,2355959.000
kernel,vector,i32,1000000,bits22,desc,15,0,3,1,2352416.000
kernel,vector,i32,1000000,bits22,desc,15,1,3,1,2421291.000
kernel,vector,i32,1000000,bits22,desc,15,0,4,1,2386000.000
kernel,vector,i32,1000000,bits22,desc,15,1,4,1,2416166.000
kernel,vector,i32,1000000,bits22,desc,15,0,5,1,2430875.000
kernel,vector,i32,1000000,bits22,desc,15,1,5,1,2381458.000
kernel,vector,i32,1000000,bits22,desc,15,0,6,1,2378208.000
kernel,vector,i32,1000000,bits22,desc,15,1,6,1,2419542.000
sorted,vector,i32,1000000,gaps,asc,0,0,0,1,3995750.000
sorted,vector,i32,1000000,gaps,asc,0,1,0,1,3873625.000
sorted,vector,i32,1000000,gaps,asc,0,1,1,1,3806042.000
sorted,vector,i32,1000000,gaps,asc,0,0,1,1,3780250.000
sorted,vector,i32,1000000,gaps,asc,0,1,2,1,3857875.000
sorted,vector,i32,1000000,gaps,asc,0,0,2,1,3793292.000
sorted,vector,i32,1000000,gaps,asc,0,1,3,1,3839250.000
sorted,vector,i32,1000000,gaps,asc,0,0,3,1,3748250.000
sorted,vector,i32,1000000,gaps,asc,0,0,4,1,3848500.000
sorted,vector,i32,1000000,gaps,asc,0,1,4,1,3780417.000
sorted,vector,i32,1000000,gaps,asc,0,1,5,1,3765708.000
sorted,vector,i32,1000000,gaps,asc,0,0,5,1,3732959.000
sorted,vector,i32,1000000,gaps,asc,0,0,6,1,3804875.000
sorted,vector,i32,1000000,gaps,asc,0,1,6,1,3754833.000
sorted,vector,i32,1000000,gaps,desc,0,0,0,1,3794375.000
sorted,vector,i32,1000000,gaps,desc,0,1,0,1,3852000.000
sorted,vector,i32,1000000,gaps,desc,0,0,1,1,3797291.000
sorted,vector,i32,1000000,gaps,desc,0,1,1,1,3877000.000
sorted,vector,i32,1000000,gaps,desc,0,1,2,1,3805584.000
sorted,vector,i32,1000000,gaps,desc,0,0,2,1,3888542.000
sorted,vector,i32,1000000,gaps,desc,0,0,3,1,3776708.000
sorted,vector,i32,1000000,gaps,desc,0,1,3,1,3822667.000
sorted,vector,i32,1000000,gaps,desc,0,0,4,1,3791792.000
sorted,vector,i32,1000000,gaps,desc,0,1,4,1,3799333.000
sorted,vector,i32,1000000,gaps,desc,0,0,5,1,3774542.000
sorted,vector,i32,1000000,gaps,desc,0,1,5,1,3846292.000
sorted,vector,i32,1000000,gaps,desc,0,1,6,1,3781709.000
sorted,vector,i32,1000000,gaps,desc,0,0,6,1,3801000.000
kernel,vector,i32,1000000,gaps,asc,8,1,0,1,2534958.000
kernel,vector,i32,1000000,gaps,asc,8,0,0,1,2587750.000
kernel,vector,i32,1000000,gaps,asc,8,0,1,1,2611458.000
kernel,vector,i32,1000000,gaps,asc,8,1,1,1,2558542.000
kernel,vector,i32,1000000,gaps,asc,8,1,2,1,2577542.000
kernel,vector,i32,1000000,gaps,asc,8,0,2,1,2619541.000
kernel,vector,i32,1000000,gaps,asc,8,1,3,1,2527166.000
kernel,vector,i32,1000000,gaps,asc,8,0,3,1,2561417.000
kernel,vector,i32,1000000,gaps,asc,8,1,4,1,2619583.000
kernel,vector,i32,1000000,gaps,asc,8,0,4,1,2540625.000
kernel,vector,i32,1000000,gaps,asc,8,1,5,1,2558458.000
kernel,vector,i32,1000000,gaps,asc,8,0,5,1,2666500.000
kernel,vector,i32,1000000,gaps,asc,8,1,6,1,2572750.000
kernel,vector,i32,1000000,gaps,asc,8,0,6,1,2547208.000
kernel,vector,i32,1000000,gaps,desc,8,0,0,1,2534875.000
kernel,vector,i32,1000000,gaps,desc,8,1,0,1,2651000.000
kernel,vector,i32,1000000,gaps,desc,8,1,1,1,2566166.000
kernel,vector,i32,1000000,gaps,desc,8,0,1,1,2548625.000
kernel,vector,i32,1000000,gaps,desc,8,1,2,1,2631208.000
kernel,vector,i32,1000000,gaps,desc,8,0,2,1,2586792.000
kernel,vector,i32,1000000,gaps,desc,8,0,3,1,2576833.000
kernel,vector,i32,1000000,gaps,desc,8,1,3,1,2636333.000
kernel,vector,i32,1000000,gaps,desc,8,1,4,1,2577833.000
kernel,vector,i32,1000000,gaps,desc,8,0,4,1,2578583.000
kernel,vector,i32,1000000,gaps,desc,8,0,5,1,2596833.000
kernel,vector,i32,1000000,gaps,desc,8,1,5,1,2567167.000
kernel,vector,i32,1000000,gaps,desc,8,0,6,1,2594375.000
kernel,vector,i32,1000000,gaps,desc,8,1,6,1,2619375.000
kernel,vector,i32,1000000,gaps,asc,11,1,0,1,3737000.000
kernel,vector,i32,1000000,gaps,asc,11,0,0,1,3832209.000
kernel,vector,i32,1000000,gaps,asc,11,0,1,1,3762584.000
kernel,vector,i32,1000000,gaps,asc,11,1,1,1,3838375.000
kernel,vector,i32,1000000,gaps,asc,11,1,2,1,3881625.000
kernel,vector,i32,1000000,gaps,asc,11,0,2,1,3790541.000
kernel,vector,i32,1000000,gaps,asc,11,1,3,1,3727125.000
kernel,vector,i32,1000000,gaps,asc,11,0,3,1,3777541.000
kernel,vector,i32,1000000,gaps,asc,11,1,4,1,3758292.000
kernel,vector,i32,1000000,gaps,asc,11,0,4,1,3787916.000
kernel,vector,i32,1000000,gaps,asc,11,0,5,1,3725000.000
kernel,vector,i32,1000000,gaps,asc,11,1,5,1,3828250.000
kernel,vector,i32,1000000,gaps,asc,11,1,6,1,3709625.000
kernel,vector,i32,1000000,gaps,asc,11,0,6,1,3811291.000
kernel,vector,i32,1000000,gaps,desc,11,1,0,1,3853708.000
kernel,vector,i32,1000000,gaps,desc,11,0,0,1,3693083.000
kernel,vector,i32,1000000,gaps,desc,11,0,1,1,3837333.000
kernel,vector,i32,1000000,gaps,desc,11,1,1,1,3812375.000
kernel,vector,i32,1000000,gaps,desc,11,0,2,1,3748292.000
kernel,vector,i32,1000000,gaps,desc,11,1,2,1,3796083.000
kernel,vector,i32,1000000,gaps,desc,11,0,3,1,3765709.000
kernel,vector,i32,1000000,gaps,desc,11,1,3,1,3816750.000
kernel,vector,i32,1000000,gaps,desc,11,1,4,1,3849125.000
kernel,vector,i32,1000000,gaps,desc,11,0,4,1,3770750.000
kernel,vector,i32,1000000,gaps,desc,11,1,5,1,3831500.000
kernel,vector,i32,1000000,gaps,desc,11,0,5,1,3686542.000
kernel,vector,i32,1000000,gaps,desc,11,1,6,1,3791750.000
kernel,vector,i32,1000000,gaps,desc,11,0,6,1,3753084.000
kernel,vector,i32,1000000,gaps,asc,15,1,0,1,1747666.000
kernel,vector,i32,1000000,gaps,asc,15,0,0,1,1713042.000
kernel,vector,i32,1000000,gaps,asc,15,0,1,1,1776666.000
kernel,vector,i32,1000000,gaps,asc,15,1,1,1,1768417.000
kernel,vector,i32,1000000,gaps,asc,15,0,2,1,1777042.000
kernel,vector,i32,1000000,gaps,asc,15,1,2,1,1749166.000
kernel,vector,i32,1000000,gaps,asc,15,0,3,1,1985500.000
kernel,vector,i32,1000000,gaps,asc,15,1,3,1,1694292.000
kernel,vector,i32,1000000,gaps,asc,15,1,4,1,1753500.000
kernel,vector,i32,1000000,gaps,asc,15,0,4,1,1724167.000
kernel,vector,i32,1000000,gaps,asc,15,0,5,1,1767750.000
kernel,vector,i32,1000000,gaps,asc,15,1,5,1,1883459.000
kernel,vector,i32,1000000,gaps,asc,15,0,6,1,1785083.000
kernel,vector,i32,1000000,gaps,asc,15,1,6,1,1756417.000
kernel,vector,i32,1000000,gaps,desc,15,0,0,1,1742750.000
kernel,vector,i32,1000000,gaps,desc,15,1,0,1,1751709.000
kernel,vector,i32,1000000,gaps,desc,15,0,1,1,1737833.000
kernel,vector,i32,1000000,gaps,desc,15,1,1,1,1812833.000
kernel,vector,i32,1000000,gaps,desc,15,1,2,1,1730042.000
kernel,vector,i32,1000000,gaps,desc,15,0,2,1,1731250.000
kernel,vector,i32,1000000,gaps,desc,15,1,3,1,1872416.000
kernel,vector,i32,1000000,gaps,desc,15,0,3,1,1934791.000
kernel,vector,i32,1000000,gaps,desc,15,1,4,1,1743709.000
kernel,vector,i32,1000000,gaps,desc,15,0,4,1,1803625.000
kernel,vector,i32,1000000,gaps,desc,15,1,5,1,1746125.000
kernel,vector,i32,1000000,gaps,desc,15,0,5,1,1813833.000
kernel,vector,i32,1000000,gaps,desc,15,1,6,1,1792750.000
kernel,vector,i32,1000000,gaps,desc,15,0,6,1,1742041.000
sorted,vector,i32,1000000,few,asc,0,0,0,1,2302250.000
sorted,vector,i32,1000000,few,asc,0,1,0,1,2273750.000
sorted,vector,i32,1000000,few,asc,0,1,1,1,2229542.000
sorted,vector,i32,1000000,few,asc,0,0,1,1,2352542.000
sorted,vector,i32,1000000,few,asc,0,0,2,1,2273083.000
sorted,vector,i32,1000000,few,asc,0,1,2,1,2316584.000
sorted,vector,i32,1000000,few,asc,0,0,3,1,2640708.000
sorted,vector,i32,1000000,few,asc,0,1,3,1,2436666.000
sorted,vector,i32,1000000,few,asc,0,0,4,1,2445250.000
sorted,vector,i32,1000000,few,asc,0,1,4,1,2331791.000
sorted,vector,i32,1000000,few,asc,0,0,5,1,2474250.000
sorted,vector,i32,1000000,few,asc,0,1,5,1,2320125.000
sorted,vector,i32,1000000,few,asc,0,1,6,1,2351667.000
sorted,vector,i32,1000000,few,asc,0,0,6,1,2423417.000
sorted,vector,i32,1000000,few,desc,0,0,0,1,2318084.000
sorted,vector,i32,1000000,few,desc,0,1,0,1,2345250.000
sorted,vector,i32,1000000,few,desc,0,1,1,1,2498792.000
sorted,vector,i32,1000000,few,desc,0,0,1,1,2544416.000
sorted,vector,i32,1000000,few,desc,0,0,2,1,2400208.000
sorted,vector,i32,1000000,few,desc,0,1,2,1,2362834.000
sorted,vector,i32,1000000,few,desc,0,1,3,1,2335875.000
sorted,vector,i32,1000000,few,desc,0,0,3,1,2426834.000
sorted,vector,i32,1000000,few,desc,0,0,4,1,2446042.000
sorted,vector,i32,1000000,few,desc,0,1,4,1,2549750.000
sorted,vector,i32,1000000,few,desc,0,0,5,1,2425125.000
sorted,vector,i32,1000000,few,desc,0,1,5,1,2483083.000
sorted,vector,i32,1000000,few,desc,0,1,6,1,2392291.000
sorted,vector,i32,1000000,few,desc,0,0,6,1,2300500.000
kernel,vector,i32,1000000,few,asc,8,1,0,1,1168416.000
kernel,vector,i32,1000000,few,asc,8,0,0,1,1081000.000
kernel,vector,i32,1000000,few,asc,8,1,1,1,1173084.000
kernel,vector,i32,1000000,few,asc,8,0,1,1,1061750.000
kernel,vector,i32,1000000,few,asc,8,1,2,1,1117292.000
kernel,vector,i32,1000000,few,asc,8,0,2,1,1177000.000
kernel,vector,i32,1000000,few,asc,8,0,3,1,1162333.000
kernel,vector,i32,1000000,few,asc,8,1,3,1,1317583.000
kernel,vector,i32,1000000,few,asc,8,0,4,1,1112875.000
kernel,vector,i32,1000000,few,asc,8,1,4,1,1125459.000
kernel,vector,i32,1000000,few,asc,8,1,5,1,1153500.000
kernel,vector,i32,1000000,few,asc,8,0,5,1,1197500.000
kernel,vector,i32,1000000,few,asc,8,0,6,1,1149083.000
kernel,vector,i32,1000000,few,asc,8,1,6,1,1145875.000
kernel,vector,i32,1000000,few,desc,8,0,0,1,1113209.000
kernel,vector,i32,1000000,few,desc,8,1,0,1,1278584.000
kernel,vector,i32,1000000,few,desc,8,1,1,1,1186625.000
kernel,vector,i32,1000000,few,desc,8,0,1,1,1072041.000
kernel,vector,i32,1000000,few,desc,8,1,2,1,1215375.000
kernel,vector,i32,1000000,few,desc,8,0,2,1,1091084.000
kernel,vector,i32,1000000,few,desc,8,0,3,1,1092083.000
kernel,vector,i32,1000000,few,desc,8,1,3,1,1208541.000
kernel,vector,i32,1000000,few,desc,8,1,4,1,1290875.000
kernel,vector,i32,1000000,few,desc,8,0,4,1,1157250.000
kernel,vector,i32,1000000,few,desc,8,0,5,1,1092458.000
kernel,vector,i32,1000000,few,desc,8,1,5,1,1273459.000
kernel,vector,i32,1000000,few,desc,8,1,6,1,1229000.000
kernel,vector,i32,1000000,few,desc,8,0,6,1,1166792.000
kernel,vector,i32,1000000,few,asc,11,1,0,1,1271875.000
kernel,vector,i32,1000000,few,asc,11,0,0,1,1287708.000
kernel,vector,i32,1000000,few,asc,11,1,1,1,1179750.000
kernel,vector,i32,1000000,few,asc,11,0,1,1,1072083.000
kernel,vector,i32,1000000,few,asc,11,1,2,1,1193459.000
kernel,vector,i32,1000000,few,asc,11,0,2,1,1063459.000
kernel,vector,i32,1000000,few,asc,11,0,3,1,1138792.000
kernel,vector,i32,1000000,few,asc,11,1,3,1,1212916.000
kernel,vector,i32,1000000,few,asc,11,1,4,1,1195166.000
kernel,vector,i32,1000000,few,asc,11,0,4,1,1130792.000
kernel,vector,i32,1000000,few,asc,11,1,5,1,1197500.000
kernel,vector,i32,1000000,few,asc,11,0,5,1,1236500.000
kernel,vector,i32,1000000,few,asc,11,1,6,1,1140792.000
kernel,vector,i32,1000000,few,asc,11,0,6,1,1078833.000
kernel,vector,i32,1000000,few,desc,11,1,0,1,1095208.000
kernel,vector,i32,1000000,few,desc,11,0,0,1,1085833.000
kernel,vector,i32,1000000,few,desc,11,1,1,1,1139917.000
kernel,vector,i32,1000000,few,desc,11,0,1,1,1043125.000
kernel,vector,i32,1000000,few,desc,11,0,2,1,1081125.000
kernel,vector,i32,1000000,few,desc,11,1,2,1,1253875.000
kernel,vector,i32,1000000,few,desc,11,0,3,1,1145875.000
kernel,vector,i32,1000000,few,desc,11,1,3,1,1056708.000
kernel,vector,i32,1000000,few,desc,11,1,4,1,1065959.000
kernel,vector,i32,1000000,few,desc,11,0,4,1,999792.000
kernel,vector,i32,1000000,few,desc,11,1,5,1,1061750.000
kernel,vector,i32,1000000,few,desc,11,0,5,1,1083083.000
kernel,vector,i32,1000000,few,desc,11,0,6,1,1030333.000
kernel,vector,i32,1000000,few,desc,11,1,6,1,1169083.000
kernel,vector,i32,1000000,few,asc,15,0,0,1,1055083.000
kernel,vector,i32,1000000,few,asc,15,1,0,1,1115958.000
kernel,vector,i32,1000000,few,asc,15,0,1,1,1038959.000
kernel,vector,i32,1000000,few,asc,15,1,1,1,1142625.000
kernel,vector,i32,1000000,few,asc,15,0,2,1,1037958.000
kernel,vector,i32,1000000,few,asc,15,1,2,1,1122334.000
kernel,vector,i32,1000000,few,asc,15,0,3,1,1067917.000
kernel,vector,i32,1000000,few,asc,15,1,3,1,1103958.000
kernel,vector,i32,1000000,few,asc,15,1,4,1,1139708.000
kernel,vector,i32,1000000,few,asc,15,0,4,1,1116833.000
kernel,vector,i32,1000000,few,asc,15,1,5,1,1127000.000
kernel,vector,i32,1000000,few,asc,15,0,5,1,1044416.000
kernel,vector,i32,1000000,few,asc,15,1,6,1,1191375.000
kernel,vector,i32,1000000,few,asc,15,0,6,1,1062000.000
kernel,vector,i32,1000000,few,desc,15,1,0,1,1099750.000
kernel,vector,i32,1000000,few,desc,15,0,0,1,1117500.000
kernel,vector,i32,1000000,few,desc,15,0,1,1,1062917.000
kernel,vector,i32,1000000,few,desc,15,1,1,1,1108042.000
kernel,vector,i32,1000000,few,desc,15,0,2,1,1054500.000
kernel,vector,i32,1000000,few,desc,15,1,2,1,1127542.000
kernel,vector,i32,1000000,few,desc,15,1,3,1,1126875.000
kernel,vector,i32,1000000,few,desc,15,0,3,1,1058583.000
kernel,vector,i32,1000000,few,desc,15,0,4,1,1093708.000
kernel,vector,i32,1000000,few,desc,15,1,4,1,1106125.000
kernel,vector,i32,1000000,few,desc,15,1,5,1,1107792.000
kernel,vector,i32,1000000,few,desc,15,0,5,1,1149375.000
kernel,vector,i32,1000000,few,desc,15,0,6,1,1053667.000
kernel,vector,i32,1000000,few,desc,15,1,6,1,1112625.000
sorted,vector,i32,1000000,ordered,asc,0,1,0,3,236680.667
sorted,vector,i32,1000000,ordered,asc,0,0,0,3,224611.000
sorted,vector,i32,1000000,ordered,asc,0,0,1,3,222569.333
sorted,vector,i32,1000000,ordered,asc,0,1,1,3,222375.000
sorted,vector,i32,1000000,ordered,asc,0,0,2,3,222263.667
sorted,vector,i32,1000000,ordered,asc,0,1,2,3,223236.333
sorted,vector,i32,1000000,ordered,asc,0,1,3,3,229833.333
sorted,vector,i32,1000000,ordered,asc,0,0,3,3,222555.667
sorted,vector,i32,1000000,ordered,asc,0,1,4,3,222569.333
sorted,vector,i32,1000000,ordered,asc,0,0,4,3,224402.667
sorted,vector,i32,1000000,ordered,asc,0,1,5,3,223291.667
sorted,vector,i32,1000000,ordered,asc,0,0,5,3,222555.333
sorted,vector,i32,1000000,ordered,asc,0,1,6,3,232514.000
sorted,vector,i32,1000000,ordered,asc,0,0,6,3,223597.000
sorted,vector,i32,1000000,ordered,desc,0,1,0,2,286104.000
sorted,vector,i32,1000000,ordered,desc,0,0,0,2,273417.000
sorted,vector,i32,1000000,ordered,desc,0,1,1,2,289729.500
sorted,vector,i32,1000000,ordered,desc,0,0,1,2,275062.500
sorted,vector,i32,1000000,ordered,desc,0,0,2,2,273375.000
sorted,vector,i32,1000000,ordered,desc,0,1,2,2,277542.000
sorted,vector,i32,1000000,ordered,desc,0,1,3,2,273375.000
sorted,vector,i32,1000000,ordered,desc,0,0,3,2,273396.000
sorted,vector,i32,1000000,ordered,desc,0,1,4,2,273333.500
sorted,vector,i32,1000000,ordered,desc,0,0,4,2,274770.500
sorted,vector,i32,1000000,ordered,desc,0,0,5,2,288875.000
sorted,vector,i32,1000000,ordered,desc,0,1,5,2,278125.000
sorted,vector,i32,1000000,ordered,desc,0,1,6,2,283229.500
sorted,vector,i32,1000000,ordered,desc,0,0,6,2,282375.000
sorted,vector,i32,1000000,reverse,asc,0,1,0,2,272271.000
sorted,vector,i32,1000000,reverse,asc,0,0,0,2,273416.500
sorted,vector,i32,1000000,reverse,asc,0,0,1,2,273458.000
sorted,vector,i32,1000000,reverse,asc,0,1,1,2,272229.000
sorted,vector,i32,1000000,reverse,asc,0,1,2,2,276875.000
sorted,vector,i32,1000000,reverse,asc,0,0,2,2,276438.000
sorted,vector,i32,1000000,reverse,asc,0,1,3,2,274916.500
sorted,vector,i32,1000000,reverse,asc,0,0,3,2,273416.500
sorted,vector,i32,1000000,reverse,asc,0,0,4,2,297104.000
sorted,vector,i32,1000000,reverse,asc,0,1,4,2,275063.000
sorted,vector,i32,1000000,reverse,asc,0,1,5,2,275146.000
sorted,vector,i32,1000000,reverse,asc,0,0,5,2,284312.000
sorted,vector,i32,1000000,reverse,asc,0,1,6,2,273813.000
sorted,vector,i32,1000000,reverse,asc,0,0,6,2,273500.000
sorted,vector,i32,1000000,reverse,desc,0,1,0,3,222722.333
sorted,vector,i32,1000000,reverse,desc,0,0,0,3,224916.667
sorted,vector,i32,1000000,reverse,desc,0,0,1,3,222624.667
sorted,vector,i32,1000000,reverse,desc,0,1,1,3,222583.333
sorted,vector,i32,1000000,reverse,desc,0,0,2,3,222583.667
sorted,vector,i32,1000000,reverse,desc,0,1,2,3,231638.667
sorted,vector,i32,1000000,reverse,desc,0,0,3,2,320791.500
sorted,vector,i32,1000000,reverse,desc,0,1,3,3,226500.000
sorted,vector,i32,1000000,reverse,desc,0,1,4,3,222625.333
sorted,vector,i32,1000000,reverse,desc,0,0,4,3,224403.000
sorted,vector,i32,1000000,reverse,desc,0,0,5,3,222569.667
sorted,vector,i32,1000000,reverse,desc,0,1,5,3,222638.667
sorted,vector,i32,1000000,reverse,desc,0,0,6,3,222541.667
sorted,vector,i32,1000000,reverse,desc,0,1,6,3,224625.333
sorted,vector,i32,1000000,nearly,asc,0,1,0,1,2916333.000
sorted,vector,i32,1000000,nearly,asc,0,0,0,1,2690250.000
sorted,vector,i32,1000000,nearly,asc,0,0,1,1,2721834.000
sorted,vector,i32,1000000,nearly,asc,0,1,1,1,2866709.000
sorted,vector,i32,1000000,nearly,asc,0,1,2,1,2854500.000
sorted,vector,i32,1000000,nearly,asc,0,0,2,1,2754333.000
sorted,vector,i32,1000000,nearly,asc,0,0,3,1,2702333.000
sorted,vector,i32,1000000,nearly,asc,0,1,3,1,2891541.000
sorted,vector,i32,1000000,nearly,asc,0,1,4,1,2882459.000
sorted,vector,i32,1000000,nearly,asc,0,0,4,1,2705375.000
sorted,vector,i32,1000000,nearly,asc,0,0,5,1,2683292.000
sorted,vector,i32,1000000,nearly,asc,0,1,5,1,2897917.000
sorted,vector,i32,1000000,nearly,asc,0,0,6,1,2698458.000
sorted,vector,i32,1000000,nearly,asc,0,1,6,1,2878708.000
sorted,vector,i32,1000000,nearly,desc,0,1,0,1,2652125.000
sorted,vector,i32,1000000,nearly,desc,0,0,0,1,2852500.000
sorted,vector,i32,1000000,nearly,desc,0,0,1,1,2766375.000
sorted,vector,i32,1000000,nearly,desc,0,1,1,1,2788416.000
sorted,vector,i32,1000000,nearly,desc,0,1,2,1,2653750.000
sorted,vector,i32,1000000,nearly,desc,0,0,2,1,2754708.000
sorted,vector,i32,1000000,nearly,desc,0,0,3,1,2734417.000
sorted,vector,i32,1000000,nearly,desc,0,1,3,1,2707333.000
sorted,vector,i32,1000000,nearly,desc,0,0,4,1,2760833.000
sorted,vector,i32,1000000,nearly,desc,0,1,4,1,2704417.000
sorted,vector,i32,1000000,nearly,desc,0,0,5,1,2731291.000
sorted,vector,i32,1000000,nearly,desc,0,1,5,1,2661167.000
sorted,vector,i32,1000000,nearly,desc,0,1,6,1,2802458.000
sorted,vector,i32,1000000,nearly,desc,0,0,6,1,2691250.000
sorted,vector,i32,1000000,equal,asc,0,1,0,3,233694.000
sorted,vector,i32,1000000,equal,asc,0,0,0,3,222333.333
sorted,vector,i32,1000000,equal,asc,0,0,1,3,222277.333
sorted,vector,i32,1000000,equal,asc,0,1,1,3,222208.667
sorted,vector,i32,1000000,equal,asc,0,1,2,3,228611.000
sorted,vector,i32,1000000,equal,asc,0,0,2,3,241222.000
sorted,vector,i32,1000000,equal,asc,0,1,3,3,222264.000
sorted,vector,i32,1000000,equal,asc,0,0,3,3,221806.000
sorted,vector,i32,1000000,equal,asc,0,1,4,3,232333.000
sorted,vector,i32,1000000,equal,asc,0,0,4,3,221708.333
sorted,vector,i32,1000000,equal,asc,0,0,5,3,221708.667
sorted,vector,i32,1000000,equal,asc,0,1,5,3,223499.667
sorted,vector,i32,1000000,equal,asc,0,1,6,3,222597.333
sorted,vector,i32,1000000,equal,asc,0,0,6,3,222708.333
sorted,vector,i32,1000000,equal,desc,0,0,0,3,231375.000
sorted,vector,i32,1000000,equal,desc,0,1,0,3,221736.000
sorted,vector,i32,1000000,equal,desc,0,0,1,3,223764.000
sorted,vector,i32,1000000,equal,desc,0,1,1,3,221694.667
sorted,vector,i32,1000000,equal,desc,0,0,2,3,221721.667
sorted,vector,i32,1000000,equal,desc,0,1,2,3,221792.000
sorted,vector,i32,1000000,equal,desc,0,1,3,3,230083.333
sorted,vector,i32,1000000,equal,desc,0,0,3,3,222472.000
sorted,vector,i32,1000000,equal,desc,0,1,4,3,222305.667
sorted,vector,i32,1000000,equal,desc,0,0,4,3,222236.000
sorted,vector,i32,1000000,equal,desc,0,1,5,3,222263.667
sorted,vector,i32,1000000,equal,desc,0,0,5,3,222250.333
sorted,vector,i32,1000000,equal,desc,0,0,6,3,231111.333
sorted,vector,i32,1000000,equal,desc,0,1,6,3,227263.667
sorted,array,i32,65536,full,asc,0,1,0,3,200611.000
sorted,array,i32,65536,full,asc,0,0,0,3,207402.667
sorted,array,i32,65536,full,asc,0,1,1,3,205542.000
sorted,array,i32,65536,full,asc,0,0,1,3,207542.000
sorted,array,i32,65536,full,asc,0,0,2,3,213250.000
sorted,array,i32,65536,full,asc,0,1,2,3,208735.667
sorted,array,i32,65536,full,asc,0,0,3,3,209750.000
sorted,array,i32,65536,full,asc,0,1,3,3,228750.000
sorted,array,i32,65536,full,asc,0,1,4,3,200792.000
sorted,array,i32,65536,full,asc,0,0,4,3,220917.000
sorted,array,i32,65536,full,asc,0,1,5,3,204138.667
sorted,array,i32,65536,full,asc,0,0,5,3,195402.333
sorted,array,i32,65536,full,asc,0,1,6,3,193820.000
sorted,array,i32,65536,full,asc,0,0,6,3,196597.667
sorted,array,i32,65536,full,desc,0,1,0,3,205833.333
sorted,array,i32,65536,full,desc,0,0,0,3,200611.000
sorted,array,i32,65536,full,desc,0,0,1,3,194694.333
sorted,array,i32,65536,full,desc,0,1,1,3,215333.333
sorted,array,i32,65536,full,desc,0,1,2,3,229055.667
sorted,array,i32,65536,full,desc,0,0,2,3,230305.667
sorted,array,i32,65536,full,desc,0,0,3,3,215472.000
sorted,array,i32,65536,full,desc,0,1,3,3,219263.667
sorted,array,i32,65536,full,desc,0,1,4,3,236430.667
sorted,array,i32,65536,full,desc,0,0,4,3,223916.667
sorted,array,i32,65536,full,desc,0,1,5,3,209374.667
sorted,array,i32,65536,full,desc,0,0,5,3,198125.000
sorted,array,i32,65536,full,desc,0,1,6,3,194736.000
sorted,array,i32,65536,full,desc,0,0,6,3,199194.667
sorted,array,i32,65536,bits22,asc,0,0,0,3,183819.333
sorted,array,i32,65536,bits22,asc,0,1,0,3,176153.000
sorted,array,i32,65536,bits22,asc,0,0,1,3,175055.333
sorted,array,i32,65536,bits22,asc,0,1,1,3,173888.667
sorted,array,i32,65536,bits22,asc,0,0,2,3,180847.000
sorted,array,i32,65536,bits22,asc,0,1,2,3,194528.000
sorted,array,i32,65536,bits22,asc,0,0,3,3,177667.000
sorted,array,i32,65536,bits22,asc,0,1,3,3,169611.000
sorted,array,i32,65536,bits22,asc,0,1,4,4,145229.500
sorted,array,i32,65536,bits22,asc,0,0,4,4,147614.250
sorted,array,i32,65536,bits22,asc,0,1,5,4,136614.500
sorted,array,i32,65536,bits22,asc,0,0,5,4,141937.250
sorted,array,i32,65536,bits22,asc,0,0,6,4,145052.250
sorted,array,i32,65536,bits22,asc,0,1,6,4,139885.750
sorted,array,i32,65536,bits22,desc,0,0,0,4,148333.500
sorted,array,i32,65536,bits22,desc,0,1,0,4,153073.250
sorted,array,i32,65536,bits22,desc,0,0,1,4,144635.750
sorted,array,i32,65536,bits22,desc,0,1,1,4,151906.250
sorted,array,i32,65536,bits22,desc,0,1,2,3,173902.333
sorted,array,i32,65536,bits22,desc,0,0,2,3,177541.667
sorted,array,i32,65536,bits22,desc,0,1,3,4,156062.500
sorted,array,i32,65536,bits22,desc,0,0,3,4,147104.500
sorted,array,i32,65536,bits22,desc,0,1,4,4,147333.250
sorted,array,i32,65536,bits22,desc,0,0,4,4,145343.750
sorted,array,i32,65536,bits22,desc,0,1,5,4,144771.000
sorted,array,i32,65536,bits22,desc,0,0,5,4,150625.250
sorted,array,i32,65536,bits22,desc,0,1,6,4,152802.000
sorted,array,i32,65536,bits22,desc,0,0,6,4,145854.000
sorted,array,i32,65536,gaps,asc,0,1,0,3,262375.000
sorted,array,i32,65536,gaps,asc,0,0,0,3,258805.667
sorted,array,i32,65536,gaps,asc,0,0,1,2,292208.500
sorted,array,i32,65536,gaps,asc,0,1,1,3,251374.667
sorted,array,i32,65536,gaps,asc,0,1,2,2,266604.000
sorted,array,i32,65536,gaps,asc,0,0,2,2,283895.500
sorted,array,i32,65536,gaps,asc,0,0,3,2,267792.000
sorted,array,i32,65536,gaps,asc,0,1,3,2,267208.000
sorted,array,i32,65536,gaps,asc,0,1,4,2,266146.000
sorted,array,i32,65536,gaps,asc,0,0,4,2,297354.000
sorted,array,i32,65536,gaps,asc,0,1,5,2,282270.500
sorted,array,i32,65536,gaps,asc,0,0,5,3,248180.667
sorted,array,i32,65536,gaps,asc,0,0,6,3,263152.667
sorted,array,i32,65536,gaps,asc,0,1,6,2,263271.000
sorted,array,i32,65536,gaps,desc,0,0,0,2,270104.000
sorted,array,i32,65536,gaps,desc,0,1,0,2,295562.500
sorted,array,i32,65536,gaps,desc,0,0,1,3,267639.000
sorted,array,i32,65536,gaps,desc,0,1,1,2,273271.000
sorted,array,i32,65536,gaps,desc,0,1,2,2,272562.500
sorted,array,i32,65536,gaps,desc,0,0,2,3,265138.667
sorted,array,i32,65536,gaps,desc,0,1,3,3,250263.667
sorted,array,i32,65536,gaps,desc,0,0,3,2,290187.500
sorted,array,i32,65536,gaps,desc,0,1,4,2,287146.000
sorted,array,i32,65536,gaps,desc,0,0,4,2,262812.500
sorted,array,i32,65536,gaps,desc,0,0,5,2,262979.500
sorted,array,i32,65536,gaps,desc,0,1,5,2,272020.500
sorted,array,i32,65536,gaps,desc,0,1,6,2,334645.500
sorted,array,i32,65536,gaps,desc,0,0,6,2,277604.500
sorted,array,i32,65536,few,asc,0,1,0,4,137739.750
sorted,array,i32,65536,few,asc,0,0,0,5,118283.800
sorted,array,i32,65536,few,asc,0,0,1,5,111975.200
sorted,array,i32,65536,few,asc,0,1,1,5,122200.000
sorted,array,i32,65536,few,asc,0,0,2,5,110075.200
sorted,array,i32,65536,few,asc,0,1,2,5,114066.600
sorted,array,i32,65536,few,asc,0,0,3,5,108866.400
sorted,array,i32,65536,few,asc,0,1,3,3,198361.000
sorted,array,i32,65536,few,asc,0,0,4,4,140145.750
sorted,array,i32,65536,few,asc,0,1,4,4,135333.250
sorted,array,i32,65536,few,asc,0,0,5,5,117950.200
sorted,array,i32,65536,few,asc,0,1,5,5,108758.200
sorted,array,i32,65536,few,asc,0,0,6,5,113791.600
sorted,array,i32,65536,few,asc,0,1,6,5,107575.200
sorted,array,i32,65536,few,desc,0,0,0,4,130864.000
sorted,array,i32,65536,few,desc,0,1,0,4,130760.000
sorted,array,i32,65536,few,desc,0,0,1,4,127073.000
sorted,array,i32,65536,few,desc,0,1,1,4,137979.250
sorted,array,i32,65536,few,desc,0,0,2,4,126552.250
sorted,array,i32,65536,few,desc,0,1,2,4,138250.000
sorted,array,i32,65536,few,desc,0,1,3,4,146385.500
sorted,array,i32,65536,few,desc,0,0,3,4,154250.250
sorted,array,i32,65536,few,desc,0,0,4,4,134302.250
sorted,array,i32,65536,few,desc,0,1,4,4,142573.000
sorted,array,i32,65536,few,desc,0,0,5,5,106208.600
sorted,array,i32,65536,few,desc,0,1,5,5,114641.800
sorted,array,i32,65536,few,desc,0,1,6,5,105241.400
sorted,array,i32,65536,few,desc,0,0,6,5,103741.600
sorted,array,i32,65536,ordered,asc,0,0,0,22,23513.182
sorted,array,i32,65536,ordered,asc,0,1,0,22,24299.227
sorted,array,i32,65536,ordered,asc,0,0,1,22,23549.227
sorted,array,i32,65536,ordered,asc,0,1,1,22,23687.455
sorted,array,i32,65536,ordered,asc,0,1,2,22,23568.409
sorted,array,i32,65536,ordered,asc,0,0,2,22,24077.636
sorted,array,i32,65536,ordered,asc,0,1,3,22,23680.091
sorted,array,i32,65536,ordered,asc,0,0,3,22,23564.364
sorted,array,i32,65536,ordered,asc,0,1,4,22,23566.364
sorted,array,i32,65536,ordered,asc,0,0,4,22,23587.045
sorted,array,i32,65536,ordered,asc,0,1,5,21,24837.333
sorted,array,i32,65536,ordered,asc,0,0,5,21,24035.810
sorted,array,i32,65536,ordered,asc,0,0,6,21,24000.143
sorted,array,i32,65536,ordered,asc,0,1,6,21,24706.571
sorted,array,i32,65536,ordered,desc,0,1,0,14,35815.286
sorted,array,i32,65536,ordered,desc,0,0,0,16,33101.625
sorted,array,i32,65536,ordered,desc,0,0,1,16,32934.812
sorted,array,i32,65536,ordered,desc,0,1,1,15,33475.067
sorted,array,i32,65536,ordered,desc,0,0,2,16,32570.438
sorted,array,i32,65536,ordered,desc,0,1,2,16,32778.562
sorted,array,i32,65536,ordered,desc,0,1,3,15,34308.533
sorted,array,i32,65536,ordered,desc,0,0,3,15,33808.400
sorted,array,i32,65536,ordered,desc,0,0,4,15,33866.667
sorted,array,i32,65536,ordered,desc,0,1,4,15,35713.800
sorted,array,i32,65536,ordered,desc,0,0,5,15,34030.533
sorted,array,i32,65536,ordered,desc,0,1,5,15,34091.600
sorted,array,i32,65536,ordered,desc,0,1,6,15,34569.267
sorted,array,i32,65536,ordered,desc,0,0,6,15,34816.733
sorted,array,i32,65536,reverse,asc,0,0,0,15,35363.933
sorted,array,i32,65536,reverse,asc,0,1,0,16,32546.938
sorted,array,i32,65536,reverse,asc,0,1,1,16,32674.500
sorted,array,i32,65536,reverse,asc,0,0,1,16,32645.938
sorted,array,i32,65536,reverse,asc,0,0,2,16,32640.500
sorted,array,i32,65536,reverse,asc,0,1,2,16,32505.250
sorted,array,i32,65536,reverse,asc,0,0,3,15,34386.067
sorted,array,i32,65536,reverse,asc,0,1,3,16,33307.250
sorted,array,i32,65536,reverse,asc,0,0,4,15,34747.200
sorted,array,i32,65536,reverse,asc,0,1,4,15,34247.267
sorted,array,i32,65536,reverse,asc,0,1,5,16,33067.562
sorted,array,i32,65536,reverse,asc,0,0,5,15,34297.133
sorted,array,i32,65536,reverse,asc,0,1,6,14,36419.714
sorted,array,i32,65536,reverse,asc,0,0,6,15,33788.867
sorted,array,i32,65536,reverse,desc,0,0,0,21,24065.619
sorted,array,i32,65536,reverse,desc,0,1,0,22,23541.636
sorted,array,i32,65536,reverse,desc,0,0,1,22,23552.955
sorted,array,i32,65536,reverse,desc,0,1,1,22,23535.818
sorted,array,i32,65536,reverse,desc,0,1,2,22,23570.136
sorted,array,i32,65536,reverse,desc,0,0,2,22,23547.409
sorted,array,i32,65536,reverse,desc,0,1,3,22,23517.045
sorted,array,i32,65536,reverse,desc,0,0,3,21,24136.810
sorted,array,i32,65536,reverse,desc,0,0,4,21,23813.333
sorted,array,i32,65536,reverse,desc,0,1,4,21,24990.095
sorted,array,i32,65536,reverse,desc,0,1,5,21,24051.476
sorted,array,i32,65536,reverse,desc,0,0,5,20,25087.450
sorted,array,i32,65536,reverse,desc,0,1,6,22,23568.273
sorted,array,i32,65536,reverse,desc,0,0,6,22,23534.000
sorted,array,i32,65536,nearly,asc,0,0,0,3,178416.667
sorted,array,i32,65536,nearly,asc,0,1,0,3,173222.000
sorted,array,i32,65536,nearly,asc,0,1,1,3,180597.000
sorted,array,i32,65536,nearly,asc,0,0,1,3,185889.000
sorted,array,i32,65536,nearly,asc,0,0,2,3,181680.667
sorted,array,i32,65536,nearly,asc,0,1,2,3,185930.333
sorted,array,i32,65536,nearly,asc,0,0,3,3,184611.000
sorted,array,i32,65536,nearly,asc,0,1,3,3,181083.667
sorted,array,i32,65536,nearly,asc,0,1,4,3,172541.333
sorted,array,i32,65536,nearly,asc,0,0,4,3,172069.667
sorted,array,i32,65536,nearly,asc,0,1,5,3,173528.000
sorted,array,i32,65536,nearly,asc,0,0,5,3,176666.667
sorted,array,i32,65536,nearly,asc,0,0,6,3,184527.667
sorted,array,i32,65536,nearly,asc,0,1,6,3,179527.667
sorted,array,i32,65536,nearly,desc,0,0,0,3,169889.000
sorted,array,i32,65536,nearly,desc,0,1,0,3,183930.667
sorted,array,i32,65536,nearly,desc,0,1,1,3,173430.667
sorted,array,i32,65536,nearly,desc,0,0,1,3,182500.000
sorted,array,i32,65536,nearly,desc,0,0,2,3,185694.667
sorted,array,i32,65536,nearly,desc,0,1,2,3,188027.667
sorted,array,i32,65536,nearly,desc,0,0,3,3,179000.000
sorted,array,i32,65536,nearly,desc,0,1,3,3,173291.667
sorted,array,i32,65536,nearly,desc,0,0,4,3,185278.000
sorted,array,i32,65536,nearly,desc,0,1,4,3,172167.000
sorted,array,i32,65536,nearly,desc,0,0,5,3,183499.667
sorted,array,i32,65536,nearly,desc,0,1,5,3,173055.667
sorted,array,i32,65536,nearly,desc,0,1,6,3,183750.333
sorted,array,i32,65536,nearly,desc,0,0,6,3,196528.000
sorted,array,i32,65536,equal,asc,0,0,0,22,23547.273
sorted,array,i32,65536,equal,asc,0,1,0,22,23549.273
sorted,array,i32,65536,equal,asc,0,0,1,22,23535.909
sorted,array,i32,65536,equal,asc,0,1,1,22,23589.000
sorted,array,i32,65536,equal,asc,0,0,2,22,23602.364
sorted,array,i32,65536,equal,asc,0,1,2,21,23900.762
sorted,array,i32,65536,equal,asc,0,1,3,22,23570.091
sorted,array,i32,65536,equal,asc,0,0,3,22,23560.727
sorted,array,i32,65536,equal,asc,0,0,4,20,25129.250
sorted,array,i32,65536,equal,asc,0,1,4,22,23573.818
sorted,array,i32,65536,equal,asc,0,1,5,22,23530.364
sorted,array,i32,65536,equal,asc,0,0,5,22,23543.364
sorted,array,i32,65536,equal,asc,0,1,6,21,24220.286
sorted,array,i32,65536,equal,asc,0,0,6,22,23784.318
sorted,array,i32,65536,equal,desc,0,1,0,21,24220.286
sorted,array,i32,65536,equal,desc,0,0,0,21,24672.667
sorted,array,i32,65536,equal,desc,0,1,1,21,24227.905
sorted,array,i32,65536,equal,desc,0,0,1,21,24216.333
sorted,array,i32,65536,equal,desc,0,1,2,20,25097.950
sorted,array,i32,65536,equal,desc,0,0,2,20,25422.650
sorted,array,i32,65536,equal,desc,0,0,3,22,23636.318
sorted,array,i32,65536,equal,desc,0,1,3,21,24551.762
sorted,array,i32,65536,equal,desc,0,0,4,22,23750.045
sorted,array,i32,65536,equal,desc,0,1,4,21,24448.429
sorted,array,i32,65536,equal,desc,0,1,5,21,24688.571
sorted,array,i32,65536,equal,desc,0,0,5,22,23890.136
sorted,array,i32,65536,equal,desc,0,1,6,21,24301.524
sorted,array,i32,65536,equal,desc,0,0,6,21,24817.476
sorted,vector,i64,128,full,asc,0,0,0,512,344.246
sorted,vector,i64,128,full,asc,0,1,0,512,338.863
sorted,vector,i64,128,full,asc,0,0,1,512,336.510
sorted,vector,i64,128,full,asc,0,1,1,512,349.754
sorted,vector,i64,128,full,asc,0,0,2,512,345.951
sorted,vector,i64,128,full,asc,0,1,2,512,341.236
sorted,vector,i64,128,full,asc,0,0,3,512,344.730
sorted,vector,i64,128,full,asc,0,1,3,512,342.533
sorted,vector,i64,128,full,asc,0,0,4,512,404.068
sorted,vector,i64,128,full,asc,0,1,4,512,340.164
sorted,vector,i64,128,full,asc,0,0,5,512,345.791
sorted,vector,i64,128,full,asc,0,1,5,512,349.117
sorted,vector,i64,128,full,asc,0,1,6,512,360.840
sorted,vector,i64,128,full,asc,0,0,6,512,363.199
sorted,vector,i64,128,full,desc,0,1,0,512,460.844
sorted,vector,i64,128,full,desc,0,0,0,512,467.512
sorted,vector,i64,128,full,desc,0,0,1,512,438.697
sorted,vector,i64,128,full,desc,0,1,1,512,516.844
sorted,vector,i64,128,full,desc,0,0,2,512,437.910
sorted,vector,i64,128,full,desc,0,1,2,512,439.420
sorted,vector,i64,128,full,desc,0,0,3,512,485.281
sorted,vector,i64,128,full,desc,0,1,3,512,438.500
sorted,vector,i64,128,full,desc,0,1,4,512,437.691
sorted,vector,i64,128,full,desc,0,0,4,512,450.213
sorted,vector,i64,128,full,desc,0,1,5,512,472.930
sorted,vector,i64,128,full,desc,0,0,5,512,438.314
sorted,vector,i64,128,full,desc,0,0,6,512,434.619
sorted,vector,i64,128,full,desc,0,1,6,512,462.248
sorted,vector,i64,128,bits22,asc,0,1,0,512,339.676
sorted,vector,i64,128,bits22,asc,0,0,0,512,341.879
sorted,vector,i64,128,bits22,asc,0,1,1,512,340.900
sorted,vector,i64,128,bits22,asc,0,0,1,512,349.375
sorted,vector,i64,128,bits22,asc,0,0,2,512,350.434
sorted,vector,i64,128,bits22,asc,0,1,2,512,341.312
sorted,vector,i64,128,bits22,asc,0,1,3,512,344.893
sorted,vector,i64,128,bits22,asc,0,0,3,512,343.264
sorted,vector,i64,128,bits22,asc,0,0,4,512,343.523
sorted,vector,i64,128,bits22,asc,0,1,4,512,358.816
sorted,vector,i64,128,bits22,asc,0,1,5,512,343.023
sorted,vector,i64,128,bits22,asc,0,0,5,512,392.594
sorted,vector,i64,128,bits22,asc,0,0,6,512,421.971
sorted,vector,i64,128,bits22,asc,0,1,6,512,387.129
sorted,vector,i64,128,bits22,desc,0,0,0,512,484.066
sorted,vector,i64,128,bits22,desc,0,1,0,512,496.918
sorted,vector,i64,128,bits22,desc,0,1,1,512,476.629
sorted,vector,i64,128,bits22,desc,0,0,1,512,462.828
sorted,vector,i64,128,bits22,desc,0,1,2,512,491.639
sorted,vector,i64,128,bits22,desc,0,0,2,512,507.977
sorted,vector,i64,128,bits22,desc,0,1,3,512,468.820
sorted,vector,i64,128,bits22,desc,0,0,3,512,465.961
sorted,vector,i64,128,bits22,desc,0,1,4,512,519.289
sorted,vector,i64,128,bits22,desc,0,0,4,512,477.945
sorted,vector,i64,128,bits22,desc,0,1,5,512,468.172
sorted,vector,i64,128,bits22,desc,0,0,5,512,519.092
sorted,vector,i64,128,bits22,desc,0,1,6,512,520.496
sorted,vector,i64,128,bits22,desc,0,0,6,512,484.635
sorted,vector,i64,128,gaps,asc,0,1,0,512,381.758
sorted,vector,i64,128,gaps,asc,0,0,0,512,363.934
sorted,vector,i64,128,gaps,asc,0,0,1,512,360.020
sorted,vector,i64,128,gaps,asc,0,1,1,512,361.508
sorted,vector,i64,128,gaps,asc,0,1,2,512,366.289
sorted,vector,i64,128,gaps,asc,0,0,2,512,359.695
sorted,vector,i64,128,gaps,asc,0,1,3,512,399.004
sorted,vector,i64,128,gaps,asc,0,0,3,512,362.475
sorted,vector,i64,128,gaps,asc,0,1,4,512,392.178
sorted,vector,i64,128,gaps,asc,0,0,4,512,391.840
sorted,vector,i64,128,gaps,asc,0,1,5,512,406.170
sorted,vector,i64,128,gaps,asc,0,0,5,512,443.602
sorted,vector,i64,128,gaps,asc,0,0,6,512,439.947
sorted,vector,i64,128,gaps,asc,0,1,6,512,403.875
sorted,vector,i64,128,gaps,desc,0,0,0,512,477.379
sorted,vector,i64,128,gaps,desc,0,1,0,512,466.051
sorted,vector,i64,128,gaps,desc,0,0,1,512,450.619
sorted,vector,i64,128,gaps,desc,0,1,1,512,446.219
sorted,vector,i64,128,gaps,desc,0,1,2,512,496.725
sorted,vector,i64,128,gaps,desc,0,0,2,512,448.312
sorted,vector,i64,128,gaps,desc,0,1,3,512,447.326
sorted,vector,i64,128,gaps,desc,0,0,3,512,478.182
sorted,vector,i64,128,gaps,desc,0,1,4,512,478.855
sorted,vector,i64,128,gaps,desc,0,0,4,512,444.496
sorted,vector,i64,128,gaps,desc,0,1,5,512,451.996
sorted,vector,i64,128,gaps,desc,0,0,5,512,495.914
sorted,vector,i64,128,gaps,desc,0,1,6,512,460.916
sorted,vector,i64,128,gaps,desc,0,0,6,512,453.586
sorted,vector,i64,128,few,asc,0,1,0,512,332.002
sorted,vector,i64,128,few,asc,0,0,0,512,319.418
sorted,vector,i64,128,few,asc,0,1,1,512,320.873
sorted,vector,i64,128,few,asc,0,0,1,512,324.734
sorted,vector,i64,128,few,asc,0,0,2,512,323.811
sorted,vector,i64,128,few,asc,0,1,2,512,326.064
sorted,vector,i64,128,few,asc,0,0,3,512,327.229
sorted,vector,i64,128,few,asc,0,1,3,512,324.785
sorted,vector,i64,128,few,asc,0,1,4,512,325.133
sorted,vector,i64,128,few,asc,0,0,4,512,334.240
sorted,vector,i64,128,few,asc,0,0,5,512,328.867
sorted,vector,i64,128,few,asc,0,1,5,512,323.242
sorted,vector,i64,128,few,asc,0,0,6,512,323.020
sorted,vector,i64,128,few,asc,0,1,6,512,346.184
sorted,vector,i64,128,few,desc,0,1,0,512,321.719
sorted,vector,i64,128,few,desc,0,0,0,512,338.877
sorted,vector,i64,128,few,desc,0,1,1,512,329.031
sorted,vector,i64,128,few,desc,0,0,1,512,373.939
sorted,vector,i64,128,few,desc,0,0,2,512,352.121
sorted,vector,i64,128,few,desc,0,1,2,512,340.578
sorted,vector,i64,128,few,desc,0,1,3,512,339.760
sorted,vector,i64,128,few,desc,0,0,3,512,354.053
sorted,vector,i64,128,few,desc,0,0,4,512,379.080
sorted,vector,i64,128,few,desc,0,1,4,512,340.568
sorted,vector,i64,128,few,desc,0,0,5,512,341.393
sorted,vector,i64,128,few,desc,0,1,5,512,343.438
sorted,vector,i64,128,few,desc,0,0,6,512,373.781
sorted,vector,i64,128,few,desc,0,1,6,512,355.057
sorted,vector,i64,128,ordered,asc,0,1,0,512,40.119
sorted,vector,i64,128,ordered,asc,0,0,0,512,44.342
sorted,vector,i64,128,ordered,asc,0,1,1,512,47.709
sorted,vector,i64,128,ordered,asc,0,0,1,512,38.660
sorted,vector,i64,128,ordered,asc,0,1,2,512,39.836
sorted,vector,i64,128,ordered,asc,0,0,2,512,38.742
sorted,vector,i64,128,ordered,asc,0,1,3,512,38.500
sorted,vector,i64,128,ordered,asc,0,0,3,512,39.375
sorted,vector,i64,128,ordered,asc,0,0,4,512,38.322
sorted,vector,i64,128,ordered,asc,0,1,4,512,39.879
sorted,vector,i64,128,ordered,asc,0,0,5,512,42.814
sorted,vector,i64,128,ordered,asc,0,1,5,512,43.535
sorted,vector,i64,128,ordered,asc,0,0,6,512,43.619
sorted,vector,i64,128,ordered,asc,0,1,6,512,41.998
sorted,vector,i64,128,ordered,desc,0,1,0,512,48.590
sorted,vector,i64,128,ordered,desc,0,0,0,512,49.154
sorted,vector,i64,128,ordered,desc,0,0,1,512,48.582
sorted,vector,i64,128,ordered,desc,0,1,1,512,48.662
sorted,vector,i64,128,ordered,desc,0,1,2,512,54.037
sorted,vector,i64,128,ordered,desc,0,0,2,512,53.879
sorted,vector,i64,128,ordered,desc,0,0,3,512,54.043
sorted,vector,i64,128,ordered,desc,0,1,3,512,50.211
sorted,vector,i64,128,ordered,desc,0,0,4,512,48.170
sorted,vector,i64,128,ordered,desc,0,1,4,512,48.248
sorted,vector,i64,128,ordered,desc,0,0,5,512,46.955
sorted,vector,i64,128,ordered,desc,0,1,5,512,46.557
sorted,vector,i64,128,ordered,desc,0,1,6,512,51.416
sorted,vector,i64,128,ordered,desc,0,0,6,512,52.900
sorted,vector,i64,128,reverse,asc,0,0,0,512,50.541
sorted,vector,i64,128,reverse,asc,0,1,0,512,48.189
sorted,vector,i64,128,reverse,asc,0,1,1,512,47.699
sorted,vector,i64,128,reverse,asc,0,0,1,512,48.096
sorted,vector,i64,128,reverse,asc,0,1,2,512,47.123
sorted,vector,i64,128,reverse,asc,0,0,2,512,50.449
sorted,vector,i64,128,reverse,asc,0,0,3,512,53.543
sorted,vector,i64,128,reverse,asc,0,1,3,512,52.645
sorted,vector,i64,128,reverse,asc,0,1,4,512,51.678
sorted,vector,i64,128,reverse,asc,0,0,4,512,51.508
sorted,vector,i64,128,reverse,asc,0,1,5,512,50.613
sorted,vector,i64,128,reverse,asc,0,0,5,512,47.443
sorted,vector,i64,128,reverse,asc,0,0,6,512,46.721
sorted,vector,i64,128,reverse,asc,0,1,6,512,46.875
sorted,vector,i64,128,reverse,desc,0,0,0,512,39.941
sorted,vector,i64,128,reverse,desc,0,1,0,512,38.418
sorted,vector,i64,128,reverse,desc,0,0,1,512,38.973
sorted,vector,i64,128,reverse,desc,0,1,1,512,43.049
sorted,vector,i64,128,reverse,desc,0,0,2,512,38.896
sorted,vector,i64,128,reverse,desc,0,1,2,512,38.727
sorted,vector,i64,128,reverse,desc,0,1,3,512,39.311
sorted,vector,i64,128,reverse,desc,0,0,3,512,43.373
sorted,vector,i64,128,reverse,desc,0,1,4,512,42.473
sorted,vector,i64,128,reverse,desc,0,0,4,512,43.781
sorted,vector,i64,128,reverse,desc,0,0,5,512,43.957
sorted,vector,i64,128,reverse,desc,0,1,5,512,41.906
sorted,vector,i64,128,reverse,desc,0,0,6,512,41.672
sorted,vector,i64,128,reverse,desc,0,1,6,512,40.115
sorted,vector,i64,128,nearly,asc,0,1,0,512,196.676
sorted,vector,i64,128,nearly,asc,0,0,0,512,196.334
sorted,vector,i64,128,nearly,asc,0,1,1,512,194.812
sorted,vector,i64,128,nearly,asc,0,0,1,512,196.000
sorted,vector,i64,128,nearly,asc,0,1,2,512,195.797
sorted,vector,i64,128,nearly,asc,0,0,2,512,197.713
sorted,vector,i64,128,nearly,asc,0,1,3,512,203.861
sorted,vector,i64,128,nearly,asc,0,0,3,512,221.945
sorted,vector,i64,128,nearly,asc,0,1,4,512,200.203
sorted,vector,i64,128,nearly,asc,0,0,4,512,206.213
sorted,vector,i64,128,nearly,asc,0,0,5,512,236.473
sorted,vector,i64,128,nearly,asc,0,1,5,512,216.404
sorted,vector,i64,128,nearly,asc,0,1,6,512,191.561
sorted,vector,i64,128,nearly,asc,0,0,6,512,199.605
sorted,vector,i64,128,nearly,desc,0,0,0,512,203.459
sorted,vector,i64,128,nearly,desc,0,1,0,512,214.352
sorted,vector,i64,128,nearly,desc,0,1,1,512,234.979
sorted,vector,i64,128,nearly,desc,0,0,1,512,217.260
sorted,vector,i64,128,nearly,desc,0,0,2,512,208.246
sorted,vector,i64,128,nearly,desc,0,1,2,512,205.891
sorted,vector,i64,128,nearly,desc,0,1,3,512,205.891
sorted,vector,i64,128,nearly,desc,0,0,3,512,210.539
sorted,vector,i64,128,nearly,desc,0,0,4,512,229.414
sorted,vector,i64,128,nearly,desc,0,1,4,512,229.592
sorted,vector,i64,128,nearly,desc,0,1,5,512,204.186
sorted,vector,i64,128,nearly,desc,0,0,5,512,202.717
sorted,vector,i64,128,nearly,desc,0,0,6,512,200.953
sorted,vector,i64,128,nearly,desc,0,1,6,512,198.590
sorted,vector,i64,128,equal,asc,0,0,0,512,42.807
sorted,vector,i64,128,equal,asc,0,1,0,512,44.600
sorted,vector,i64,128,equal,asc,0,0,1,512,43.533
sorted,vector,i64,128,equal,asc,0,1,1,512,43.865
sorted,vector,i64,128,equal,asc,0,1,2,512,42.803
sorted,vector,i64,128,equal,asc,0,0,2,512,44.838
sorted,vector,i64,128,equal,asc,0,0,3,512,41.926
sorted,vector,i64,128,equal,asc,0,1,3,512,35.637
sorted,vector,i64,128,equal,asc,0,0,4,512,38.734
sorted,vector,i64,128,equal,asc,0,1,4,512,37.486
sorted,vector,i64,128,equal,asc,0,0,5,512,39.080
sorted,vector,i64,128,equal,asc,0,1,5,512,37.926
sorted,vector,i64,128,equal,asc,0,1,6,512,38.441
sorted,vector,i64,128,equal,asc,0,0,6,512,38.896
sorted,vector,i64,128,equal,desc,0,1,0,512,38.400
sorted,vector,i64,128,equal,desc,0,0,0,512,39.973
sorted,vector,i64,128,equal,desc,0,1,1,512,39.557
sorted,vector,i64,128,equal,desc,0,0,1,512,43.771
sorted,vector,i64,128,equal,desc,0,1,2,512,44.512
sorted,vector,i64,128,equal,desc,0,0,2,512,43.291
sorted,vector,i64,128,equal,desc,0,0,3,512,45.086
sorted,vector,i64,128,equal,desc,0,1,3,512,43.379
sorted,vector,i64,128,equal,desc,0,1,4,512,43.785
sorted,vector,i64,128,equal,desc,0,0,4,512,44.352
sorted,vector,i64,128,equal,desc,0,1,5,512,38.564
sorted,vector,i64,128,equal,desc,0,0,5,512,38.564
sorted,vector,i64,128,equal,desc,0,0,6,512,37.498
sorted,vector,i64,128,equal,desc,0,1,6,512,38.410
sorted,vector,i64,512,full,asc,0,0,0,210,2385.124
sorted,vector,i64,512,full,asc,0,1,0,208,2407.683
sorted,vector,i64,512,full,asc,0,0,1,209,2399.541
sorted,vector,i64,512,full,asc,0,1,1,210,2386.090
sorted,vector,i64,512,full,asc,0,0,2,202,2476.069
sorted,vector,i64,512,full,asc,0,1,2,182,2755.456
sorted,vector,i64,512,full,asc,0,0,3,207,2423.478
sorted,vector,i64,512,full,asc,0,1,3,210,2382.143
sorted,vector,i64,512,full,asc,0,0,4,210,2391.829
sorted,vector,i64,512,full,asc,0,1,4,211,2377.374
sorted,vector,i64,512,full,asc,0,1,5,210,2381.910
sorted,vector,i64,512,full,asc,0,0,5,207,2416.671
sorted,vector,i64,512,full,asc,0,0,6,208,2416.053
sorted,vector,i64,512,full,asc,0,1,6,210,2388.090
sorted,vector,i64,512,full,desc,0,1,0,211,2378.550
sorted,vector,i64,512,full,desc,0,0,0,216,2321.352
sorted,vector,i64,512,full,desc,0,0,1,215,2328.674
sorted,vector,i64,512,full,desc,0,1,1,210,2384.114
sorted,vector,i64,512,full,desc,0,0,2,196,2551.444
sorted,vector,i64,512,full,desc,0,1,2,218,2296.495
sorted,vector,i64,512,full,desc,0,1,3,209,2400.493
sorted,vector,i64,512,full,desc,0,0,3,220,2281.582
sorted,vector,i64,512,full,desc,0,1,4,209,2392.722
sorted,vector,i64,512,full,desc,0,0,4,220,2275.350
sorted,vector,i64,512,full,desc,0,0,5,207,2418.473
sorted,vector,i64,512,full,desc,0,1,5,222,2256.401
sorted,vector,i64,512,full,desc,0,0,6,210,2385.510
sorted,vector,i64,512,full,desc,0,1,6,217,2307.051
sorted,vector,i64,512,bits22,asc,0,0,0,227,2211.828
sorted,vector,i64,512,bits22,asc,0,1,0,225,2227.413
sorted,vector,i64,512,bits22,asc,0,1,1,225,2230.138
sorted,vector,i64,512,bits22,asc,0,0,1,225,2223.689
sorted,vector,i64,512,bits22,asc,0,1,2,203,2469.606
sorted,vector,i64,512,bits22,asc,0,0,2,210,2385.862
sorted,vector,i64,512,bits22,asc,0,0,3,204,2459.564
sorted,vector,i64,512,bits22,asc,0,1,3,203,2465.975
sorted,vector,i64,512,bits22,asc,0,0,4,203,2468.788
sorted,vector,i64,512,bits22,asc,0,1,4,201,2497.920
sorted,vector,i64,512,bits22,asc,0,0,5,204,2460.181
sorted,vector,i64,512,bits22,asc,0,1,5,204,2460.995
sorted,vector,i64,512,bits22,asc,0,0,6,204,2457.907
sorted,vector,i64,512,bits22,asc,0,1,6,204,2462.235
sorted,vector,i64,512,bits22,desc,0,0,0,222,2258.459
sorted,vector,i64,512,bits22,desc,0,1,0,211,2378.166
sorted,vector,i64,512,bits22,desc,0,1,1,222,2260.347
sorted,vector,i64,512,bits22,desc,0,0,1,195,2573.692
sorted,vector,i64,512,bits22,desc,0,1,2,223,2251.314
sorted,vector,i64,512,bits22,desc,0,0,2,210,2390.662
sorted,vector,i64,512,bits22,desc,0,0,3,221,2266.792
sorted,vector,i64,512,bits22,desc,0,1,3,211,2375.564
sorted,vector,i64,512,bits22,desc,0,1,4,219,2290.324
sorted,vector,i64,512,bits22,desc,0,0,4,213,2357.826
sorted,vector,i64,512,bits22,desc,0,1,5,216,2326.148
sorted,vector,i64,512,bits22,desc,0,0,5,212,2361.094
sorted,vector,i64,512,bits22,desc,0,1,6,212,2361.448
sorted,vector,i64,512,bits22,desc,0,0,6,210,2389.529
sorted,vector,i64,512,gaps,asc,0,1,0,214,2340.360
sorted,vector,i64,512,gaps,asc,0,0,0,208,2406.837
sorted,vector,i64,512,gaps,asc,0,0,1,213,2353.066
sorted,vector,i64,512,gaps,asc,0,1,1,192,2606.734
sorted,vector,i64,512,gaps,asc,0,1,2,199,2516.116
sorted,vector,i64,512,gaps,asc,0,0,2,202,2476.054
sorted,vector,i64,512,gaps,asc,0,0,3,214,2344.383
sorted,vector,i64,512,gaps,asc,0,1,3,183,2743.191
sorted,vector,i64,512,gaps,asc,0,0,4,195,2565.159
sorted,vector,i64,512,gaps,asc,0,1,4,178,2822.584
sorted,vector,i64,512,gaps,asc,0,0,5,190,2642.742
sorted,vector,i64,512,gaps,asc,0,1,5,188,2672.404
sorted,vector,i64,512,gaps,asc,0,1,6,212,2369.472
sorted,vector,i64,512,gaps,asc,0,0,6,211,2374.005
sorted,vector,i64,512,gaps,desc,0,0,0,208,2408.659
sorted,vector,i64,512,gaps,desc,0,1,0,205,2441.420
sorted,vector,i64,512,gaps,desc,0,1,1,201,2495.428
sorted,vector,i64,512,gaps,desc,0,0,1,194,2581.165
sorted,vector,i64,512,gaps,desc,0,1,2,204,2464.627
sorted,vector,i64,512,gaps,desc,0,0,2,199,2520.729
sorted,vector,i64,512,gaps,desc,0,1,3,202,2482.480
sorted,vector,i64,512,gaps,desc,0,0,3,202,2484.950
sorted,vector,i64,512,gaps,desc,0,1,4,201,2499.363
sorted,vector,i64,512,gaps,desc,0,0,4,206,2433.437
sorted,vector,i64,512,gaps,desc,0,0,5,198,2529.460
sorted,vector,i64,512,gaps,desc,0,1,5,205,2440.659
sorted,vector,i64,512,gaps,desc,0,1,6,199,2522.965
sorted,vector,i64,512,gaps,desc,0,0,6,209,2392.976
sorted,vector,i64,512,few,asc,0,0,0,512,882.422
sorted,vector,i64,512,few,asc,0,1,0,512,883.857
sorted,vector,i64,512,few,asc,0,1,1,512,933.932
sorted,vector,i64,512,few,asc,0,0,1,512,880.691
sorted,vector,i64,512,few,asc,0,1,2,512,885.385
sorted,vector,i64,512,few,asc,0,0,2,512,872.969
sorted,vector,i64,512,few,asc,0,0,3,512,866.852
sorted,vector,i64,512,few,asc,0,1,3,512,885.670
sorted,vector,i64,512,few,asc,0,1,4,512,885.648
sorted,vector,i64,512,few,asc,0,0,4,512,880.682
sorted,vector,i64,512,few,asc,0,0,5,512,879.666
sorted,vector,i64,512,few,asc,0,1,5,512,879.137
sorted,vector,i64,512,few,asc,0,1,6,512,875.465
sorted,vector,i64,512,few,asc,0,0,6,512,856.611
sorted,vector,i64,512,few,desc,0,0,0,512,872.953
sorted,vector,i64,512,few,desc,0,1,0,512,892.961
sorted,vector,i64,512,few,desc,0,0,1,512,899.477
sorted,vector,i64,512,few,desc,0,1,1,512,897.445
sorted,vector,i64,512,few,desc,0,1,2,512,890.449
sorted,vector,i64,512,few,desc,0,0,2,512,876.979
sorted,vector,i64,512,few,desc,0,0,3,512,976.059
sorted,vector,i64,512,few,desc,0,1,3,480,1043.881
sorted,vector,i64,512,few,desc,0,0,4,512,849.393
sorted,vector,i64,512,few,desc,0,1,4,512,921.086
sorted,vector,i64,512,few,desc,0,1,5,512,885.641
sorted,vector,i64,512,few,desc,0,0,5,512,893.838
sorted,vector,i64,512,few,desc,0,1,6,512,868.734
sorted,vector,i64,512,few,desc,0,0,6,512,894.924
sorted,vector,i64,512,ordered,asc,0,1,0,512,135.406
sorted,vector,i64,512,ordered,asc,0,0,0,512,147.293
sorted,vector,i64,512,ordered,asc,0,0,1,512,145.516
sorted,vector,i64,512,ordered,asc,0,1,1,512,131.910
sorted,vector,i64,512,ordered,asc,0,1,2,512,131.994
sorted,vector,i64,512,ordered,asc,0,0,2,512,134.023
sorted,vector,i64,512,ordered,asc,0,1,3,512,132.334
sorted,vector,i64,512,ordered,asc,0,0,3,512,136.227
sorted,vector,i64,512,ordered,asc,0,0,4,512,138.348
sorted,vector,i64,512,ordered,asc,0,1,4,512,146.475
sorted,vector,i64,512,ordered,asc,0,0,5,512,137.379
sorted,vector,i64,512,ordered,asc,0,1,5,512,157.217
sorted,vector,i64,512,ordered,asc,0,0,6,512,160.562
sorted,vector,i64,512,ordered,asc,0,1,6,512,135.484
sorted,vector,i64,512,ordered,desc,0,1,0,512,172.041
sorted,vector,i64,512,ordered,desc,0,0,0,512,179.525
sorted,vector,i64,512,ordered,desc,0,1,1,512,181.396
sorted,vector,i64,512,ordered,desc,0,0,1,512,168.369
sorted,vector,i64,512,ordered,desc,0,0,2,512,162.039
sorted,vector,i64,512,ordered,desc,0,1,2,512,163.000
sorted,vector,i64,512,ordered,desc,0,0,3,512,162.764
sorted,vector,i64,512,ordered,desc,0,1,3,512,175.291
sorted,vector,i64,512,ordered,desc,0,0,4,512,178.705
sorted,vector,i64,512,ordered,desc,0,1,4,512,210.777
sorted,vector,i64,512,ordered,desc,0,1,5,512,165.770
sorted,vector,i64,512,ordered,desc,0,0,5,512,172.029
sorted,vector,i64,512,ordered,desc,0,0,6,512,168.287
sorted,vector,i64,512,ordered,desc,0,1,6,512,163.484
sorted,vector,i64,512,reverse,asc,0,1,0,512,163.582
sorted,vector,i64,512,reverse,asc,0,0,0,512,162.588
sorted,vector,i64,512,reverse,asc,0,1,1,512,162.766
sorted,vector,i64,512,reverse,asc,0,0,1,512,165.525
sorted,vector,i64,512,reverse,asc,0,0,2,512,164.301
sorted,vector,i64,512,reverse,asc,0,1,2,512,162.850
sorted,vector,i64,512,reverse,asc,0,0,3,512,162.020
sorted,vector,i64,512,reverse,asc,0,1,3,512,162.846
sorted,vector,i64,512,reverse,asc,0,1,4,512,161.871
sorted,vector,i64,512,reverse,asc,0,0,4,512,162.918
sorted,vector,i64,512,reverse,asc,0,0,5,512,164.559
sorted,vector,i64,512,reverse,asc,0,1,5,512,164.473
sorted,vector,i64,512,reverse,asc,0,1,6,512,163.896
sorted,vector,i64,512,reverse,asc,0,0,6,512,181.076
sorted,vector,i64,512,reverse,desc,0,1,0,512,133.061
sorted,vector,i64,512,reverse,desc,0,0,0,512,131.264
sorted,vector,i64,512,reverse,desc,0,0,1,512,155.584
sorted,vector,i64,512,reverse,desc,0,1,1,512,134.115
sorted,vector,i64,512,reverse,desc,0,0,2,512,131.268
sorted,vector,i64,512,reverse,desc,0,1,2,512,135.992
sorted,vector,i64,512,reverse,desc,0,0,3,512,133.227
sorted,vector,i64,512,reverse,desc,0,1,3,512,131.836
sorted,vector,i64,512,reverse,desc,0,0,4,512,131.582
sorted,vector,i64,512,reverse,desc,0,1,4,512,131.752
sorted,vector,i64,512,reverse,desc,0,0,5,512,134.119
sorted,vector,i64,512,reverse,desc,0,1,5,512,131.588
sorted,vector,i64,512,reverse,desc,0,1,6,512,131.834
sorted,vector,i64,512,reverse,desc,0,0,6,512,132.232
sorted,vector,i64,512,nearly,asc,0,1,0,423,1183.806
sorted,vector,i64,512,nearly,asc,0,0,0,433,1156.760
sorted,vector,i64,512,nearly,asc,0,1,1,436,1148.888
sorted,vector,i64,512,nearly,asc,0,0,1,434,1153.712
sorted,vector,i64,512,nearly,asc,0,1,2,431,1160.578
sorted,vector,i64,512,nearly,asc,0,0,2,438,1143.929
sorted,vector,i64,512,nearly,asc,0,0,3,422,1185.415
sorted,vector,i64,512,nearly,asc,0,1,3,443,1129.521
sorted,vector,i64,512,nearly,asc,0,0,4,442,1133.396
sorted,vector,i64,512,nearly,asc,0,1,4,443,1130.551
sorted,vector,i64,512,nearly,asc,0,0,5,422,1186.130
sorted,vector,i64,512,nearly,asc,0,1,5,442,1132.552
sorted,vector,i64,512,nearly,asc,0,0,6,442,1133.296
sorted,vector,i64,512,nearly,asc,0,1,6,427,1171.248
sorted,vector,i64,512,nearly,desc,0,0,0,374,1340.005
sorted,vector,i64,512,nearly,desc,0,1,0,373,1343.472
sorted,vector,i64,512,nearly,desc,0,0,1,369,1355.079
sorted,vector,i64,512,nearly,desc,0,1,1,371,1348.116
sorted,vector,i64,512,nearly,desc,0,0,2,370,1352.373
sorted,vector,i64,512,nearly,desc,0,1,2,371,1349.585
sorted,vector,i64,512,nearly,desc,0,1,3,372,1347.419
sorted,vector,i64,512,nearly,desc,0,0,3,348,1438.652
sorted,vector,i64,512,nearly,desc,0,0,4,375,1336.096
sorted,vector,i64,512,nearly,desc,0,1,4,372,1346.030
sorted,vector,i64,512,nearly,desc,0,0,5,379,1320.332
sorted,vector,i64,512,nearly,desc,0,1,5,381,1314.218
sorted,vector,i64,512,nearly,desc,0,0,6,365,1371.197
sorted,vector,i64,512,nearly,desc,0,1,6,363,1379.493
sorted,vector,i64,512,equal,asc,0,1,0,512,131.096
sorted,vector,i64,512,equal,asc,0,0,0,512,131.836
sorted,vector,i64,512,equal,asc,0,1,1,512,133.291
sorted,vector,i64,512,equal,asc,0,0,1,512,132.244
sorted,vector,i64,512,equal,asc,0,1,2,512,131.920
sorted,vector,i64,512,equal,asc,0,0,2,512,131.592
sorted,vector,i64,512,equal,asc,0,1,3,512,132.490
sorted,vector,i64,512,equal,asc,0,0,3,512,130.539
sorted,vector,i64,512,equal,asc,0,0,4,512,132.322
sorted,vector,i64,512,equal,asc,0,1,4,512,135.176
sorted,vector,i64,512,equal,asc,0,0,5,512,150.404
sorted,vector,i64,512,equal,asc,0,1,5,512,132.734
sorted,vector,i64,512,equal,asc,0,1,6,512,131.766
sorted,vector,i64,512,equal,asc,0,0,6,512,131.178
sorted,vector,i64,512,equal,desc,0,1,0,512,132.561
sorted,vector,i64,512,equal,desc,0,0,0,512,132.654
sorted,vector,i64,512,equal,desc,0,0,1,512,131.193
sorted,vector,i64,512,equal,desc,0,1,1,512,131.025
sorted,vector,i64,512,equal,desc,0,0,2,512,133.459
sorted,vector,i64,512,equal,desc,0,1,2,512,132.568
sorted,vector,i64,512,equal,desc,0,1,3,512,132.803
sorted,vector,i64,512,equal,desc,0,0,3,512,131.834
sorted,vector,i64,512,equal,desc,0,1,4,512,131.518
sorted,vector,i64,512,equal,desc,0,0,4,512,131.012
sorted,vector,i64,512,equal,desc,0,1,5,512,131.842
sorted,vector,i64,512,equal,desc,0,0,5,512,132.162
sorted,vector,i64,512,equal,desc,0,1,6,512,131.830
sorted,vector,i64,512,equal,desc,0,0,6,512,132.656
sorted,vector,i64,4096,full,asc,0,1,0,25,20288.280
sorted,vector,i64,4096,full,asc,0,0,0,24,21260.500
sorted,vector,i64,4096,full,asc,0,0,1,24,20850.708
sorted,vector,i64,4096,full,asc,0,1,1,23,22507.304
sorted,vector,i64,4096,full,asc,0,0,2,25,20115.080
sorted,vector,i64,4096,full,asc,0,1,2,25,20353.320
sorted,vector,i64,4096,full,asc,0,1,3,25,20696.600
sorted,vector,i64,4096,full,asc,0,0,3,23,21862.391
sorted,vector,i64,4096,full,asc,0,1,4,24,20920.042
sorted,vector,i64,4096,full,asc,0,0,4,24,20842.125
sorted,vector,i64,4096,full,asc,0,1,5,25,20574.920
sorted,vector,i64,4096,full,asc,0,0,5,24,20927.000
sorted,vector,i64,4096,full,asc,0,1,6,24,21213.500
sorted,vector,i64,4096,full,asc,0,0,6,24,21051.958
sorted,vector,i64,4096,full,desc,0,1,0,23,22005.435
sorted,vector,i64,4096,full,desc,0,0,0,24,21275.917
sorted,vector,i64,4096,full,desc,0,0,1,24,21416.792
sorted,vector,i64,4096,full,desc,0,1,1,23,22373.261
sorted,vector,i64,4096,full,desc,0,1,2,23,22220.957
sorted,vector,i64,4096,full,desc,0,0,2,26,19817.308
sorted,vector,i64,4096,full,desc,0,0,3,25,20528.280
sorted,vector,i64,4096,full,desc,0,1,3,24,20847.250
sorted,vector,i64,4096,full,desc,0,1,4,25,20349.960
sorted,vector,i64,4096,full,desc,0,0,4,26,19609.000
sorted,vector,i64,4096,full,desc,0,0,5,26,19705.077
sorted,vector,i64,4096,full,desc,0,1,5,25,20501.560
sorted,vector,i64,4096,full,desc,0,1,6,25,20468.440
sorted,vector,i64,4096,full,desc,0,0,6,26,20038.538
sorted,vector,i64,4096,bits22,asc,0,0,0,61,8307.311
sorted,vector,i64,4096,bits22,asc,0,1,0,61,8284.951
sorted,vector,i64,4096,bits22,asc,0,1,1,57,8901.333
sorted,vector,i64,4096,bits22,asc,0,0,1,59,8521.847
sorted,vector,i64,4096,bits22,asc,0,1,2,61,8233.705
sorted,vector,i64,4096,bits22,asc,0,0,2,58,8726.983
sorted,vector,i64,4096,bits22,asc,0,0,3,61,8265.016
sorted,vector,i64,4096,bits22,asc,0,1,3,58,8655.897
sorted,vector,i64,4096,bits22,asc,0,1,4,62,8156.452
sorted,vector,i64,4096,bits22,asc,0,0,4,57,8870.018
sorted,vector,i64,4096,bits22,asc,0,0,5,59,8582.627
sorted,vector,i64,4096,bits22,asc,0,1,5,60,8351.383
sorted,vector,i64,4096,bits22,asc,0,0,6,57,8842.807
sorted,vector,i64,4096,bits22,asc,0,1,6,62,8156.581
sorted,vector,i64,4096,bits22,desc,0,0,0,57,8947.404
sorted,vector,i64,4096,bits22,desc,0,1,0,55,9125.782
sorted,vector,i64,4096,bits22,desc,0,0,1,59,8574.898
sorted,vector,i64,4096,bits22,desc,0,1,1,55,9172.127
sorted,vector,i64,4096,bits22,desc,0,0,2,60,8411.917
sorted,vector,i64,4096,bits22,desc,0,1,2,55,9208.382
sorted,vector,i64,4096,bits22,desc,0,0,3,60,8361.117
sorted,vector,i64,4096,bits22,desc,0,1,3,55,9168.382
sorted,vector,i64,4096,bits22,desc,0,0,4,59,8547.220
sorted,vector,i64,4096,bits22,desc,0,1,4,57,8902.754
sorted,vector,i64,4096,bits22,desc,0,1,5,56,9078.857
sorted,vector,i64,4096,bits22,desc,0,0,5,60,8418.833
sorted,vector,i64,4096,bits22,desc,0,0,6,56,9020.054
sorted,vector,i64,4096,bits22,desc,0,1,6,59,8585.475
sorted,vector,i64,4096,gaps,asc,0,1,0,29,17538.759
sorted,vector,i64,4096,gaps,asc,0,0,0,28,18302.107
sorted,vector,i64,4096,gaps,asc,0,1,1,30,17193.067
sorted,vector,i64,4096,gaps,asc,0,0,1,30,17229.167
sorted,vector,i64,4096,gaps,asc,0,0,2,29,17457.000
sorted,vector,i64,4096,gaps,asc,0,1,2,30,17166.600
sorted,vector,i64,4096,gaps,asc,0,1,3,30,17169.433
sorted,vector,i64,4096,gaps,asc,0,0,3,29,17250.034
sorted,vector,i64,4096,gaps,asc,0,1,4,29,17515.759
sorted,vector,i64,4096,gaps,asc,0,0,4,30,17125.033
sorted,vector,i64,4096,gaps,asc,0,1,5,30,17224.967
sorted,vector,i64,4096,gaps,asc,0,0,5,28,18105.750
sorted,vector,i64,4096,gaps,asc,0,0,6,29,17507.207
sorted,vector,i64,4096,gaps,asc,0,1,6,30,17198.667
sorted,vector,i64,4096,gaps,desc,0,1,0,29,17288.759
sorted,vector,i64,4096,gaps,desc,0,0,0,29,17453.966
sorted,vector,i64,4096,gaps,desc,0,0,1,29,17441.138
sorted,vector,i64,4096,gaps,desc,0,1,1,29,17389.345
sorted,vector,i64,4096,gaps,desc,0,1,2,29,17498.621
sorted,vector,i64,4096,gaps,desc,0,0,2,30,17252.900
sorted,vector,i64,4096,gaps,desc,0,1,3,29,17366.414
sorted,vector,i64,4096,gaps,desc,0,0,3,29,17413.862
sorted,vector,i64,4096,gaps,desc,0,1,4,30,17159.733
sorted,vector,i64,4096,gaps,desc,0,0,4,29,17642.241
sorted,vector,i64,4096,gaps,desc,0,0,5,29,17452.586
sorted,vector,i64,4096,gaps,desc,0,1,5,29,17366.414
sorted,vector,i64,4096,gaps,desc,0,1,6,29,17638.000
sorted,vector,i64,4096,gaps,desc,0,0,6,29,17285.862
sorted,vector,i64,4096,few,asc,0,1,0,85,5893.682
sorted,vector,i64,4096,few,asc,0,0,0,90,5565.256
sorted,vector,i64,4096,few,asc,0,0,1,88,5715.909
sorted,vector,i64,4096,few,asc,0,1,1,83,6050.723
sorted,vector,i64,4096,few,asc,0,1,2,89,5664.292
sorted,vector,i64,4096,few,asc,0,0,2,85,5906.871
sorted,vector,i64,4096,few,asc,0,0,3,91,5549.989
sorted,vector,i64,4096,few,asc,0,1,3,84,5959.321
sorted,vector,i64,4096,few,asc,0,0,4,88,5725.909
sorted,vector,i64,4096,few,asc,0,1,4,87,5781.080
sorted,vector,i64,4096,few,asc,0,0,5,84,5965.357
sorted,vector,i64,4096,few,asc,0,1,5,89,5618.000
sorted,vector,i64,4096,few,asc,0,1,6,81,6203.802
sorted,vector,i64,4096,few,asc,0,0,6,89,5657.787
sorted,vector,i64,4096,few,desc,0,1,0,82,6152.427
sorted,vector,i64,4096,few,desc,0,0,0,91,5526.044
sorted,vector,i64,4096,few,desc,0,1,1,83,6052.795
sorted,vector,i64,4096,few,desc,0,0,1,89,5633.011
sorted,vector,i64,4096,few,desc,0,0,2,86,5820.163
sorted,vector,i64,4096,few,desc,0,1,2,83,6058.723
sorted,vector,i64,4096,few,desc,0,0,3,87,5785.483
sorted,vector,i64,4096,few,desc,0,1,3,85,5922.541
sorted,vector,i64,4096,few,desc,0,0,4,88,5712.591
sorted,vector,i64,4096,few,desc,0,1,4,84,5976.250
sorted,vector,i64,4096,few,desc,0,1,5,82,6125.500
sorted,vector,i64,4096,few,desc,0,0,5,84,6010.500
sorted,vector,i64,4096,few,desc,0,0,6,87,5753.805
sorted,vector,i64,4096,few,desc,0,1,6,84,5970.274
sorted,vector,i64,4096,ordered,asc,0,1,0,512,964.344
sorted,vector,i64,4096,ordered,asc,0,0,0,512,971.217
sorted,vector,i64,4096,ordered,asc,0,0,1,512,969.211
sorted,vector,i64,4096,ordered,asc,0,1,1,512,965.592
sorted,vector,i64,4096,ordered,asc,0,0,2,495,1011.277
sorted,vector,i64,4096,ordered,asc,0,1,2,512,974.627
sorted,vector,i64,4096,ordered,asc,0,1,3,512,975.348
sorted,vector,i64,4096,ordered,asc,0,0,3,512,976.078
sorted,vector,i64,4096,ordered,asc,0,0,4,498,1005.261
sorted,vector,i64,4096,ordered,asc,0,1,4,510,980.796
sorted,vector,i64,4096,ordered,asc,0,1,5,512,975.838
sorted,vector,i64,4096,ordered,asc,0,0,5,509,983.301
sorted,vector,i64,4096,ordered,asc,0,1,6,506,988.233
sorted,vector,i64,4096,ordered,asc,0,0,6,472,1059.871
sorted,vector,i64,4096,ordered,desc,0,0,0,424,1179.823
sorted,vector,i64,4096,ordered,desc,0,1,0,424,1180.354
sorted,vector,i64,4096,ordered,desc,0,1,1,424,1181.014
sorted,vector,i64,4096,ordered,desc,0,0,1,423,1182.151
sorted,vector,i64,4096,ordered,desc,0,0,2,425,1176.871
sorted,vector,i64,4096,ordered,desc,0,1,2,423,1183.009
sorted,vector,i64,4096,ordered,desc,0,1,3,411,1216.854
sorted,vector,i64,4096,ordered,desc,0,0,3,424,1180.033
sorted,vector,i64,4096,ordered,desc,0,0,4,423,1183.527
sorted,vector,i64,4096,ordered,desc,0,1,4,356,1407.289
sorted,vector,i64,4096,ordered,desc,0,1,5,423,1182.891
sorted,vector,i64,4096,ordered,desc,0,0,5,423,1183.612
sorted,vector,i64,4096,ordered,desc,0,1,6,420,1191.288
sorted,vector,i64,4096,ordered,desc,0,0,6,424,1180.394
sorted,vector,i64,4096,reverse,asc,0,0,0,424,1179.847
sorted,vector,i64,4096,reverse,asc,0,1,0,403,1241.717
sorted,vector,i64,4096,reverse,asc,0,0,1,392,1278.462
sorted,vector,i64,4096,reverse,asc,0,1,1,406,1233.786
sorted,vector,i64,4096,reverse,asc,0,0,2,411,1217.161
sorted,vector,i64,4096,reverse,asc,0,1,2,404,1238.153
sorted,vector,i64,4096,reverse,asc,0,1,3,403,1242.360
sorted,vector,i64,4096,reverse,asc,0,0,3,405,1235.422
sorted,vector,i64,4096,reverse,asc,0,1,4,399,1253.135
sorted,vector,i64,4096,reverse,asc,0,0,4,393,1273.127
sorted,vector,i64,4096,reverse,asc,0,0,5,404,1237.854
sorted,vector,i64,4096,reverse,asc,0,1,5,399,1253.764
sorted,vector,i64,4096,reverse,asc,0,0,6,400,1251.770
sorted,vector,i64,4096,reverse,asc,0,1,6,398,1256.405
sorted,vector,i64,4096,reverse,desc,0,0,0,512,961.279
sorted,vector,i64,4096,reverse,desc,0,1,0,512,974.852
sorted,vector,i64,4096,reverse,desc,0,1,1,511,979.536
sorted,vector,i64,4096,reverse,desc,0,0,1,511,978.890
sorted,vector,i64,4096,reverse,desc,0,1,2,483,1037.095
sorted,vector,i64,4096,reverse,desc,0,0,2,512,960.629
sorted,vector,i64,4096,reverse,desc,0,1,3,512,977.922
sorted,vector,i64,4096,reverse,desc,0,0,3,511,980.090
sorted,vector,i64,4096,reverse,desc,0,0,4,512,973.945
sorted,vector,i64,4096,reverse,desc,0,1,4,509,982.656
sorted,vector,i64,4096,reverse,desc,0,0,5,509,983.043
sorted,vector,i64,4096,reverse,desc,0,1,5,512,973.805
sorted,vector,i64,4096,reverse,desc,0,0,6,512,963.223
sorted,vector,i64,4096,reverse,desc,0,1,6,503,994.058
sorted,vector,i64,4096,nearly,asc,0,0,0,24,21253.375
sorted,vector,i64,4096,nearly,asc,0,1,0,25,20516.680
sorted,vector,i64,4096,nearly,asc,0,0,1,24,21053.833
sorted,vector,i64,4096,nearly,asc,0,1,1,25,20563.240
sorted,vector,i64,4096,nearly,asc,0,0,2,24,21048.792
sorted,vector,i64,4096,nearly,asc,0,1,2,25,20704.960
sorted,vector,i64,4096,nearly,asc,0,0,3,24,21126.792
sorted,vector,i64,4096,nearly,asc,0,1,3,25,20735.080
sorted,vector,i64,4096,nearly,asc,0,0,4,24,20923.667
sorted,vector,i64,4096,nearly,asc,0,1,4,25,20705.000
sorted,vector,i64,4096,nearly,asc,0,1,5,25,20550.040
sorted,vector,i64,4096,nearly,asc,0,0,5,24,21394.042
sorted,vector,i64,4096,nearly,asc,0,0,6,23,22567.000
sorted,vector,i64,4096,nearly,asc,0,1,6,25,20741.800
sorted,vector,i64,4096,nearly,desc,0,0,0,24,21121.458
sorted,vector,i64,4096,nearly,desc,0,1,0,23,22244.478
sorted,vector,i64,4096,nearly,desc,0,1,1,23,22019.826
sorted,vector,i64,4096,nearly,desc,0,0,1,24,21062.542
sorted,vector,i64,4096,nearly,desc,0,0,2,24,21290.000
sorted,vector,i64,4096,nearly,desc,0,1,2,23,22251.783
sorted,vector,i64,4096,nearly,desc,0,0,3,24,21185.708
sorted,vector,i64,4096,nearly,desc,0,1,3,23,21992.739
sorted,vector,i64,4096,nearly,desc,0,1,4,23,22065.217
sorted,vector,i64,4096,nearly,desc,0,0,4,24,21065.917
sorted,vector,i64,4096,nearly,desc,0,0,5,24,21177.083
sorted,vector,i64,4096,nearly,desc,0,1,5,23,22328.087
sorted,vector,i64,4096,nearly,desc,0,1,6,23,22409.565
sorted,vector,i64,4096,nearly,desc,0,0,6,24,20852.292
sorted,vector,i64,4096,equal,asc,0,0,0,512,939.594
sorted,vector,i64,4096,equal,asc,0,1,0,512,935.662
sorted,vector,i64,4096,equal,asc,0,0,1,512,935.738
sorted,vector,i64,4096,equal,asc,0,1,1,512,935.391
sorted,vector,i64,4096,equal,asc,0,1,2,512,944.248
sorted,vector,i64,4096,equal,asc,0,0,2,512,939.764
sorted,vector,i64,4096,equal,asc,0,0,3,512,958.459
sorted,vector,i64,4096,equal,asc,0,1,3,512,936.863
sorted,vector,i64,4096,equal,asc,0,1,4,512,955.395
sorted,vector,i64,4096,equal,asc,0,0,4,505,990.204
sorted,vector,i64,4096,equal,asc,0,1,5,512,975.420
sorted,vector,i64,4096,equal,asc,0,0,5,512,938.537
sorted,vector,i64,4096,equal,asc,0,0,6,512,935.301
sorted,vector,i64,4096,equal,asc,0,1,6,512,935.342
sorted,vector,i64,4096,equal,desc,0,0,0,512,976.133
sorted,vector,i64,4096,equal,desc,0,1,0,512,969.980
sorted,vector,i64,4096,equal,desc,0,0,1,512,963.553
sorted,vector,i64,4096,equal,desc,0,1,1,512,963.729
sorted,vector,i64,4096,equal,desc,0,0,2,512,966.457
sorted,vector,i64,4096,equal,desc,0,1,2,512,933.672
sorted,vector,i64,4096,equal,desc,0,1,3,512,940.623
sorted,vector,i64,4096,equal,desc,0,0,3,512,934.211
sorted,vector,i64,4096,equal,desc,0,0,4,484,1033.312
sorted,vector,i64,4096,equal,desc,0,1,4,512,941.156
sorted,vector,i64,4096,equal,desc,0,1,5,512,962.156
sorted,vector,i64,4096,equal,desc,0,0,5,512,964.303
sorted,vector,i64,4096,equal,desc,0,0,6,512,956.387
sorted,vector,i64,4096,equal,desc,0,1,6,512,969.328
sorted,vector,i64,65536,full,asc,0,0,0,2,354271.000
sorted,vector,i64,65536,full,asc,0,1,0,2,380396.000
sorted,vector,i64,65536,full,asc,0,1,1,2,365229.000
sorted,vector,i64,65536,full,asc,0,0,1,2,358354.500
sorted,vector,i64,65536,full,asc,0,1,2,2,372416.500
sorted,vector,i64,65536,full,asc,0,0,2,2,360229.000
sorted,vector,i64,65536,full,asc,0,0,3,2,365604.000
sorted,vector,i64,65536,full,asc,0,1,3,2,367312.500
sorted,vector,i64,65536,full,asc,0,0,4,2,372625.000
sorted,vector,i64,65536,full,asc,0,1,4,2,364271.000
sorted,vector,i64,65536,full,asc,0,0,5,2,358354.000
sorted,vector,i64,65536,full,asc,0,1,5,2,340333.000
sorted,vector,i64,65536,full,asc,0,0,6,2,347645.500
sorted,vector,i64,65536,full,asc,0,1,6,2,342146.000
sorted,vector,i64,65536,full,desc,0,0,0,2,370624.500
sorted,vector,i64,65536,full,desc,0,1,0,2,380875.000
sorted,vector,i64,65536,full,desc,0,1,1,2,373562.000
sorted,vector,i64,65536,full,desc,0,0,1,2,358250.000
sorted,vector,i64,65536,full,desc,0,0,2,2,394500.000
sorted,vector,i64,65536,full,desc,0,1,2,2,380458.000
sorted,vector,i64,65536,full,desc,0,0,3,2,364146.000
sorted,vector,i64,65536,full,desc,0,1,3,2,365041.500
sorted,vector,i64,65536,full,desc,0,0,4,2,363145.500
sorted,vector,i64,65536,full,desc,0,1,4,2,334187.500
sorted,vector,i64,65536,full,desc,0,1,5,2,334416.500
sorted,vector,i64,65536,full,desc,0,0,5,2,356062.500
sorted,vector,i64,65536,full,desc,0,1,6,2,389333.000
sorted,vector,i64,65536,full,desc,0,0,6,2,353708.000
sorted,vector,i64,65536,bits22,asc,0,1,0,3,178944.000
sorted,vector,i64,65536,bits22,asc,0,0,0,3,172458.333
sorted,vector,i64,65536,bits22,asc,0,0,1,3,175138.667
sorted,vector,i64,65536,bits22,asc,0,1,1,3,167277.667
sorted,vector,i64,65536,bits22,asc,0,0,2,2,296583.000
sorted,vector,i64,65536,bits22,asc,0,1,2,3,183277.667
sorted,vector,i64,65536,bits22,asc,0,0,3,4,158979.500
sorted,vector,i64,65536,bits22,asc,0,1,3,4,144312.500
sorted,vector,i64,65536,bits22,asc,0,1,4,4,139000.000
sorted,vector,i64,65536,bits22,asc,0,0,4,4,149083.000
sorted,vector,i64,65536,bits22,asc,0,1,5,4,139146.000
sorted,vector,i64,65536,bits22,asc,0,0,5,4,149999.750
sorted,vector,i64,65536,bits22,asc,0,0,6,4,152354.250
sorted,vector,i64,65536,bits22,asc,0,1,6,4,166938.000
sorted,vector,i64,65536,bits22,desc,0,1,0,4,150427.250
sorted,vector,i64,65536,bits22,desc,0,0,0,4,154906.500
sorted,vector,i64,65536,bits22,desc,0,1,1,3,169236.000
sorted,vector,i64,65536,bits22,desc,0,0,1,3,170444.000
sorted,vector,i64,65536,bits22,desc,0,1,2,4,156656.500
sorted,vector,i64,65536,bits22,desc,0,0,2,4,156479.500
sorted,vector,i64,65536,bits22,desc,0,1,3,4,145124.750
sorted,vector,i64,65536,bits22,desc,0,0,3,4,157093.750
sorted,vector,i64,65536,bits22,desc,0,0,4,4,155593.750
sorted,vector,i64,65536,bits22,desc,0,1,4,4,158166.500
sorted,vector,i64,65536,bits22,desc,0,1,5,3,175125.333
sorted,vector,i64,65536,bits22,desc,0,0,5,3,179333.333
sorted,vector,i64,65536,bits22,desc,0,1,6,4,154885.000
sorted,vector,i64,65536,bits22,desc,0,0,6,4,145572.750
sorted,vector,i64,65536,gaps,asc,0,1,0,3,267013.667
sorted,vector,i64,65536,gaps,asc,0,0,0,2,272937.500
sorted,vector,i64,65536,gaps,asc,0,1,1,2,307938.000
sorted,vector,i64,65536,gaps,asc,0,0,1,3,252514.000
sorted,vector,i64,65536,gaps,asc,0,1,2,2,276354.500
sorted,vector,i64,65536,gaps,asc,0,0,2,2,250500.000
sorted,vector,i64,65536,gaps,asc,0,0,3,2,415166.500
sorted,vector,i64,65536,gaps,asc,0,1,3,2,252479.000
sorted,vector,i64,65536,gaps,asc,0,1,4,2,316416.500
sorted,vector,i64,65536,gaps,asc,0,0,4,2,275563.000
sorted,vector,i64,65536,gaps,asc,0,1,5,2,263124.500
sorted,vector,i64,65536,gaps,asc,0,0,5,2,263562.500
sorted,vector,i64,65536,gaps,asc,0,0,6,2,279167.000
sorted,vector,i64,65536,gaps,asc,0,1,6,3,250389.000
sorted,vector,i64,65536,gaps,desc,0,1,0,2,264916.500
sorted,vector,i64,65536,gaps,desc,0,0,0,2,279396.000
sorted,vector,i64,65536,gaps,desc,0,0,1,2,252229.000
sorted,vector,i64,65536,gaps,desc,0,1,1,3,234541.667
sorted,vector,i64,65536,gaps,desc,0,1,2,2,295125.000
sorted,vector,i64,65536,gaps,desc,0,0,2,3,260736.333
sorted,vector,i64,65536,gaps,desc,0,1,3,2,290895.500
sorted,vector,i64,65536,gaps,desc,0,0,3,2,287958.500
sorted,vector,i64,65536,gaps,desc,0,0,4,2,263292.000
sorted,vector,i64,65536,gaps,desc,0,1,4,2,267500.000
sorted,vector,i64,65536,gaps,desc,0,0,5,3,229875.333
sorted,vector,i64,65536,gaps,desc,0,1,5,3,266930.667
sorted,vector,i64,65536,gaps,desc,0,0,6,3,268375.333
sorted,vector,i64,65536,gaps,desc,0,1,6,3,230347.000
sorted,vector,i64,65536,few,asc,0,0,0,4,141385.500
sorted,vector,i64,65536,few,asc,0,1,0,4,142843.500
sorted,vector,i64,65536,few,asc,0,1,1,4,127281.250
sorted,vector,i64,65536,few,asc,0,0,1,5,123925.200
sorted,vector,i64,65536,few,asc,0,0,2,5,107608.800
sorted,vector,i64,65536,few,asc,0,1,2,4,126854.250
sorted,vector,i64,65536,few,asc,0,0,3,5,100650.000
sorted,vector,i64,65536,few,asc,0,1,3,5,102791.400
sorted,vector,i64,65536,few,asc,0,0,4,5,103091.600
sorted,vector,i64,65536,few,asc,0,1,4,5,103633.200
sorted,vector,i64,65536,few,asc,0,1,5,5,107842.000
sorted,vector,i64,65536,few,asc,0,0,5,5,100908.600
sorted,vector,i64,65536,few,asc,0,0,6,5,104450.000
sorted,vector,i64,65536,few,asc,0,1,6,5,104958.400
sorted,vector,i64,65536,few,desc,0,0,0,4,143093.750
sorted,vector,i64,65536,few,desc,0,1,0,4,134458.500
sorted,vector,i64,65536,few,desc,0,0,1,4,144062.500
sorted,vector,i64,65536,few,desc,0,1,1,3,171250.333
sorted,vector,i64,65536,few,desc,0,0,2,4,127854.250
sorted,vector,i64,65536,few,desc,0,1,2,5,119808.400
sorted,vector,i64,65536,few,desc,0,1,3,5,112316.400
sorted,vector,i64,65536,few,desc,0,0,3,5,110950.000
sorted,vector,i64,65536,few,desc,0,1,4,5,117558.400
sorted,vector,i64,65536,few,desc,0,0,4,5,111108.400
sorted,vector,i64,65536,few,desc,0,0,5,5,111208.400
sorted,vector,i64,65536,few,desc,0,1,5,5,113508.600
sorted,vector,i64,65536,few,desc,0,1,6,5,119075.200
sorted,vector,i64,65536,few,desc,0,0,6,4,134750.000
sorted,vector,i64,65536,ordered,asc,0,1,0,35,14576.200
sorted,vector,i64,65536,ordered,asc,0,0,0,34,14938.706
sorted,vector,i64,65536,ordered,asc,0,0,1,34,15071.088
sorted,vector,i64,65536,ordered,asc,0,1,1,33,15492.242
sorted,vector,i64,65536,ordered,asc,0,1,2,32,15744.969
sorted,vector,i64,65536,ordered,asc,0,0,2,35,14611.886
sorted,vector,i64,65536,ordered,asc,0,1,3,35,14601.229
sorted,vector,i64,65536,ordered,asc,0,0,3,35,14589.343
sorted,vector,i64,65536,ordered,asc,0,1,4,34,14887.412
sorted,vector,i64,65536,ordered,asc,0,0,4,34,14848.088
sorted,vector,i64,65536,ordered,asc,0,1,5,35,14574.943
sorted,vector,i64,65536,ordered,asc,0,0,5,34,14768.441
sorted,vector,i64,65536,ordered,asc,0,0,6,33,15271.485
sorted,vector,i64,65536,ordered,asc,0,1,6,33,15217.091
sorted,vector,i64,65536,ordered,desc,0,1,0,25,20724.960
sorted,vector,i64,65536,ordered,desc,0,0,0,24,21154.500
sorted,vector,i64,65536,ordered,desc,0,0,1,24,20883.708
sorted,vector,i64,65536,ordered,desc,0,1,1,24,21625.000
sorted,vector,i64,65536,ordered,desc,0,0,2,24,20890.667
sorted,vector,i64,65536,ordered,desc,0,1,2,24,21423.500
sorted,vector,i64,65536,ordered,desc,0,0,3,23,22005.304
sorted,vector,i64,65536,ordered,desc,0,1,3,24,21316.000
sorted,vector,i64,65536,ordered,desc,0,1,4,24,21642.333
sorted,vector,i64,65536,ordered,desc,0,0,4,23,22072.478
sorted,vector,i64,65536,ordered,desc,0,0,5,24,21503.417
sorted,vector,i64,65536,ordered,desc,0,1,5,25,20749.920
sorted,vector,i64,65536,ordered,desc,0,0,6,25,20751.760
sorted,vector,i64,65536,ordered,desc,0,1,6,24,21168.500
sorted,vector,i64,65536,reverse,asc,0,1,0,25,20753.400
sorted,vector,i64,65536,reverse,asc,0,0,0,24,21305.542
sorted,vector,i64,65536,reverse,asc,0,1,1,23,22481.870
sorted,vector,i64,65536,reverse,asc,0,0,1,24,21194.333
sorted,vector,i64,65536,reverse,asc,0,0,2,24,21496.375
sorted,vector,i64,65536,reverse,asc,0,1,2,24,21833.333
sorted,vector,i64,65536,reverse,asc,0,0,3,23,22499.957
sorted,vector,i64,65536,reverse,asc,0,1,3,23,22063.304
sorted,vector,i64,65536,reverse,asc,0,1,4,23,22067.130
sorted,vector,i64,65536,reverse,asc,0,0,4,23,22197.435
sorted,vector,i64,65536,reverse,asc,0,1,5,23,22353.217
sorted,vector,i64,65536,reverse,asc,0,0,5,23,22199.261
sorted,vector,i64,65536,reverse,asc,0,1,6,23,21963.783
sorted,vector,i64,65536,reverse,asc,0,0,6,23,22177.565
sorted,vector,i64,65536,reverse,desc,0,1,0,35,14601.200
sorted,vector,i64,65536,reverse,desc,0,0,0,35,14589.371
sorted,vector,i64,65536,reverse,desc,0,0,1,34,14962.118
sorted,vector,i64,65536,reverse,desc,0,1,1,33,15325.970
sorted,vector,i64,65536,reverse,desc,0,0,2,33,15330.788
sorted,vector,i64,65536,reverse,desc,0,1,2,33,15348.455
sorted,vector,i64,65536,reverse,desc,0,0,3,33,15347.303
sorted,vector,i64,65536,reverse,desc,0,1,3,30,16845.800
sorted,vector,i64,65536,reverse,desc,0,0,4,34,14915.441
sorted,vector,i64,65536,reverse,desc,0,1,4,35,14660.714
sorted,vector,i64,65536,reverse,desc,0,0,5,35,14597.600
sorted,vector,i64,65536,reverse,desc,0,1,5,35,14590.429
sorted,vector,i64,65536,reverse,desc,0,0,6,34,14982.794
sorted,vector,i64,65536,reverse,desc,0,1,6,34,15080.971
sorted,vector,i64,65536,nearly,asc,0,1,0,2,322708.500
sorted,vector,i64,65536,nearly,asc,0,0,0,2,321021.000
sorted,vector,i64,65536,nearly,asc,0,1,1,2,321542.000
sorted,vector,i64,65536,nearly,asc,0,0,1,2,335271.000
sorted,vector,i64,65536,nearly,asc,0,1,2,2,333083.500
sorted,vector,i64,65536,nearly,asc,0,0,2,2,326645.500
sorted,vector,i64,65536,nearly,asc,0,0,3,2,327354.500
sorted,vector,i64,65536,nearly,asc,0,1,3,2,342146.000
sorted,vector,i64,65536,nearly,asc,0,0,4,2,349125.000
sorted,vector,i64,65536,nearly,asc,0,1,4,2,343438.000
sorted,vector,i64,65536,nearly,asc,0,0,5,2,345437.000
sorted,vector,i64,65536,nearly,asc,0,1,5,2,347083.000
sorted,vector,i64,65536,nearly,asc,0,1,6,2,346083.500
sorted,vector,i64,65536,nearly,asc,0,0,6,2,331791.500
sorted,vector,i64,65536,nearly,desc,0,0,0,2,348896.000
sorted,vector,i64,65536,nearly,desc,0,1,0,2,328646.000
sorted,vector,i64,65536,nearly,desc,0,0,1,2,340729.000
sorted,vector,i64,65536,nearly,desc,0,1,1,2,343875.500
sorted,vector,i64,65536,nearly,desc,0,0,2,2,353958.500
sorted,vector,i64,65536,nearly,desc,0,1,2,2,350896.000
sorted,vector,i64,65536,nearly,desc,0,1,3,2,342687.500
sorted,vector,i64,65536,nearly,desc,0,0,3,2,345854.000
sorted,vector,i64,65536,nearly,desc,0,1,4,2,347208.000
sorted,vector,i64,65536,nearly,desc,0,0,4,2,333854.000
sorted,vector,i64,65536,nearly,desc,0,0,5,2,319624.500
sorted,vector,i64,65536,nearly,desc,0,1,5,2,325333.000
sorted,vector,i64,65536,nearly,desc,0,1,6,2,325604.500
sorted,vector,i64,65536,nearly,desc,0,0,6,2,360541.500
sorted,vector,i64,65536,equal,asc,0,1,0,35,14580.857
sorted,vector,i64,65536,equal,asc,0,0,0,34,14964.294
sorted,vector,i64,65536,equal,asc,0,0,1,34,15107.853
sorted,vector,i64,65536,equal,asc,0,1,1,33,15193.091
sorted,vector,i64,65536,equal,asc,0,0,2,33,15321.939
sorted,vector,i64,65536,equal,asc,0,1,2,33,15300.636
sorted,vector,i64,65536,equal,asc,0,0,3,35,14585.686
sorted,vector,i64,65536,equal,asc,0,1,3,35,14591.629
sorted,vector,i64,65536,equal,asc,0,1,4,34,14897.059
sorted,vector,i64,65536,equal,asc,0,0,4,35,14597.571
sorted,vector,i64,65536,equal,asc,0,1,5,35,14567.943
sorted,vector,i64,65536,equal,asc,0,0,5,35,14578.543
sorted,vector,i64,65536,equal,asc,0,0,6,34,14961.971
sorted,vector,i64,65536,equal,asc,0,1,6,33,15489.939
sorted,vector,i64,65536,equal,desc,0,0,0,35,14565.429
sorted,vector,i64,65536,equal,desc,0,1,0,35,14566.629
sorted,vector,i64,65536,equal,desc,0,0,1,34,14973.000
sorted,vector,i64,65536,equal,desc,0,1,1,34,15006.118
sorted,vector,i64,65536,equal,desc,0,0,2,35,14576.171
sorted,vector,i64,65536,equal,desc,0,1,2,34,14768.382
sorted,vector,i64,65536,equal,desc,0,0,3,34,14927.618
sorted,vector,i64,65536,equal,desc,0,1,3,34,14944.824
sorted,vector,i64,65536,equal,desc,0,0,4,33,15328.364
sorted,vector,i64,65536,equal,desc,0,1,4,34,14970.500
sorted,vector,i64,65536,equal,desc,0,0,5,34,15114.000
sorted,vector,i64,65536,equal,desc,0,1,5,34,15111.588
sorted,vector,i64,65536,equal,desc,0,0,6,33,15373.727
sorted,vector,i64,65536,equal,desc,0,1,6,33,15444.424
sorted,vector,i64,1000000,full,asc,0,1,0,1,6505041.000
sorted,vector,i64,1000000,full,asc,0,0,0,1,6730459.000
sorted,vector,i64,1000000,full,asc,0,1,1,1,6499583.000
sorted,vector,i64,1000000,full,asc,0,0,1,1,6526666.000
sorted,vector,i64,1000000,full,asc,0,0,2,1,6623959.000
sorted,vector,i64,1000000,full,asc,0,1,2,1,6530000.000
sorted,vector,i64,1000000,full,asc,0,0,3,1,6549083.000
sorted,vector,i64,1000000,full,asc,0,1,3,1,6488708.000
sorted,vector,i64,1000000,full,asc,0,1,4,1,6557791.000
sorted,vector,i64,1000000,full,asc,0,0,4,1,6611333.000
sorted,vector,i64,1000000,full,asc,0,0,5,1,6579167.000
sorted,vector,i64,1000000,full,asc,0,1,5,1,6522792.000
sorted,vector,i64,1000000,full,asc,0,0,6,1,6606709.000
sorted,vector,i64,1000000,full,asc,0,1,6,1,6520792.000
sorted,vector,i64,1000000,full,desc,0,1,0,1,6786042.000
sorted,vector,i64,1000000,full,desc,0,0,0,1,7297375.000
sorted,vector,i64,1000000,full,desc,0,0,1,1,6796708.000
sorted,vector,i64,1000000,full,desc,0,1,1,1,7241208.000
sorted,vector,i64,1000000,full,desc,0,1,2,1,6741959.000
sorted,vector,i64,1000000,full,desc,0,0,2,1,7222333.000
sorted,vector,i64,1000000,full,desc,0,1,3,1,7147750.000
sorted,vector,i64,1000000,full,desc,0,0,3,1,7425959.000
sorted,vector,i64,1000000,full,desc,0,0,4,1,7481833.000
sorted,vector,i64,1000000,full,desc,0,1,4,1,6899250.000
sorted,vector,i64,1000000,full,desc,0,1,5,1,6643750.000
sorted,vector,i64,1000000,full,desc,0,0,5,1,7114458.000
sorted,vector,i64,1000000,full,desc,0,0,6,1,7084667.000
sorted,vector,i64,1000000,full,desc,0,1,6,1,7067166.000
kernel,vector,i64,1000000,full,asc,8,1,0,1,6899417.000
kernel,vector,i64,1000000,full,asc,8,0,0,1,6685541.000
kernel,vector,i64,1000000,full,asc,8,0,1,1,7120708.000
kernel,vector,i64,1000000,full,asc,8,1,1,1,6725584.000
kernel,vector,i64,1000000,full,asc,8,0,2,1,7014458.000
kernel,vector,i64,1000000,full,asc,8,1,2,1,6727042.000
kernel,vector,i64,1000000,full,asc,8,1,3,1,6777083.000
kernel,vector,i64,1000000,full,asc,8,0,3,1,7116500.000
kernel,vector,i64,1000000,full,asc,8,0,4,1,7242375.000
kernel,vector,i64,1000000,full,asc,8,1,4,1,6401084.000
kernel,vector,i64,1000000,full,asc,8,1,5,1,6557042.000
kernel,vector,i64,1000000,full,asc,8,0,5,1,7215583.000
kernel,vector,i64,1000000,full,asc,8,1,6,1,6853875.000
kernel,vector,i64,1000000,full,asc,8,0,6,1,6515125.000
kernel,vector,i64,1000000,full,desc,8,0,0,1,6977917.000
kernel,vector,i64,1000000,full,desc,8,1,0,1,6801541.000
kernel,vector,i64,1000000,full,desc,8,0,1,1,6689083.000
kernel,vector,i64,1000000,full,desc,8,1,1,1,6947917.000
kernel,vector,i64,1000000,full,desc,8,0,2,1,6385625.000
kernel,vector,i64,1000000,full,desc,8,1,2,1,6655750.000
kernel,vector,i64,1000000,full,desc,8,1,3,1,6770917.000
kernel,vector,i64,1000000,full,desc,8,0,3,1,7117791.000
kernel,vector,i64,1000000,full,desc,8,0,4,1,7828542.000
kernel,vector,i64,1000000,full,desc,8,1,4,1,6417917.000
kernel,vector,i64,1000000,full,desc,8,0,5,1,7157833.000
kernel,vector,i64,1000000,full,desc,8,1,5,1,6771750.000
kernel,vector,i64,1000000,full,desc,8,0,6,1,6780167.000
kernel,vector,i64,1000000,full,desc,8,1,6,1,6620042.000
kernel,vector,i64,1000000,full,asc,11,1,0,1,5614500.000
kernel,vector,i64,1000000,full,asc,11,0,0,1,6021916.000
kernel,vector,i64,1000000,full,asc,11,1,1,1,5316459.000
kernel,vector,i64,1000000,full,asc,11,0,1,1,6457042.000
kernel,vector,i64,1000000,full,asc,11,0,2,1,6229583.000
kernel,vector,i64,1000000,full,asc,11,1,2,1,5640625.000
kernel,vector,i64,1000000,full,asc,11,1,3,1,5655750.000
kernel,vector,i64,1000000,full,asc,11,0,3,1,7046458.000
kernel,vector,i64,1000000,full,asc,11,0,4,1,6612791.000
kernel,vector,i64,1000000,full,asc,11,1,4,1,5337625.000
kernel,vector,i64,1000000,full,asc,11,1,5,1,5888709.000
kernel,vector,i64,1000000,full,asc,11,0,5,1,5355666.000
kernel,vector,i64,1000000,full,asc,11,0,6,1,5810916.000
kernel,vector,i64,1000000,full,asc,11,1,6,1,5548667.000
kernel,vector,i64,1000000,full,desc,11,1,0,1,5189750.000
kernel,vector,i64,1000000,full,desc,11,0,0,1,5567458.000
kernel,vector,i64,1000000,full,desc,11,0,1,1,5989709.000
kernel,vector,i64,1000000,full,desc,11,1,1,1,5507666.000
kernel,vector,i64,1000000,full,desc,11,0,2,1,5549750.000
kernel,vector,i64,1000000,full,desc,11,1,2,1,5298375.000
kernel,vector,i64,1000000,full,desc,11,1,3,1,5273916.000
kernel,vector,i64,1000000,full,desc,11,0,3,1,5787334.000
kernel,vector,i64,1000000,full,desc,11,0,4,1,5742584.000
kernel,vector,i64,1000000,full,desc,11,1,4,1,5623750.000
kernel,vector,i64,1000000,full,desc,11,1,5,1,5094875.000
kernel,vector,i64,1000000,full,desc,11,0,5,1,5670458.000
kernel,vector,i64,1000000,full,desc,11,0,6,1,5314625.000
kernel,vector,i64,1000000,full,desc,11,1,6,1,5251833.000
kernel,vector,i64,1000000,full,asc,15,1,0,1,7653292.000
kernel,vector,i64,1000000,full,asc,15,0,0,1,7867041.000
kernel,vector,i64,1000000,full,asc,15,0,1,1,7996584.000
kernel,vector,i64,1000000,full,asc,15,1,1,1,8121167.000
kernel,vector,i64,1000000,full,asc,15,1,2,1,7657542.000
kernel,vector,i64,1000000,full,asc,15,0,2,1,8120875.000
kernel,vector,i64,1000000,full,asc,15,0,3,1,7908959.000
kernel,vector,i64,1000000,full,asc,15,1,3,1,7692000.000
kernel,vector,i64,1000000,full,asc,15,1,4,1,7758625.000
kernel,vector,i64,1000000,full,asc,15,0,4,1,7652250.000
kernel,vector,i64,1000000,full,asc,15,0,5,1,7644875.000
kernel,vector,i64,1000000,full,asc,15,1,5,1,7678709.000
kernel,vector,i64,1000000,full,asc,15,0,6,1,7699875.000
kernel,vector,i64,1000000,full,asc,15,1,6,1,7737458.000
kernel,vector,i64,1000000,full,desc,15,0,0,1,7842958.000
kernel,vector,i64,1000000,full,desc,15,1,0,1,7758125.000
kernel,vector,i64,1000000,full,desc,15,1,1,1,7707000.000
kernel,vector,i64,1000000,full,desc,15,0,1,1,7751209.000
kernel,vector,i64,1000000,full,desc,15,0,2,1,7694292.000
kernel,vector,i64,1000000,full,desc,15,1,2,1,7881291.000
kernel,vector,i64,1000000,full,desc,15,0,3,1,7673875.000
kernel,vector,i64,1000000,full,desc,15,1,3,1,7498083.000
kernel,vector,i64,1000000,full,desc,15,0,4,1,7955459.000
kernel,vector,i64,1000000,full,desc,15,1,4,1,7714792.000
kernel,vector,i64,1000000,full,desc,15,1,5,1,7821750.000
kernel,vector,i64,1000000,full,desc,15,0,5,1,7729875.000
kernel,vector,i64,1000000,full,desc,15,1,6,1,7757917.000
kernel,vector,i64,1000000,full,desc,15,0,6,1,7615375.000
sorted,vector,i64,1000000,bits22,asc,0,1,0,1,3137458.000
sorted,vector,i64,1000000,bits22,asc,0,0,0,1,3198542.000
sorted,vector,i64,1000000,bits22,asc,0,0,1,1,3189250.000
sorted,vector,i64,1000000,bits22,asc,0,1,1,1,3177583.000
sorted,vector,i64,1000000,bits22,asc,0,0,2,1,3264584.000
sorted,vector,i64,1000000,bits22,asc,0,1,2,1,3241834.000
sorted,vector,i64,1000000,bits22,asc,0,1,3,1,3219125.000
sorted,vector,i64,1000000,bits22,asc,0,0,3,1,3186875.000
sorted,vector,i64,1000000,bits22,asc,0,0,4,1,3245500.000
sorted,vector,i64,1000000,bits22,asc,0,1,4,1,3143667.000
sorted,vector,i64,1000000,bits22,asc,0,0,5,1,3230209.000
sorted,vector,i64,1000000,bits22,asc,0,1,5,1,3156458.000
sorted,vector,i64,1000000,bits22,asc,0,1,6,1,3102417.000
sorted,vector,i64,1000000,bits22,asc,0,0,6,1,3290458.000
sorted,vector,i64,1000000,bits22,desc,0,1,0,1,3271292.000
sorted,vector,i64,1000000,bits22,desc,0,0,0,1,3256125.000
sorted,vector,i64,1000000,bits22,desc,0,0,1,1,3187916.000
sorted,vector,i64,1000000,bits22,desc,0,1,1,1,3151625.000
sorted,vector,i64,1000000,bits22,desc,0,1,2,1,3161791.000
sorted,vector,i64,1000000,bits22,desc,0,0,2,1,3222042.000
sorted,vector,i64,1000000,bits22,desc,0,0,3,1,3470333.000
sorted,vector,i64,1000000,bits22,desc,0,1,3,1,3310250.000
sorted,vector,i64,1000000,bits22,desc,0,1,4,1,3157916.000
sorted,vector,i64,1000000,bits22,desc,0,0,4,1,3272500.000
sorted,vector,i64,1000000,bits22,desc,0,1,5,1,3152458.000
sorted,vector,i64,1000000,bits22,desc,0,0,5,1,3370917.000
sorted,vector,i64,1000000,bits22,desc,0,1,6,1,3125083.000
sorted,vector,i64,1000000,bits22,desc,0,0,6,1,3224417.000
kernel,vector,i64,1000000,bits22,asc,8,1,0,1,2825375.000
kernel,vector,i64,1000000,bits22,asc,8,0,0,1,2719375.000
kernel,vector,i64,1000000,bits22,asc,8,0,1,1,2700708.000
kernel,vector,i64,1000000,bits22,asc,8,1,1,1,2760584.000
kernel,vector,i64,1000000,bits22,asc,8,1,2,1,2777792.000
kernel,vector,i64,1000000,bits22,asc,8,0,2,1,2749083.000
kernel,vector,i64,1000000,bits22,asc,8,1,3,1,2622208.000
kernel,vector,i64,1000000,bits22,asc,8,0,3,1,3025666.000
kernel,vector,i64,1000000,bits22,asc,8,0,4,1,2698959.000
kernel,vector,i64,1000000,bits22,asc,8,1,4,1,2772667.000
kernel,vector,i64,1000000,bits22,asc,8,0,5,1,2746958.000
kernel,vector,i64,1000000,bits22,asc,8,1,5,1,2748750.000
kernel,vector,i64,1000000,bits22,asc,8,1,6,1,2822375.000
kernel,vector,i64,1000000,bits22,asc,8,0,6,1,2672625.000
kernel,vector,i64,1000000,bits22,desc,8,1,0,1,2811041.000
kernel,vector,i64,1000000,bits22,desc,8,0,0,1,2752958.000
kernel,vector,i64,1000000,bits22,desc,8,0,1,1,2704625.000
kernel,vector,i64,1000000,bits22,desc,8,1,1,1,2786917.000
kernel,vector,i64,1000000,bits22,desc,8,1,2,1,2840000.000
kernel,vector,i64,1000000,bits22,desc,8,0,2,1,2733709.000
kernel,vector,i64,1000000,bits22,desc,8,0,3,1,2875292.000
kernel,vector,i64,1000000,bits22,desc,8,1,3,1,2799417.000
kernel,vector,i64,1000000,bits22,desc,8,1,4,1,2797625.000
kernel,vector,i64,1000000,bits22,desc,8,0,4,1,2774333.000
kernel,vector,i64,1000000,bits22,desc,8,0,5,1,2736250.000
kernel,vector,i64,1000000,bits22,desc,8,1,5,1,2792208.000
kernel,vector,i64,1000000,bits22,desc,8,1,6,1,2778542.000
kernel,vector,i64,1000000,bits22,desc,8,0,6,1,2856042.000
kernel,vector,i64,1000000,bits22,asc,11,0,0,1,1876791.000
kernel,vector,i64,1000000,bits22,asc,11,1,0,1,2053625.000
kernel,vector,i64,1000000,bits22,asc,11,1,1,1,1999041.000
kernel,vector,i64,1000000,bits22,asc,11,0,1,1,1890208.000
kernel,vector,i64,1000000,bits22,asc,11,0,2,1,2092833.000
kernel,vector,i64,1000000,bits22,asc,11,1,2,1,2014750.000
kernel,vector,i64,1000000,bits22,asc,11,1,3,1,1912458.000
kernel,vector,i64,1000000,bits22,asc,11,0,3,1,2021500.000
kernel,vector,i64,1000000,bits22,asc,11,0,4,1,1903708.000
kernel,vector,i64,1000000,bits22,asc,11,1,4,1,2080084.000
kernel,vector,i64,1000000,bits22,asc,11,1,5,1,2062792.000
kernel,vector,i64,1000000,bits22,asc,11,0,5,1,2008917.000
kernel,vector,i64,1000000,bits22,asc,11,1,6,1,2041042.000
kernel,vector,i64,1000000,bits22,asc,11,0,6,1,2017042.000
kernel,vector,i64,1000000,bits22,desc,11,1,0,1,1989875.000
kernel,vector,i64,1000000,bits22,desc,11,0,0,1,1983208.000
kernel,vector,i64,1000000,bits22,desc,11,1,1,1,1917417.000
kernel,vector,i64,1000000,bits22,desc,11,0,1,1,1947667.000
kernel,vector,i64,1000000,bits22,desc,11,0,2,1,2150833.000
kernel,vector,i64,1000000,bits22,desc,11,1,2,1,1916125.000
kernel,vector,i64,1000000,bits22,desc,11,0,3,1,1976750.000
kernel,vector,i64,1000000,bits22,desc,11,1,3,1,2164375.000
kernel,vector,i64,1000000,bits22,desc,11,0,4,1,2094292.000
kernel,vector,i64,1000000,bits22,desc,11,1,4,1,2107792.000
kernel,vector,i64,1000000,bits22,desc,11,0,5,1,2713167.000
kernel,vector,i64,1000000,bits22,desc,11,1,5,1,1963500.000
kernel,vector,i64,1000000,bits22,desc,11,0,6,1,2440541.000
kernel,vector,i64,1000000,bits22,desc,11,1,6,1,2118000.000
kernel,vector,i64,1000000,bits22,asc,15,0,0,1,2863292.000
kernel,vector,i64,1000000,bits22,asc,15,1,0,1,2689000.000
kernel,vector,i64,1000000,bits22,asc,15,1,1,1,2774250.000
kernel,vector,i64,1000000,bits22,asc,15,0,1,1,2565000.000
kernel,vector,i64,1000000,bits22,asc,15,1,2,1,2653500.000
kernel,vector,i64,1000000,bits22,asc,15,0,2,1,2590375.000
kernel,vector,i64,1000000,bits22,asc,15,1,3,1,2589458.000
kernel,vector,i64,1000000,bits22,asc,15,0,3,1,2556542.000
kernel,vector,i64,1000000,bits22,asc,15,1,4,1,2593250.000
kernel,vector,i64,1000000,bits22,asc,15,0,4,1,2644250.000
kernel,vector,i64,1000000,bits22,asc,15,1,5,1,2613000.000
kernel,vector,i64,1000000,bits22,asc,15,0,5,1,2574250.000
kernel,vector,i64,1000000,bits22,asc,15,1,6,1,2663125.000
kernel,vector,i64,1000000,bits22,asc,15,0,6,1,2688125.000
kernel,vector,i64,1000000,bits22,desc,15,1,0,1,3058750.000
kernel,vector,i64,1000000,bits22,desc,15,0,0,1,2636583.000
kernel,vector,i64,1000000,bits22,desc,15,0,1,1,2603000.000
kernel,vector,i64,1000000,bits22,desc,15,1,1,1,2776750.000
kernel,vector,i64,1000000,bits22,desc,15,1,2,1,3005208.000
kernel,vector,i64,1000000,bits22,desc,15,0,2,1,2628292.000
kernel,vector,i64,1000000,bits22,desc,15,0,3,1,2674834.000
kernel,vector,i64,1000000,bits22,desc,15,1,3,1,2828500.000
kernel,vector,i64,1000000,bits22,desc,15,1,4,1,2752000.000
kernel,vector,i64,1000000,bits22,desc,15,0,4,1,2606542.000
kernel,vector,i64,1000000,bits22,desc,15,0,5,1,2643500.000
kernel,vector,i64,1000000,bits22,desc,15,1,5,1,2934166.000
kernel,vector,i64,1000000,bits22,desc,15,0,6,1,2808083.000
kernel,vector,i64,1000000,bits22,desc,15,1,6,1,2710375.000
sorted,vector,i64,1000000,gaps,asc,0,0,0,1,4554458.000
sorted,vector,i64,1000000,gaps,asc,0,1,0,1,3098416.000
sorted,vector,i64,1000000,gaps,asc,0,1,1,1,4228959.000
sorted,vector,i64,1000000,gaps,asc,0,0,1,1,4007375.000
sorted,vector,i64,1000000,gaps,asc,0,0,2,1,4342375.000
sorted,vector,i64,1000000,gaps,asc,0,1,2,1,4278584.000
sorted,vector,i64,1000000,gaps,asc,0,1,3,1,2892667.000
sorted,vector,i64,1000000,gaps,asc,0,0,3,1,4176750.000
sorted,vector,i64,1000000,gaps,asc,0,0,4,1,4235083.000
sorted,vector,i64,1000000,gaps,asc,0,1,4,1,3153750.000
sorted,vector,i64,1000000,gaps,asc,0,0,5,1,4495667.000
sorted,vector,i64,1000000,gaps,asc,0,1,5,1,3873750.000
sorted,vector,i64,1000000,gaps,asc,0,0,6,1,4410375.000
sorted,vector,i64,1000000,gaps,asc,0,1,6,1,4289167.000
sorted,vector,i64,1000000,gaps,desc,0,1,0,1,4310458.000
sorted,vector,i64,1000000,gaps,desc,0,0,0,1,4318958.000
sorted,vector,i64,1000000,gaps,desc,0,1,1,1,4123166.000
sorted,vector,i64,1000000,gaps,desc,0,0,1,1,4078834.000
sorted,vector,i64,1000000,gaps,desc,0,0,2,1,4175666.000
sorted,vector,i64,1000000,gaps,desc,0,1,2,1,4162417.000
sorted,vector,i64,1000000,gaps,desc,0,0,3,1,4129334.000
sorted,vector,i64,1000000,gaps,desc,0,1,3,1,4245333.000
sorted,vector,i64,1000000,gaps,desc,0,1,4,1,4249416.000
sorted,vector,i64,1000000,gaps,desc,0,0,4,1,4467875.000
sorted,vector,i64,1000000,gaps,desc,0,0,5,1,4355458.000
sorted,vector,i64,1000000,gaps,desc,0,1,5,1,4240416.000
sorted,vector,i64,1000000,gaps,desc,0,1,6,1,4283166.000
sorted,vector,i64,1000000,gaps,desc,0,0,6,1,4098042.000
kernel,vector,i64,1000000,gaps,asc,8,0,0,1,2966709.000
kernel,vector,i64,1000000,gaps,asc,8,1,0,1,1837000.000
kernel,vector,i64,1000000,gaps,asc,8,1,1,1,2967875.000
kernel,vector,i64,1000000,gaps,asc,8,0,1,1,2891583.000
kernel,vector,i64,1000000,gaps,asc,8,0,2,1,2877791.000
kernel,vector,i64,1000000,gaps,asc,8,1,2,1,2989541.000
kernel,vector,i64,1000000,gaps,asc,8,0,3,1,2753333.000
kernel,vector,i64,1000000,gaps,asc,8,1,3,1,1678334.000
kernel,vector,i64,1000000,gaps,asc,8,1,4,1,3028333.000
kernel,vector,i64,1000000,gaps,asc,8,0,4,1,2824334.000
kernel,vector,i64,1000000,gaps,asc,8,0,5,1,2845916.000
kernel,vector,i64,1000000,gaps,asc,8,1,5,1,2980500.000
kernel,vector,i64,1000000,gaps,asc,8,1,6,1,2908000.000
kernel,vector,i64,1000000,gaps,asc,8,0,6,1,2902958.000
kernel,vector,i64,1000000,gaps,desc,8,0,0,1,2774917.000
kernel,vector,i64,1000000,gaps,desc,8,1,0,1,2801750.000
kernel,vector,i64,1000000,gaps,desc,8,0,1,1,2826167.000
kernel,vector,i64,1000000,gaps,desc,8,1,1,1,2858042.000
kernel,vector,i64,1000000,gaps,desc,8,0,2,1,3853458.000
kernel,vector,i64,1000000,gaps,desc,8,1,2,1,3506750.000
kernel,vector,i64,1000000,gaps,desc,8,1,3,1,3405958.000
kernel,vector,i64,1000000,gaps,desc,8,0,3,1,3717458.000
kernel,vector,i64,1000000,gaps,desc,8,0,4,1,3829000.000
kernel,vector,i64,1000000,gaps,desc,8,1,4,1,3013500.000
kernel,vector,i64,1000000,gaps,desc,8,1,5,1,2889750.000
kernel,vector,i64,1000000,gaps,desc,8,0,5,1,3246250.000
kernel,vector,i64,1000000,gaps,desc,8,0,6,1,3349459.000
kernel,vector,i64,1000000,gaps,desc,8,1,6,1,2939792.000
kernel,vector,i64,1000000,gaps,asc,11,0,0,1,3391958.000
kernel,vector,i64,1000000,gaps,asc,11,1,0,1,4469792.000
kernel,vector,i64,1000000,gaps,asc,11,0,1,1,3430917.000
kernel,vector,i64,1000000,gaps,asc,11,1,1,1,4254917.000
kernel,vector,i64,1000000,gaps,asc,11,1,2,1,4282167.000
kernel,vector,i64,1000000,gaps,asc,11,0,2,1,3519084.000
kernel,vector,i64,1000000,gaps,asc,11,1,3,1,3983708.000
kernel,vector,i64,1000000,gaps,asc,11,0,3,1,3649416.000
kernel,vector,i64,1000000,gaps,asc,11,0,4,1,3604625.000
kernel,vector,i64,1000000,gaps,asc,11,1,4,1,4044834.000
kernel,vector,i64,1000000,gaps,asc,11,0,5,1,3477250.000
kernel,vector,i64,1000000,gaps,asc,11,1,5,1,3980458.000
kernel,vector,i64,1000000,gaps,asc,11,0,6,1,3388125.000
kernel,vector,i64,1000000,gaps,asc,11,1,6,1,4097250.000
kernel,vector,i64,1000000,gaps,desc,11,0,0,1,3662625.000
kernel,vector,i64,1000000,gaps,desc,11,1,0,1,4029000.000
kernel,vector,i64,1000000,gaps,desc,11,1,1,1,4090875.000
kernel,vector,i64,1000000,gaps,desc,11,0,1,1,3467458.000
kernel,vector,i64,1000000,gaps,desc,11,1,2,1,4169250.000
kernel,vector,i64,1000000,gaps,desc,11,0,2,1,3587625.000
kernel,vector,i64,1000000,gaps,desc,11,0,3,1,3625417.000
kernel,vector,i64,1000000,gaps,desc,11,1,3,1,4018708.000
kernel,vector,i64,1000000,gaps,desc,11,0,4,1,3460584.000
kernel,vector,i64,1000000,gaps,desc,11,1,4,1,4062500.000
kernel,vector,i64,1000000,gaps,desc,11,0,5,1,3576417.000
kernel,vector,i64,1000000,gaps,desc,11,1,5,1,4096750.000
kernel,vector,i64,1000000,gaps,desc,11,1,6,1,4026916.000
kernel,vector,i64,1000000,gaps,desc,11,0,6,1,3542625.000
kernel,vector,i64,1000000,gaps,asc,15,1,0,1,2158959.000
kernel,vector,i64,1000000,gaps,asc,15,0,0,1,2370458.000
kernel,vector,i64,1000000,gaps,asc,15,0,1,1,2000167.000
kernel,vector,i64,1000000,gaps,asc,15,1,1,1,2025583.000
kernel,vector,i64,1000000,gaps,asc,15,1,2,1,2061708.000
kernel,vector,i64,1000000,gaps,asc,15,0,2,1,2676042.000
kernel,vector,i64,1000000,gaps,asc,15,0,3,1,2824333.000
kernel,vector,i64,1000000,gaps,asc,15,1,3,1,2536167.000
kernel,vector,i64,1000000,gaps,asc,15,1,4,1,2493584.000
kernel,vector,i64,1000000,gaps,asc,15,0,4,1,2358875.000
kernel,vector,i64,1000000,gaps,asc,15,1,5,1,2360292.000
kernel,vector,i64,1000000,gaps,asc,15,0,5,1,2521084.000
kernel,vector,i64,1000000,gaps,asc,15,0,6,1,2107667.000
kernel,vector,i64,1000000,gaps,asc,15,1,6,1,2055459.000
kernel,vector,i64,1000000,gaps,desc,15,1,0,1,2150125.000
kernel,vector,i64,1000000,gaps,desc,15,0,0,1,1966542.000
kernel,vector,i64,1000000,gaps,desc,15,1,1,1,2044667.000
kernel,vector,i64,1000000,gaps,desc,15,0,1,1,2232083.000
kernel,vector,i64,1000000,gaps,desc,15,1,2,1,2168500.000
kernel,vector,i64,1000000,gaps,desc,15,0,2,1,2112084.000
kernel,vector,i64,1000000,gaps,desc,15,0,3,1,2222833.000
kernel,vector,i64,1000000,gaps,desc,15,1,3,1,2067959.000
kernel,vector,i64,1000000,gaps,desc,15,0,4,1,1980875.000
kernel,vector,i64,1000000,gaps,desc,15,1,4,1,2192542.000
kernel,vector,i64,1000000,gaps,desc,15,0,5,1,2441416.000
kernel,vector,i64,1000000,gaps,desc,15,1,5,1,2105292.000
kernel,vector,i64,1000000,gaps,desc,15,0,6,1,2069292.000
kernel,vector,i64,1000000,gaps,desc,15,1,6,1,2105542.000
sorted,vector,i64,1000000,few,asc,0,1,0,1,2714583.000
sorted,vector,i64,1000000,few,asc,0,0,0,1,2714416.000
sorted,vector,i64,1000000,few,asc,0,1,1,1,2524458.000
sorted,vector,i64,1000000,few,asc,0,0,1,1,2571750.000
sorted,vector,i64,1000000,few,asc,0,0,2,1,2669083.000
sorted,vector,i64,1000000,few,asc,0,1,2,1,2541459.000
sorted,vector,i64,1000000,few,asc,0,0,3,1,2546667.000
sorted,vector,i64,1000000,few,asc,0,1,3,1,2565750.000
sorted,vector,i64,1000000,few,asc,0,0,4,1,2514333.000
sorted,vector,i64,1000000,few,asc,0,1,4,1,2522541.000
sorted,vector,i64,1000000,few,asc,0,0,5,1,2578208.000
sorted,vector,i64,1000000,few,asc,0,1,5,1,2499750.000
sorted,vector,i64,1000000,few,asc,0,1,6,1,2533708.000
sorted,vector,i64,1000000,few,asc,0,0,6,1,2495084.000
sorted,vector,i64,1000000,few,desc,0,1,0,1,2619708.000
sorted,vector,i64,1000000,few,desc,0,0,0,1,2563417.000
sorted,vector,i64,1000000,few,desc,0,0,1,1,2581375.000
sorted,vector,i64,1000000,few,desc,0,1,1,1,2609541.000
sorted,vector,i64,1000000,few,desc,0,1,2,1,2657500.000
sorted,vector,i64,1000000,few,desc,0,0,2,1,2558250.000
sorted,vector,i64,1000000,few,desc,0,0,3,1,2852792.000
sorted,vector,i64,1000000,few,desc,0,1,3,1,2561792.000
sorted,vector,i64,1000000,few,desc,0,1,4,1,2693041.000
sorted,vector,i64,1000000,few,desc,0,0,4,1,2584166.000
sorted,vector,i64,1000000,few,desc,0,0,5,1,2524500.000
sorted,vector,i64,1000000,few,desc,0,1,5,1,2524792.000
sorted,vector,i64,1000000,few,desc,0,1,6,1,2550875.000
sorted,vector,i64,1000000,few,desc,0,0,6,1,2529084.000
kernel,vector,i64,1000000,few,asc,8,0,0,1,1336958.000
kernel,vector,i64,1000000,few,asc,8,1,0,1,1426792.000
kernel,vector,i64,1000000,few,asc,8,0,1,1,1332208.000
kernel,vector,i64,1000000,few,asc,8,1,1,1,1520459.000
kernel,vector,i64,1000000,few,asc,8,1,2,1,1368625.000
kernel,vector,i64,1000000,few,asc,8,0,2,1,1225000.000
kernel,vector,i64,1000000,few,asc,8,1,3,1,1294958.000
kernel,vector,i64,1000000,few,asc,8,0,3,1,1305917.000
kernel,vector,i64,1000000,few,asc,8,0,4,1,1268375.000
kernel,vector,i64,1000000,few,asc,8,1,4,1,1415791.000
kernel,vector,i64,1000000,few,asc,8,1,5,1,1327375.000
kernel,vector,i64,1000000,few,asc,8,0,5,1,1375542.000
kernel,vector,i64,1000000,few,asc,8,1,6,1,1325625.000
kernel,vector,i64,1000000,few,asc,8,0,6,1,1284625.000
kernel,vector,i64,1000000,few,desc,8,1,0,1,1379625.000
kernel,vector,i64,1000000,few,desc,8,0,0,1,1336750.000
kernel,vector,i64,1000000,few,desc,8,1,1,1,1335375.000
kernel,vector,i64,1000000,few,desc,8,0,1,1,1316708.000
kernel,vector,i64,1000000,few,desc,8,0,2,1,1342167.000
kernel,vector,i64,1000000,few,desc,8,1,2,1,1396667.000
kernel,vector,i64,1000000,few,desc,8,0,3,1,1287750.000
kernel,vector,i64,1000000,few,desc,8,1,3,1,1334084.000
kernel,vector,i64,1000000,few,desc,8,1,4,1,1333542.000
kernel,vector,i64,1000000,few,desc,8,0,4,1,1284125.000
kernel,vector,i64,1000000,few,desc,8,1,5,1,1339125.000
kernel,vector,i64,1000000,few,desc,8,0,5,1,1291459.000
kernel,vector,i64,1000000,few,desc,8,0,6,1,1363833.000
kernel,vector,i64,1000000,few,desc,8,1,6,1,1342542.000
kernel,vector,i64,1000000,few,asc,11,1,0,1,1503000.000
kernel,vector,i64,1000000,few,asc,11,0,0,1,1346209.000
kernel,vector,i64,1000000,few,asc,11,1,1,1,1381625.000
kernel,vector,i64,1000000,few,asc,11,0,1,1,1384292.000
kernel,vector,i64,1000000,few,asc,11,1,2,1,1449791.000
kernel,vector,i64,1000000,few,asc,11,0,2,1,1356791.000
kernel,vector,i64,1000000,few,asc,11,1,3,1,1417541.000
kernel,vector,i64,1000000,few,asc,11,0,3,1,1334250.000
kernel,vector,i64,1000000,few,asc,11,0,4,1,1378833.000
kernel,vector,i64,1000000,few,asc,11,1,4,1,1450083.000
kernel,vector,i64,1000000,few,asc,11,0,5,1,1439209.000
kernel,vector,i64,1000000,few,asc,11,1,5,1,1411500.000
kernel,vector,i64,1000000,few,asc,11,0,6,1,1440750.000
kernel,vector,i64,1000000,few,asc,11,1,6,1,1403667.000
kernel,vector,i64,1000000,few,desc,11,0,0,1,1371000.000
kernel,vector,i64,1000000,few,desc,11,1,0,1,1434708.000
kernel,vector,i64,1000000,few,desc,11,0,1,1,1317083.000
kernel,vector,i64,1000000,few,desc,11,1,1,1,1426250.000
kernel,vector,i64,1000000,few,desc,11,1,2,1,1426458.000
kernel,vector,i64,1000000,few,desc,11,0,2,1,1328500.000
kernel,vector,i64,1000000,few,desc,11,1,3,1,1406667.000
kernel,vector,i64,1000000,few,desc,11,0,3,1,1348625.000
kernel,vector,i64,1000000,few,desc,11,0,4,1,1530250.000
kernel,vector,i64,1000000,few,desc,11,1,4,1,1381250.000
kernel,vector,i64,1000000,few,desc,11,1,5,1,1478792.000
kernel,vector,i64,1000000,few,desc,11,0,5,1,1404917.000
kernel,vector,i64,1000000,few,desc,11,1,6,1,1494375.000
kernel,vector,i64,1000000,few,desc,11,0,6,1,1241000.000
kernel,vector,i64,1000000,few,asc,15,0,0,1,1330666.000
kernel,vector,i64,1000000,few,asc,15,1,0,1,1502208.000
kernel,vector,i64,1000000,few,asc,15,0,1,1,1285958.000
kernel,vector,i64,1000000,few,asc,15,1,1,1,1306000.000
kernel,vector,i64,1000000,few,asc,15,0,2,1,1268959.000
kernel,vector,i64,1000000,few,asc,15,1,2,1,1357334.000
kernel,vector,i64,1000000,few,asc,15,1,3,1,1419625.000
kernel,vector,i64,1000000,few,asc,15,0,3,1,1423958.000
kernel,vector,i64,1000000,few,asc,15,0,4,1,1323209.000
kernel,vector,i64,1000000,few,asc,15,1,4,1,1340959.000
kernel,vector,i64,1000000,few,asc,15,1,5,1,1346625.000
kernel,vector,i64,1000000,few,asc,15,0,5,1,1360083.000
kernel,vector,i64,1000000,few,asc,15,1,6,1,1333625.000
kernel,vector,i64,1000000,few,asc,15,0,6,1,1310833.000
kernel,vector,i64,1000000,few,desc,15,1,0,1,1396042.000
kernel,vector,i64,1000000,few,desc,15,0,0,1,1587250.000
kernel,vector,i64,1000000,few,desc,15,1,1,1,1484708.000
kernel,vector,i64,1000000,few,desc,15,0,1,1,1570417.000
kernel,vector,i64,1000000,few,desc,15,1,2,1,1478292.000
kernel,vector,i64,1000000,few,desc,15,0,2,1,1381125.000
kernel,vector,i64,1000000,few,desc,15,1,3,1,1400708.000
kernel,vector,i64,1000000,few,desc,15,0,3,1,1327542.000
kernel,vector,i64,1000000,few,desc,15,1,4,1,1319125.000
kernel,vector,i64,1000000,few,desc,15,0,4,1,1425458.000
kernel,vector,i64,1000000,few,desc,15,0,5,1,1279042.000
kernel,vector,i64,1000000,few,desc,15,1,5,1,1449500.000
kernel,vector,i64,1000000,few,desc,15,0,6,1,1321500.000
kernel,vector,i64,1000000,few,desc,15,1,6,1,1379750.000
sorted,vector,i64,1000000,ordered,asc,0,0,0,3,223264.000
sorted,vector,i64,1000000,ordered,asc,0,1,0,3,223583.667
sorted,vector,i64,1000000,ordered,asc,0,0,1,3,223430.333
sorted,vector,i64,1000000,ordered,asc,0,1,1,3,223486.333
sorted,vector,i64,1000000,ordered,asc,0,1,2,3,223347.333
sorted,vector,i64,1000000,ordered,asc,0,0,2,3,231611.000
sorted,vector,i64,1000000,ordered,asc,0,1,3,3,226222.333
sorted,vector,i64,1000000,ordered,asc,0,0,3,3,226597.000
sorted,vector,i64,1000000,ordered,asc,0,0,4,3,233430.333
sorted,vector,i64,1000000,ordered,asc,0,1,4,3,227430.667
sorted,vector,i64,1000000,ordered,asc,0,1,5,3,226014.000
sorted,vector,i64,1000000,ordered,asc,0,0,5,3,226375.000
sorted,vector,i64,1000000,ordered,asc,0,1,6,3,230124.667
sorted,vector,i64,1000000,ordered,asc,0,0,6,3,234527.667
sorted,vector,i64,1000000,ordered,desc,0,1,0,2,331104.500
sorted,vector,i64,1000000,ordered,desc,0,0,0,2,329916.500
sorted,vector,i64,1000000,ordered,desc,0,1,1,2,333229.500
sorted,vector,i64,1000000,ordered,desc,0,0,1,2,328292.000
sorted,vector,i64,1000000,ordered,desc,0,1,2,2,337750.000
sorted,vector,i64,1000000,ordered,desc,0,0,2,2,330666.500
sorted,vector,i64,1000000,ordered,desc,0,1,3,2,328812.500
sorted,vector,i64,1000000,ordered,desc,0,0,3,2,330375.000
sorted,vector,i64,1000000,ordered,desc,0,0,4,2,336375.000
sorted,vector,i64,1000000,ordered,desc,0,1,4,2,333208.000
sorted,vector,i64,1000000,ordered,desc,0,0,5,2,329208.000
sorted,vector,i64,1000000,ordered,desc,0,1,5,2,354645.500
sorted,vector,i64,1000000,ordered,desc,0,0,6,2,337021.000
sorted,vector,i64,1000000,ordered,desc,0,1,6,2,344125.000
sorted,vector,i64,1000000,reverse,asc,0,1,0,2,329312.500
sorted,vector,i64,1000000,reverse,asc,0,0,0,2,324770.500
sorted,vector,i64,1000000,reverse,asc,0,0,1,2,336771.000
sorted,vector,i64,1000000,reverse,asc,0,1,1,2,326938.000
sorted,vector,i64,1000000,reverse,asc,0,0,2,2,324708.000
sorted,vector,i64,1000000,reverse,asc,0,1,2,2,338958.500
sorted,vector,i64,1000000,reverse,asc,0,1,3,2,326791.000
sorted,vector,i64,1000000,reverse,asc,0,0,3,2,324437.500
sorted,vector,i64,1000000,reverse,asc,0,0,4,2,324354.000
sorted,vector,i64,1000000,reverse,asc,0,1,4,2,327083.500
sorted,vector,i64,1000000,reverse,asc,0,0,5,2,335146.000
sorted,vector,i64,1000000,reverse,asc,0,1,5,2,324541.000
sorted,vector,i64,1000000,reverse,asc,0,1,6,2,331146.000
sorted,vector,i64,1000000,reverse,asc,0,0,6,2,325458.500
sorted,vector,i64,1000000,reverse,desc,0,1,0,3,229861.000
sorted,vector,i64,1000000,reverse,desc,0,0,0,3,223514.000
sorted,vector,i64,1000000,reverse,desc,0,1,1,3,223875.000
sorted,vector,i64,1000000,reverse,desc,0,0,1,3,224305.667
sorted,vector,i64,1000000,reverse,desc,0,1,2,3,225167.000
sorted,vector,i64,1000000,reverse,desc,0,0,2,3,231208.333
sorted,vector,i64,1000000,reverse,desc,0,1,3,3,223014.333
sorted,vector,i64,1000000,reverse,desc,0,0,3,3,223277.667
sorted,vector,i64,1000000,reverse,desc,0,1,4,3,227000.000
sorted,vector,i64,1000000,reverse,desc,0,0,4,3,238472.667
sorted,vector,i64,1000000,reverse,desc,0,0,5,3,222930.667
sorted,vector,i64,1000000,reverse,desc,0,1,5,3,222847.000
sorted,vector,i64,1000000,reverse,desc,0,0,6,3,223167.000
sorted,vector,i64,1000000,reverse,desc,0,1,6,3,234111.000
sorted,vector,i64,1000000,nearly,asc,0,1,0,1,5724375.000
sorted,vector,i64,1000000,nearly,asc,0,0,0,1,5882291.000
sorted,vector,i64,1000000,nearly,asc,0,0,1,1,5635750.000
sorted,vector,i64,1000000,nearly,asc,0,1,1,1,5601958.000
sorted,vector,i64,1000000,nearly,asc,0,1,2,1,5563125.000
sorted,vector,i64,1000000,nearly,asc,0,0,2,1,5906875.000
sorted,vector,i64,1000000,nearly,asc,0,1,3,1,5519917.000
sorted,vector,i64,1000000,nearly,asc,0,0,3,1,5789666.000
sorted,vector,i64,1000000,nearly,asc,0,0,4,1,5747084.000
sorted,vector,i64,1000000,nearly,asc,0,1,4,1,5608875.000
sorted,vector,i64,1000000,nearly,asc,0,1,5,1,5596250.000
sorted,vector,i64,1000000,nearly,asc,0,0,5,1,5658667.000
sorted,vector,i64,1000000,nearly,asc,0,1,6,1,5495208.000
sorted,vector,i64,1000000,nearly,asc,0,0,6,1,5636167.000
sorted,vector,i64,1000000,nearly,desc,0,1,0,1,5541041.000
sorted,vector,i64,1000000,nearly,desc,0,0,0,1,5841791.000
sorted,vector,i64,1000000,nearly,desc,0,1,1,1,5720917.000
sorted,vector,i64,1000000,nearly,desc,0,0,1,1,5703959.000
sorted,vector,i64,1000000,nearly,desc,0,1,2,1,5754167.000
sorted,vector,i64,1000000,nearly,desc,0,0,2,1,5634958.000
sorted,vector,i64,1000000,nearly,desc,0,1,3,1,5641166.000
sorted,vector,i64,1000000,nearly,desc,0,0,3,1,5468917.000
sorted,vector,i64,1000000,nearly,desc,0,1,4,1,5652833.000
sorted,vector,i64,1000000,nearly,desc,0,0,4,1,5760500.000
sorted,vector,i64,1000000,nearly,desc,0,1,5,1,5557084.000
sorted,vector,i64,1000000,nearly,desc,0,0,5,1,5666541.000
sorted,vector,i64,1000000,nearly,desc,0,1,6,1,5673000.000
sorted,vector,i64,1000000,nearly,desc,0,0,6,1,5735791.000
sorted,vector,i64,1000000,equal,asc,0,1,0,3,222680.667
sorted,vector,i64,1000000,equal,asc,0,0,0,3,227388.667
sorted,vector,i64,1000000,equal,asc,0,1,1,3,224528.000
sorted,vector,i64,1000000,equal,asc,0,0,1,3,227708.333
sorted,vector,i64,1000000,equal,asc,0,0,2,3,233041.667
sorted,vector,i64,1000000,equal,asc,0,1,2,3,225305.667
sorted,vector,i64,1000000,equal,asc,0,1,3,3,226083.000
sorted,vector,i64,1000000,equal,asc,0,0,3,3,227541.667
sorted,vector,i64,1000000,equal,asc,0,0,4,3,229166.667
sorted,vector,i64,1000000,equal,asc,0,1,4,3,226389.000
sorted,vector,i64,1000000,equal,asc,0,1,5,3,222638.333
sorted,vector,i64,1000000,equal,asc,0,0,5,3,227499.667
sorted,vector,i64,1000000,equal,asc,0,0,6,3,235319.333
sorted,vector,i64,1000000,equal,asc,0,1,6,3,224472.000
sorted,vector,i64,1000000,equal,desc,0,1,0,3,227569.333
sorted,vector,i64,1000000,equal,desc,0,0,0,3,229819.667
sorted,vector,i64,1000000,equal,desc,0,1,1,3,225986.000
sorted,vector,i64,1000000,equal,desc,0,0,1,3,228486.000
sorted,vector,i64,1000000,equal,desc,0,1,2,3,228139.000
sorted,vector,i64,1000000,equal,desc,0,0,2,3,223694.333
sorted,vector,i64,1000000,equal,desc,0,1,3,3,227069.333
sorted,vector,i64,1000000,equal,desc,0,0,3,3,224527.667
sorted,vector,i64,1000000,equal,desc,0,1,4,3,229250.000
sorted,vector,i64,1000000,equal,desc,0,0,4,3,226722.667
sorted,vector,i64,1000000,equal,desc,0,1,5,3,229264.000
sorted,vector,i64,1000000,equal,desc,0,0,5,3,227763.333
sorted,vector,i64,1000000,equal,desc,0,1,6,3,221791.333
sorted,vector,i64,1000000,equal,desc,0,0,6,3,221916.667
sorted,array,i64,65536,full,asc,0,0,0,1,785708.000
sorted,array,i64,65536,full,asc,0,1,0,2,399187.500
sorted,array,i64,65536,full,asc,0,0,1,2,395291.500
sorted,array,i64,65536,full,asc,0,1,1,2,372062.500
sorted,array,i64,65536,full,asc,0,1,2,2,382854.000
sorted,array,i64,65536,full,asc,0,0,2,2,391479.000
sorted,array,i64,65536,full,asc,0,1,3,2,445000.000
sorted,array,i64,65536,full,asc,0,0,3,2,402375.000
sorted,array,i64,65536,full,asc,0,1,4,2,388416.500
sorted,array,i64,65536,full,asc,0,0,4,2,388312.500
sorted,array,i64,65536,full,asc,0,1,5,2,375187.500
sorted,array,i64,65536,full,asc,0,0,5,2,464604.000
sorted,array,i64,65536,full,asc,0,0,6,2,387021.000
sorted,array,i64,65536,full,asc,0,1,6,2,404000.000
sorted,array,i64,65536,full,desc,0,1,0,2,396666.500
sorted,array,i64,65536,full,desc,0,0,0,2,395979.500
sorted,array,i64,65536,full,desc,0,1,1,2,383791.500
sorted,array,i64,65536,full,desc,0,0,1,2,394854.500
sorted,array,i64,65536,full,desc,0,0,2,2,396125.000
sorted,array,i64,65536,full,desc,0,1,2,2,395208.500
sorted,array,i64,65536,full,desc,0,0,3,2,404666.500
sorted,array,i64,65536,full,desc,0,1,3,2,391354.500
sorted,array,i64,65536,full,desc,0,1,4,2,398125.000
sorted,array,i64,65536,full,desc,0,0,4,2,408708.500
sorted,array,i64,65536,full,desc,0,1,5,2,393854.500
sorted,array,i64,65536,full,desc,0,0,5,2,406666.500
sorted,array,i64,65536,full,desc,0,1,6,2,400416.000
sorted,array,i64,65536,full,desc,0,0,6,2,409896.000
sorted,array,i64,65536,bits22,asc,0,1,0,3,172694.667
sorted,array,i64,65536,bits22,asc,0,0,0,3,186513.667
sorted,array,i64,65536,bits22,asc,0,1,1,3,171486.333
sorted,array,i64,65536,bits22,asc,0,0,1,3,188222.333
sorted,array,i64,65536,bits22,asc,0,1,2,3,166958.333
sorted,array,i64,65536,bits22,asc,0,0,2,3,188653.000
sorted,array,i64,65536,bits22,asc,0,1,3,3,178305.667
sorted,array,i64,65536,bits22,asc,0,0,3,3,189319.333
sorted,array,i64,65536,bits22,asc,0,1,4,3,172319.333
sorted,array,i64,65536,bits22,asc,0,0,4,3,188486.000
sorted,array,i64,65536,bits22,asc,0,1,5,3,176903.000
sorted,array,i64,65536,bits22,asc,0,0,5,3,195930.667
sorted,array,i64,65536,bits22,asc,0,1,6,3,173722.333
sorted,array,i64,65536,bits22,asc,0,0,6,3,182541.667
sorted,array,i64,65536,bits22,desc,0,0,0,3,185722.000
sorted,array,i64,65536,bits22,desc,0,1,0,3,179250.000
sorted,array,i64,65536,bits22,desc,0,1,1,3,171833.000
sorted,array,i64,65536,bits22,desc,0,0,1,3,183333.333
sorted,array,i64,65536,bits22,desc,0,1,2,3,172958.333
sorted,array,i64,65536,bits22,desc,0,0,2,3,186639.000
sorted,array,i64,65536,bits22,desc,0,0,3,3,176847.000
sorted,array,i64,65536,bits22,desc,0,1,3,3,172111.333
sorted,array,i64,65536,bits22,desc,0,1,4,4,167604.250
sorted,array,i64,65536,bits22,desc,0,0,4,3,181722.667
sorted,array,i64,65536,bits22,desc,0,0,5,3,181458.667
sorted,array,i64,65536,bits22,desc,0,1,5,3,167486.000
sorted,array,i64,65536,bits22,desc,0,0,6,3,179235.667
sorted,array,i64,65536,bits22,desc,0,1,6,3,170166.333
sorted,array,i64,65536,gaps,asc,0,1,0,2,251437.500
sorted,array,i64,65536,gaps,asc,0,0,0,2,259271.000
sorted,array,i64,65536,gaps,asc,0,0,1,2,297833.500
sorted,array,i64,65536,gaps,asc,0,1,1,2,295583.500
sorted,array,i64,65536,gaps,asc,0,0,2,2,305125.000
sorted,array,i64,65536,gaps,asc,0,1,2,2,281813.000
sorted,array,i64,65536,gaps,asc,0,1,3,2,285895.500
sorted,array,i64,65536,gaps,asc,0,0,3,2,293791.500
sorted,array,i64,65536,gaps,asc,0,1,4,3,272194.000
sorted,array,i64,65536,gaps,asc,0,0,4,2,312104.000
sorted,array,i64,65536,gaps,asc,0,1,5,2,285021.000
sorted,array,i64,65536,gaps,asc,0,0,5,2,291625.000
sorted,array,i64,65536,gaps,asc,0,1,6,2,284479.000
sorted,array,i64,65536,gaps,asc,0,0,6,2,302000.000
sorted,array,i64,65536,gaps,desc,0,0,0,2,291499.500
sorted,array,i64,65536,gaps,desc,0,1,0,2,298042.000
sorted,array,i64,65536,gaps,desc,0,1,1,2,271958.500
sorted,array,i64,65536,gaps,desc,0,0,1,2,292354.000
sorted,array,i64,65536,gaps,desc,0,0,2,2,291792.000
sorted,array,i64,65536,gaps,desc,0,1,2,2,279541.500
sorted,array,i64,65536,gaps,desc,0,0,3,2,288749.500
sorted,array,i64,65536,gaps,desc,0,1,3,2,268812.500
sorted,array,i64,65536,gaps,desc,0,1,4,2,310583.500
sorted,array,i64,65536,gaps,desc,0,0,4,2,286625.000
sorted,array,i64,65536,gaps,desc,0,1,5,2,271417.000
sorted,array,i64,65536,gaps,desc,0,0,5,2,290708.500
sorted,array,i64,65536,gaps,desc,0,0,6,2,283937.500
sorted,array,i64,65536,gaps,desc,0,1,6,2,282833.500
sorted,array,i64,65536,few,asc,0,1,0,4,157260.500
sorted,array,i64,65536,few,asc,0,0,0,3,168472.000
sorted,array,i64,65536,few,asc,0,1,1,4,157437.250
sorted,array,i64,65536,few,asc,0,0,1,4,167416.750
sorted,array,i64,65536,few,asc,0,0,2,4,167583.500
sorted,array,i64,65536,few,asc,0,1,2,4,150573.000
sorted,array,i64,65536,few,asc,0,1,3,4,152489.500
sorted,array,i64,65536,few,asc,0,0,3,4,166114.500
sorted,array,i64,65536,few,asc,0,1,4,4,152354.250
sorted,array,i64,65536,few,asc,0,0,4,3,174694.333
sorted,array,i64,65536,few,asc,0,0,5,3,170763.667
sorted,array,i64,65536,few,asc,0,1,5,4,154541.750
sorted,array,i64,65536,few,asc,0,0,6,4,164062.500
sorted,array,i64,65536,few,asc,0,1,6,4,152010.500
sorted,array,i64,65536,few,desc,0,1,0,4,145187.750
sorted,array,i64,65536,few,desc,0,0,0,4,155875.250
sorted,array,i64,65536,few,desc,0,0,1,4,154093.750
sorted,array,i64,65536,few,desc,0,1,1,4,138125.250
sorted,array,i64,65536,few,desc,0,1,2,4,132354.500
sorted,array,i64,65536,few,desc,0,0,2,4,154666.750
sorted,array,i64,65536,few,desc,0,0,3,4,150166.500
sorted,array,i64,65536,few,desc,0,1,3,4,135364.500
sorted,array,i64,65536,few,desc,0,0,4,4,156104.000
sorted,array,i64,65536,few,desc,0,1,4,4,133978.750
sorted,array,i64,65536,few,desc,0,1,5,4,137270.750
sorted,array,i64,65536,few,desc,0,0,5,4,147729.250
sorted,array,i64,65536,few,desc,0,0,6,4,152062.750
sorted,array,i64,65536,few,desc,0,1,6,4,138291.500
sorted,array,i64,65536,ordered,asc,0,1,0,15,34177.800
sorted,array,i64,65536,ordered,asc,0,0,0,15,34666.600
sorted,array,i64,65536,ordered,asc,0,1,1,15,33780.400
sorted,array,i64,65536,ordered,asc,0,0,1,15,34725.067
sorted,array,i64,65536,ordered,asc,0,1,2,15,33958.267
sorted,array,i64,65536,ordered,asc,0,0,2,15,35611.200
sorted,array,i64,65536,ordered,asc,0,0,3,15,33952.867
sorted,array,i64,65536,ordered,asc,0,1,3,15,34711.133
sorted,array,i64,65536,ordered,asc,0,0,4,15,33955.667
sorted,array,i64,65536,ordered,asc,0,1,4,15,34466.733
sorted,array,i64,65536,ordered,asc,0,0,5,15,34299.933
sorted,array,i64,65536,ordered,asc,0,1,5,15,34488.933
sorted,array,i64,65536,ordered,asc,0,0,6,15,34177.800
sorted,array,i64,65536,ordered,asc,0,1,6,15,34544.333
sorted,array,i64,65536,ordered,desc,0,1,0,11,48102.273
sorted,array,i64,65536,ordered,desc,0,0,0,11,48890.273
sorted,array,i64,65536,ordered,desc,0,0,1,11,47704.545
sorted,array,i64,65536,ordered,desc,0,1,1,11,46367.182
sorted,array,i64,65536,ordered,desc,0,0,2,11,47291.818
sorted,array,i64,65536,ordered,desc,0,1,2,11,47416.545
sorted,array,i64,65536,ordered,desc,0,0,3,11,46325.636
sorted,array,i64,65536,ordered,desc,0,1,3,11,47503.909
sorted,array,i64,65536,ordered,desc,0,1,4,11,47113.727
sorted,array,i64,65536,ordered,desc,0,0,4,11,46424.273
sorted,array,i64,65536,ordered,desc,0,0,5,11,46329.364
sorted,array,i64,65536,ordered,desc,0,1,5,12,44177.250
sorted,array,i64,65536,ordered,desc,0,0,6,12,43326.417
sorted,array,i64,65536,ordered,desc,0,1,6,12,45180.417
sorted,array,i64,65536,reverse,asc,0,1,0,12,43250.167
sorted,array,i64,65536,reverse,asc,0,0,0,12,43264.083
sorted,array,i64,65536,reverse,asc,0,1,1,12,44524.167
sorted,array,i64,65536,reverse,asc,0,0,1,11,45522.818
sorted,array,i64,65536,reverse,asc,0,0,2,11,46935.727
sorted,array,i64,65536,reverse,asc,0,1,2,11,45787.909
sorted,array,i64,65536,reverse,asc,0,1,3,12,44555.667
sorted,array,i64,65536,reverse,asc,0,0,3,12,43395.833
sorted,array,i64,65536,reverse,asc,0,1,4,12,44250.083
sorted,array,i64,65536,reverse,asc,0,0,4,11,45776.636
sorted,array,i64,65536,reverse,asc,0,1,5,12,43753.333
sorted,array,i64,65536,reverse,asc,0,0,5,12,43197.833
sorted,array,i64,65536,reverse,asc,0,1,6,12,44295.167
sorted,array,i64,65536,reverse,asc,0,0,6,12,45173.583
sorted,array,i64,65536,reverse,desc,0,1,0,15,34386.400
sorted,array,i64,65536,reverse,desc,0,0,0,15,34930.600
sorted,array,i64,65536,reverse,desc,0,0,1,16,32961.062
sorted,array,i64,65536,reverse,desc,0,1,1,16,31994.875
sorted,array,i64,65536,reverse,desc,0,1,2,16,31966.250
sorted,array,i64,65536,reverse,desc,0,0,2,16,32005.125
sorted,array,i64,65536,reverse,desc,0,0,3,16,33158.938
sorted,array,i64,65536,reverse,desc,0,1,3,15,33655.667
sorted,array,i64,65536,reverse,desc,0,0,4,15,33611.067
sorted,array,i64,65536,reverse,desc,0,1,4,16,32661.562
sorted,array,i64,65536,reverse,desc,0,1,5,16,31955.562
sorted,array,i64,65536,reverse,desc,0,0,5,16,33132.812
sorted,array,i64,65536,reverse,desc,0,0,6,14,35738.357
sorted,array,i64,65536,reverse,desc,0,1,6,16,32653.688
sorted,array,i64,65536,nearly,asc,0,1,0,2,357166.500
sorted,array,i64,65536,nearly,asc,0,0,0,2,369750.000
sorted,array,i64,65536,nearly,asc,0,0,1,2,364750.500
sorted,array,i64,65536,nearly,asc,0,1,1,2,342791.500
sorted,array,i64,65536,nearly,asc,0,1,2,2,352958.500
sorted,array,i64,65536,nearly,asc,0,0,2,2,353000.000
sorted,array,i64,65536,nearly,asc,0,0,3,2,351021.000
sorted,array,i64,65536,nearly,asc,0,1,3,2,358666.500
sorted,array,i64,65536,nearly,asc,0,0,4,2,355416.500
sorted,array,i64,65536,nearly,asc,0,1,4,2,344353.500
sorted,array,i64,65536,nearly,asc,0,1,5,2,350958.500
sorted,array,i64,65536,nearly,asc,0,0,5,2,362624.500
sorted,array,i64,65536,nearly,asc,0,0,6,2,371708.500
sorted,array,i64,65536,nearly,asc,0,1,6,2,358479.500
sorted,array,i64,65536,nearly,desc,0,0,0,2,370458.500
sorted,array,i64,65536,nearly,desc,0,1,0,2,373125.000
sorted,array,i64,65536,nearly,desc,0,1,1,2,372000.000
sorted,array,i64,65536,nearly,desc,0,0,1,2,370854.500
sorted,array,i64,65536,nearly,desc,0,0,2,2,356458.500
sorted,array,i64,65536,nearly,desc,0,1,2,2,363437.500
sorted,array,i64,65536,nearly,desc,0,0,3,2,390500.000
sorted,array,i64,65536,nearly,desc,0,1,3,2,346000.000
sorted,array,i64,65536,nearly,desc,0,1,4,2,344062.500
sorted,array,i64,65536,nearly,desc,0,0,4,2,350541.500
sorted,array,i64,65536,nearly,desc,0,0,5,2,357333.500
sorted,array,i64,65536,nearly,desc,0,1,5,2,360833.000
sorted,array,i64,65536,nearly,desc,0,0,6,2,358104.000
sorted,array,i64,65536,nearly,desc,0,1,6,2,359958.500
sorted,array,i64,65536,equal,asc,0,1,0,15,34114.000
sorted,array,i64,65536,equal,asc,0,0,0,16,32080.812
sorted,array,i64,65536,equal,asc,0,0,1,16,32890.625
sorted,array,i64,65536,equal,asc,0,1,1,16,32054.812
sorted,array,i64,65536,equal,asc,0,0,2,16,32065.312
sorted,array,i64,65536,equal,asc,0,1,2,15,33355.800
sorted,array,i64,65536,equal,asc,0,1,3,15,33711.000
sorted,array,i64,65536,equal,asc,0,0,3,16,33255.250
sorted,array,i64,65536,equal,asc,0,0,4,16,32843.812
sorted,array,i64,65536,equal,asc,0,1,4,15,33864.000
sorted,array,i64,65536,equal,asc,0,0,5,15,35041.600
sorted,array,i64,65536,equal,asc,0,1,5,15,33544.467
sorted,array,i64,65536,equal,asc,0,1,6,15,35361.000
sorted,array,i64,65536,equal,asc,0,0,6,16,32099.000
sorted,array,i64,65536,equal,desc,0,0,0,16,32031.062
sorted,array,i64,65536,equal,desc,0,1,0,15,33738.867
sorted,array,i64,65536,equal,desc,0,0,1,15,34049.867
sorted,array,i64,65536,equal,desc,0,1,1,15,33427.800
sorted,array,i64,65536,equal,desc,0,1,2,15,34274.933
sorted,array,i64,65536,equal,desc,0,0,2,15,35002.733
sorted,array,i64,65536,equal,desc,0,1,3,15,34194.333
sorted,array,i64,65536,equal,desc,0,0,3,16,33411.688
sorted,array,i64,65536,equal,desc,0,1,4,15,34250.067
sorted,array,i64,65536,equal,desc,0,0,4,15,34419.467
sorted,array,i64,65536,equal,desc,0,1,5,16,33046.938
sorted,array,i64,65536,equal,desc,0,0,5,16,32065.062
sorted,array,i64,65536,equal,desc,0,0,6,16,33226.500
sorted,array,i64,65536,equal,desc,0,1,6,16,32763.000
