stage,container,type,n,distribution,direction,bits,method,round,repeats,ns
sorted,vector,i32,128,full,asc,0,0,0,512,433.594
sorted,vector,i32,128,full,asc,0,1,0,512,417.969
sorted,vector,i32,128,full,asc,0,1,1,512,419.922
sorted,vector,i32,128,full,asc,0,0,1,512,439.453
sorted,vector,i32,128,full,asc,0,1,2,512,449.219
sorted,vector,i32,128,full,asc,0,0,2,512,464.844
sorted,vector,i32,128,full,asc,0,1,3,512,425.781
sorted,vector,i32,128,full,asc,0,0,3,512,429.688
sorted,vector,i32,128,full,asc,0,1,4,512,453.125
sorted,vector,i32,128,full,asc,0,0,4,512,466.797
sorted,vector,i32,128,full,asc,0,0,5,512,431.641
sorted,vector,i32,128,full,asc,0,1,5,512,433.594
sorted,vector,i32,128,full,asc,0,0,6,512,441.406
sorted,vector,i32,128,full,asc,0,1,6,512,462.891
sorted,vector,i32,128,full,desc,0,0,0,512,462.891
sorted,vector,i32,128,full,desc,0,1,0,512,458.984
sorted,vector,i32,128,full,desc,0,1,1,512,425.781
sorted,vector,i32,128,full,desc,0,0,1,512,435.547
sorted,vector,i32,128,full,desc,0,1,2,512,470.703
sorted,vector,i32,128,full,desc,0,0,2,512,468.750
sorted,vector,i32,128,full,desc,0,0,3,512,435.547
sorted,vector,i32,128,full,desc,0,1,3,512,427.734
sorted,vector,i32,128,full,desc,0,1,4,512,462.891
sorted,vector,i32,128,full,desc,0,0,4,512,455.078
sorted,vector,i32,128,full,desc,0,0,5,512,437.500
sorted,vector,i32,128,full,desc,0,1,5,512,431.641
sorted,vector,i32,128,full,desc,0,0,6,512,462.891
sorted,vector,i32,128,full,desc,0,1,6,512,490.234
sorted,vector,i32,128,bits22,asc,0,0,0,512,433.594
sorted,vector,i32,128,bits22,asc,0,1,0,512,433.594
sorted,vector,i32,128,bits22,asc,0,1,1,512,398.438
sorted,vector,i32,128,bits22,asc,0,0,1,512,400.391
sorted,vector,i32,128,bits22,asc,0,1,2,512,443.359
sorted,vector,i32,128,bits22,asc,0,0,2,512,445.312
sorted,vector,i32,128,bits22,asc,0,0,3,512,419.922
sorted,vector,i32,128,bits22,asc,0,1,3,512,425.781
sorted,vector,i32,128,bits22,asc,0,1,4,512,460.938
sorted,vector,i32,128,bits22,asc,0,0,4,512,468.750
sorted,vector,i32,128,bits22,asc,0,1,5,512,421.875
sorted,vector,i32,128,bits22,asc,0,0,5,512,439.453
sorted,vector,i32,128,bits22,asc,0,1,6,512,462.891
sorted,vector,i32,128,bits22,asc,0,0,6,512,462.891
sorted,vector,i32,128,bits22,desc,0,1,0,512,408.203
sorted,vector,i32,128,bits22,desc,0,0,0,512,429.688
sorted,vector,i32,128,bits22,desc,0,0,1,512,373.047
sorted,vector,i32,128,bits22,desc,0,1,1,512,373.047
sorted,vector,i32,128,bits22,desc,0,1,2,512,400.391
sorted,vector,i32,128,bits22,desc,0,0,2,512,445.312
sorted,vector,i32,128,bits22,desc,0,1,3,512,427.734
sorted,vector,i32,128,bits22,desc,0,0,3,512,394.531
sorted,vector,i32,128,bits22,desc,0,1,4,512,392.578
sorted,vector,i32,128,bits22,desc,0,0,4,512,419.922
sorted,vector,i32,128,bits22,desc,0,0,5,512,378.906
sorted,vector,i32,128,bits22,desc,0,1,5,512,394.531
sorted,vector,i32,128,bits22,desc,0,1,6,512,388.672
sorted,vector,i32,128,bits22,desc,0,0,6,512,425.781
sorted,vector,i32,128,gaps,asc,0,0,0,512,425.781
sorted,vector,i32,128,gaps,asc,0,1,0,512,437.500
sorted,vector,i32,128,gaps,asc,0,0,1,512,437.500
sorted,vector,i32,128,gaps,asc,0,1,1,512,404.297
sorted,vector,i32,128,gaps,asc,0,0,2,512,412.109
sorted,vector,i32,128,gaps,asc,0,1,2,512,437.500
sorted,vector,i32,128,gaps,asc,0,1,3,512,447.266
sorted,vector,i32,128,gaps,asc,0,0,3,512,417.969
sorted,vector,i32,128,gaps,asc,0,1,4,512,416.016
sorted,vector,i32,128,gaps,asc,0,0,4,512,427.734
sorted,vector,i32,128,gaps,asc,0,1,5,512,458.984
sorted,vector,i32,128,gaps,asc,0,0,5,512,431.641
sorted,vector,i32,128,gaps,asc,0,0,6,512,447.266
sorted,vector,i32,128,gaps,asc,0,1,6,512,429.688
sorted,vector,i32,128,gaps,desc,0,1,0,512,451.172
sorted,vector,i32,128,gaps,desc,0,0,0,512,427.734
sorted,vector,i32,128,gaps,desc,0,0,1,512,455.078
sorted,vector,i32,128,gaps,desc,0,1,1,512,410.156
sorted,vector,i32,128,gaps,desc,0,0,2,512,417.969
sorted,vector,i32,128,gaps,desc,0,1,2,512,433.594
sorted,vector,i32,128,gaps,desc,0,0,3,512,443.359
sorted,vector,i32,128,gaps,desc,0,1,3,512,414.062
sorted,vector,i32,128,gaps,desc,0,1,4,512,419.922
sorted,vector,i32,128,gaps,desc,0,0,4,512,443.359
sorted,vector,i32,128,gaps,desc,0,0,5,512,460.938
sorted,vector,i32,128,gaps,desc,0,1,5,512,400.391
sorted,vector,i32,128,gaps,desc,0,0,6,512,417.969
sorted,vector,i32,128,gaps,desc,0,1,6,512,429.688
sorted,vector,i32,128,few,asc,0,0,0,512,380.859
sorted,vector,i32,128,few,asc,0,1,0,512,369.141
sorted,vector,i32,128,few,asc,0,0,1,512,408.203
sorted,vector,i32,128,few,asc,0,1,1,512,398.438
sorted,vector,i32,128,few,asc,0,0,2,512,376.953
sorted,vector,i32,128,few,asc,0,1,2,512,367.188
sorted,vector,i32,128,few,asc,0,1,3,512,373.047
sorted,vector,i32,128,few,asc,0,0,3,512,414.062
sorted,vector,i32,128,few,asc,0,1,4,512,376.953
sorted,vector,i32,128,few,asc,0,0,4,512,376.953
sorted,vector,i32,128,few,asc,0,0,5,512,363.281
sorted,vector,i32,128,few,asc,0,1,5,512,392.578
sorted,vector,i32,128,few,asc,0,0,6,512,425.781
sorted,vector,i32,128,few,asc,0,1,6,512,402.344
sorted,vector,i32,128,few,desc,0,1,0,512,433.594
sorted,vector,i32,128,few,desc,0,0,0,512,375.000
sorted,vector,i32,128,few,desc,0,1,1,512,369.141
sorted,vector,i32,128,few,desc,0,0,1,512,373.047
sorted,vector,i32,128,few,desc,0,1,2,512,398.438
sorted,vector,i32,128,few,desc,0,0,2,512,410.156
sorted,vector,i32,128,few,desc,0,1,3,512,429.688
sorted,vector,i32,128,few,desc,0,0,3,512,417.969
sorted,vector,i32,128,few,desc,0,1,4,512,382.812
sorted,vector,i32,128,few,desc,0,0,4,512,375.000
sorted,vector,i32,128,few,desc,0,0,5,512,369.141
sorted,vector,i32,128,few,desc,0,1,5,512,408.203
sorted,vector,i32,128,few,desc,0,0,6,512,378.906
sorted,vector,i32,128,few,desc,0,1,6,512,380.859
sorted,vector,i32,128,ordered,asc,0,0,0,512,33.203
sorted,vector,i32,128,ordered,asc,0,1,0,512,41.016
sorted,vector,i32,128,ordered,asc,0,0,1,512,46.875
sorted,vector,i32,128,ordered,asc,0,1,1,512,37.109
sorted,vector,i32,128,ordered,asc,0,0,2,512,44.922
sorted,vector,i32,128,ordered,asc,0,1,2,512,41.016
sorted,vector,i32,128,ordered,asc,0,0,3,512,39.062
sorted,vector,i32,128,ordered,asc,0,1,3,512,39.062
sorted,vector,i32,128,ordered,asc,0,1,4,512,44.922
sorted,vector,i32,128,ordered,asc,0,0,4,512,41.016
sorted,vector,i32,128,ordered,asc,0,0,5,512,42.969
sorted,vector,i32,128,ordered,asc,0,1,5,512,37.109
sorted,vector,i32,128,ordered,asc,0,1,6,512,37.109
sorted,vector,i32,128,ordered,asc,0,0,6,512,29.297
sorted,vector,i32,128,ordered,desc,0,0,0,512,54.688
sorted,vector,i32,128,ordered,desc,0,1,0,512,50.781
sorted,vector,i32,128,ordered,desc,0,0,1,512,50.781
sorted,vector,i32,128,ordered,desc,0,1,1,512,48.828
sorted,vector,i32,128,ordered,desc,0,1,2,512,50.781
sorted,vector,i32,128,ordered,desc,0,0,2,512,56.641
sorted,vector,i32,128,ordered,desc,0,0,3,512,56.641
sorted,vector,i32,128,ordered,desc,0,1,3,512,58.594
sorted,vector,i32,128,ordered,desc,0,0,4,512,56.641
sorted,vector,i32,128,ordered,desc,0,1,4,512,60.547
sorted,vector,i32,128,ordered,desc,0,0,5,512,48.828
sorted,vector,i32,128,ordered,desc,0,1,5,512,39.062
sorted,vector,i32,128,ordered,desc,0,1,6,512,48.828
sorted,vector,i32,128,ordered,desc,0,0,6,512,56.641
sorted,vector,i32,128,reverse,asc,0,1,0,512,60.547
sorted,vector,i32,128,reverse,asc,0,0,0,512,58.594
sorted,vector,i32,128,reverse,asc,0,1,1,512,52.734
sorted,vector,i32,128,reverse,asc,0,0,1,512,46.875
sorted,vector,i32,128,reverse,asc,0,0,2,512,52.734
sorted,vector,i32,128,reverse,asc,0,1,2,512,50.781
sorted,vector,i32,128,reverse,asc,0,1,3,512,62.500
sorted,vector,i32,128,reverse,asc,0,0,3,512,56.641
sorted,vector,i32,128,reverse,asc,0,1,4,512,58.594
sorted,vector,i32,128,reverse,asc,0,0,4,512,58.594
sorted,vector,i32,128,reverse,asc,0,0,5,512,58.594
sorted,vector,i32,128,reverse,asc,0,1,5,512,50.781
sorted,vector,i32,128,reverse,asc,0,1,6,512,50.781
sorted,vector,i32,128,reverse,asc,0,0,6,512,54.688
sorted,vector,i32,128,reverse,desc,0,0,0,512,35.156
sorted,vector,i32,128,reverse,desc,0,1,0,512,41.016
sorted,vector,i32,128,reverse,desc,0,1,1,512,41.016
sorted,vector,i32,128,reverse,desc,0,0,1,512,39.062
sorted,vector,i32,128,reverse,desc,0,0,2,512,42.969
sorted,vector,i32,128,reverse,desc,0,1,2,512,31.250
sorted,vector,i32,128,reverse,desc,0,0,3,512,37.109
sorted,vector,i32,128,reverse,desc,0,1,3,512,39.062
sorted,vector,i32,128,reverse,desc,0,1,4,512,44.922
sorted,vector,i32,128,reverse,desc,0,0,4,512,42.969
sorted,vector,i32,128,reverse,desc,0,1,5,512,39.062
sorted,vector,i32,128,reverse,desc,0,0,5,512,42.969
sorted,vector,i32,128,reverse,desc,0,0,6,512,44.922
sorted,vector,i32,128,reverse,desc,0,1,6,512,39.062
sorted,vector,i32,128,nearly,asc,0,0,0,512,335.938
sorted,vector,i32,128,nearly,asc,0,1,0,512,322.266
sorted,vector,i32,128,nearly,asc,0,0,1,512,355.469
sorted,vector,i32,128,nearly,asc,0,1,1,512,341.797
sorted,vector,i32,128,nearly,asc,0,0,2,512,328.125
sorted,vector,i32,128,nearly,asc,0,1,2,512,337.891
sorted,vector,i32,128,nearly,asc,0,0,3,512,324.219
sorted,vector,i32,128,nearly,asc,0,1,3,512,357.422
sorted,vector,i32,128,nearly,asc,0,1,4,512,337.891
sorted,vector,i32,128,nearly,asc,0,0,4,512,333.984
sorted,vector,i32,128,nearly,asc,0,1,5,512,332.031
sorted,vector,i32,128,nearly,asc,0,0,5,512,333.984
sorted,vector,i32,128,nearly,asc,0,0,6,512,359.375
sorted,vector,i32,128,nearly,asc,0,1,6,512,361.328
sorted,vector,i32,128,nearly,desc,0,0,0,512,273.438
sorted,vector,i32,128,nearly,desc,0,1,0,512,289.062
sorted,vector,i32,128,nearly,desc,0,0,1,512,294.922
sorted,vector,i32,128,nearly,desc,0,1,1,512,271.484
sorted,vector,i32,128,nearly,desc,0,0,2,512,269.531
sorted,vector,i32,128,nearly,desc,0,1,2,512,269.531
sorted,vector,i32,128,nearly,desc,0,0,3,512,279.297
sorted,vector,i32,128,nearly,desc,0,1,3,512,300.781
sorted,vector,i32,128,nearly,desc,0,0,4,512,292.969
sorted,vector,i32,128,nearly,desc,0,1,4,512,271.484
sorted,vector,i32,128,nearly,desc,0,0,5,512,265.625
sorted,vector,i32,128,nearly,desc,0,1,5,512,269.531
sorted,vector,i32,128,nearly,desc,0,1,6,512,287.109
sorted,vector,i32,128,nearly,desc,0,0,6,512,306.641
sorted,vector,i32,128,equal,asc,0,0,0,512,41.016
sorted,vector,i32,128,equal,asc,0,1,0,512,39.062
sorted,vector,i32,128,equal,asc,0,1,1,512,37.109
sorted,vector,i32,128,equal,asc,0,0,1,512,33.203
sorted,vector,i32,128,equal,asc,0,1,2,512,35.156
sorted,vector,i32,128,equal,asc,0,0,2,512,35.156
sorted,vector,i32,128,equal,asc,0,1,3,512,35.156
sorted,vector,i32,128,equal,asc,0,0,3,512,39.062
sorted,vector,i32,128,equal,asc,0,1,4,512,35.156
sorted,vector,i32,128,equal,asc,0,0,4,512,35.156
sorted,vector,i32,128,equal,asc,0,0,5,512,35.156
sorted,vector,i32,128,equal,asc,0,1,5,512,37.109
sorted,vector,i32,128,equal,asc,0,0,6,512,37.109
sorted,vector,i32,128,equal,asc,0,1,6,512,33.203
sorted,vector,i32,128,equal,desc,0,1,0,512,44.922
sorted,vector,i32,128,equal,desc,0,0,0,512,39.062
sorted,vector,i32,128,equal,desc,0,0,1,512,42.969
sorted,vector,i32,128,equal,desc,0,1,1,512,42.969
sorted,vector,i32,128,equal,desc,0,1,2,512,35.156
sorted,vector,i32,128,equal,desc,0,0,2,512,37.109
sorted,vector,i32,128,equal,desc,0,0,3,512,42.969
sorted,vector,i32,128,equal,desc,0,1,3,512,41.016
sorted,vector,i32,128,equal,desc,0,1,4,512,37.109
sorted,vector,i32,128,equal,desc,0,0,4,512,42.969
sorted,vector,i32,128,equal,desc,0,1,5,512,29.297
sorted,vector,i32,128,equal,desc,0,0,5,512,29.297
sorted,vector,i32,128,equal,desc,0,0,6,512,39.062
sorted,vector,i32,128,equal,desc,0,1,6,512,39.062
sorted,vector,i32,512,full,asc,0,0,0,206,2427.184
sorted,vector,i32,512,full,asc,0,1,0,217,2308.756
sorted,vector,i32,512,full,asc,0,1,1,200,2500.000
sorted,vector,i32,512,full,asc,0,0,1,216,2314.815
sorted,vector,i32,512,full,asc,0,1,2,195,2569.231
sorted,vector,i32,512,full,asc,0,0,2,202,2480.198
sorted,vector,i32,512,full,asc,0,1,3,214,2341.121
sorted,vector,i32,512,full,asc,0,0,3,217,2308.756
sorted,vector,i32,512,full,asc,0,1,4,205,2439.024
sorted,vector,i32,512,full,asc,0,0,4,208,2403.846
sorted,vector,i32,512,full,asc,0,0,5,206,2432.039
sorted,vector,i32,512,full,asc,0,1,5,201,2492.537
sorted,vector,i32,512,full,asc,0,0,6,212,2367.925
sorted,vector,i32,512,full,asc,0,1,6,202,2475.248
sorted,vector,i32,512,full,desc,0,1,0,208,2408.654
sorted,vector,i32,512,full,desc,0,0,0,198,2535.354
sorted,vector,i32,512,full,desc,0,1,1,202,2480.198
sorted,vector,i32,512,full,desc,0,0,1,206,2432.039
sorted,vector,i32,512,full,desc,0,0,2,197,2538.071
sorted,vector,i32,512,full,desc,0,1,2,190,2631.579
sorted,vector,i32,512,full,desc,0,1,3,208,2408.654
sorted,vector,i32,512,full,desc,0,0,3,212,2358.491
sorted,vector,i32,512,full,desc,0,0,4,194,2582.474
sorted,vector,i32,512,full,desc,0,1,4,205,2439.024
sorted,vector,i32,512,full,desc,0,0,5,208,2403.846
sorted,vector,i32,512,full,desc,0,1,5,194,2577.320
sorted,vector,i32,512,full,desc,0,0,6,208,2403.846
sorted,vector,i32,512,full,desc,0,1,6,207,2415.459
sorted,vector,i32,512,bits22,asc,0,0,0,190,2642.105
sorted,vector,i32,512,bits22,asc,0,1,0,192,2604.167
sorted,vector,i32,512,bits22,asc,0,1,1,194,2582.474
sorted,vector,i32,512,bits22,asc,0,0,1,182,2752.747
sorted,vector,i32,512,bits22,asc,0,0,2,194,2587.629
sorted,vector,i32,512,bits22,asc,0,1,2,188,2664.894
sorted,vector,i32,512,bits22,asc,0,0,3,189,2650.794
sorted,vector,i32,512,bits22,asc,0,1,3,192,2604.167
sorted,vector,i32,512,bits22,asc,0,0,4,192,2609.375
sorted,vector,i32,512,bits22,asc,0,1,4,192,2609.375
sorted,vector,i32,512,bits22,asc,0,0,5,192,2609.375
sorted,vector,i32,512,bits22,asc,0,1,5,194,2577.320
sorted,vector,i32,512,bits22,asc,0,1,6,190,2631.579
sorted,vector,i32,512,bits22,asc,0,0,6,193,2601.036
sorted,vector,i32,512,bits22,desc,0,0,0,190,2631.579
sorted,vector,i32,512,bits22,desc,0,1,0,192,2614.583
sorted,vector,i32,512,bits22,desc,0,0,1,180,2777.778
sorted,vector,i32,512,bits22,desc,0,1,1,197,2543.147
sorted,vector,i32,512,bits22,desc,0,1,2,199,2517.588
sorted,vector,i32,512,bits22,desc,0,0,2,187,2684.492
sorted,vector,i32,512,bits22,desc,0,1,3,199,2512.563
sorted,vector,i32,512,bits22,desc,0,0,3,194,2577.320
sorted,vector,i32,512,bits22,desc,0,1,4,190,2636.842
sorted,vector,i32,512,bits22,desc,0,0,4,188,2664.894
sorted,vector,i32,512,bits22,desc,0,0,5,196,2561.224
sorted,vector,i32,512,bits22,desc,0,1,5,196,2551.020
sorted,vector,i32,512,bits22,desc,0,0,6,199,2512.563
sorted,vector,i32,512,bits22,desc,0,1,6,199,2517.588
sorted,vector,i32,512,gaps,asc,0,0,0,205,2443.902
sorted,vector,i32,512,gaps,asc,0,1,0,205,2443.902
sorted,vector,i32,512,gaps,asc,0,1,1,202,2480.198
sorted,vector,i32,512,gaps,asc,0,0,1,196,2556.122
sorted,vector,i32,512,gaps,asc,0,1,2,204,2460.784
sorted,vector,i32,512,gaps,asc,0,0,2,176,2846.591
sorted,vector,i32,512,gaps,asc,0,0,3,193,2595.855
sorted,vector,i32,512,gaps,asc,0,1,3,206,2432.039
sorted,vector,i32,512,gaps,asc,0,1,4,204,2455.882
sorted,vector,i32,512,gaps,asc,0,0,4,206,2436.893
sorted,vector,i32,512,gaps,asc,0,1,5,197,2543.147
sorted,vector,i32,512,gaps,asc,0,0,5,206,2432.039
sorted,vector,i32,512,gaps,asc,0,0,6,203,2467.980
sorted,vector,i32,512,gaps,asc,0,1,6,205,2443.902
sorted,vector,i32,512,gaps,desc,0,1,0,201,2497.512
sorted,vector,i32,512,gaps,desc,0,0,0,202,2475.248
sorted,vector,i32,512,gaps,desc,0,0,1,203,2472.906
sorted,vector,i32,512,gaps,desc,0,1,1,148,3405.405
sorted,vector,i32,512,gaps,desc,0,0,2,149,3355.705
sorted,vector,i32,512,gaps,desc,0,1,2,158,3177.215
sorted,vector,i32,512,gaps,desc,0,0,3,184,2717.391
sorted,vector,i32,512,gaps,desc,0,1,3,183,2732.240
sorted,vector,i32,512,gaps,desc,0,1,4,186,2693.548
sorted,vector,i32,512,gaps,desc,0,0,4,183,2732.240
sorted,vector,i32,512,gaps,desc,0,0,5,182,2747.253
sorted,vector,i32,512,gaps,desc,0,1,5,185,2702.703
sorted,vector,i32,512,gaps,desc,0,0,6,186,2688.172
sorted,vector,i32,512,gaps,desc,0,1,6,186,2688.172
sorted,vector,i32,512,few,asc,0,0,0,512,945.312
sorted,vector,i32,512,few,asc,0,1,0,509,982.318
sorted,vector,i32,512,few,asc,0,1,1,508,984.252
sorted,vector,i32,512,few,asc,0,0,1,512,970.703
sorted,vector,i32,512,few,asc,0,0,2,512,931.641
sorted,vector,i32,512,few,asc,0,1,2,512,976.562
sorted,vector,i32,512,few,asc,0,0,3,459,1089.325
sorted,vector,i32,512,few,asc,0,1,3,510,980.392
sorted,vector,i32,512,few,asc,0,0,4,508,984.252
sorted,vector,i32,512,few,asc,0,1,4,512,972.656
sorted,vector,i32,512,few,asc,0,0,5,512,964.844
sorted,vector,i32,512,few,asc,0,1,5,490,1020.408
sorted,vector,i32,512,few,asc,0,1,6,509,982.318
sorted,vector,i32,512,few,asc,0,0,6,512,970.703
sorted,vector,i32,512,few,desc,0,1,0,512,972.656
sorted,vector,i32,512,few,desc,0,0,0,512,953.125
sorted,vector,i32,512,few,desc,0,1,1,490,1020.408
sorted,vector,i32,512,few,desc,0,0,1,504,992.063
sorted,vector,i32,512,few,desc,0,0,2,407,1228.501
sorted,vector,i32,512,few,desc,0,1,2,512,974.609
sorted,vector,i32,512,few,desc,0,0,3,512,960.938
sorted,vector,i32,512,few,desc,0,1,3,512,962.891
sorted,vector,i32,512,few,desc,0,1,4,496,1018.145
sorted,vector,i32,512,few,desc,0,0,4,512,955.078
sorted,vector,i32,512,few,desc,0,0,5,512,972.656
sorted,vector,i32,512,few,desc,0,1,5,475,1052.632
sorted,vector,i32,512,few,desc,0,0,6,510,980.392
sorted,vector,i32,512,few,desc,0,1,6,504,992.063
sorted,vector,i32,512,ordered,asc,0,0,0,512,132.812
sorted,vector,i32,512,ordered,asc,0,1,0,512,142.578
sorted,vector,i32,512,ordered,asc,0,0,1,512,152.344
sorted,vector,i32,512,ordered,asc,0,1,1,512,134.766
sorted,vector,i32,512,ordered,asc,0,1,2,512,130.859
sorted,vector,i32,512,ordered,asc,0,0,2,512,128.906
sorted,vector,i32,512,ordered,asc,0,1,3,512,136.719
sorted,vector,i32,512,ordered,asc,0,0,3,512,164.062
sorted,vector,i32,512,ordered,asc,0,1,4,512,130.859
sorted,vector,i32,512,ordered,asc,0,0,4,512,138.672
sorted,vector,i32,512,ordered,asc,0,1,5,512,164.062
sorted,vector,i32,512,ordered,asc,0,0,5,512,146.484
sorted,vector,i32,512,ordered,asc,0,1,6,512,130.859
sorted,vector,i32,512,ordered,asc,0,0,6,512,140.625
sorted,vector,i32,512,ordered,desc,0,0,0,512,201.172
sorted,vector,i32,512,ordered,desc,0,1,0,512,251.953
sorted,vector,i32,512,ordered,desc,0,1,1,512,218.750
sorted,vector,i32,512,ordered,desc,0,0,1,512,222.656
sorted,vector,i32,512,ordered,desc,0,1,2,512,216.797
sorted,vector,i32,512,ordered,desc,0,0,2,512,214.844
sorted,vector,i32,512,ordered,desc,0,1,3,512,232.422
sorted,vector,i32,512,ordered,desc,0,0,3,512,193.359
sorted,vector,i32,512,ordered,desc,0,0,4,512,222.656
sorted,vector,i32,512,ordered,desc,0,1,4,512,212.891
sorted,vector,i32,512,ordered,desc,0,0,5,512,193.359
sorted,vector,i32,512,ordered,desc,0,1,5,512,197.266
sorted,vector,i32,512,ordered,desc,0,0,6,512,199.219
sorted,vector,i32,512,ordered,desc,0,1,6,512,214.844
sorted,vector,i32,512,reverse,asc,0,0,0,512,199.219
sorted,vector,i32,512,reverse,asc,0,1,0,512,218.750
sorted,vector,i32,512,reverse,asc,0,0,1,512,189.453
sorted,vector,i32,512,reverse,asc,0,1,1,512,195.312
sorted,vector,i32,512,reverse,asc,0,1,2,512,218.750
sorted,vector,i32,512,reverse,asc,0,0,2,512,226.562
sorted,vector,i32,512,reverse,asc,0,0,3,512,197.266
sorted,vector,i32,512,reverse,asc,0,1,3,512,207.031
sorted,vector,i32,512,reverse,asc,0,0,4,512,203.125
sorted,vector,i32,512,reverse,asc,0,1,4,512,210.938
sorted,vector,i32,512,reverse,asc,0,0,5,512,220.703
sorted,vector,i32,512,reverse,asc,0,1,5,512,224.609
sorted,vector,i32,512,reverse,asc,0,1,6,512,212.891
sorted,vector,i32,512,reverse,asc,0,0,6,512,197.266
sorted,vector,i32,512,reverse,desc,0,1,0,512,130.859
sorted,vector,i32,512,reverse,desc,0,0,0,512,144.531
sorted,vector,i32,512,reverse,desc,0,1,1,512,146.484
sorted,vector,i32,512,reverse,desc,0,0,1,512,162.109
sorted,vector,i32,512,reverse,desc,0,0,2,512,150.391
sorted,vector,i32,512,reverse,desc,0,1,2,512,140.625
sorted,vector,i32,512,reverse,desc,0,0,3,512,134.766
sorted,vector,i32,512,reverse,desc,0,1,3,512,134.766
sorted,vector,i32,512,reverse,desc,0,1,4,512,138.672
sorted,vector,i32,512,reverse,desc,0,0,4,512,130.859
sorted,vector,i32,512,reverse,desc,0,1,5,512,164.062
sorted,vector,i32,512,reverse,desc,0,0,5,512,136.719
sorted,vector,i32,512,reverse,desc,0,1,6,512,138.672
sorted,vector,i32,512,reverse,desc,0,0,6,512,142.578
sorted,vector,i32,512,nearly,asc,0,1,0,223,2251.121
sorted,vector,i32,512,nearly,asc,0,0,0,237,2109.705
sorted,vector,i32,512,nearly,asc,0,0,1,235,2136.170
sorted,vector,i32,512,nearly,asc,0,1,1,225,2226.667
sorted,vector,i32,512,nearly,asc,0,1,2,239,2100.418
sorted,vector,i32,512,nearly,asc,0,0,2,227,2202.643
sorted,vector,i32,512,nearly,asc,0,0,3,235,2131.915
sorted,vector,i32,512,nearly,asc,0,1,3,229,2187.773
sorted,vector,i32,512,nearly,asc,0,1,4,239,2096.234
sorted,vector,i32,512,nearly,asc,0,0,4,241,2078.838
sorted,vector,i32,512,nearly,asc,0,1,5,240,2083.333
sorted,vector,i32,512,nearly,asc,0,0,5,240,2087.500
sorted,vector,i32,512,nearly,asc,0,0,6,238,2109.244
sorted,vector,i32,512,nearly,asc,0,1,6,240,2087.500
sorted,vector,i32,512,nearly,desc,0,1,0,144,3472.222
sorted,vector,i32,512,nearly,desc,0,0,0,147,3414.966
sorted,vector,i32,512,nearly,desc,0,0,1,149,3369.128
sorted,vector,i32,512,nearly,desc,0,1,1,136,3698.529
sorted,vector,i32,512,nearly,desc,0,1,2,143,3517.483
sorted,vector,i32,512,nearly,desc,0,0,2,148,3385.135
sorted,vector,i32,512,nearly,desc,0,1,3,145,3455.172
sorted,vector,i32,512,nearly,desc,0,0,3,146,3424.658
sorted,vector,i32,512,nearly,desc,0,0,4,148,3385.135
sorted,vector,i32,512,nearly,desc,0,1,4,122,4131.148
sorted,vector,i32,512,nearly,desc,0,0,5,146,3438.356
sorted,vector,i32,512,nearly,desc,0,1,5,144,3493.056
sorted,vector,i32,512,nearly,desc,0,0,6,138,3623.188
sorted,vector,i32,512,nearly,desc,0,1,6,146,3431.507
sorted,vector,i32,512,equal,asc,0,0,0,512,132.812
sorted,vector,i32,512,equal,asc,0,1,0,512,123.047
sorted,vector,i32,512,equal,asc,0,0,1,512,130.859
sorted,vector,i32,512,equal,asc,0,1,1,512,136.719
sorted,vector,i32,512,equal,asc,0,0,2,512,140.625
sorted,vector,i32,512,equal,asc,0,1,2,512,138.672
sorted,vector,i32,512,equal,asc,0,0,3,512,140.625
sorted,vector,i32,512,equal,asc,0,1,3,512,134.766
sorted,vector,i32,512,equal,asc,0,0,4,512,138.672
sorted,vector,i32,512,equal,asc,0,1,4,512,166.016
sorted,vector,i32,512,equal,asc,0,1,5,512,136.719
sorted,vector,i32,512,equal,asc,0,0,5,512,132.812
sorted,vector,i32,512,equal,asc,0,0,6,512,134.766
sorted,vector,i32,512,equal,asc,0,1,6,512,146.484
sorted,vector,i32,512,equal,desc,0,0,0,512,146.484
sorted,vector,i32,512,equal,desc,0,1,0,512,154.297
sorted,vector,i32,512,equal,desc,0,1,1,512,123.047
sorted,vector,i32,512,equal,desc,0,0,1,512,136.719
sorted,vector,i32,512,equal,desc,0,1,2,512,128.906
sorted,vector,i32,512,equal,desc,0,0,2,512,130.859
sorted,vector,i32,512,equal,desc,0,1,3,512,144.531
sorted,vector,i32,512,equal,desc,0,0,3,512,130.859
sorted,vector,i32,512,equal,desc,0,1,4,512,146.484
sorted,vector,i32,512,equal,desc,0,0,4,512,154.297
sorted,vector,i32,512,equal,desc,0,0,5,512,142.578
sorted,vector,i32,512,equal,desc,0,1,5,512,132.812
sorted,vector,i32,512,equal,desc,0,0,6,512,125.000
sorted,vector,i32,512,equal,desc,0,1,6,512,134.766
sorted,vector,i32,4096,full,asc,0,0,0,44,11363.636
sorted,vector,i32,4096,full,asc,0,1,0,45,11333.333
sorted,vector,i32,4096,full,asc,0,1,1,44,11386.364
sorted,vector,i32,4096,full,asc,0,0,1,43,11697.674
sorted,vector,i32,4096,full,asc,0,0,2,43,11674.419
sorted,vector,i32,4096,full,asc,0,1,2,44,11431.818
sorted,vector,i32,4096,full,asc,0,0,3,44,11568.182
sorted,vector,i32,4096,full,asc,0,1,3,44,11568.182
sorted,vector,i32,4096,full,asc,0,1,4,45,11200.000
sorted,vector,i32,4096,full,asc,0,0,4,44,11454.545
sorted,vector,i32,4096,full,asc,0,1,5,45,11200.000
sorted,vector,i32,4096,full,asc,0,0,5,43,11674.419
sorted,vector,i32,4096,full,asc,0,1,6,44,11477.273
sorted,vector,i32,4096,full,asc,0,0,6,41,12268.293
sorted,vector,i32,4096,full,desc,0,0,0,43,11651.163
sorted,vector,i32,4096,full,desc,0,1,0,45,11222.222
sorted,vector,i32,4096,full,desc,0,0,1,45,11311.111
sorted,vector,i32,4096,full,desc,0,1,1,45,11200.000
sorted,vector,i32,4096,full,desc,0,0,2,45,11355.556
sorted,vector,i32,4096,full,desc,0,1,2,45,11244.444
sorted,vector,i32,4096,full,desc,0,0,3,44,11500.000
sorted,vector,i32,4096,full,desc,0,1,3,45,11155.556
sorted,vector,i32,4096,full,desc,0,0,4,44,11522.727
sorted,vector,i32,4096,full,desc,0,1,4,45,11311.111
sorted,vector,i32,4096,full,desc,0,0,5,44,11363.636
sorted,vector,i32,4096,full,desc,0,1,5,43,11697.674
sorted,vector,i32,4096,full,desc,0,0,6,44,11363.636
sorted,vector,i32,4096,full,desc,0,1,6,45,11244.444
sorted,vector,i32,4096,bits22,asc,0,0,0,55,9254.545
sorted,vector,i32,4096,bits22,asc,0,1,0,54,9296.296
sorted,vector,i32,4096,bits22,asc,0,1,1,55,9254.545
sorted,vector,i32,4096,bits22,asc,0,0,1,54,9277.778
sorted,vector,i32,4096,bits22,asc,0,1,2,54,9333.333
sorted,vector,i32,4096,bits22,asc,0,0,2,54,9314.815
sorted,vector,i32,4096,bits22,asc,0,0,3,54,9333.333
sorted,vector,i32,4096,bits22,asc,0,1,3,55,9127.273
sorted,vector,i32,4096,bits22,asc,0,1,4,55,9218.182
sorted,vector,i32,4096,bits22,asc,0,0,4,54,9277.778
sorted,vector,i32,4096,bits22,asc,0,1,5,54,9296.296
sorted,vector,i32,4096,bits22,asc,0,0,5,53,9528.302
sorted,vector,i32,4096,bits22,asc,0,1,6,55,9181.818
sorted,vector,i32,4096,bits22,asc,0,0,6,55,9181.818
sorted,vector,i32,4096,bits22,desc,0,0,0,55,9218.182
sorted,vector,i32,4096,bits22,desc,0,1,0,55,9145.455
sorted,vector,i32,4096,bits22,desc,0,1,1,55,9127.273
sorted,vector,i32,4096,bits22,desc,0,0,1,55,9163.636
sorted,vector,i32,4096,bits22,desc,0,1,2,56,9089.286
sorted,vector,i32,4096,bits22,desc,0,0,2,52,9730.769
sorted,vector,i32,4096,bits22,desc,0,0,3,55,9109.091
sorted,vector,i32,4096,bits22,desc,0,1,3,54,9314.815
sorted,vector,i32,4096,bits22,desc,0,1,4,56,9017.857
sorted,vector,i32,4096,bits22,desc,0,0,4,55,9181.818
sorted,vector,i32,4096,bits22,desc,0,1,5,54,9296.296
sorted,vector,i32,4096,bits22,desc,0,0,5,55,9109.091
sorted,vector,i32,4096,bits22,desc,0,0,6,54,9370.370
sorted,vector,i32,4096,bits22,desc,0,1,6,55,9236.364
sorted,vector,i32,4096,gaps,asc,0,1,0,29,17724.138
sorted,vector,i32,4096,gaps,asc,0,0,0,29,17655.172
sorted,vector,i32,4096,gaps,asc,0,0,1,29,17793.103
sorted,vector,i32,4096,gaps,asc,0,1,1,29,17689.655
sorted,vector,i32,4096,gaps,asc,0,1,2,29,17724.138
sorted,vector,i32,4096,gaps,asc,0,0,2,29,17793.103
sorted,vector,i32,4096,gaps,asc,0,1,3,29,17655.172
sorted,vector,i32,4096,gaps,asc,0,0,3,29,17620.690
sorted,vector,i32,4096,gaps,asc,0,1,4,29,17793.103
sorted,vector,i32,4096,gaps,asc,0,0,4,25,20120.000
sorted,vector,i32,4096,gaps,asc,0,0,5,28,18071.429
sorted,vector,i32,4096,gaps,asc,0,1,5,28,18107.143
sorted,vector,i32,4096,gaps,asc,0,0,6,29,17793.103
sorted,vector,i32,4096,gaps,asc,0,1,6,28,18035.714
sorted,vector,i32,4096,gaps,desc,0,1,0,28,18142.857
sorted,vector,i32,4096,gaps,desc,0,0,0,28,18250.000
sorted,vector,i32,4096,gaps,desc,0,1,1,27,18518.519
sorted,vector,i32,4096,gaps,desc,0,0,1,27,18777.778
sorted,vector,i32,4096,gaps,desc,0,1,2,28,18142.857
sorted,vector,i32,4096,gaps,desc,0,0,2,28,18321.429
sorted,vector,i32,4096,gaps,desc,0,1,3,28,18214.286
sorted,vector,i32,4096,gaps,desc,0,0,3,27,19074.074
sorted,vector,i32,4096,gaps,desc,0,1,4,28,18428.571
sorted,vector,i32,4096,gaps,desc,0,0,4,28,18464.286
sorted,vector,i32,4096,gaps,desc,0,0,5,25,20000.000
sorted,vector,i32,4096,gaps,desc,0,1,5,25,20440.000
sorted,vector,i32,4096,gaps,desc,0,0,6,27,19037.037
sorted,vector,i32,4096,gaps,desc,0,1,6,26,19423.077
sorted,vector,i32,4096,few,asc,0,0,0,90,5600.000
sorted,vector,i32,4096,few,asc,0,1,0,86,5825.581
sorted,vector,i32,4096,few,asc,0,1,1,83,6036.145
sorted,vector,i32,4096,few,asc,0,0,1,88,5715.909
sorted,vector,i32,4096,few,asc,0,0,2,84,5952.381
sorted,vector,i32,4096,few,asc,0,1,2,85,5929.412
sorted,vector,i32,4096,few,asc,0,0,3,86,5860.465
sorted,vector,i32,4096,few,asc,0,1,3,80,6262.500
sorted,vector,i32,4096,few,asc,0,1,4,84,5964.286
sorted,vector,i32,4096,few,asc,0,0,4,85,5917.647
sorted,vector,i32,4096,few,asc,0,1,5,80,6300.000
sorted,vector,i32,4096,few,asc,0,0,5,87,5793.103
sorted,vector,i32,4096,few,asc,0,1,6,90,5600.000
sorted,vector,i32,4096,few,asc,0,0,6,83,6072.289
sorted,vector,i32,4096,few,desc,0,1,0,85,5929.412
sorted,vector,i32,4096,few,desc,0,0,0,76,6644.737
sorted,vector,i32,4096,few,desc,0,1,1,85,5882.353
sorted,vector,i32,4096,few,desc,0,0,1,78,6461.538
sorted,vector,i32,4096,few,desc,0,0,2,77,6532.468
sorted,vector,i32,4096,few,desc,0,1,2,83,6060.241
sorted,vector,i32,4096,few,desc,0,0,3,76,6605.263
sorted,vector,i32,4096,few,desc,0,1,3,84,5988.095
sorted,vector,i32,4096,few,desc,0,1,4,80,6275.000
sorted,vector,i32,4096,few,desc,0,0,4,78,6461.538
sorted,vector,i32,4096,few,desc,0,0,5,74,6770.270
sorted,vector,i32,4096,few,desc,0,1,5,84,5976.190
sorted,vector,i32,4096,few,desc,0,1,6,80,6250.000
sorted,vector,i32,4096,few,desc,0,0,6,78,6448.718
sorted,vector,i32,4096,ordered,asc,0,0,0,501,998.004
sorted,vector,i32,4096,ordered,asc,0,1,0,512,947.266
sorted,vector,i32,4096,ordered,asc,0,0,1,498,1004.016
sorted,vector,i32,4096,ordered,asc,0,1,1,497,1006.036
sorted,vector,i32,4096,ordered,asc,0,0,2,508,984.252
sorted,vector,i32,4096,ordered,asc,0,1,2,482,1037.344
sorted,vector,i32,4096,ordered,asc,0,1,3,509,982.318
sorted,vector,i32,4096,ordered,asc,0,0,3,512,974.609
sorted,vector,i32,4096,ordered,asc,0,0,4,495,1010.101
sorted,vector,i32,4096,ordered,asc,0,1,4,500,1000.000
sorted,vector,i32,4096,ordered,asc,0,0,5,512,953.125
sorted,vector,i32,4096,ordered,asc,0,1,5,507,986.193
sorted,vector,i32,4096,ordered,asc,0,1,6,494,1012.146
sorted,vector,i32,4096,ordered,asc,0,0,6,511,978.474
sorted,vector,i32,4096,ordered,desc,0,0,0,331,1510.574
sorted,vector,i32,4096,ordered,desc,0,1,0,335,1492.537
sorted,vector,i32,4096,ordered,desc,0,0,1,333,1501.502
sorted,vector,i32,4096,ordered,desc,0,1,1,341,1466.276
sorted,vector,i32,4096,ordered,desc,0,0,2,332,1506.024
sorted,vector,i32,4096,ordered,desc,0,1,2,326,1533.742
sorted,vector,i32,4096,ordered,desc,0,0,3,344,1456.395
sorted,vector,i32,4096,ordered,desc,0,1,3,340,1470.588
sorted,vector,i32,4096,ordered,desc,0,1,4,344,1453.488
sorted,vector,i32,4096,ordered,desc,0,0,4,329,1519.757
sorted,vector,i32,4096,ordered,desc,0,0,5,336,1488.095
sorted,vector,i32,4096,ordered,desc,0,1,5,332,1509.036
sorted,vector,i32,4096,ordered,desc,0,0,6,353,1416.431
sorted,vector,i32,4096,ordered,desc,0,1,6,338,1482.249
sorted,vector,i32,4096,reverse,asc,0,0,0,358,1399.441
sorted,vector,i32,4096,reverse,asc,0,1,0,354,1415.254
sorted,vector,i32,4096,reverse,asc,0,1,1,344,1453.488
sorted,vector,i32,4096,reverse,asc,0,0,1,357,1400.560
sorted,vector,i32,4096,reverse,asc,0,1,2,354,1412.429
sorted,vector,i32,4096,reverse,asc,0,0,2,356,1404.494
sorted,vector,i32,4096,reverse,asc,0,0,3,351,1427.350
sorted,vector,i32,4096,reverse,asc,0,1,3,358,1396.648
sorted,vector,i32,4096,reverse,asc,0,1,4,358,1396.648
sorted,vector,i32,4096,reverse,asc,0,0,4,357,1400.560
sorted,vector,i32,4096,reverse,asc,0,0,5,328,1524.390
sorted,vector,i32,4096,reverse,asc,0,1,5,359,1392.758
sorted,vector,i32,4096,reverse,asc,0,1,6,356,1404.494
sorted,vector,i32,4096,reverse,asc,0,0,6,356,1407.303
sorted,vector,i32,4096,reverse,desc,0,0,0,512,957.031
sorted,vector,i32,4096,reverse,desc,0,1,0,512,966.797
sorted,vector,i32,4096,reverse,desc,0,1,1,507,986.193
sorted,vector,i32,4096,reverse,desc,0,0,1,512,949.219
sorted,vector,i32,4096,reverse,desc,0,1,2,512,955.078
sorted,vector,i32,4096,reverse,desc,0,0,2,512,935.547
sorted,vector,i32,4096,reverse,desc,0,1,3,477,1048.218
sorted,vector,i32,4096,reverse,desc,0,0,3,512,937.500
sorted,vector,i32,4096,reverse,desc,0,1,4,512,937.500
sorted,vector,i32,4096,reverse,desc,0,0,4,488,1024.590
sorted,vector,i32,4096,reverse,desc,0,1,5,512,939.453
sorted,vector,i32,4096,reverse,desc,0,0,5,512,937.500
sorted,vector,i32,4096,reverse,desc,0,0,6,512,945.312
sorted,vector,i32,4096,reverse,desc,0,1,6,512,941.406
sorted,vector,i32,4096,nearly,asc,0,0,0,40,12575.000
sorted,vector,i32,4096,nearly,asc,0,1,0,41,12463.415
sorted,vector,i32,4096,nearly,asc,0,0,1,39,12871.795
sorted,vector,i32,4096,nearly,asc,0,1,1,39,12974.359
sorted,vector,i32,4096,nearly,asc,0,0,2,40,12675.000
sorted,vector,i32,4096,nearly,asc,0,1,2,41,12341.463
sorted,vector,i32,4096,nearly,asc,0,1,3,40,12675.000
sorted,vector,i32,4096,nearly,asc,0,0,3,40,12600.000
sorted,vector,i32,4096,nearly,asc,0,1,4,40,12700.000
sorted,vector,i32,4096,nearly,asc,0,0,4,40,12550.000
sorted,vector,i32,4096,nearly,asc,0,0,5,40,12575.000
sorted,vector,i32,4096,nearly,asc,0,1,5,43,11651.163
sorted,vector,i32,4096,nearly,asc,0,1,6,43,11697.674
sorted,vector,i32,4096,nearly,asc,0,0,6,44,11590.909
sorted,vector,i32,4096,nearly,desc,0,1,0,41,12317.073
sorted,vector,i32,4096,nearly,desc,0,0,0,41,12463.415
sorted,vector,i32,4096,nearly,desc,0,0,1,41,12292.683
sorted,vector,i32,4096,nearly,desc,0,1,1,40,12800.000
sorted,vector,i32,4096,nearly,desc,0,0,2,40,12625.000
sorted,vector,i32,4096,nearly,desc,0,1,2,41,12268.293
sorted,vector,i32,4096,nearly,desc,0,0,3,39,13076.923
sorted,vector,i32,4096,nearly,desc,0,1,3,41,12439.024
sorted,vector,i32,4096,nearly,desc,0,0,4,40,12675.000
sorted,vector,i32,4096,nearly,desc,0,1,4,41,12341.463
sorted,vector,i32,4096,nearly,desc,0,0,5,40,12650.000
sorted,vector,i32,4096,nearly,desc,0,1,5,41,12317.073
sorted,vector,i32,4096,nearly,desc,0,1,6,41,12317.073
sorted,vector,i32,4096,nearly,desc,0,0,6,41,12365.854
sorted,vector,i32,4096,equal,asc,0,0,0,512,941.406
sorted,vector,i32,4096,equal,asc,0,1,0,512,962.891
sorted,vector,i32,4096,equal,asc,0,0,1,512,933.594
sorted,vector,i32,4096,equal,asc,0,1,1,512,947.266
sorted,vector,i32,4096,equal,asc,0,1,2,512,931.641
sorted,vector,i32,4096,equal,asc,0,0,2,512,941.406
sorted,vector,i32,4096,equal,asc,0,1,3,512,935.547
sorted,vector,i32,4096,equal,asc,0,0,3,512,935.547
sorted,vector,i32,4096,equal,asc,0,1,4,512,947.266
sorted,vector,i32,4096,equal,asc,0,0,4,512,925.781
sorted,vector,i32,4096,equal,asc,0,0,5,509,982.318
sorted,vector,i32,4096,equal,asc,0,1,5,512,976.562
sorted,vector,i32,4096,equal,asc,0,0,6,512,933.594
sorted,vector,i32,4096,equal,asc,0,1,6,498,1004.016
sorted,vector,i32,4096,equal,desc,0,0,0,512,935.547
sorted,vector,i32,4096,equal,desc,0,1,0,512,947.266
sorted,vector,i32,4096,equal,desc,0,0,1,512,935.547
sorted,vector,i32,4096,equal,desc,0,1,1,512,933.594
sorted,vector,i32,4096,equal,desc,0,0,2,512,931.641
sorted,vector,i32,4096,equal,desc,0,1,2,512,955.078
sorted,vector,i32,4096,equal,desc,0,1,3,512,962.891
sorted,vector,i32,4096,equal,desc,0,0,3,509,982.318
sorted,vector,i32,4096,equal,desc,0,1,4,512,943.359
sorted,vector,i32,4096,equal,desc,0,0,4,468,1068.376
sorted,vector,i32,4096,equal,desc,0,0,5,512,939.453
sorted,vector,i32,4096,equal,desc,0,1,5,512,931.641
sorted,vector,i32,4096,equal,desc,0,0,6,512,937.500
sorted,vector,i32,4096,equal,desc,0,1,6,512,935.547
sorted,vector,i32,65536,full,asc,0,1,0,3,205666.667
sorted,vector,i32,65536,full,asc,0,0,0,3,216000.000
sorted,vector,i32,65536,full,asc,0,0,1,3,208666.667
sorted,vector,i32,65536,full,asc,0,1,1,3,196666.667
sorted,vector,i32,65536,full,asc,0,0,2,3,202666.667
sorted,vector,i32,65536,full,asc,0,1,2,3,213000.000
sorted,vector,i32,65536,full,asc,0,1,3,3,194333.333
sorted,vector,i32,65536,full,asc,0,0,3,3,184000.000
sorted,vector,i32,65536,full,asc,0,0,4,3,184333.333
sorted,vector,i32,65536,full,asc,0,1,4,3,180666.667
sorted,vector,i32,65536,full,asc,0,0,5,3,189666.667
sorted,vector,i32,65536,full,asc,0,1,5,3,186333.333
sorted,vector,i32,65536,full,asc,0,1,6,3,191000.000
sorted,vector,i32,65536,full,asc,0,0,6,3,175666.667
sorted,vector,i32,65536,full,desc,0,1,0,3,183333.333
sorted,vector,i32,65536,full,desc,0,0,0,3,184000.000
sorted,vector,i32,65536,full,desc,0,0,1,3,190333.333
sorted,vector,i32,65536,full,desc,0,1,1,3,177000.000
sorted,vector,i32,65536,full,desc,0,0,2,3,175666.667
sorted,vector,i32,65536,full,desc,0,1,2,3,177000.000
sorted,vector,i32,65536,full,desc,0,1,3,3,187000.000
sorted,vector,i32,65536,full,desc,0,0,3,3,177666.667
sorted,vector,i32,65536,full,desc,0,0,4,3,185333.333
sorted,vector,i32,65536,full,desc,0,1,4,3,191000.000
sorted,vector,i32,65536,full,desc,0,1,5,3,232333.333
sorted,vector,i32,65536,full,desc,0,0,5,3,191000.000
sorted,vector,i32,65536,full,desc,0,0,6,3,183333.333
sorted,vector,i32,65536,full,desc,0,1,6,3,186000.000
sorted,vector,i32,65536,bits22,asc,0,1,0,4,153250.000
sorted,vector,i32,65536,bits22,asc,0,0,0,4,140500.000
sorted,vector,i32,65536,bits22,asc,0,1,1,4,143750.000
sorted,vector,i32,65536,bits22,asc,0,0,1,4,160250.000
sorted,vector,i32,65536,bits22,asc,0,0,2,4,157000.000
sorted,vector,i32,65536,bits22,asc,0,1,2,4,147250.000
sorted,vector,i32,65536,bits22,asc,0,0,3,4,144750.000
sorted,vector,i32,65536,bits22,asc,0,1,3,4,156500.000
sorted,vector,i32,65536,bits22,asc,0,1,4,4,145500.000
sorted,vector,i32,65536,bits22,asc,0,0,4,4,144500.000
sorted,vector,i32,65536,bits22,asc,0,1,5,4,147250.000
sorted,vector,i32,65536,bits22,asc,0,0,5,4,146500.000
sorted,vector,i32,65536,bits22,asc,0,1,6,4,143750.000
sorted,vector,i32,65536,bits22,asc,0,0,6,4,149000.000
sorted,vector,i32,65536,bits22,desc,0,1,0,4,133750.000
sorted,vector,i32,65536,bits22,desc,0,0,0,4,134750.000
sorted,vector,i32,65536,bits22,desc,0,0,1,4,149000.000
sorted,vector,i32,65536,bits22,desc,0,1,1,4,134250.000
sorted,vector,i32,65536,bits22,desc,0,0,2,4,134250.000
sorted,vector,i32,65536,bits22,desc,0,1,2,4,138750.000
sorted,vector,i32,65536,bits22,desc,0,1,3,4,131750.000
sorted,vector,i32,65536,bits22,desc,0,0,3,4,144500.000
sorted,vector,i32,65536,bits22,desc,0,1,4,4,138000.000
sorted,vector,i32,65536,bits22,desc,0,0,4,4,143500.000
sorted,vector,i32,65536,bits22,desc,0,1,5,4,153500.000
sorted,vector,i32,65536,bits22,desc,0,0,5,4,180750.000
sorted,vector,i32,65536,bits22,desc,0,1,6,3,167333.333
sorted,vector,i32,65536,bits22,desc,0,0,6,4,137000.000
sorted,vector,i32,65536,gaps,asc,0,0,0,2,298500.000
sorted,vector,i32,65536,gaps,asc,0,1,0,2,292500.000
sorted,vector,i32,65536,gaps,asc,0,1,1,3,263333.333
sorted,vector,i32,65536,gaps,asc,0,0,1,3,271000.000
sorted,vector,i32,65536,gaps,asc,0,1,2,2,269000.000
sorted,vector,i32,65536,gaps,asc,0,0,2,3,279666.667
sorted,vector,i32,65536,gaps,asc,0,0,3,3,259666.667
sorted,vector,i32,65536,gaps,asc,0,1,3,3,264333.333
sorted,vector,i32,65536,gaps,asc,0,1,4,2,254500.000
sorted,vector,i32,65536,gaps,asc,0,0,4,3,238666.667
sorted,vector,i32,65536,gaps,asc,0,0,5,3,271666.667
sorted,vector,i32,65536,gaps,asc,0,1,5,3,236333.333
sorted,vector,i32,65536,gaps,asc,0,1,6,2,321500.000
sorted,vector,i32,65536,gaps,asc,0,0,6,2,254500.000
sorted,vector,i32,65536,gaps,desc,0,1,0,2,308000.000
sorted,vector,i32,65536,gaps,desc,0,0,0,2,285500.000
sorted,vector,i32,65536,gaps,desc,0,0,1,3,231000.000
sorted,vector,i32,65536,gaps,desc,0,1,1,2,287500.000
sorted,vector,i32,65536,gaps,desc,0,1,2,2,290000.000
sorted,vector,i32,65536,gaps,desc,0,0,2,2,290000.000
sorted,vector,i32,65536,gaps,desc,0,1,3,2,296000.000
sorted,vector,i32,65536,gaps,desc,0,0,3,2,268000.000
sorted,vector,i32,65536,gaps,desc,0,0,4,2,262500.000
sorted,vector,i32,65536,gaps,desc,0,1,4,2,296000.000
sorted,vector,i32,65536,gaps,desc,0,1,5,2,289500.000
sorted,vector,i32,65536,gaps,desc,0,0,5,3,255666.667
sorted,vector,i32,65536,gaps,desc,0,1,6,2,301000.000
sorted,vector,i32,65536,gaps,desc,0,0,6,2,310500.000
sorted,vector,i32,65536,few,asc,0,0,0,6,96000.000
sorted,vector,i32,65536,few,asc,0,1,0,6,96166.667
sorted,vector,i32,65536,few,asc,0,0,1,6,95666.667
sorted,vector,i32,65536,few,asc,0,1,1,6,96333.333
sorted,vector,i32,65536,few,asc,0,0,2,6,95333.333
sorted,vector,i32,65536,few,asc,0,1,2,6,95333.333
sorted,vector,i32,65536,few,asc,0,1,3,6,98333.333
sorted,vector,i32,65536,few,asc,0,0,3,6,95833.333
sorted,vector,i32,65536,few,asc,0,1,4,6,100000.000
sorted,vector,i32,65536,few,asc,0,0,4,6,95833.333
sorted,vector,i32,65536,few,asc,0,0,5,5,100400.000
sorted,vector,i32,65536,few,asc,0,1,5,6,96333.333
sorted,vector,i32,65536,few,asc,0,0,6,6,99833.333
sorted,vector,i32,65536,few,asc,0,1,6,4,128500.000
sorted,vector,i32,65536,few,desc,0,1,0,5,118200.000
sorted,vector,i32,65536,few,desc,0,0,0,5,105200.000
sorted,vector,i32,65536,few,desc,0,1,1,5,105000.000
sorted,vector,i32,65536,few,desc,0,0,1,5,102800.000
sorted,vector,i32,65536,few,desc,0,1,2,5,121400.000
sorted,vector,i32,65536,few,desc,0,0,2,3,175666.667
sorted,vector,i32,65536,few,desc,0,1,3,5,108800.000
sorted,vector,i32,65536,few,desc,0,0,3,6,95000.000
sorted,vector,i32,65536,few,desc,0,0,4,6,89666.667
sorted,vector,i32,65536,few,desc,0,1,4,6,92000.000
sorted,vector,i32,65536,few,desc,0,1,5,6,91000.000
sorted,vector,i32,65536,few,desc,0,0,5,6,90166.667
sorted,vector,i32,65536,few,desc,0,0,6,5,100200.000
sorted,vector,i32,65536,few,desc,0,1,6,6,95333.333
sorted,vector,i32,65536,ordered,asc,0,0,0,31,16677.419
sorted,vector,i32,65536,ordered,asc,0,1,0,30,16800.000
sorted,vector,i32,65536,ordered,asc,0,1,1,31,16645.161
sorted,vector,i32,65536,ordered,asc,0,0,1,30,17100.000
sorted,vector,i32,65536,ordered,asc,0,0,2,31,16645.161
sorted,vector,i32,65536,ordered,asc,0,1,2,30,16666.667
sorted,vector,i32,65536,ordered,asc,0,0,3,29,17482.759
sorted,vector,i32,65536,ordered,asc,0,1,3,31,16516.129
sorted,vector,i32,65536,ordered,asc,0,1,4,30,17066.667
sorted,vector,i32,65536,ordered,asc,0,0,4,30,17200.000
sorted,vector,i32,65536,ordered,asc,0,0,5,30,17200.000
sorted,vector,i32,65536,ordered,asc,0,1,5,31,16387.097
sorted,vector,i32,65536,ordered,asc,0,1,6,30,16900.000
sorted,vector,i32,65536,ordered,asc,0,0,6,30,16833.333
sorted,vector,i32,65536,ordered,desc,0,0,0,20,25700.000
sorted,vector,i32,65536,ordered,desc,0,1,0,20,25550.000
sorted,vector,i32,65536,ordered,desc,0,0,1,20,25650.000
sorted,vector,i32,65536,ordered,desc,0,1,1,20,25250.000
sorted,vector,i32,65536,ordered,desc,0,0,2,20,26100.000
sorted,vector,i32,65536,ordered,desc,0,1,2,20,25900.000
sorted,vector,i32,65536,ordered,desc,0,0,3,20,25150.000
sorted,vector,i32,65536,ordered,desc,0,1,3,19,27368.421
sorted,vector,i32,65536,ordered,desc,0,0,4,19,26315.789
sorted,vector,i32,65536,ordered,desc,0,1,4,20,25650.000
sorted,vector,i32,65536,ordered,desc,0,1,5,20,25300.000
sorted,vector,i32,65536,ordered,desc,0,0,5,20,25700.000
sorted,vector,i32,65536,ordered,desc,0,0,6,20,25600.000
sorted,vector,i32,65536,ordered,desc,0,1,6,20,25550.000
sorted,vector,i32,65536,reverse,asc,0,0,0,20,25150.000
sorted,vector,i32,65536,reverse,asc,0,1,0,21,24714.286
sorted,vector,i32,65536,reverse,asc,0,0,1,20,25050.000
sorted,vector,i32,65536,reverse,asc,0,1,1,20,25200.000
sorted,vector,i32,65536,reverse,asc,0,0,2,21,24809.524
sorted,vector,i32,65536,reverse,asc,0,1,2,20,25600.000
sorted,vector,i32,65536,reverse,asc,0,1,3,19,26684.211
sorted,vector,i32,65536,reverse,asc,0,0,3,21,25095.238
sorted,vector,i32,65536,reverse,asc,0,0,4,20,25600.000
sorted,vector,i32,65536,reverse,asc,0,1,4,20,25850.000
sorted,vector,i32,65536,reverse,asc,0,0,5,21,24904.762
sorted,vector,i32,65536,reverse,asc,0,1,5,20,25100.000
sorted,vector,i32,65536,reverse,asc,0,1,6,20,25200.000
sorted,vector,i32,65536,reverse,asc,0,0,6,20,25700.000
sorted,vector,i32,65536,reverse,desc,0,0,0,29,17448.276
sorted,vector,i32,65536,reverse,desc,0,1,0,31,16709.677
sorted,vector,i32,65536,reverse,desc,0,0,1,30,17200.000
sorted,vector,i32,65536,reverse,desc,0,1,1,27,18555.556
sorted,vector,i32,65536,reverse,desc,0,1,2,32,15968.750
sorted,vector,i32,65536,reverse,desc,0,0,2,32,16031.250
sorted,vector,i32,65536,reverse,desc,0,0,3,33,15454.545
sorted,vector,i32,65536,reverse,desc,0,1,3,32,15906.250
sorted,vector,i32,65536,reverse,desc,0,0,4,32,15968.750
sorted,vector,i32,65536,reverse,desc,0,1,4,31,16483.871
sorted,vector,i32,65536,reverse,desc,0,1,5,31,16612.903
sorted,vector,i32,65536,reverse,desc,0,0,5,30,16866.667
sorted,vector,i32,65536,reverse,desc,0,0,6,30,17100.000
sorted,vector,i32,65536,reverse,desc,0,1,6,31,16225.806
sorted,vector,i32,65536,nearly,asc,0,1,0,3,186000.000
sorted,vector,i32,65536,nearly,asc,0,0,0,3,187000.000
sorted,vector,i32,65536,nearly,asc,0,1,1,3,195666.667
sorted,vector,i32,65536,nearly,asc,0,0,1,3,191333.333
sorted,vector,i32,65536,nearly,asc,0,0,2,3,191666.667
sorted,vector,i32,65536,nearly,asc,0,1,2,3,200000.000
sorted,vector,i32,65536,nearly,asc,0,0,3,3,184666.667
sorted,vector,i32,65536,nearly,asc,0,1,3,3,191333.333
sorted,vector,i32,65536,nearly,asc,0,0,4,3,179000.000
sorted,vector,i32,65536,nearly,asc,0,1,4,3,179666.667
sorted,vector,i32,65536,nearly,asc,0,0,5,3,185666.667
sorted,vector,i32,65536,nearly,asc,0,1,5,3,179000.000
sorted,vector,i32,65536,nearly,asc,0,1,6,3,184333.333
sorted,vector,i32,65536,nearly,asc,0,0,6,3,187333.333
sorted,vector,i32,65536,nearly,desc,0,1,0,3,185000.000
sorted,vector,i32,65536,nearly,desc,0,0,0,3,204333.333
sorted,vector,i32,65536,nearly,desc,0,0,1,3,182666.667
sorted,vector,i32,65536,nearly,desc,0,1,1,3,183666.667
sorted,vector,i32,65536,nearly,desc,0,1,2,3,177666.667
sorted,vector,i32,65536,nearly,desc,0,0,2,3,193333.333
sorted,vector,i32,65536,nearly,desc,0,0,3,3,183000.000
sorted,vector,i32,65536,nearly,desc,0,1,3,3,184333.333
sorted,vector,i32,65536,nearly,desc,0,0,4,3,175000.000
sorted,vector,i32,65536,nearly,desc,0,1,4,3,181000.000
sorted,vector,i32,65536,nearly,desc,0,0,5,3,185333.333
sorted,vector,i32,65536,nearly,desc,0,1,5,3,182666.667
sorted,vector,i32,65536,nearly,desc,0,1,6,3,190000.000
sorted,vector,i32,65536,nearly,desc,0,0,6,3,203666.667
sorted,vector,i32,65536,equal,asc,0,1,0,31,16322.581
sorted,vector,i32,65536,equal,asc,0,0,0,31,16322.581
sorted,vector,i32,65536,equal,asc,0,1,1,31,16290.323
sorted,vector,i32,65536,equal,asc,0,0,1,30,16700.000
sorted,vector,i32,65536,equal,asc,0,1,2,31,16580.645
sorted,vector,i32,65536,equal,asc,0,0,2,31,16129.032
sorted,vector,i32,65536,equal,asc,0,0,3,31,16225.806
sorted,vector,i32,65536,equal,asc,0,1,3,31,16322.581
sorted,vector,i32,65536,equal,asc,0,1,4,31,16193.548
sorted,vector,i32,65536,equal,asc,0,0,4,31,16258.065
sorted,vector,i32,65536,equal,asc,0,0,5,32,15968.750
sorted,vector,i32,65536,equal,asc,0,1,5,29,17482.759
sorted,vector,i32,65536,equal,asc,0,1,6,34,14882.353
sorted,vector,i32,65536,equal,asc,0,0,6,34,14941.176
sorted,vector,i32,65536,equal,desc,0,0,0,33,15242.424
sorted,vector,i32,65536,equal,desc,0,1,0,33,15393.939
sorted,vector,i32,65536,equal,desc,0,1,1,33,15242.424
sorted,vector,i32,65536,equal,desc,0,0,1,33,15515.152
sorted,vector,i32,65536,equal,desc,0,1,2,32,15656.250
sorted,vector,i32,65536,equal,desc,0,0,2,33,15515.152
sorted,vector,i32,65536,equal,desc,0,0,3,32,15625.000
sorted,vector,i32,65536,equal,desc,0,1,3,32,17000.000
sorted,vector,i32,65536,equal,desc,0,1,4,33,15575.758
sorted,vector,i32,65536,equal,desc,0,0,4,33,15212.121
sorted,vector,i32,65536,equal,desc,0,1,5,33,15333.333
sorted,vector,i32,65536,equal,desc,0,0,5,32,15875.000
sorted,vector,i32,65536,equal,desc,0,1,6,33,15424.242
sorted,vector,i32,65536,equal,desc,0,0,6,33,15272.727
sorted,vector,i32,1000000,full,asc,0,0,0,1,3769000.000
sorted,vector,i32,1000000,full,asc,0,1,0,1,3669000.000
sorted,vector,i32,1000000,full,asc,0,1,1,1,3630000.000
sorted,vector,i32,1000000,full,asc,0,0,1,1,3662000.000
sorted,vector,i32,1000000,full,asc,0,1,2,1,3686000.000
sorted,vector,i32,1000000,full,asc,0,0,2,1,3665000.000
sorted,vector,i32,1000000,full,asc,0,0,3,1,3977000.000
sorted,vector,i32,1000000,full,asc,0,1,3,1,3801000.000
sorted,vector,i32,1000000,full,asc,0,0,4,1,3619000.000
sorted,vector,i32,1000000,full,asc,0,1,4,1,3533000.000
sorted,vector,i32,1000000,full,asc,0,1,5,1,3718000.000
sorted,vector,i32,1000000,full,asc,0,0,5,1,3815000.000
sorted,vector,i32,1000000,full,asc,0,0,6,1,3773000.000
sorted,vector,i32,1000000,full,asc,0,1,6,1,3714000.000
sorted,vector,i32,1000000,full,desc,0,0,0,1,3776000.000
sorted,vector,i32,1000000,full,desc,0,1,0,1,3662000.000
sorted,vector,i32,1000000,full,desc,0,1,1,1,3716000.000
sorted,vector,i32,1000000,full,desc,0,0,1,1,3821000.000
sorted,vector,i32,1000000,full,desc,0,1,2,1,3695000.000
sorted,vector,i32,1000000,full,desc,0,0,2,1,3816000.000
sorted,vector,i32,1000000,full,desc,0,0,3,1,3721000.000
sorted,vector,i32,1000000,full,desc,0,1,3,1,3677000.000
sorted,vector,i32,1000000,full,desc,0,0,4,1,3678000.000
sorted,vector,i32,1000000,full,desc,0,1,4,1,3680000.000
sorted,vector,i32,1000000,full,desc,0,0,5,1,3702000.000
sorted,vector,i32,1000000,full,desc,0,1,5,1,3651000.000
sorted,vector,i32,1000000,full,desc,0,0,6,1,3673000.000
sorted,vector,i32,1000000,full,desc,0,1,6,1,3665000.000
kernel,vector,i32,1000000,full,asc,8,0,0,1,3063000.000
kernel,vector,i32,1000000,full,asc,8,1,0,1,3174000.000
kernel,vector,i32,1000000,full,asc,8,0,1,1,3077000.000
kernel,vector,i32,1000000,full,asc,8,1,1,1,3168000.000
kernel,vector,i32,1000000,full,asc,8,1,2,1,3172000.000
kernel,vector,i32,1000000,full,asc,8,0,2,1,3110000.000
kernel,vector,i32,1000000,full,asc,8,1,3,1,3122000.000
kernel,vector,i32,1000000,full,asc,8,0,3,1,3139000.000
kernel,vector,i32,1000000,full,asc,8,1,4,1,3219000.000
kernel,vector,i32,1000000,full,asc,8,0,4,1,2985000.000
kernel,vector,i32,1000000,full,asc,8,0,5,1,3186000.000
kernel,vector,i32,1000000,full,asc,8,1,5,1,3249000.000
kernel,vector,i32,1000000,full,asc,8,0,6,1,3151000.000
kernel,vector,i32,1000000,full,asc,8,1,6,1,3287000.000
kernel,vector,i32,1000000,full,desc,8,0,0,1,3028000.000
kernel,vector,i32,1000000,full,desc,8,1,0,1,3028000.000
kernel,vector,i32,1000000,full,desc,8,0,1,1,3163000.000
kernel,vector,i32,1000000,full,desc,8,1,1,1,3154000.000
kernel,vector,i32,1000000,full,desc,8,0,2,1,3124000.000
kernel,vector,i32,1000000,full,desc,8,1,2,1,3184000.000
kernel,vector,i32,1000000,full,desc,8,0,3,1,3140000.000
kernel,vector,i32,1000000,full,desc,8,1,3,1,3228000.000
kernel,vector,i32,1000000,full,desc,8,1,4,1,3191000.000
kernel,vector,i32,1000000,full,desc,8,0,4,1,3173000.000
kernel,vector,i32,1000000,full,desc,8,0,5,1,3134000.000
kernel,vector,i32,1000000,full,desc,8,1,5,1,3213000.000
kernel,vector,i32,1000000,full,desc,8,1,6,1,3236000.000
kernel,vector,i32,1000000,full,desc,8,0,6,1,3156000.000
kernel,vector,i32,1000000,full,asc,11,1,0,1,2452000.000
kernel,vector,i32,1000000,full,asc,11,0,0,1,2498000.000
kernel,vector,i32,1000000,full,asc,11,1,1,1,2478000.000
kernel,vector,i32,1000000,full,asc,11,0,1,1,2438000.000
kernel,vector,i32,1000000,full,asc,11,0,2,1,2488000.000
kernel,vector,i32,1000000,full,asc,11,1,2,1,2458000.000
kernel,vector,i32,1000000,full,asc,11,1,3,1,2456000.000
kernel,vector,i32,1000000,full,asc,11,0,3,1,2518000.000
kernel,vector,i32,1000000,full,asc,11,0,4,1,2438000.000
kernel,vector,i32,1000000,full,asc,11,1,4,1,2458000.000
kernel,vector,i32,1000000,full,asc,11,1,5,1,2523000.000
kernel,vector,i32,1000000,full,asc,11,0,5,1,2385000.000
kernel,vector,i32,1000000,full,asc,11,0,6,1,2472000.000
kernel,vector,i32,1000000,full,asc,11,1,6,1,2422000.000
kernel,vector,i32,1000000,full,desc,11,0,0,1,2406000.000
kernel,vector,i32,1000000,full,desc,11,1,0,1,2439000.000
kernel,vector,i32,1000000,full,desc,11,0,1,1,2429000.000
kernel,vector,i32,1000000,full,desc,11,1,1,1,2492000.000
kernel,vector,i32,1000000,full,desc,11,0,2,1,2436000.000
kernel,vector,i32,1000000,full,desc,11,1,2,1,2325000.000
kernel,vector,i32,1000000,full,desc,11,1,3,1,2379000.000
kernel,vector,i32,1000000,full,desc,11,0,3,1,2521000.000
kernel,vector,i32,1000000,full,desc,11,1,4,1,2452000.000
kernel,vector,i32,1000000,full,desc,11,0,4,1,2355000.000
kernel,vector,i32,1000000,full,desc,11,0,5,1,2398000.000
kernel,vector,i32,1000000,full,desc,11,1,5,1,2415000.000
kernel,vector,i32,1000000,full,desc,11,1,6,1,2466000.000
kernel,vector,i32,1000000,full,desc,11,0,6,1,2445000.000
kernel,vector,i32,1000000,full,asc,15,1,0,1,4881000.000
kernel,vector,i32,1000000,full,asc,15,0,0,1,4765000.000
kernel,vector,i32,1000000,full,asc,15,0,1,1,4862000.000
kernel,vector,i32,1000000,full,asc,15,1,1,1,4627000.000
kernel,vector,i32,1000000,full,asc,15,0,2,1,4846000.000
kernel,vector,i32,1000000,full,asc,15,1,2,1,4766000.000
kernel,vector,i32,1000000,full,asc,15,1,3,1,4855000.000
kernel,vector,i32,1000000,full,asc,15,0,3,1,4726000.000
kernel,vector,i32,1000000,full,asc,15,1,4,1,4819000.000
kernel,vector,i32,1000000,full,asc,15,0,4,1,5056000.000
kernel,vector,i32,1000000,full,asc,15,0,5,1,5163000.000
kernel,vector,i32,1000000,full,asc,15,1,5,1,5019000.000
kernel,vector,i32,1000000,full,asc,15,0,6,1,5209000.000
kernel,vector,i32,1000000,full,asc,15,1,6,1,5227000.000
kernel,vector,i32,1000000,full,desc,15,0,0,1,5121000.000
kernel,vector,i32,1000000,full,desc,15,1,0,1,5036000.000
kernel,vector,i32,1000000,full,desc,15,1,1,1,4995000.000
kernel,vector,i32,1000000,full,desc,15,0,1,1,5053000.000
kernel,vector,i32,1000000,full,desc,15,0,2,1,5064000.000
kernel,vector,i32,1000000,full,desc,15,1,2,1,5159000.000
kernel,vector,i32,1000000,full,desc,15,0,3,1,5085000.000
kernel,vector,i32,1000000,full,desc,15,1,3,1,4983000.000
kernel,vector,i32,1000000,full,desc,15,1,4,1,5069000.000
kernel,vector,i32,1000000,full,desc,15,0,4,1,5090000.000
kernel,vector,i32,1000000,full,desc,15,1,5,1,4971000.000
kernel,vector,i32,1000000,full,desc,15,0,5,1,5001000.000
kernel,vector,i32,1000000,full,desc,15,0,6,1,5122000.000
kernel,vector,i32,1000000,full,desc,15,1,6,1,4896000.000
sorted,vector,i32,1000000,bits22,asc,0,0,0,1,3011000.000
sorted,vector,i32,1000000,bits22,asc,0,1,0,1,3052000.000
sorted,vector,i32,1000000,bits22,asc,0,0,1,1,3168000.000
sorted,vector,i32,1000000,bits22,asc,0,1,1,1,3157000.000
sorted,vector,i32,1000000,bits22,asc,0,1,2,1,3164000.000
sorted,vector,i32,1000000,bits22,asc,0,0,2,1,3005000.000
sorted,vector,i32,1000000,bits22,asc,0,1,3,1,3122000.000
sorted,vector,i32,1000000,bits22,asc,0,0,3,1,3177000.000
sorted,vector,i32,1000000,bits22,asc,0,1,4,1,3178000.000
sorted,vector,i32,1000000,bits22,asc,0,0,4,1,3312000.000
sorted,vector,i32,1000000,bits22,asc,0,0,5,1,3127000.000
sorted,vector,i32,1000000,bits22,asc,0,1,5,1,3024000.000
sorted,vector,i32,1000000,bits22,asc,0,1,6,1,3047000.000
sorted,vector,i32,1000000,bits22,asc,0,0,6,1,3234000.000
sorted,vector,i32,1000000,bits22,desc,0,0,0,1,3088000.000
sorted,vector,i32,1000000,bits22,desc,0,1,0,1,3100000.000
sorted,vector,i32,1000000,bits22,desc,0,1,1,1,3097000.000
sorted,vector,i32,1000000,bits22,desc,0,0,1,1,3115000.000
sorted,vector,i32,1000000,bits22,desc,0,0,2,1,3182000.000
sorted,vector,i32,1000000,bits22,desc,0,1,2,1,2990000.000
sorted,vector,i32,1000000,bits22,desc,0,0,3,1,3209000.000
sorted,vector,i32,1000000,bits22,desc,0,1,3,1,3056000.000
sorted,vector,i32,1000000,bits22,desc,0,1,4,1,3003000.000
sorted,vector,i32,1000000,bits22,desc,0,0,4,1,3061000.000
sorted,vector,i32,1000000,bits22,desc,0,0,5,1,3037000.000
sorted,vector,i32,1000000,bits22,desc,0,1,5,1,3065000.000
sorted,vector,i32,1000000,bits22,desc,0,0,6,1,3419000.000
sorted,vector,i32,1000000,bits22,desc,0,1,6,1,3132000.000
kernel,vector,i32,1000000,bits22,asc,8,1,0,1,2752000.000
kernel,vector,i32,1000000,bits22,asc,8,0,0,1,2630000.000
kernel,vector,i32,1000000,bits22,asc,8,0,1,1,2647000.000
kernel,vector,i32,1000000,bits22,asc,8,1,1,1,2520000.000
kernel,vector,i32,1000000,bits22,asc,8,0,2,1,2483000.000
kernel,vector,i32,1000000,bits22,asc,8,1,2,1,2571000.000
kernel,vector,i32,1000000,bits22,asc,8,0,3,1,2744000.000
kernel,vector,i32,1000000,bits22,asc,8,1,3,1,2562000.000
kernel,vector,i32,1000000,bits22,asc,8,1,4,1,2602000.000
kernel,vector,i32,1000000,bits22,asc,8,0,4,1,2566000.000
kernel,vector,i32,1000000,bits22,asc,8,0,5,1,2558000.000
kernel,vector,i32,1000000,bits22,asc,8,1,5,1,2444000.000
kernel,vector,i32,1000000,bits22,asc,8,0,6,1,2651000.000
kernel,vector,i32,1000000,bits22,asc,8,1,6,1,2588000.000
kernel,vector,i32,1000000,bits22,desc,8,0,0,1,3151000.000
kernel,vector,i32,1000000,bits22,desc,8,1,0,1,2490000.000
kernel,vector,i32,1000000,bits22,desc,8,0,1,1,2818000.000
kernel,vector,i32,1000000,bits22,desc,8,1,1,1,2669000.000
kernel,vector,i32,1000000,bits22,desc,8,0,2,1,2630000.000
kernel,vector,i32,1000000,bits22,desc,8,1,2,1,2623000.000
kernel,vector,i32,1000000,bits22,desc,8,1,3,1,2584000.000
kernel,vector,i32,1000000,bits22,desc,8,0,3,1,2543000.000
kernel,vector,i32,1000000,bits22,desc,8,1,4,1,2695000.000
kernel,vector,i32,1000000,bits22,desc,8,0,4,1,2550000.000
kernel,vector,i32,1000000,bits22,desc,8,1,5,1,2658000.000
kernel,vector,i32,1000000,bits22,desc,8,0,5,1,2680000.000
kernel,vector,i32,1000000,bits22,desc,8,1,6,1,2631000.000
kernel,vector,i32,1000000,bits22,desc,8,0,6,1,2632000.000
kernel,vector,i32,1000000,bits22,asc,11,1,0,1,1693000.000
kernel,vector,i32,1000000,bits22,asc,11,0,0,1,1669000.000
kernel,vector,i32,1000000,bits22,asc,11,1,1,1,1700000.000
kernel,vector,i32,1000000,bits22,asc,11,0,1,1,1664000.000
kernel,vector,i32,1000000,bits22,asc,11,1,2,1,1671000.000
kernel,vector,i32,1000000,bits22,asc,11,0,2,1,1709000.000
kernel,vector,i32,1000000,bits22,asc,11,0,3,1,1655000.000
kernel,vector,i32,1000000,bits22,asc,11,1,3,1,1642000.000
kernel,vector,i32,1000000,bits22,asc,11,0,4,1,1665000.000
kernel,vector,i32,1000000,bits22,asc,11,1,4,1,1691000.000
kernel,vector,i32,1000000,bits22,asc,11,1,5,1,1781000.000
kernel,vector,i32,1000000,bits22,asc,11,0,5,1,1735000.000
kernel,vector,i32,1000000,bits22,asc,11,0,6,1,1729000.000
kernel,vector,i32,1000000,bits22,asc,11,1,6,1,1774000.000
kernel,vector,i32,1000000,bits22,desc,11,1,0,1,1712000.000
kernel,vector,i32,1000000,bits22,desc,11,0,0,1,1797000.000
kernel,vector,i32,1000000,bits22,desc,11,1,1,1,1686000.000
kernel,vector,i32,1000000,bits22,desc,11,0,1,1,1733000.000
kernel,vector,i32,1000000,bits22,desc,11,1,2,1,1706000.000
kernel,vector,i32,1000000,bits22,desc,11,0,2,1,1804000.000
kernel,vector,i32,1000000,bits22,desc,11,0,3,1,1713000.000
kernel,vector,i32,1000000,bits22,desc,11,1,3,1,1632000.000
kernel,vector,i32,1000000,bits22,desc,11,0,4,1,1742000.000
kernel,vector,i32,1000000,bits22,desc,11,1,4,1,1662000.000
kernel,vector,i32,1000000,bits22,desc,11,1,5,1,1605000.000
kernel,vector,i32,1000000,bits22,desc,11,0,5,1,1734000.000
kernel,vector,i32,1000000,bits22,desc,11,0,6,1,1646000.000
kernel,vector,i32,1000000,bits22,desc,11,1,6,1,1748000.000
kernel,vector,i32,1000000,bits22,asc,15,1,0,1,2587000.000
kernel,vector,i32,1000000,bits22,asc,15,0,0,1,2482000.000
kernel,vector,i32,1000000,bits22,asc,15,1,1,1,2353000.000
kernel,vector,i32,1000000,bits22,asc,15,0,1,1,2569000.000
kernel,vector,i32,1000000,bits22,asc,15,0,2,1,2440000.000
kernel,vector,i32,1000000,bits22,asc,15,1,2,1,2508000.000
kernel,vector,i32,1000000,bits22,asc,15,1,3,1,2579000.000
kernel,vector,i32,1000000,bits22,asc,15,0,3,1,2372000.000
kernel,vector,i32,1000000,bits22,asc,15,1,4,1,2391000.000
kernel,vector,i32,1000000,bits22,asc,15,0,4,1,2601000.000
kernel,vector,i32,1000000,bits22,asc,15,1,5,1,2546000.000
kernel,vector,i32,1000000,bits22,asc,15,0,5,1,2457000.000
kernel,vector,i32,1000000,bits22,asc,15,1,6,1,2569000.000
kernel,vector,i32,1000000,bits22,asc,15,0,6,1,2485000.000
kernel,vector,i32,1000000,bits22,desc,15,1,0,1,2496000.000
kernel,vector,i32,1000000,bits22,desc,15,0,0,1,2469000.000
kernel,vector,i32,1000000,bits22,desc,15,0,1,1,2391000.000
kernel,vector,i32,1000000,bits22,desc,15,1,1,1,2360000.000
kernel,vector,i32,1000000,bits22,desc,15,1,2,1,2437000.000
kernel,vector,i32,1000000,bits22,desc,15,0,2,1,2454000.000
kernel,vector,i32,1000000,bits22,desc,15,0,3,1,2454000.000
kernel,vector,i32,1000000,bits22,desc,15,1,3,1,2348000.000
kernel,vector,i32,1000000,bits22,desc,15,0,4,1,2395000.000
kernel,vector,i32,1000000,bits22,desc,15,1,4,1,2479000.000
kernel,vector,i32,1000000,bits22,desc,15,1,5,1,2389000.000
kernel,vector,i32,1000000,bits22,desc,15,0,5,1,2402000.000
kernel,vector,i32,1000000,bits22,desc,15,0,6,1,2345000.000
kernel,vector,i32,1000000,bits22,desc,15,1,6,1,2383000.000
sorted,vector,i32,1000000,gaps,asc,0,0,0,1,3828000.000
sorted,vector,i32,1000000,gaps,asc,0,1,0,1,3776000.000
sorted,vector,i32,1000000,gaps,asc,0,0,1,1,3790000.000
sorted,vector,i32,1000000,gaps,asc,0,1,1,1,3787000.000
sorted,vector,i32,1000000,gaps,asc,0,1,2,1,3839000.000
sorted,vector,i32,1000000,gaps,asc,0,0,2,1,3783000.000
sorted,vector,i32,1000000,gaps,asc,0,1,3,1,3806000.000
sorted,vector,i32,1000000,gaps,asc,0,0,3,1,3915000.000
sorted,vector,i32,1000000,gaps,asc,0,0,4,1,3776000.000
sorted,vector,i32,1000000,gaps,asc,0,1,4,1,3753000.000
sorted,vector,i32,1000000,gaps,asc,0,1,5,1,3915000.000
sorted,vector,i32,1000000,gaps,asc,0,0,5,1,3916000.000
sorted,vector,i32,1000000,gaps,asc,0,0,6,1,3832000.000
sorted,vector,i32,1000000,gaps,asc,0,1,6,1,3780000.000
sorted,vector,i32,1000000,gaps,desc,0,0,0,1,3959000.000
sorted,vector,i32,1000000,gaps,desc,0,1,0,1,3784000.000
sorted,vector,i32,1000000,gaps,desc,0,1,1,1,3795000.000
sorted,vector,i32,1000000,gaps,desc,0,0,1,1,3751000.000
sorted,vector,i32,1000000,gaps,desc,0,0,2,1,3730000.000
sorted,vector,i32,1000000,gaps,desc,0,1,2,1,3784000.000
sorted,vector,i32,1000000,gaps,desc,0,1,3,1,3891000.000
sorted,vector,i32,1000000,gaps,desc,0,0,3,1,3756000.000
sorted,vector,i32,1000000,gaps,desc,0,0,4,1,3742000.000
sorted,vector,i32,1000000,gaps,desc,0,1,4,1,3807000.000
sorted,vector,i32,1000000,gaps,desc,0,1,5,1,3821000.000
sorted,vector,i32,1000000,gaps,desc,0,0,5,1,3758000.000
sorted,vector,i32,1000000,gaps,desc,0,0,6,1,3774000.000
sorted,vector,i32,1000000,gaps,desc,0,1,6,1,3909000.000
kernel,vector,i32,1000000,gaps,asc,8,1,0,1,2629000.000
kernel,vector,i32,1000000,gaps,asc,8,0,0,1,2581000.000
kernel,vector,i32,1000000,gaps,asc,8,0,1,1,2620000.000
kernel,vector,i32,1000000,gaps,asc,8,1,1,1,2661000.000
kernel,vector,i32,1000000,gaps,asc,8,0,2,1,2636000.000
kernel,vector,i32,1000000,gaps,asc,8,1,2,1,2601000.000
kernel,vector,i32,1000000,gaps,asc,8,1,3,1,2695000.000
kernel,vector,i32,1000000,gaps,asc,8,0,3,1,2600000.000
kernel,vector,i32,1000000,gaps,asc,8,1,4,1,2594000.000
kernel,vector,i32,1000000,gaps,asc,8,0,4,1,2611000.000
kernel,vector,i32,1000000,gaps,asc,8,1,5,1,2627000.000
kernel,vector,i32,1000000,gaps,asc,8,0,5,1,2681000.000
kernel,vector,i32,1000000,gaps,asc,8,1,6,1,2589000.000
kernel,vector,i32,1000000,gaps,asc,8,0,6,1,2618000.000
kernel,vector,i32,1000000,gaps,desc,8,1,0,1,2643000.000
kernel,vector,i32,1000000,gaps,desc,8,0,0,1,2565000.000
kernel,vector,i32,1000000,gaps,desc,8,0,1,1,2801000.000
kernel,vector,i32,1000000,gaps,desc,8,1,1,1,2634000.000
kernel,vector,i32,1000000,gaps,desc,8,1,2,1,2605000.000
kernel,vector,i32,1000000,gaps,desc,8,0,2,1,2612000.000
kernel,vector,i32,1000000,gaps,desc,8,0,3,1,2596000.000
kernel,vector,i32,1000000,gaps,desc,8,1,3,1,2632000.000
kernel,vector,i32,1000000,gaps,desc,8,1,4,1,2590000.000
kernel,vector,i32,1000000,gaps,desc,8,0,4,1,2715000.000
kernel,vector,i32,1000000,gaps,desc,8,0,5,1,2632000.000
kernel,vector,i32,1000000,gaps,desc,8,1,5,1,2626000.000
kernel,vector,i32,1000000,gaps,desc,8,0,6,1,2652000.000
kernel,vector,i32,1000000,gaps,desc,8,1,6,1,2577000.000
kernel,vector,i32,1000000,gaps,asc,11,1,0,1,3343000.000
kernel,vector,i32,1000000,gaps,asc,11,0,0,1,3773000.000
kernel,vector,i32,1000000,gaps,asc,11,1,1,1,3350000.000
kernel,vector,i32,1000000,gaps,asc,11,0,1,1,3828000.000
kernel,vector,i32,1000000,gaps,asc,11,0,2,1,3890000.000
kernel,vector,i32,1000000,gaps,asc,11,1,2,1,3386000.000
kernel,vector,i32,1000000,gaps,asc,11,1,3,1,3245000.000
kernel,vector,i32,1000000,gaps,asc,11,0,3,1,4008000.000
kernel,vector,i32,1000000,gaps,asc,11,1,4,1,3420000.000
kernel,vector,i32,1000000,gaps,asc,11,0,4,1,3878000.000
kernel,vector,i32,1000000,gaps,asc,11,1,5,1,3380000.000
kernel,vector,i32,1000000,gaps,asc,11,0,5,1,3823000.000
kernel,vector,i32,1000000,gaps,asc,11,0,6,1,3825000.000
kernel,vector,i32,1000000,gaps,asc,11,1,6,1,3344000.000
kernel,vector,i32,1000000,gaps,desc,11,1,0,1,3376000.000
kernel,vector,i32,1000000,gaps,desc,11,0,0,1,3902000.000
kernel,vector,i32,1000000,gaps,desc,11,0,1,1,3933000.000
kernel,vector,i32,1000000,gaps,desc,11,1,1,1,3408000.000
kernel,vector,i32,1000000,gaps,desc,11,1,2,1,3526000.000
kernel,vector,i32,1000000,gaps,desc,11,0,2,1,3908000.000
kernel,vector,i32,1000000,gaps,desc,11,0,3,1,3960000.000
kernel,vector,i32,1000000,gaps,desc,11,1,3,1,3394000.000
kernel,vector,i32,1000000,gaps,desc,11,1,4,1,3403000.000
kernel,vector,i32,1000000,gaps,desc,11,0,4,1,3955000.000
kernel,vector,i32,1000000,gaps,desc,11,0,5,1,3884000.000
kernel,vector,i32,1000000,gaps,desc,11,1,5,1,3363000.000
kernel,vector,i32,1000000,gaps,desc,11,0,6,1,3891000.000
kernel,vector,i32,1000000,gaps,desc,11,1,6,1,3430000.000
kernel,vector,i32,1000000,gaps,asc,15,1,0,1,1865000.000
kernel,vector,i32,1000000,gaps,asc,15,0,0,1,1294000.000
kernel,vector,i32,1000000,gaps,asc,15,1,1,1,1799000.000
kernel,vector,i32,1000000,gaps,asc,15,0,1,1,1291000.000
kernel,vector,i32,1000000,gaps,asc,15,1,2,1,1787000.000
kernel,vector,i32,1000000,gaps,asc,15,0,2,1,1184000.000
kernel,vector,i32,1000000,gaps,asc,15,1,3,1,1785000.000
kernel,vector,i32,1000000,gaps,asc,15,0,3,1,1214000.000
kernel,vector,i32,1000000,gaps,asc,15,0,4,1,1158000.000
kernel,vector,i32,1000000,gaps,asc,15,1,4,1,1784000.000
kernel,vector,i32,1000000,gaps,asc,15,1,5,1,1789000.000
kernel,vector,i32,1000000,gaps,asc,15,0,5,1,1232000.000
kernel,vector,i32,1000000,gaps,asc,15,0,6,1,1195000.000
kernel,vector,i32,1000000,gaps,asc,15,1,6,1,1759000.000
kernel,vector,i32,1000000,gaps,desc,15,1,0,1,1767000.000
kernel,vector,i32,1000000,gaps,desc,15,0,0,1,1780000.000
kernel,vector,i32,1000000,gaps,desc,15,1,1,1,1780000.000
kernel,vector,i32,1000000,gaps,desc,15,0,1,1,1783000.000
kernel,vector,i32,1000000,gaps,desc,15,0,2,1,1792000.000
kernel,vector,i32,1000000,gaps,desc,15,1,2,1,1807000.000
kernel,vector,i32,1000000,gaps,desc,15,0,3,1,1759000.000
kernel,vector,i32,1000000,gaps,desc,15,1,3,1,1769000.000
kernel,vector,i32,1000000,gaps,desc,15,0,4,1,1765000.000
kernel,vector,i32,1000000,gaps,desc,15,1,4,1,1859000.000
kernel,vector,i32,1000000,gaps,desc,15,1,5,1,1804000.000
kernel,vector,i32,1000000,gaps,desc,15,0,5,1,1804000.000
kernel,vector,i32,1000000,gaps,desc,15,1,6,1,1787000.000
kernel,vector,i32,1000000,gaps,desc,15,0,6,1,1815000.000
sorted,vector,i32,1000000,few,asc,0,0,0,1,2324000.000
sorted,vector,i32,1000000,few,asc,0,1,0,1,2335000.000
sorted,vector,i32,1000000,few,asc,0,0,1,1,2440000.000
sorted,vector,i32,1000000,few,asc,0,1,1,1,2318000.000
sorted,vector,i32,1000000,few,asc,0,1,2,1,2269000.000
sorted,vector,i32,1000000,few,asc,0,0,2,1,2324000.000
sorted,vector,i32,1000000,few,asc,0,0,3,1,2314000.000
sorted,vector,i32,1000000,few,asc,0,1,3,1,2324000.000
sorted,vector,i32,1000000,few,asc,0,0,4,1,2242000.000
sorted,vector,i32,1000000,few,asc,0,1,4,1,2359000.000
sorted,vector,i32,1000000,few,asc,0,0,5,1,2313000.000
sorted,vector,i32,1000000,few,asc,0,1,5,1,2277000.000
sorted,vector,i32,1000000,few,asc,0,1,6,1,2372000.000
sorted,vector,i32,1000000,few,asc,0,0,6,1,2284000.000
sorted,vector,i32,1000000,few,desc,0,1,0,1,2265000.000
sorted,vector,i32,1000000,few,desc,0,0,0,1,2236000.000
sorted,vector,i32,1000000,few,desc,0,1,1,1,2326000.000
sorted,vector,i32,1000000,few,desc,0,0,1,1,2270000.000
sorted,vector,i32,1000000,few,desc,0,0,2,1,2206000.000
sorted,vector,i32,1000000,few,desc,0,1,2,1,2204000.000
sorted,vector,i32,1000000,few,desc,0,0,3,1,2301000.000
sorted,vector,i32,1000000,few,desc,0,1,3,1,2283000.000
sorted,vector,i32,1000000,few,desc,0,0,4,1,2166000.000
sorted,vector,i32,1000000,few,desc,0,1,4,1,2355000.000
sorted,vector,i32,1000000,few,desc,0,1,5,1,2294000.000
sorted,vector,i32,1000000,few,desc,0,0,5,1,2320000.000
sorted,vector,i32,1000000,few,desc,0,1,6,1,2334000.000
sorted,vector,i32,1000000,few,desc,0,0,6,1,2324000.000
kernel,vector,i32,1000000,few,asc,8,0,0,1,1109000.000
kernel,vector,i32,1000000,few,asc,8,1,0,1,1117000.000
kernel,vector,i32,1000000,few,asc,8,1,1,1,1168000.000
kernel,vector,i32,1000000,few,asc,8,0,1,1,1116000.000
kernel,vector,i32,1000000,few,asc,8,0,2,1,1118000.000
kernel,vector,i32,1000000,few,asc,8,1,2,1,1114000.000
kernel,vector,i32,1000000,few,asc,8,1,3,1,1129000.000
kernel,vector,i32,1000000,few,asc,8,0,3,1,1137000.000
kernel,vector,i32,1000000,few,asc,8,1,4,1,1172000.000
kernel,vector,i32,1000000,few,asc,8,0,4,1,1119000.000
kernel,vector,i32,1000000,few,asc,8,0,5,1,1131000.000
kernel,vector,i32,1000000,few,asc,8,1,5,1,1162000.000
kernel,vector,i32,1000000,few,asc,8,0,6,1,1122000.000
kernel,vector,i32,1000000,few,asc,8,1,6,1,1128000.000
kernel,vector,i32,1000000,few,desc,8,1,0,1,1144000.000
kernel,vector,i32,1000000,few,desc,8,0,0,1,1213000.000
kernel,vector,i32,1000000,few,desc,8,1,1,1,1123000.000
kernel,vector,i32,1000000,few,desc,8,0,1,1,1133000.000
kernel,vector,i32,1000000,few,desc,8,0,2,1,1168000.000
kernel,vector,i32,1000000,few,desc,8,1,2,1,1116000.000
kernel,vector,i32,1000000,few,desc,8,1,3,1,1163000.000
kernel,vector,i32,1000000,few,desc,8,0,3,1,1122000.000
kernel,vector,i32,1000000,few,desc,8,1,4,1,1136000.000
kernel,vector,i32,1000000,few,desc,8,0,4,1,1126000.000
kernel,vector,i32,1000000,few,desc,8,0,5,1,1218000.000
kernel,vector,i32,1000000,few,desc,8,1,5,1,1116000.000
kernel,vector,i32,1000000,few,desc,8,0,6,1,1125000.000
kernel,vector,i32,1000000,few,desc,8,1,6,1,1168000.000
kernel,vector,i32,1000000,few,asc,11,0,0,1,1141000.000
kernel,vector,i32,1000000,few,asc,11,1,0,1,1157000.000
kernel,vector,i32,1000000,few,asc,11,0,1,1,1148000.000
kernel,vector,i32,1000000,few,asc,11,1,1,1,1135000.000
kernel,vector,i32,1000000,few,asc,11,1,2,1,1203000.000
kernel,vector,i32,1000000,few,asc,11,0,2,1,1112000.000
kernel,vector,i32,1000000,few,asc,11,0,3,1,1150000.000
kernel,vector,i32,1000000,few,asc,11,1,3,1,1115000.000
kernel,vector,i32,1000000,few,asc,11,0,4,1,1090000.000
kernel,vector,i32,1000000,few,asc,11,1,4,1,1150000.000
kernel,vector,i32,1000000,few,asc,11,0,5,1,1128000.000
kernel,vector,i32,1000000,few,asc,11,1,5,1,1148000.000
kernel,vector,i32,1000000,few,asc,11,1,6,1,1143000.000
kernel,vector,i32,1000000,few,asc,11,0,6,1,1118000.000
kernel,vector,i32,1000000,few,desc,11,0,0,1,1098000.000
kernel,vector,i32,1000000,few,desc,11,1,0,1,1131000.000
kernel,vector,i32,1000000,few,desc,11,1,1,1,1149000.000
kernel,vector,i32,1000000,few,desc,11,0,1,1,1183000.000
kernel,vector,i32,1000000,few,desc,11,0,2,1,1192000.000
kernel,vector,i32,1000000,few,desc,11,1,2,1,1121000.000
kernel,vector,i32,1000000,few,desc,11,0,3,1,1107000.000
kernel,vector,i32,1000000,few,desc,11,1,3,1,1124000.000
kernel,vector,i32,1000000,few,desc,11,1,4,1,1131000.000
kernel,vector,i32,1000000,few,desc,11,0,4,1,1181000.000
kernel,vector,i32,1000000,few,desc,11,0,5,1,1179000.000
kernel,vector,i32,1000000,few,desc,11,1,5,1,1112000.000
kernel,vector,i32,1000000,few,desc,11,0,6,1,1121000.000
kernel,vector,i32,1000000,few,desc,11,1,6,1,1125000.000
kernel,vector,i32,1000000,few,asc,15,1,0,1,1096000.000
kernel,vector,i32,1000000,few,asc,15,0,0,1,1113000.000
kernel,vector,i32,1000000,few,asc,15,0,1,1,1189000.000
kernel,vector,i32,1000000,few,asc,15,1,1,1,1150000.000
kernel,vector,i32,1000000,few,asc,15,1,2,1,1169000.000
kernel,vector,i32,1000000,few,asc,15,0,2,1,1095000.000
kernel,vector,i32,1000000,few,asc,15,0,3,1,1096000.000
kernel,vector,i32,1000000,few,asc,15,1,3,1,1125000.000
kernel,vector,i32,1000000,few,asc,15,1,4,1,1136000.000
kernel,vector,i32,1000000,few,asc,15,0,4,1,1119000.000
kernel,vector,i32,1000000,few,asc,15,0,5,1,1167000.000
kernel,vector,i32,1000000,few,asc,15,1,5,1,1134000.000
kernel,vector,i32,1000000,few,asc,15,0,6,1,1130000.000
kernel,vector,i32,1000000,few,asc,15,1,6,1,1180000.000
kernel,vector,i32,1000000,few,desc,15,1,0,1,1157000.000
kernel,vector,i32,1000000,few,desc,15,0,0,1,1125000.000
kernel,vector,i32,1000000,few,desc,15,1,1,1,1125000.000
kernel,vector,i32,1000000,few,desc,15,0,1,1,1116000.000
kernel,vector,i32,1000000,few,desc,15,1,2,1,1134000.000
kernel,vector,i32,1000000,few,desc,15,0,2,1,1138000.000
kernel,vector,i32,1000000,few,desc,15,1,3,1,1122000.000
kernel,vector,i32,1000000,few,desc,15,0,3,1,1122000.000
kernel,vector,i32,1000000,few,desc,15,0,4,1,1194000.000
kernel,vector,i32,1000000,few,desc,15,1,4,1,1156000.000
kernel,vector,i32,1000000,few,desc,15,1,5,1,1147000.000
kernel,vector,i32,1000000,few,desc,15,0,5,1,1129000.000
kernel,vector,i32,1000000,few,desc,15,0,6,1,1228000.000
kernel,vector,i32,1000000,few,desc,15,1,6,1,1123000.000
sorted,vector,i32,1000000,ordered,asc,0,1,0,3,233333.333
sorted,vector,i32,1000000,ordered,asc,0,0,0,2,558500.000
sorted,vector,i32,1000000,ordered,asc,0,1,1,3,236000.000
sorted,vector,i32,1000000,ordered,asc,0,0,1,3,239000.000
sorted,vector,i32,1000000,ordered,asc,0,0,2,3,234000.000
sorted,vector,i32,1000000,ordered,asc,0,1,2,3,241000.000
sorted,vector,i32,1000000,ordered,asc,0,0,3,3,237000.000
sorted,vector,i32,1000000,ordered,asc,0,1,3,3,235000.000
sorted,vector,i32,1000000,ordered,asc,0,1,4,2,258500.000
sorted,vector,i32,1000000,ordered,asc,0,0,4,3,234000.000
sorted,vector,i32,1000000,ordered,asc,0,1,5,3,235333.333
sorted,vector,i32,1000000,ordered,asc,0,0,5,3,236666.667
sorted,vector,i32,1000000,ordered,asc,0,1,6,3,235333.333
sorted,vector,i32,1000000,ordered,asc,0,0,6,3,234000.000
sorted,vector,i32,1000000,ordered,desc,0,0,0,2,386000.000
sorted,vector,i32,1000000,ordered,desc,0,1,0,2,361000.000
sorted,vector,i32,1000000,ordered,desc,0,0,1,2,360000.000
sorted,vector,i32,1000000,ordered,desc,0,1,1,2,369000.000
sorted,vector,i32,1000000,ordered,desc,0,0,2,2,360000.000
sorted,vector,i32,1000000,ordered,desc,0,1,2,2,359000.000
sorted,vector,i32,1000000,ordered,desc,0,0,3,2,361500.000
sorted,vector,i32,1000000,ordered,desc,0,1,3,2,362000.000
sorted,vector,i32,1000000,ordered,desc,0,1,4,2,379500.000
sorted,vector,i32,1000000,ordered,desc,0,0,4,2,358000.000
sorted,vector,i32,1000000,ordered,desc,0,1,5,2,360000.000
sorted,vector,i32,1000000,ordered,desc,0,0,5,2,364500.000
sorted,vector,i32,1000000,ordered,desc,0,0,6,2,369500.000
sorted,vector,i32,1000000,ordered,desc,0,1,6,2,373500.000
sorted,vector,i32,1000000,reverse,asc,0,1,0,2,372000.000
sorted,vector,i32,1000000,reverse,asc,0,0,0,2,367500.000
sorted,vector,i32,1000000,reverse,asc,0,0,1,2,373000.000
sorted,vector,i32,1000000,reverse,asc,0,1,1,2,360000.000
sorted,vector,i32,1000000,reverse,asc,0,0,2,2,359000.000
sorted,vector,i32,1000000,reverse,asc,0,1,2,1,560000.000
sorted,vector,i32,1000000,reverse,asc,0,1,3,2,361500.000
sorted,vector,i32,1000000,reverse,asc,0,0,3,2,360500.000
sorted,vector,i32,1000000,reverse,asc,0,1,4,2,359500.000
sorted,vector,i32,1000000,reverse,asc,0,0,4,2,389000.000
sorted,vector,i32,1000000,reverse,asc,0,1,5,2,375500.000
sorted,vector,i32,1000000,reverse,asc,0,0,5,2,359500.000
sorted,vector,i32,1000000,reverse,asc,0,1,6,2,359500.000
sorted,vector,i32,1000000,reverse,asc,0,0,6,2,389500.000
sorted,vector,i32,1000000,reverse,desc,0,1,0,3,235333.333
sorted,vector,i32,1000000,reverse,desc,0,0,0,3,234666.667
sorted,vector,i32,1000000,reverse,desc,0,1,1,3,244000.000
sorted,vector,i32,1000000,reverse,desc,0,0,1,3,230666.667
sorted,vector,i32,1000000,reverse,desc,0,0,2,3,244666.667
sorted,vector,i32,1000000,reverse,desc,0,1,2,3,234666.667
sorted,vector,i32,1000000,reverse,desc,0,1,3,3,233666.667
sorted,vector,i32,1000000,reverse,desc,0,0,3,3,236666.667
sorted,vector,i32,1000000,reverse,desc,0,1,4,3,241000.000
sorted,vector,i32,1000000,reverse,desc,0,0,4,3,244333.333
sorted,vector,i32,1000000,reverse,desc,0,0,5,3,235666.667
sorted,vector,i32,1000000,reverse,desc,0,1,5,3,252333.333
sorted,vector,i32,1000000,reverse,desc,0,1,6,3,245333.333
sorted,vector,i32,1000000,reverse,desc,0,0,6,3,240666.667
sorted,vector,i32,1000000,nearly,asc,0,1,0,1,2807000.000
sorted,vector,i32,1000000,nearly,asc,0,0,0,1,2949000.000
sorted,vector,i32,1000000,nearly,asc,0,0,1,1,2969000.000
sorted,vector,i32,1000000,nearly,asc,0,1,1,1,2930000.000
sorted,vector,i32,1000000,nearly,asc,0,0,2,1,2977000.000
sorted,vector,i32,1000000,nearly,asc,0,1,2,1,2979000.000
sorted,vector,i32,1000000,nearly,asc,0,0,3,1,2941000.000
sorted,vector,i32,1000000,nearly,asc,0,1,3,1,2948000.000
sorted,vector,i32,1000000,nearly,asc,0,1,4,1,2931000.000
sorted,vector,i32,1000000,nearly,asc,0,0,4,1,3009000.000
sorted,vector,i32,1000000,nearly,asc,0,0,5,1,2978000.000
sorted,vector,i32,1000000,nearly,asc,0,1,5,1,2991000.000
sorted,vector,i32,1000000,nearly,asc,0,1,6,1,2966000.000
sorted,vector,i32,1000000,nearly,asc,0,0,6,1,2965000.000
sorted,vector,i32,1000000,nearly,desc,0,0,0,1,2949000.000
sorted,vector,i32,1000000,nearly,desc,0,1,0,1,2813000.000
sorted,vector,i32,1000000,nearly,desc,0,0,1,1,3068000.000
sorted,vector,i32,1000000,nearly,desc,0,1,1,1,2926000.000
sorted,vector,i32,1000000,nearly,desc,0,1,2,1,2850000.000
sorted,vector,i32,1000000,nearly,desc,0,0,2,1,2889000.000
sorted,vector,i32,1000000,nearly,desc,0,0,3,1,2965000.000
sorted,vector,i32,1000000,nearly,desc,0,1,3,1,2966000.000
sorted,vector,i32,1000000,nearly,desc,0,0,4,1,2821000.000
sorted,vector,i32,1000000,nearly,desc,0,1,4,1,2982000.000
sorted,vector,i32,1000000,nearly,desc,0,1,5,1,3174000.000
sorted,vector,i32,1000000,nearly,desc,0,0,5,1,3054000.000
sorted,vector,i32,1000000,nearly,desc,0,1,6,1,2901000.000
sorted,vector,i32,1000000,nearly,desc,0,0,6,1,2932000.000
sorted,vector,i32,1000000,equal,asc,0,1,0,3,251000.000
sorted,vector,i32,1000000,equal,asc,0,0,0,3,249333.333
sorted,vector,i32,1000000,equal,asc,0,0,1,3,245333.333
sorted,vector,i32,1000000,equal,asc,0,1,1,3,244333.333
sorted,vector,i32,1000000,equal,asc,0,1,2,3,237333.333
sorted,vector,i32,1000000,equal,asc,0,0,2,3,234000.000
sorted,vector,i32,1000000,equal,asc,0,1,3,3,240666.667
sorted,vector,i32,1000000,equal,asc,0,0,3,3,236333.333
sorted,vector,i32,1000000,equal,asc,0,0,4,3,242333.333
sorted,vector,i32,1000000,equal,asc,0,1,4,2,254000.000
sorted,vector,i32,1000000,equal,asc,0,1,5,3,249666.667
sorted,vector,i32,1000000,equal,asc,0,0,5,2,254500.000
sorted,vector,i32,1000000,equal,asc,0,0,6,2,250000.000
sorted,vector,i32,1000000,equal,asc,0,1,6,3,249333.333
sorted,vector,i32,1000000,equal,desc,0,0,0,3,238000.000
sorted,vector,i32,1000000,equal,desc,0,1,0,3,237333.333
sorted,vector,i32,1000000,equal,desc,0,1,1,3,233666.667
sorted,vector,i32,1000000,equal,desc,0,0,1,3,235000.000
sorted,vector,i32,1000000,equal,desc,0,1,2,3,235666.667
sorted,vector,i32,1000000,equal,desc,0,0,2,3,235000.000
sorted,vector,i32,1000000,equal,desc,0,1,3,3,241333.333
sorted,vector,i32,1000000,equal,desc,0,0,3,3,249000.000
sorted,vector,i32,1000000,equal,desc,0,0,4,3,245333.333
sorted,vector,i32,1000000,equal,desc,0,1,4,3,251333.333
sorted,vector,i32,1000000,equal,desc,0,0,5,2,271500.000
sorted,vector,i32,1000000,equal,desc,0,1,5,3,237000.000
sorted,vector,i32,1000000,equal,desc,0,1,6,2,265000.000
sorted,vector,i32,1000000,equal,desc,0,0,6,2,252000.000
sorted,array,i32,65536,full,asc,0,1,0,3,201333.333
sorted,array,i32,65536,full,asc,0,0,0,3,228333.333
sorted,array,i32,65536,full,asc,0,0,1,3,198666.667
sorted,array,i32,65536,full,asc,0,1,1,3,184666.667
sorted,array,i32,65536,full,asc,0,0,2,3,187000.000
sorted,array,i32,65536,full,asc,0,1,2,3,194000.000
sorted,array,i32,65536,full,asc,0,1,3,3,182000.000
sorted,array,i32,65536,full,asc,0,0,3,3,198000.000
sorted,array,i32,65536,full,asc,0,0,4,3,192333.333
sorted,array,i32,65536,full,asc,0,1,4,3,190666.667
sorted,array,i32,65536,full,asc,0,1,5,3,189666.667
sorted,array,i32,65536,full,asc,0,0,5,3,194333.333
sorted,array,i32,65536,full,asc,0,1,6,3,185666.667
sorted,array,i32,65536,full,asc,0,0,6,3,206333.333
sorted,array,i32,65536,full,desc,0,0,0,3,219666.667
sorted,array,i32,65536,full,desc,0,1,0,3,198333.333
sorted,array,i32,65536,full,desc,0,0,1,3,208000.000
sorted,array,i32,65536,full,desc,0,1,1,3,190666.667
sorted,array,i32,65536,full,desc,0,0,2,3,203666.667
sorted,array,i32,65536,full,desc,0,1,2,3,192666.667
sorted,array,i32,65536,full,desc,0,0,3,3,212000.000
sorted,array,i32,65536,full,desc,0,1,3,3,193000.000
sorted,array,i32,65536,full,desc,0,0,4,3,201333.333
sorted,array,i32,65536,full,desc,0,1,4,3,188000.000
sorted,array,i32,65536,full,desc,0,1,5,3,193666.667
sorted,array,i32,65536,full,desc,0,0,5,3,203333.333
sorted,array,i32,65536,full,desc,0,1,6,3,190000.000
sorted,array,i32,65536,full,desc,0,0,6,3,230666.667
sorted,array,i32,65536,bits22,asc,0,0,0,4,164000.000
sorted,array,i32,65536,bits22,asc,0,1,0,4,150750.000
sorted,array,i32,65536,bits22,asc,0,0,1,4,160500.000
sorted,array,i32,65536,bits22,asc,0,1,1,4,149000.000
sorted,array,i32,65536,bits22,asc,0,0,2,4,160250.000
sorted,array,i32,65536,bits22,asc,0,1,2,4,147000.000
sorted,array,i32,65536,bits22,asc,0,1,3,4,147500.000
sorted,array,i32,65536,bits22,asc,0,0,3,4,164250.000
sorted,array,i32,65536,bits22,asc,0,1,4,3,170333.333
sorted,array,i32,65536,bits22,asc,0,0,4,3,174666.667
sorted,array,i32,65536,bits22,asc,0,1,5,4,147000.000
sorted,array,i32,65536,bits22,asc,0,0,5,2,283500.000
sorted,array,i32,65536,bits22,asc,0,1,6,4,160000.000
sorted,array,i32,65536,bits22,asc,0,0,6,4,146250.000
sorted,array,i32,65536,bits22,desc,0,1,0,4,159500.000
sorted,array,i32,65536,bits22,desc,0,0,0,4,154250.000
sorted,array,i32,65536,bits22,desc,0,1,1,4,145250.000
sorted,array,i32,65536,bits22,desc,0,0,1,4,153750.000
sorted,array,i32,65536,bits22,desc,0,1,2,3,197666.667
sorted,array,i32,65536,bits22,desc,0,0,2,3,172333.333
sorted,array,i32,65536,bits22,desc,0,1,3,4,153250.000
sorted,array,i32,65536,bits22,desc,0,0,3,4,145000.000
sorted,array,i32,65536,bits22,desc,0,0,4,3,169666.667
sorted,array,i32,65536,bits22,desc,0,1,4,3,172333.333
sorted,array,i32,65536,bits22,desc,0,1,5,4,141000.000
sorted,array,i32,65536,bits22,desc,0,0,5,4,147250.000
sorted,array,i32,65536,bits22,desc,0,1,6,4,144000.000
sorted,array,i32,65536,bits22,desc,0,0,6,4,144000.000
sorted,array,i32,65536,gaps,asc,0,0,0,2,266500.000
sorted,array,i32,65536,gaps,asc,0,1,0,2,287500.000
sorted,array,i32,65536,gaps,asc,0,1,1,2,267500.000
sorted,array,i32,65536,gaps,asc,0,0,1,3,260666.667
sorted,array,i32,65536,gaps,asc,0,0,2,2,299500.000
sorted,array,i32,65536,gaps,asc,0,1,2,2,271000.000
sorted,array,i32,65536,gaps,asc,0,0,3,2,252500.000
sorted,array,i32,65536,gaps,asc,0,1,3,2,259000.000
sorted,array,i32,65536,gaps,asc,0,0,4,3,233000.000
sorted,array,i32,65536,gaps,asc,0,1,4,2,250000.000
sorted,array,i32,65536,gaps,asc,0,1,5,2,294000.000
sorted,array,i32,65536,gaps,asc,0,0,5,3,264000.000
sorted,array,i32,65536,gaps,asc,0,1,6,3,228666.667
sorted,array,i32,65536,gaps,asc,0,0,6,2,260000.000
sorted,array,i32,65536,gaps,desc,0,1,0,2,309500.000
sorted,array,i32,65536,gaps,desc,0,0,0,2,261000.000
sorted,array,i32,65536,gaps,desc,0,1,1,2,252500.000
sorted,array,i32,65536,gaps,desc,0,0,1,3,270333.333
sorted,array,i32,65536,gaps,desc,0,1,2,2,286000.000
sorted,array,i32,65536,gaps,desc,0,0,2,2,287000.000
sorted,array,i32,65536,gaps,desc,0,0,3,2,274000.000
sorted,array,i32,65536,gaps,desc,0,1,3,2,251000.000
sorted,array,i32,65536,gaps,desc,0,1,4,2,309000.000
sorted,array,i32,65536,gaps,desc,0,0,4,2,258000.000
sorted,array,i32,65536,gaps,desc,0,1,5,3,244333.333
sorted,array,i32,65536,gaps,desc,0,0,5,2,256000.000
sorted,array,i32,65536,gaps,desc,0,0,6,2,258500.000
sorted,array,i32,65536,gaps,desc,0,1,6,2,270500.000
sorted,array,i32,65536,few,asc,0,1,0,5,107600.000
sorted,array,i32,65536,few,asc,0,0,0,5,107000.000
sorted,array,i32,65536,few,asc,0,1,1,5,110800.000
sorted,array,i32,65536,few,asc,0,0,1,4,130000.000
sorted,array,i32,65536,few,asc,0,1,2,4,132000.000
sorted,array,i32,65536,few,asc,0,0,2,5,112600.000
sorted,array,i32,65536,few,asc,0,1,3,5,105200.000
sorted,array,i32,65536,few,asc,0,0,3,5,101000.000
sorted,array,i32,65536,few,asc,0,0,4,5,102200.000
sorted,array,i32,65536,few,asc,0,1,4,5,113600.000
sorted,array,i32,65536,few,asc,0,1,5,5,107400.000
sorted,array,i32,65536,few,asc,0,0,5,5,103200.000
sorted,array,i32,65536,few,asc,0,0,6,6,97166.667
sorted,array,i32,65536,few,asc,0,1,6,5,102600.000
sorted,array,i32,65536,few,desc,0,0,0,5,103400.000
sorted,array,i32,65536,few,desc,0,1,0,5,107800.000
sorted,array,i32,65536,few,desc,0,0,1,4,134750.000
sorted,array,i32,65536,few,desc,0,1,1,4,130750.000
sorted,array,i32,65536,few,desc,0,0,2,5,114200.000
sorted,array,i32,65536,few,desc,0,1,2,5,103000.000
sorted,array,i32,65536,few,desc,0,1,3,5,103800.000
sorted,array,i32,65536,few,desc,0,0,3,5,106200.000
sorted,array,i32,65536,few,desc,0,1,4,5,102200.000
sorted,array,i32,65536,few,desc,0,0,4,5,117600.000
sorted,array,i32,65536,few,desc,0,1,5,5,102400.000
sorted,array,i32,65536,few,desc,0,0,5,5,106800.000
sorted,array,i32,65536,few,desc,0,0,6,5,103800.000
sorted,array,i32,65536,few,desc,0,1,6,5,101600.000
sorted,array,i32,65536,ordered,asc,0,0,0,22,22818.182
sorted,array,i32,65536,ordered,asc,0,1,0,23,22521.739
sorted,array,i32,65536,ordered,asc,0,1,1,22,23045.455
sorted,array,i32,65536,ordered,asc,0,0,1,22,22818.182
sorted,array,i32,65536,ordered,asc,0,1,2,23,22521.739
sorted,array,i32,65536,ordered,asc,0,0,2,24,20958.333
sorted,array,i32,65536,ordered,asc,0,1,3,23,21956.522
sorted,array,i32,65536,ordered,asc,0,0,3,23,21956.522
sorted,array,i32,65536,ordered,asc,0,1,4,23,22652.174
sorted,array,i32,65536,ordered,asc,0,0,4,23,22608.696
sorted,array,i32,65536,ordered,asc,0,1,5,23,22739.130
sorted,array,i32,65536,ordered,asc,0,0,5,22,22818.182
sorted,array,i32,65536,ordered,asc,0,0,6,23,22347.826
sorted,array,i32,65536,ordered,asc,0,1,6,22,22818.182
sorted,array,i32,65536,ordered,desc,0,1,0,20,26200.000
sorted,array,i32,65536,ordered,desc,0,0,0,19,26842.105
sorted,array,i32,65536,ordered,desc,0,0,1,19,26368.421
sorted,array,i32,65536,ordered,desc,0,1,1,21,24761.905
sorted,array,i32,65536,ordered,desc,0,0,2,21,24571.429
sorted,array,i32,65536,ordered,desc,0,1,2,21,24952.381
sorted,array,i32,65536,ordered,desc,0,0,3,21,24476.190
sorted,array,i32,65536,ordered,desc,0,1,3,20,25800.000
sorted,array,i32,65536,ordered,desc,0,1,4,20,26100.000
sorted,array,i32,65536,ordered,desc,0,0,4,20,26200.000
sorted,array,i32,65536,ordered,desc,0,1,5,18,27833.333
sorted,array,i32,65536,ordered,desc,0,0,5,20,26150.000
sorted,array,i32,65536,ordered,desc,0,0,6,19,27000.000
sorted,array,i32,65536,ordered,desc,0,1,6,19,26789.474
sorted,array,i32,65536,reverse,asc,0,1,0,21,24761.905
sorted,array,i32,65536,reverse,asc,0,0,0,21,24714.286
sorted,array,i32,65536,reverse,asc,0,0,1,21,25190.476
sorted,array,i32,65536,reverse,asc,0,1,1,20,25000.000
sorted,array,i32,65536,reverse,asc,0,0,2,20,25700.000
sorted,array,i32,65536,reverse,asc,0,1,2,20,26200.000
sorted,array,i32,65536,reverse,asc,0,1,3,19,26578.947
sorted,array,i32,65536,reverse,asc,0,0,3,20,25800.000
sorted,array,i32,65536,reverse,asc,0,0,4,19,26842.105
sorted,array,i32,65536,reverse,asc,0,1,4,19,26473.684
sorted,array,i32,65536,reverse,asc,0,0,5,19,26315.789
sorted,array,i32,65536,reverse,asc,0,1,5,19,26842.105
sorted,array,i32,65536,reverse,asc,0,0,6,19,27263.158
sorted,array,i32,65536,reverse,asc,0,1,6,21,24666.667
sorted,array,i32,65536,reverse,desc,0,0,0,24,21541.667
sorted,array,i32,65536,reverse,desc,0,1,0,23,21739.130
sorted,array,i32,65536,reverse,desc,0,1,1,24,21541.667
sorted,array,i32,65536,reverse,desc,0,0,1,24,21458.333
sorted,array,i32,65536,reverse,desc,0,1,2,23,22652.174
sorted,array,i32,65536,reverse,desc,0,0,2,23,22217.391
sorted,array,i32,65536,reverse,desc,0,0,3,23,22521.739
sorted,array,i32,65536,reverse,desc,0,1,3,23,22565.217
sorted,array,i32,65536,reverse,desc,0,0,4,23,22565.217
sorted,array,i32,65536,reverse,desc,0,1,4,22,22818.182
sorted,array,i32,65536,reverse,desc,0,1,5,21,24380.952
sorted,array,i32,65536,reverse,desc,0,0,5,23,22000.000
sorted,array,i32,65536,reverse,desc,0,0,6,24,21083.333
sorted,array,i32,65536,reverse,desc,0,1,6,23,22000.000
sorted,array,i32,65536,nearly,asc,0,0,0,3,174000.000
sorted,array,i32,65536,nearly,asc,0,1,0,3,182333.333
sorted,array,i32,65536,nearly,asc,0,1,1,3,180666.667
sorted,array,i32,65536,nearly,asc,0,0,1,3,185000.000
sorted,array,i32,65536,nearly,asc,0,1,2,3,182000.000
sorted,array,i32,65536,nearly,asc,0,0,2,3,191666.667
sorted,array,i32,65536,nearly,asc,0,0,3,1,508000.000
sorted,array,i32,65536,nearly,asc,0,1,3,3,167333.333
sorted,array,i32,65536,nearly,asc,0,0,4,3,170000.000
sorted,array,i32,65536,nearly,asc,0,1,4,4,167750.000
sorted,array,i32,65536,nearly,asc,0,1,5,3,170333.333
sorted,array,i32,65536,nearly,asc,0,0,5,3,180000.000
sorted,array,i32,65536,nearly,asc,0,1,6,3,172666.667
sorted,array,i32,65536,nearly,asc,0,0,6,3,183333.333
sorted,array,i32,65536,nearly,desc,0,0,0,3,192333.333
sorted,array,i32,65536,nearly,desc,0,1,0,3,180000.000
sorted,array,i32,65536,nearly,desc,0,0,1,3,188666.667
sorted,array,i32,65536,nearly,desc,0,1,1,3,186333.333
sorted,array,i32,65536,nearly,desc,0,1,2,3,181000.000
sorted,array,i32,65536,nearly,desc,0,0,2,3,190333.333
sorted,array,i32,65536,nearly,desc,0,0,3,3,189666.667
sorted,array,i32,65536,nearly,desc,0,1,3,3,184666.667
sorted,array,i32,65536,nearly,desc,0,0,4,3,189666.667
sorted,array,i32,65536,nearly,desc,0,1,4,3,186666.667
sorted,array,i32,65536,nearly,desc,0,0,5,3,190333.333
sorted,array,i32,65536,nearly,desc,0,1,5,3,182000.000
sorted,array,i32,65536,nearly,desc,0,1,6,3,185333.333
sorted,array,i32,65536,nearly,desc,0,0,6,3,192333.333
sorted,array,i32,65536,equal,asc,0,1,0,22,22772.727
sorted,array,i32,65536,equal,asc,0,0,0,22,23500.000
sorted,array,i32,65536,equal,asc,0,0,1,23,22652.174
sorted,array,i32,65536,equal,asc,0,1,1,22,22954.545
sorted,array,i32,65536,equal,asc,0,1,2,23,22217.391
sorted,array,i32,65536,equal,asc,0,0,2,23,22695.652
sorted,array,i32,65536,equal,asc,0,1,3,22,22772.727
sorted,array,i32,65536,equal,asc,0,0,3,23,22478.261
sorted,array,i32,65536,equal,asc,0,1,4,21,24047.619
sorted,array,i32,65536,equal,asc,0,0,4,23,22391.304
sorted,array,i32,65536,equal,asc,0,0,5,22,22863.636
sorted,array,i32,65536,equal,asc,0,1,5,22,23272.727
sorted,array,i32,65536,equal,asc,0,0,6,23,22478.261
sorted,array,i32,65536,equal,asc,0,1,6,22,22772.727
sorted,array,i32,65536,equal,desc,0,0,0,22,23045.455
sorted,array,i32,65536,equal,desc,0,1,0,22,22909.091
sorted,array,i32,65536,equal,desc,0,0,1,22,22772.727
sorted,array,i32,65536,equal,desc,0,1,1,22,23363.636
sorted,array,i32,65536,equal,desc,0,1,2,23,22434.783
sorted,array,i32,65536,equal,desc,0,0,2,22,22909.091
sorted,array,i32,65536,equal,desc,0,0,3,22,22863.636
sorted,array,i32,65536,equal,desc,0,1,3,23,22434.783
sorted,array,i32,65536,equal,desc,0,0,4,22,22863.636
sorted,array,i32,65536,equal,desc,0,1,4,23,22391.304
sorted,array,i32,65536,equal,desc,0,0,5,22,23090.909
sorted,array,i32,65536,equal,desc,0,1,5,22,22909.091
sorted,array,i32,65536,equal,desc,0,0,6,23,22478.261
sorted,array,i32,65536,equal,desc,0,1,6,22,22772.727
sorted,vector,i64,128,full,asc,0,0,0,512,412.109
sorted,vector,i64,128,full,asc,0,1,0,512,412.109
sorted,vector,i64,128,full,asc,0,1,1,512,482.422
sorted,vector,i64,128,full,asc,0,0,1,512,414.062
sorted,vector,i64,128,full,asc,0,1,2,512,425.781
sorted,vector,i64,128,full,asc,0,0,2,512,427.734
sorted,vector,i64,128,full,asc,0,1,3,512,449.219
sorted,vector,i64,128,full,asc,0,0,3,512,412.109
sorted,vector,i64,128,full,asc,0,1,4,512,414.062
sorted,vector,i64,128,full,asc,0,0,4,512,449.219
sorted,vector,i64,128,full,asc,0,1,5,512,453.125
sorted,vector,i64,128,full,asc,0,0,5,512,417.969
sorted,vector,i64,128,full,asc,0,1,6,512,433.594
sorted,vector,i64,128,full,asc,0,0,6,512,421.875
sorted,vector,i64,128,full,desc,0,1,0,512,472.656
sorted,vector,i64,128,full,desc,0,0,0,512,470.703
sorted,vector,i64,128,full,desc,0,0,1,512,474.609
sorted,vector,i64,128,full,desc,0,1,1,512,435.547
sorted,vector,i64,128,full,desc,0,0,2,512,474.609
sorted,vector,i64,128,full,desc,0,1,2,512,507.812
sorted,vector,i64,128,full,desc,0,1,3,512,447.266
sorted,vector,i64,128,full,desc,0,0,3,512,449.219
sorted,vector,i64,128,full,desc,0,1,4,512,451.172
sorted,vector,i64,128,full,desc,0,0,4,512,500.000
sorted,vector,i64,128,full,desc,0,1,5,512,437.500
sorted,vector,i64,128,full,desc,0,0,5,512,503.906
sorted,vector,i64,128,full,desc,0,0,6,512,427.734
sorted,vector,i64,128,full,desc,0,1,6,512,503.906
sorted,vector,i64,128,bits22,asc,0,0,0,512,406.250
sorted,vector,i64,128,bits22,asc,0,1,0,512,439.453
sorted,vector,i64,128,bits22,asc,0,1,1,512,421.875
sorted,vector,i64,128,bits22,asc,0,0,1,512,460.938
sorted,vector,i64,128,bits22,asc,0,0,2,512,423.828
sorted,vector,i64,128,bits22,asc,0,1,2,512,462.891
sorted,vector,i64,128,bits22,asc,0,0,3,512,408.203
sorted,vector,i64,128,bits22,asc,0,1,3,512,417.969
sorted,vector,i64,128,bits22,asc,0,0,4,512,416.016
sorted,vector,i64,128,bits22,asc,0,1,4,512,474.609
sorted,vector,i64,128,bits22,asc,0,1,5,512,414.062
sorted,vector,i64,128,bits22,asc,0,0,5,512,414.062
sorted,vector,i64,128,bits22,asc,0,0,6,512,398.438
sorted,vector,i64,128,bits22,asc,0,1,6,512,470.703
sorted,vector,i64,128,bits22,desc,0,0,0,512,390.625
sorted,vector,i64,128,bits22,desc,0,1,0,512,388.672
sorted,vector,i64,128,bits22,desc,0,1,1,512,394.531
sorted,vector,i64,128,bits22,desc,0,0,1,512,398.438
sorted,vector,i64,128,bits22,desc,0,0,2,512,425.781
sorted,vector,i64,128,bits22,desc,0,1,2,512,392.578
sorted,vector,i64,128,bits22,desc,0,1,3,512,410.156
sorted,vector,i64,128,bits22,desc,0,0,3,512,398.438
sorted,vector,i64,128,bits22,desc,0,0,4,512,416.016
sorted,vector,i64,128,bits22,desc,0,1,4,512,406.250
sorted,vector,i64,128,bits22,desc,0,0,5,512,417.969
sorted,vector,i64,128,bits22,desc,0,1,5,512,396.484
sorted,vector,i64,128,bits22,desc,0,0,6,512,414.062
sorted,vector,i64,128,bits22,desc,0,1,6,512,410.156
sorted,vector,i64,128,gaps,asc,0,1,0,512,396.484
sorted,vector,i64,128,gaps,asc,0,0,0,512,460.938
sorted,vector,i64,128,gaps,asc,0,0,1,512,406.250
sorted,vector,i64,128,gaps,asc,0,1,1,512,417.969
sorted,vector,i64,128,gaps,asc,0,0,2,512,390.625
sorted,vector,i64,128,gaps,asc,0,1,2,512,439.453
sorted,vector,i64,128,gaps,asc,0,0,3,512,408.203
sorted,vector,i64,128,gaps,asc,0,1,3,512,443.359
sorted,vector,i64,128,gaps,asc,0,0,4,512,449.219
sorted,vector,i64,128,gaps,asc,0,1,4,512,427.734
sorted,vector,i64,128,gaps,asc,0,0,5,512,429.688
sorted,vector,i64,128,gaps,asc,0,1,5,512,451.172
sorted,vector,i64,128,gaps,asc,0,1,6,512,408.203
sorted,vector,i64,128,gaps,asc,0,0,6,512,404.297
sorted,vector,i64,128,gaps,desc,0,1,0,512,384.766
sorted,vector,i64,128,gaps,desc,0,0,0,512,392.578
sorted,vector,i64,128,gaps,desc,0,1,1,512,394.531
sorted,vector,i64,128,gaps,desc,0,0,1,512,386.719
sorted,vector,i64,128,gaps,desc,0,1,2,512,408.203
sorted,vector,i64,128,gaps,desc,0,0,2,512,392.578
sorted,vector,i64,128,gaps,desc,0,1,3,512,419.922
sorted,vector,i64,128,gaps,desc,0,0,3,512,375.000
sorted,vector,i64,128,gaps,desc,0,1,4,512,408.203
sorted,vector,i64,128,gaps,desc,0,0,4,512,386.719
sorted,vector,i64,128,gaps,desc,0,1,5,512,423.828
sorted,vector,i64,128,gaps,desc,0,0,5,512,419.922
sorted,vector,i64,128,gaps,desc,0,1,6,512,410.156
sorted,vector,i64,128,gaps,desc,0,0,6,512,408.203
sorted,vector,i64,128,few,asc,0,0,0,512,363.281
sorted,vector,i64,128,few,asc,0,1,0,512,351.562
sorted,vector,i64,128,few,asc,0,1,1,512,392.578
sorted,vector,i64,128,few,asc,0,0,1,512,388.672
sorted,vector,i64,128,few,asc,0,0,2,512,333.984
sorted,vector,i64,128,few,asc,0,1,2,512,375.000
sorted,vector,i64,128,few,asc,0,1,3,512,363.281
sorted,vector,i64,128,few,asc,0,0,3,512,398.438
sorted,vector,i64,128,few,asc,0,0,4,512,392.578
sorted,vector,i64,128,few,asc,0,1,4,512,373.047
sorted,vector,i64,128,few,asc,0,1,5,512,347.656
sorted,vector,i64,128,few,asc,0,0,5,512,396.484
sorted,vector,i64,128,few,asc,0,1,6,512,441.406
sorted,vector,i64,128,few,asc,0,0,6,512,449.219
sorted,vector,i64,128,few,desc,0,1,0,512,371.094
sorted,vector,i64,128,few,desc,0,0,0,512,373.047
sorted,vector,i64,128,few,desc,0,0,1,512,341.797
sorted,vector,i64,128,few,desc,0,1,1,512,355.469
sorted,vector,i64,128,few,desc,0,1,2,512,361.328
sorted,vector,i64,128,few,desc,0,0,2,512,386.719
sorted,vector,i64,128,few,desc,0,0,3,512,359.375
sorted,vector,i64,128,few,desc,0,1,3,512,392.578
sorted,vector,i64,128,few,desc,0,1,4,512,378.906
sorted,vector,i64,128,few,desc,0,0,4,512,402.344
sorted,vector,i64,128,few,desc,0,0,5,512,421.875
sorted,vector,i64,128,few,desc,0,1,5,512,375.000
sorted,vector,i64,128,few,desc,0,1,6,512,384.766
sorted,vector,i64,128,few,desc,0,0,6,512,367.188
sorted,vector,i64,128,ordered,asc,0,1,0,512,37.109
sorted,vector,i64,128,ordered,asc,0,0,0,512,41.016
sorted,vector,i64,128,ordered,asc,0,0,1,512,44.922
sorted,vector,i64,128,ordered,asc,0,1,1,512,41.016
sorted,vector,i64,128,ordered,asc,0,1,2,512,48.828
sorted,vector,i64,128,ordered,asc,0,0,2,512,39.062
sorted,vector,i64,128,ordered,asc,0,0,3,512,39.062
sorted,vector,i64,128,ordered,asc,0,1,3,512,42.969
sorted,vector,i64,128,ordered,asc,0,0,4,512,46.875
sorted,vector,i64,128,ordered,asc,0,1,4,512,44.922
sorted,vector,i64,128,ordered,asc,0,1,5,512,39.062
sorted,vector,i64,128,ordered,asc,0,0,5,512,42.969
sorted,vector,i64,128,ordered,asc,0,0,6,512,46.875
sorted,vector,i64,128,ordered,asc,0,1,6,512,42.969
sorted,vector,i64,128,ordered,desc,0,1,0,512,62.500
sorted,vector,i64,128,ordered,desc,0,0,0,512,70.312
sorted,vector,i64,128,ordered,desc,0,1,1,512,58.594
sorted,vector,i64,128,ordered,desc,0,0,1,512,66.406
sorted,vector,i64,128,ordered,desc,0,0,2,512,66.406
sorted,vector,i64,128,ordered,desc,0,1,2,512,64.453
sorted,vector,i64,128,ordered,desc,0,0,3,512,58.594
sorted,vector,i64,128,ordered,desc,0,1,3,512,54.688
sorted,vector,i64,128,ordered,desc,0,0,4,512,58.594
sorted,vector,i64,128,ordered,desc,0,1,4,512,58.594
sorted,vector,i64,128,ordered,desc,0,0,5,512,64.453
sorted,vector,i64,128,ordered,desc,0,1,5,512,58.594
sorted,vector,i64,128,ordered,desc,0,1,6,512,68.359
sorted,vector,i64,128,ordered,desc,0,0,6,512,62.500
sorted,vector,i64,128,reverse,asc,0,0,0,512,56.641
sorted,vector,i64,128,reverse,asc,0,1,0,512,60.547
sorted,vector,i64,128,reverse,asc,0,1,1,512,60.547
sorted,vector,i64,128,reverse,asc,0,0,1,512,58.594
sorted,vector,i64,128,reverse,asc,0,0,2,512,60.547
sorted,vector,i64,128,reverse,asc,0,1,2,512,60.547
sorted,vector,i64,128,reverse,asc,0,0,3,512,50.781
sorted,vector,i64,128,reverse,asc,0,1,3,512,54.688
sorted,vector,i64,128,reverse,asc,0,0,4,512,58.594
sorted,vector,i64,128,reverse,asc,0,1,4,512,58.594
sorted,vector,i64,128,reverse,asc,0,1,5,512,60.547
sorted,vector,i64,128,reverse,asc,0,0,5,512,68.359
sorted,vector,i64,128,reverse,asc,0,1,6,512,62.500
sorted,vector,i64,128,reverse,asc,0,0,6,512,58.594
sorted,vector,i64,128,reverse,desc,0,0,0,512,46.875
sorted,vector,i64,128,reverse,desc,0,1,0,512,39.062
sorted,vector,i64,128,reverse,desc,0,0,1,512,39.062
sorted,vector,i64,128,reverse,desc,0,1,1,512,37.109
sorted,vector,i64,128,reverse,desc,0,0,2,512,42.969
sorted,vector,i64,128,reverse,desc,0,1,2,512,41.016
sorted,vector,i64,128,reverse,desc,0,1,3,512,48.828
sorted,vector,i64,128,reverse,desc,0,0,3,512,48.828
sorted,vector,i64,128,reverse,desc,0,0,4,512,44.922
sorted,vector,i64,128,reverse,desc,0,1,4,512,35.156
sorted,vector,i64,128,reverse,desc,0,0,5,512,39.062
sorted,vector,i64,128,reverse,desc,0,1,5,512,35.156
sorted,vector,i64,128,reverse,desc,0,0,6,512,39.062
sorted,vector,i64,128,reverse,desc,0,1,6,512,39.062
sorted,vector,i64,128,nearly,asc,0,0,0,512,365.234
sorted,vector,i64,128,nearly,asc,0,1,0,512,343.750
sorted,vector,i64,128,nearly,asc,0,0,1,512,322.266
sorted,vector,i64,128,nearly,asc,0,1,1,512,347.656
sorted,vector,i64,128,nearly,asc,0,1,2,512,308.594
sorted,vector,i64,128,nearly,asc,0,0,2,512,332.031
sorted,vector,i64,128,nearly,asc,0,0,3,512,304.688
sorted,vector,i64,128,nearly,asc,0,1,3,512,324.219
sorted,vector,i64,128,nearly,asc,0,0,4,512,347.656
sorted,vector,i64,128,nearly,asc,0,1,4,512,333.984
sorted,vector,i64,128,nearly,asc,0,1,5,512,320.312
sorted,vector,i64,128,nearly,asc,0,0,5,512,318.359
sorted,vector,i64,128,nearly,asc,0,0,6,512,318.359
sorted,vector,i64,128,nearly,asc,0,1,6,512,355.469
sorted,vector,i64,128,nearly,desc,0,0,0,512,279.297
sorted,vector,i64,128,nearly,desc,0,1,0,512,289.062
sorted,vector,i64,128,nearly,desc,0,0,1,512,296.875
sorted,vector,i64,128,nearly,desc,0,1,1,512,314.453
sorted,vector,i64,128,nearly,desc,0,1,2,512,289.062
sorted,vector,i64,128,nearly,desc,0,0,2,512,279.297
sorted,vector,i64,128,nearly,desc,0,1,3,512,285.156
sorted,vector,i64,128,nearly,desc,0,0,3,512,291.016
sorted,vector,i64,128,nearly,desc,0,0,4,512,320.312
sorted,vector,i64,128,nearly,desc,0,1,4,512,306.641
sorted,vector,i64,128,nearly,desc,0,0,5,512,292.969
sorted,vector,i64,128,nearly,desc,0,1,5,512,292.969
sorted,vector,i64,128,nearly,desc,0,0,6,512,279.297
sorted,vector,i64,128,nearly,desc,0,1,6,512,296.875
sorted,vector,i64,128,equal,asc,0,1,0,512,39.062
sorted,vector,i64,128,equal,asc,0,0,0,512,42.969
sorted,vector,i64,128,equal,asc,0,1,1,512,39.062
sorted,vector,i64,128,equal,asc,0,0,1,512,42.969
sorted,vector,i64,128,equal,asc,0,0,2,512,39.062
sorted,vector,i64,128,equal,asc,0,1,2,512,41.016
sorted,vector,i64,128,equal,asc,0,1,3,512,37.109
sorted,vector,i64,128,equal,asc,0,0,3,512,39.062
sorted,vector,i64,128,equal,asc,0,1,4,512,39.062
sorted,vector,i64,128,equal,asc,0,0,4,512,39.062
sorted,vector,i64,128,equal,asc,0,1,5,512,44.922
sorted,vector,i64,128,equal,asc,0,0,5,512,46.875
sorted,vector,i64,128,equal,asc,0,1,6,512,44.922
sorted,vector,i64,128,equal,asc,0,0,6,512,42.969
sorted,vector,i64,128,equal,desc,0,1,0,512,41.016
sorted,vector,i64,128,equal,desc,0,0,0,512,46.875
sorted,vector,i64,128,equal,desc,0,0,1,512,39.062
sorted,vector,i64,128,equal,desc,0,1,1,512,35.156
sorted,vector,i64,128,equal,desc,0,0,2,512,37.109
sorted,vector,i64,128,equal,desc,0,1,2,512,50.781
sorted,vector,i64,128,equal,desc,0,0,3,512,39.062
sorted,vector,i64,128,equal,desc,0,1,3,512,37.109
sorted,vector,i64,128,equal,desc,0,0,4,512,39.062
sorted,vector,i64,128,equal,desc,0,1,4,512,41.016
sorted,vector,i64,128,equal,desc,0,1,5,512,44.922
sorted,vector,i64,128,equal,desc,0,0,5,512,37.109
sorted,vector,i64,128,equal,desc,0,0,6,512,35.156
sorted,vector,i64,128,equal,desc,0,1,6,512,39.062
sorted,vector,i64,512,full,asc,0,0,0,190,2636.842
sorted,vector,i64,512,full,asc,0,1,0,205,2448.780
sorted,vector,i64,512,full,asc,0,0,1,194,2582.474
sorted,vector,i64,512,full,asc,0,1,1,195,2569.231
sorted,vector,i64,512,full,asc,0,1,2,194,2587.629
sorted,vector,i64,512,full,asc,0,0,2,203,2467.980
sorted,vector,i64,512,full,asc,0,1,3,194,2577.320
sorted,vector,i64,512,full,asc,0,0,3,192,2609.375
sorted,vector,i64,512,full,asc,0,0,4,203,2463.054
sorted,vector,i64,512,full,asc,0,1,4,194,2582.474
sorted,vector,i64,512,full,asc,0,1,5,195,2564.103
sorted,vector,i64,512,full,asc,0,0,5,192,2609.375
sorted,vector,i64,512,full,asc,0,0,6,183,2743.169
sorted,vector,i64,512,full,asc,0,1,6,191,2628.272
sorted,vector,i64,512,full,desc,0,0,0,192,2604.167
sorted,vector,i64,512,full,desc,0,1,0,209,2397.129
sorted,vector,i64,512,full,desc,0,0,1,196,2551.020
sorted,vector,i64,512,full,desc,0,1,1,197,2538.071
sorted,vector,i64,512,full,desc,0,1,2,195,2574.359
sorted,vector,i64,512,full,desc,0,0,2,189,2656.085
sorted,vector,i64,512,full,desc,0,1,3,200,2505.000
sorted,vector,i64,512,full,desc,0,0,3,198,2530.303
sorted,vector,i64,512,full,desc,0,0,4,188,2659.574
sorted,vector,i64,512,full,desc,0,1,4,196,2551.020
sorted,vector,i64,512,full,desc,0,0,5,199,2517.588
sorted,vector,i64,512,full,desc,0,1,5,195,2569.231
sorted,vector,i64,512,full,desc,0,1,6,187,2673.797
sorted,vector,i64,512,full,desc,0,0,6,198,2525.253
sorted,vector,i64,512,bits22,asc,0,0,0,187,2684.492
sorted,vector,i64,512,bits22,asc,0,1,0,197,2538.071
sorted,vector,i64,512,bits22,asc,0,1,1,187,2684.492
sorted,vector,i64,512,bits22,asc,0,0,1,193,2590.674
sorted,vector,i64,512,bits22,asc,0,0,2,196,2551.020
sorted,vector,i64,512,bits22,asc,0,1,2,195,2564.103
sorted,vector,i64,512,bits22,asc,0,1,3,188,2659.574
sorted,vector,i64,512,bits22,asc,0,0,3,198,2525.253
sorted,vector,i64,512,bits22,asc,0,0,4,195,2564.103
sorted,vector,i64,512,bits22,asc,0,1,4,195,2574.359
sorted,vector,i64,512,bits22,asc,0,1,5,198,2530.303
sorted,vector,i64,512,bits22,asc,0,0,5,189,2650.794
sorted,vector,i64,512,bits22,asc,0,1,6,194,2577.320
sorted,vector,i64,512,bits22,asc,0,0,6,189,2645.503
sorted,vector,i64,512,bits22,desc,0,1,0,194,2582.474
sorted,vector,i64,512,bits22,desc,0,0,0,196,2556.122
sorted,vector,i64,512,bits22,desc,0,1,1,194,2582.474
sorted,vector,i64,512,bits22,desc,0,0,1,187,2684.492
sorted,vector,i64,512,bits22,desc,0,0,2,188,2659.574
sorted,vector,i64,512,bits22,desc,0,1,2,188,2670.213
sorted,vector,i64,512,bits22,desc,0,1,3,191,2617.801
sorted,vector,i64,512,bits22,desc,0,0,3,180,2783.333
sorted,vector,i64,512,bits22,desc,0,1,4,203,2467.980
sorted,vector,i64,512,bits22,desc,0,0,4,202,2475.248
sorted,vector,i64,512,bits22,desc,0,0,5,205,2448.780
sorted,vector,i64,512,bits22,desc,0,1,5,205,2448.780
sorted,vector,i64,512,bits22,desc,0,0,6,203,2472.906
sorted,vector,i64,512,bits22,desc,0,1,6,202,2475.248
sorted,vector,i64,512,gaps,asc,0,1,0,207,2420.290
sorted,vector,i64,512,gaps,asc,0,0,0,205,2439.024
sorted,vector,i64,512,gaps,asc,0,0,1,207,2415.459
sorted,vector,i64,512,gaps,asc,0,1,1,209,2392.344
sorted,vector,i64,512,gaps,asc,0,0,2,209,2392.344
sorted,vector,i64,512,gaps,asc,0,1,2,209,2392.344
sorted,vector,i64,512,gaps,asc,0,1,3,209,2401.914
sorted,vector,i64,512,gaps,asc,0,0,3,209,2397.129
sorted,vector,i64,512,gaps,asc,0,0,4,189,2650.794
sorted,vector,i64,512,gaps,asc,0,1,4,202,2475.248
sorted,vector,i64,512,gaps,asc,0,0,5,207,2420.290
sorted,vector,i64,512,gaps,asc,0,1,5,205,2443.902
sorted,vector,i64,512,gaps,asc,0,1,6,196,2551.020
sorted,vector,i64,512,gaps,asc,0,0,6,209,2392.344
sorted,vector,i64,512,gaps,desc,0,0,0,207,2425.121
sorted,vector,i64,512,gaps,desc,0,1,0,196,2556.122
sorted,vector,i64,512,gaps,desc,0,1,1,194,2587.629
sorted,vector,i64,512,gaps,desc,0,0,1,190,2636.842
sorted,vector,i64,512,gaps,desc,0,1,2,189,2656.085
sorted,vector,i64,512,gaps,desc,0,0,2,193,2595.855
sorted,vector,i64,512,gaps,desc,0,0,3,190,2631.579
sorted,vector,i64,512,gaps,desc,0,1,3,193,2595.855
sorted,vector,i64,512,gaps,desc,0,1,4,193,2601.036
sorted,vector,i64,512,gaps,desc,0,0,4,190,2631.579
sorted,vector,i64,512,gaps,desc,0,0,5,195,2574.359
sorted,vector,i64,512,gaps,desc,0,1,5,183,2743.169
sorted,vector,i64,512,gaps,desc,0,0,6,196,2556.122
sorted,vector,i64,512,gaps,desc,0,1,6,197,2543.147
sorted,vector,i64,512,few,asc,0,1,0,479,1043.841
sorted,vector,i64,512,few,asc,0,0,0,481,1039.501
sorted,vector,i64,512,few,asc,0,1,1,498,1004.016
sorted,vector,i64,512,few,asc,0,0,1,473,1057.082
sorted,vector,i64,512,few,asc,0,0,2,479,1043.841
sorted,vector,i64,512,few,asc,0,1,2,479,1043.841
sorted,vector,i64,512,few,asc,0,1,3,468,1068.376
sorted,vector,i64,512,few,asc,0,0,3,459,1089.325
sorted,vector,i64,512,few,asc,0,1,4,471,1061.571
sorted,vector,i64,512,few,asc,0,0,4,484,1033.058
sorted,vector,i64,512,few,asc,0,0,5,465,1075.269
sorted,vector,i64,512,few,asc,0,1,5,488,1024.590
sorted,vector,i64,512,few,asc,0,1,6,459,1089.325
sorted,vector,i64,512,few,asc,0,0,6,452,1106.195
sorted,vector,i64,512,few,desc,0,0,0,490,1020.408
sorted,vector,i64,512,few,desc,0,1,0,493,1014.199
sorted,vector,i64,512,few,desc,0,1,1,492,1016.260
sorted,vector,i64,512,few,desc,0,0,1,489,1022.495
sorted,vector,i64,512,few,desc,0,0,2,484,1033.058
sorted,vector,i64,512,few,desc,0,1,2,487,1026.694
sorted,vector,i64,512,few,desc,0,1,3,479,1043.841
sorted,vector,i64,512,few,desc,0,0,3,477,1050.314
sorted,vector,i64,512,few,desc,0,0,4,481,1039.501
sorted,vector,i64,512,few,desc,0,1,4,483,1035.197
sorted,vector,i64,512,few,desc,0,0,5,458,1091.703
sorted,vector,i64,512,few,desc,0,1,5,481,1039.501
sorted,vector,i64,512,few,desc,0,1,6,451,1108.647
sorted,vector,i64,512,few,desc,0,0,6,489,1022.495
sorted,vector,i64,512,ordered,asc,0,1,0,512,134.766
sorted,vector,i64,512,ordered,asc,0,0,0,512,158.203
sorted,vector,i64,512,ordered,asc,0,1,1,512,140.625
sorted,vector,i64,512,ordered,asc,0,0,1,512,142.578
sorted,vector,i64,512,ordered,asc,0,1,2,512,132.812
sorted,vector,i64,512,ordered,asc,0,0,2,512,136.719
sorted,vector,i64,512,ordered,asc,0,0,3,512,132.812
sorted,vector,i64,512,ordered,asc,0,1,3,512,144.531
sorted,vector,i64,512,ordered,asc,0,1,4,512,150.391
sorted,vector,i64,512,ordered,asc,0,0,4,512,142.578
sorted,vector,i64,512,ordered,asc,0,1,5,512,148.438
sorted,vector,i64,512,ordered,asc,0,0,5,512,134.766
sorted,vector,i64,512,ordered,asc,0,1,6,512,130.859
sorted,vector,i64,512,ordered,asc,0,0,6,512,140.625
sorted,vector,i64,512,ordered,desc,0,0,0,512,220.703
sorted,vector,i64,512,ordered,desc,0,1,0,512,226.562
sorted,vector,i64,512,ordered,desc,0,1,1,512,218.750
sorted,vector,i64,512,ordered,desc,0,0,1,512,216.797
sorted,vector,i64,512,ordered,desc,0,1,2,512,205.078
sorted,vector,i64,512,ordered,desc,0,0,2,512,224.609
sorted,vector,i64,512,ordered,desc,0,0,3,512,207.031
sorted,vector,i64,512,ordered,desc,0,1,3,512,201.172
sorted,vector,i64,512,ordered,desc,0,1,4,512,250.000
sorted,vector,i64,512,ordered,desc,0,0,4,512,212.891
sorted,vector,i64,512,ordered,desc,0,1,5,512,208.984
sorted,vector,i64,512,ordered,desc,0,0,5,512,216.797
sorted,vector,i64,512,ordered,desc,0,1,6,512,207.031
sorted,vector,i64,512,ordered,desc,0,0,6,512,208.984
sorted,vector,i64,512,reverse,asc,0,1,0,512,214.844
sorted,vector,i64,512,reverse,asc,0,0,0,512,203.125
sorted,vector,i64,512,reverse,asc,0,0,1,512,208.984
sorted,vector,i64,512,reverse,asc,0,1,1,512,207.031
sorted,vector,i64,512,reverse,asc,0,1,2,512,208.984
sorted,vector,i64,512,reverse,asc,0,0,2,512,214.844
sorted,vector,i64,512,reverse,asc,0,0,3,512,207.031
sorted,vector,i64,512,reverse,asc,0,1,3,512,208.984
sorted,vector,i64,512,reverse,asc,0,0,4,512,208.984
sorted,vector,i64,512,reverse,asc,0,1,4,512,263.672
sorted,vector,i64,512,reverse,asc,0,1,5,512,259.766
sorted,vector,i64,512,reverse,asc,0,0,5,512,208.984
sorted,vector,i64,512,reverse,asc,0,1,6,512,208.984
sorted,vector,i64,512,reverse,asc,0,0,6,512,208.984
sorted,vector,i64,512,reverse,desc,0,0,0,512,144.531
sorted,vector,i64,512,reverse,desc,0,1,0,512,146.484
sorted,vector,i64,512,reverse,desc,0,0,1,512,140.625
sorted,vector,i64,512,reverse,desc,0,1,1,512,148.438
sorted,vector,i64,512,reverse,desc,0,0,2,512,156.250
sorted,vector,i64,512,reverse,desc,0,1,2,512,152.344
sorted,vector,i64,512,reverse,desc,0,0,3,512,158.203
sorted,vector,i64,512,reverse,desc,0,1,3,512,150.391
sorted,vector,i64,512,reverse,desc,0,0,4,512,142.578
sorted,vector,i64,512,reverse,desc,0,1,4,512,142.578
sorted,vector,i64,512,reverse,desc,0,1,5,512,164.062
sorted,vector,i64,512,reverse,desc,0,0,5,512,152.344
sorted,vector,i64,512,reverse,desc,0,1,6,512,146.484
sorted,vector,i64,512,reverse,desc,0,0,6,512,150.391
sorted,vector,i64,512,nearly,asc,0,1,0,229,2183.406
sorted,vector,i64,512,nearly,asc,0,0,0,233,2150.215
sorted,vector,i64,512,nearly,asc,0,1,1,234,2141.026
sorted,vector,i64,512,nearly,asc,0,0,1,231,2168.831
sorted,vector,i64,512,nearly,asc,0,1,2,232,2155.172
sorted,vector,i64,512,nearly,asc,0,0,2,231,2164.502
sorted,vector,i64,512,nearly,asc,0,1,3,229,2187.773
sorted,vector,i64,512,nearly,asc,0,0,3,224,2236.607
sorted,vector,i64,512,nearly,asc,0,1,4,234,2141.026
sorted,vector,i64,512,nearly,asc,0,0,4,233,2150.215
sorted,vector,i64,512,nearly,asc,0,0,5,234,2136.752
sorted,vector,i64,512,nearly,asc,0,1,5,235,2127.660
sorted,vector,i64,512,nearly,asc,0,0,6,235,2131.915
sorted,vector,i64,512,nearly,asc,0,1,6,235,2127.660
sorted,vector,i64,512,nearly,desc,0,1,0,253,1980.237
sorted,vector,i64,512,nearly,desc,0,0,0,256,1957.031
sorted,vector,i64,512,nearly,desc,0,0,1,257,1949.416
sorted,vector,i64,512,nearly,desc,0,1,1,257,1945.525
sorted,vector,i64,512,nearly,desc,0,1,2,256,1957.031
sorted,vector,i64,512,nearly,desc,0,0,2,254,1972.441
sorted,vector,i64,512,nearly,desc,0,0,3,247,2028.340
sorted,vector,i64,512,nearly,desc,0,1,3,238,2100.840
sorted,vector,i64,512,nearly,desc,0,0,4,256,1953.125
sorted,vector,i64,512,nearly,desc,0,1,4,256,1957.031
sorted,vector,i64,512,nearly,desc,0,0,5,252,1984.127
sorted,vector,i64,512,nearly,desc,0,1,5,257,1945.525
sorted,vector,i64,512,nearly,desc,0,0,6,257,1949.416
sorted,vector,i64,512,nearly,desc,0,1,6,258,1941.860
sorted,vector,i64,512,equal,asc,0,1,0,512,144.531
sorted,vector,i64,512,equal,asc,0,0,0,512,142.578
sorted,vector,i64,512,equal,asc,0,0,1,512,144.531
sorted,vector,i64,512,equal,asc,0,1,1,512,144.531
sorted,vector,i64,512,equal,asc,0,0,2,512,150.391
sorted,vector,i64,512,equal,asc,0,1,2,512,152.344
sorted,vector,i64,512,equal,asc,0,0,3,512,138.672
sorted,vector,i64,512,equal,asc,0,1,3,512,148.438
sorted,vector,i64,512,equal,asc,0,0,4,512,130.859
sorted,vector,i64,512,equal,asc,0,1,4,512,150.391
sorted,vector,i64,512,equal,asc,0,1,5,512,158.203
sorted,vector,i64,512,equal,asc,0,0,5,512,154.297
sorted,vector,i64,512,equal,asc,0,0,6,512,148.438
sorted,vector,i64,512,equal,asc,0,1,6,512,142.578
sorted,vector,i64,512,equal,desc,0,1,0,512,152.344
sorted,vector,i64,512,equal,desc,0,0,0,512,166.016
sorted,vector,i64,512,equal,desc,0,0,1,512,148.438
sorted,vector,i64,512,equal,desc,0,1,1,512,140.625
sorted,vector,i64,512,equal,desc,0,1,2,512,160.156
sorted,vector,i64,512,equal,desc,0,0,2,512,138.672
sorted,vector,i64,512,equal,desc,0,1,3,512,144.531
sorted,vector,i64,512,equal,desc,0,0,3,512,144.531
sorted,vector,i64,512,equal,desc,0,0,4,512,158.203
sorted,vector,i64,512,equal,desc,0,1,4,512,144.531
sorted,vector,i64,512,equal,desc,0,0,5,512,126.953
sorted,vector,i64,512,equal,desc,0,1,5,512,150.391
sorted,vector,i64,512,equal,desc,0,1,6,512,146.484
sorted,vector,i64,512,equal,desc,0,0,6,512,148.438
sorted,vector,i64,4096,full,asc,0,0,0,22,22818.182
sorted,vector,i64,4096,full,asc,0,1,0,23,22565.217
sorted,vector,i64,4096,full,asc,0,0,1,22,22818.182
sorted,vector,i64,4096,full,asc,0,1,1,23,22565.217
sorted,vector,i64,4096,full,asc,0,1,2,23,22521.739
sorted,vector,i64,4096,full,asc,0,0,2,21,23952.381
sorted,vector,i64,4096,full,asc,0,0,3,22,23045.455
sorted,vector,i64,4096,full,asc,0,1,3,22,22772.727
sorted,vector,i64,4096,full,asc,0,0,4,22,22818.182
sorted,vector,i64,4096,full,asc,0,1,4,23,22608.696
sorted,vector,i64,4096,full,asc,0,0,5,22,22909.091
sorted,vector,i64,4096,full,asc,0,1,5,23,22652.174
sorted,vector,i64,4096,full,asc,0,0,6,22,23000.000
sorted,vector,i64,4096,full,asc,0,1,6,21,24761.905
sorted,vector,i64,4096,full,desc,0,1,0,22,23045.455
sorted,vector,i64,4096,full,desc,0,0,0,22,22863.636
sorted,vector,i64,4096,full,desc,0,1,1,22,22954.545
sorted,vector,i64,4096,full,desc,0,0,1,22,22954.545
sorted,vector,i64,4096,full,desc,0,0,2,22,22909.091
sorted,vector,i64,4096,full,desc,0,1,2,22,22863.636
sorted,vector,i64,4096,full,desc,0,1,3,22,22818.182
sorted,vector,i64,4096,full,desc,0,0,3,22,23227.273
sorted,vector,i64,4096,full,desc,0,0,4,22,23000.000
sorted,vector,i64,4096,full,desc,0,1,4,22,22954.545
sorted,vector,i64,4096,full,desc,0,1,5,22,23045.455
sorted,vector,i64,4096,full,desc,0,0,5,22,22954.545
sorted,vector,i64,4096,full,desc,0,1,6,22,23500.000
sorted,vector,i64,4096,full,desc,0,0,6,22,23181.818
sorted,vector,i64,4096,bits22,asc,0,0,0,53,9471.698
sorted,vector,i64,4096,bits22,asc,0,1,0,52,9615.385
sorted,vector,i64,4096,bits22,asc,0,0,1,54,9351.852
sorted,vector,i64,4096,bits22,asc,0,1,1,54,9333.333
sorted,vector,i64,4096,bits22,asc,0,0,2,53,9471.698
sorted,vector,i64,4096,bits22,asc,0,1,2,53,9452.830
sorted,vector,i64,4096,bits22,asc,0,1,3,53,9433.962
sorted,vector,i64,4096,bits22,asc,0,0,3,53,9547.170
sorted,vector,i64,4096,bits22,asc,0,0,4,53,9433.962
sorted,vector,i64,4096,bits22,asc,0,1,4,54,9314.815
sorted,vector,i64,4096,bits22,asc,0,0,5,53,9566.038
sorted,vector,i64,4096,bits22,asc,0,1,5,52,9750.000
sorted,vector,i64,4096,bits22,asc,0,1,6,54,9259.259
sorted,vector,i64,4096,bits22,asc,0,0,6,54,9370.370
sorted,vector,i64,4096,bits22,desc,0,0,0,53,9603.774
sorted,vector,i64,4096,bits22,desc,0,1,0,53,9547.170
sorted,vector,i64,4096,bits22,desc,0,1,1,53,9433.962
sorted,vector,i64,4096,bits22,desc,0,0,1,53,9528.302
sorted,vector,i64,4096,bits22,desc,0,1,2,53,9566.038
sorted,vector,i64,4096,bits22,desc,0,0,2,53,9490.566
sorted,vector,i64,4096,bits22,desc,0,0,3,52,9673.077
sorted,vector,i64,4096,bits22,desc,0,1,3,53,9471.698
sorted,vector,i64,4096,bits22,desc,0,1,4,52,9653.846
sorted,vector,i64,4096,bits22,desc,0,0,4,53,9490.566
sorted,vector,i64,4096,bits22,desc,0,0,5,51,9803.922
sorted,vector,i64,4096,bits22,desc,0,1,5,54,9314.815
sorted,vector,i64,4096,bits22,desc,0,0,6,54,9388.889
sorted,vector,i64,4096,bits22,desc,0,1,6,52,9692.308
sorted,vector,i64,4096,gaps,asc,0,1,0,29,17724.138
sorted,vector,i64,4096,gaps,asc,0,0,0,28,17964.286
sorted,vector,i64,4096,gaps,asc,0,0,1,29,17827.586
sorted,vector,i64,4096,gaps,asc,0,1,1,29,17482.759
sorted,vector,i64,4096,gaps,asc,0,1,2,29,17724.138
sorted,vector,i64,4096,gaps,asc,0,0,2,28,17892.857
sorted,vector,i64,4096,gaps,asc,0,1,3,28,18107.143
sorted,vector,i64,4096,gaps,asc,0,0,3,28,18035.714
sorted,vector,i64,4096,gaps,asc,0,1,4,28,18428.571
sorted,vector,i64,4096,gaps,asc,0,0,4,25,20440.000
sorted,vector,i64,4096,gaps,asc,0,0,5,27,18555.556
sorted,vector,i64,4096,gaps,asc,0,1,5,28,17928.571
sorted,vector,i64,4096,gaps,asc,0,1,6,29,17724.138
sorted,vector,i64,4096,gaps,asc,0,0,6,28,18142.857
sorted,vector,i64,4096,gaps,desc,0,0,0,29,17793.103
sorted,vector,i64,4096,gaps,desc,0,1,0,29,17758.621
sorted,vector,i64,4096,gaps,desc,0,0,1,28,18035.714
sorted,vector,i64,4096,gaps,desc,0,1,1,29,17586.207
sorted,vector,i64,4096,gaps,desc,0,0,2,29,17724.138
sorted,vector,i64,4096,gaps,desc,0,1,2,28,18178.571
sorted,vector,i64,4096,gaps,desc,0,1,3,28,17964.286
sorted,vector,i64,4096,gaps,desc,0,0,3,29,17689.655
sorted,vector,i64,4096,gaps,desc,0,1,4,27,19000.000
sorted,vector,i64,4096,gaps,desc,0,0,4,29,17620.690
sorted,vector,i64,4096,gaps,desc,0,0,5,28,18071.429
sorted,vector,i64,4096,gaps,desc,0,1,5,29,17586.207
sorted,vector,i64,4096,gaps,desc,0,0,6,29,17793.103
sorted,vector,i64,4096,gaps,desc,0,1,6,28,18035.714
sorted,vector,i64,4096,few,asc,0,1,0,81,6197.531
sorted,vector,i64,4096,few,asc,0,0,0,79,6341.772
sorted,vector,i64,4096,few,asc,0,0,1,78,6423.077
sorted,vector,i64,4096,few,asc,0,1,1,79,6379.747
sorted,vector,i64,4096,few,asc,0,1,2,74,6797.297
sorted,vector,i64,4096,few,asc,0,0,2,81,6209.877
sorted,vector,i64,4096,few,asc,0,1,3,79,6354.430
sorted,vector,i64,4096,few,asc,0,0,3,79,6405.063
sorted,vector,i64,4096,few,asc,0,0,4,80,6300.000
sorted,vector,i64,4096,few,asc,0,1,4,78,6435.897
sorted,vector,i64,4096,few,asc,0,1,5,79,6329.114
sorted,vector,i64,4096,few,asc,0,0,5,80,6300.000
sorted,vector,i64,4096,few,asc,0,0,6,78,6423.077
sorted,vector,i64,4096,few,asc,0,1,6,79,6329.114
sorted,vector,i64,4096,few,desc,0,1,0,80,6250.000
sorted,vector,i64,4096,few,desc,0,0,0,79,6341.772
sorted,vector,i64,4096,few,desc,0,1,1,79,6354.430
sorted,vector,i64,4096,few,desc,0,0,1,79,6329.114
sorted,vector,i64,4096,few,desc,0,0,2,79,6329.114
sorted,vector,i64,4096,few,desc,0,1,2,77,6493.506
sorted,vector,i64,4096,few,desc,0,0,3,76,6644.737
sorted,vector,i64,4096,few,desc,0,1,3,67,7537.313
sorted,vector,i64,4096,few,desc,0,1,4,73,6890.411
sorted,vector,i64,4096,few,desc,0,0,4,82,6109.756
sorted,vector,i64,4096,few,desc,0,0,5,85,5941.176
sorted,vector,i64,4096,few,desc,0,1,5,82,6109.756
sorted,vector,i64,4096,few,desc,0,1,6,84,5976.190
sorted,vector,i64,4096,few,desc,0,0,6,80,6262.500
sorted,vector,i64,4096,ordered,asc,0,0,0,507,986.193
sorted,vector,i64,4096,ordered,asc,0,1,0,480,1041.667
sorted,vector,i64,4096,ordered,asc,0,1,1,512,960.938
sorted,vector,i64,4096,ordered,asc,0,0,1,498,1004.016
sorted,vector,i64,4096,ordered,asc,0,1,2,512,962.891
sorted,vector,i64,4096,ordered,asc,0,0,2,512,949.219
sorted,vector,i64,4096,ordered,asc,0,1,3,512,929.688
sorted,vector,i64,4096,ordered,asc,0,0,3,512,929.688
sorted,vector,i64,4096,ordered,asc,0,1,4,512,970.703
sorted,vector,i64,4096,ordered,asc,0,0,4,512,972.656
sorted,vector,i64,4096,ordered,asc,0,0,5,489,1022.495
sorted,vector,i64,4096,ordered,asc,0,1,5,505,990.099
sorted,vector,i64,4096,ordered,asc,0,1,6,502,996.016
sorted,vector,i64,4096,ordered,asc,0,0,6,512,970.703
sorted,vector,i64,4096,ordered,desc,0,1,0,336,1488.095
sorted,vector,i64,4096,ordered,desc,0,0,0,336,1488.095
sorted,vector,i64,4096,ordered,desc,0,0,1,335,1492.537
sorted,vector,i64,4096,ordered,desc,0,1,1,338,1482.249
sorted,vector,i64,4096,ordered,desc,0,0,2,321,1557.632
sorted,vector,i64,4096,ordered,desc,0,1,2,340,1470.588
sorted,vector,i64,4096,ordered,desc,0,1,3,337,1486.647
sorted,vector,i64,4096,ordered,desc,0,0,3,336,1488.095
sorted,vector,i64,4096,ordered,desc,0,1,4,327,1529.052
sorted,vector,i64,4096,ordered,desc,0,0,4,337,1486.647
sorted,vector,i64,4096,ordered,desc,0,1,5,339,1477.876
sorted,vector,i64,4096,ordered,desc,0,0,5,323,1547.988
sorted,vector,i64,4096,ordered,desc,0,1,6,339,1474.926
sorted,vector,i64,4096,ordered,desc,0,0,6,338,1479.290
sorted,vector,i64,4096,reverse,asc,0,0,0,335,1492.537
sorted,vector,i64,4096,reverse,asc,0,1,0,335,1492.537
sorted,vector,i64,4096,reverse,asc,0,0,1,336,1488.095
sorted,vector,i64,4096,reverse,asc,0,1,1,332,1509.036
sorted,vector,i64,4096,reverse,asc,0,1,2,340,1470.588
sorted,vector,i64,4096,reverse,asc,0,0,2,328,1524.390
sorted,vector,i64,4096,reverse,asc,0,0,3,328,1524.390
sorted,vector,i64,4096,reverse,asc,0,1,3,332,1506.024
sorted,vector,i64,4096,reverse,asc,0,1,4,331,1510.574
sorted,vector,i64,4096,reverse,asc,0,0,4,342,1461.988
sorted,vector,i64,4096,reverse,asc,0,0,5,342,1464.912
sorted,vector,i64,4096,reverse,asc,0,1,5,356,1404.494
sorted,vector,i64,4096,reverse,asc,0,0,6,344,1453.488
sorted,vector,i64,4096,reverse,asc,0,1,6,358,1399.441
sorted,vector,i64,4096,reverse,desc,0,1,0,512,958.984
sorted,vector,i64,4096,reverse,desc,0,0,0,508,986.220
sorted,vector,i64,4096,reverse,desc,0,0,1,512,960.938
sorted,vector,i64,4096,reverse,desc,0,1,1,502,996.016
sorted,vector,i64,4096,reverse,desc,0,1,2,509,982.318
sorted,vector,i64,4096,reverse,desc,0,0,2,512,960.938
sorted,vector,i64,4096,reverse,desc,0,0,3,512,949.219
sorted,vector,i64,4096,reverse,desc,0,1,3,512,941.406
sorted,vector,i64,4096,reverse,desc,0,1,4,512,939.453
sorted,vector,i64,4096,reverse,desc,0,0,4,512,917.969
sorted,vector,i64,4096,reverse,desc,0,1,5,512,939.453
sorted,vector,i64,4096,reverse,desc,0,0,5,512,941.406
sorted,vector,i64,4096,reverse,desc,0,1,6,502,996.016
sorted,vector,i64,4096,reverse,desc,0,0,6,512,957.031
sorted,vector,i64,4096,nearly,asc,0,1,0,22,22772.727
sorted,vector,i64,4096,nearly,asc,0,0,0,25,20800.000
sorted,vector,i64,4096,nearly,asc,0,0,1,24,20916.667
sorted,vector,i64,4096,nearly,asc,0,1,1,25,20560.000
sorted,vector,i64,4096,nearly,asc,0,1,2,24,21291.667
sorted,vector,i64,4096,nearly,asc,0,0,2,24,21708.333
sorted,vector,i64,4096,nearly,asc,0,0,3,23,21956.522
sorted,vector,i64,4096,nearly,asc,0,1,3,23,22173.913
sorted,vector,i64,4096,nearly,asc,0,0,4,23,22652.174
sorted,vector,i64,4096,nearly,asc,0,1,4,25,20720.000
sorted,vector,i64,4096,nearly,asc,0,1,5,25,20680.000
sorted,vector,i64,4096,nearly,asc,0,0,5,23,22000.000
sorted,vector,i64,4096,nearly,asc,0,1,6,24,21333.333
sorted,vector,i64,4096,nearly,asc,0,0,6,23,22043.478
sorted,vector,i64,4096,nearly,desc,0,0,0,23,22565.217
sorted,vector,i64,4096,nearly,desc,0,1,0,23,22260.870
sorted,vector,i64,4096,nearly,desc,0,0,1,22,23363.636
sorted,vector,i64,4096,nearly,desc,0,1,1,24,20833.333
sorted,vector,i64,4096,nearly,desc,0,1,2,25,20720.000
sorted,vector,i64,4096,nearly,desc,0,0,2,25,20720.000
sorted,vector,i64,4096,nearly,desc,0,1,3,23,21869.565
sorted,vector,i64,4096,nearly,desc,0,0,3,24,21000.000
sorted,vector,i64,4096,nearly,desc,0,1,4,23,22391.304
sorted,vector,i64,4096,nearly,desc,0,0,4,24,21708.333
sorted,vector,i64,4096,nearly,desc,0,1,5,23,22652.174
sorted,vector,i64,4096,nearly,desc,0,0,5,21,23857.143
sorted,vector,i64,4096,nearly,desc,0,1,6,23,21956.522
sorted,vector,i64,4096,nearly,desc,0,0,6,25,20760.000
sorted,vector,i64,4096,equal,asc,0,1,0,512,941.406
sorted,vector,i64,4096,equal,asc,0,0,0,512,931.641
sorted,vector,i64,4096,equal,asc,0,1,1,512,960.938
sorted,vector,i64,4096,equal,asc,0,0,1,512,927.734
sorted,vector,i64,4096,equal,asc,0,0,2,512,958.984
sorted,vector,i64,4096,equal,asc,0,1,2,496,1008.065
sorted,vector,i64,4096,equal,asc,0,1,3,512,953.125
sorted,vector,i64,4096,equal,asc,0,0,3,510,980.392
sorted,vector,i64,4096,equal,asc,0,0,4,512,964.844
sorted,vector,i64,4096,equal,asc,0,1,4,510,980.392
sorted,vector,i64,4096,equal,asc,0,0,5,512,966.797
sorted,vector,i64,4096,equal,asc,0,1,5,512,957.031
sorted,vector,i64,4096,equal,asc,0,0,6,512,968.750
sorted,vector,i64,4096,equal,asc,0,1,6,512,976.562
sorted,vector,i64,4096,equal,desc,0,0,0,512,951.172
sorted,vector,i64,4096,equal,desc,0,1,0,512,974.609
sorted,vector,i64,4096,equal,desc,0,0,1,512,974.609
sorted,vector,i64,4096,equal,desc,0,1,1,512,962.891
sorted,vector,i64,4096,equal,desc,0,0,2,501,998.004
sorted,vector,i64,4096,equal,desc,0,1,2,512,966.797
sorted,vector,i64,4096,equal,desc,0,0,3,512,970.703
sorted,vector,i64,4096,equal,desc,0,1,3,512,972.656
sorted,vector,i64,4096,equal,desc,0,1,4,512,966.797
sorted,vector,i64,4096,equal,desc,0,0,4,512,964.844
sorted,vector,i64,4096,equal,desc,0,0,5,512,925.781
sorted,vector,i64,4096,equal,desc,0,1,5,512,935.547
sorted,vector,i64,4096,equal,desc,0,1,6,512,953.125
sorted,vector,i64,4096,equal,desc,0,0,6,512,972.656
sorted,vector,i64,65536,full,asc,0,0,0,2,394500.000
sorted,vector,i64,65536,full,asc,0,1,0,2,363000.000
sorted,vector,i64,65536,full,asc,0,1,1,2,356500.000
sorted,vector,i64,65536,full,asc,0,0,1,2,357500.000
sorted,vector,i64,65536,full,asc,0,0,2,2,368000.000
sorted,vector,i64,65536,full,asc,0,1,2,2,384000.000
sorted,vector,i64,65536,full,asc,0,0,3,2,370500.000
sorted,vector,i64,65536,full,asc,0,1,3,2,399000.000
sorted,vector,i64,65536,full,asc,0,1,4,2,390000.000
sorted,vector,i64,65536,full,asc,0,0,4,2,377500.000
sorted,vector,i64,65536,full,asc,0,0,5,2,383500.000
sorted,vector,i64,65536,full,asc,0,1,5,2,391500.000
sorted,vector,i64,65536,full,asc,0,0,6,2,376500.000
sorted,vector,i64,65536,full,asc,0,1,6,2,365500.000
sorted,vector,i64,65536,full,desc,0,1,0,2,368500.000
sorted,vector,i64,65536,full,desc,0,0,0,2,397500.000
sorted,vector,i64,65536,full,desc,0,1,1,2,384000.000
sorted,vector,i64,65536,full,desc,0,0,1,2,386500.000
sorted,vector,i64,65536,full,desc,0,0,2,2,379500.000
sorted,vector,i64,65536,full,desc,0,1,2,2,400500.000
sorted,vector,i64,65536,full,desc,0,1,3,2,372000.000
sorted,vector,i64,65536,full,desc,0,0,3,2,351000.000
sorted,vector,i64,65536,full,desc,0,1,4,2,374500.000
sorted,vector,i64,65536,full,desc,0,0,4,2,357000.000
sorted,vector,i64,65536,full,desc,0,0,5,2,361500.000
sorted,vector,i64,65536,full,desc,0,1,5,2,354000.000
sorted,vector,i64,65536,full,desc,0,0,6,2,369000.000
sorted,vector,i64,65536,full,desc,0,1,6,2,375000.000
sorted,vector,i64,65536,bits22,asc,0,0,0,3,180333.333
sorted,vector,i64,65536,bits22,asc,0,1,0,4,159000.000
sorted,vector,i64,65536,bits22,asc,0,1,1,4,158250.000
sorted,vector,i64,65536,bits22,asc,0,0,1,4,160000.000
sorted,vector,i64,65536,bits22,asc,0,0,2,4,158750.000
sorted,vector,i64,65536,bits22,asc,0,1,2,4,160500.000
sorted,vector,i64,65536,bits22,asc,0,1,3,4,145250.000
sorted,vector,i64,65536,bits22,asc,0,0,3,4,147250.000
sorted,vector,i64,65536,bits22,asc,0,1,4,4,150250.000
sorted,vector,i64,65536,bits22,asc,0,0,4,4,152750.000
sorted,vector,i64,65536,bits22,asc,0,1,5,4,150750.000
sorted,vector,i64,65536,bits22,asc,0,0,5,4,158250.000
sorted,vector,i64,65536,bits22,asc,0,0,6,4,157000.000
sorted,vector,i64,65536,bits22,asc,0,1,6,4,161000.000
sorted,vector,i64,65536,bits22,desc,0,0,0,4,150250.000
sorted,vector,i64,65536,bits22,desc,0,1,0,4,147500.000
sorted,vector,i64,65536,bits22,desc,0,0,1,4,145750.000
sorted,vector,i64,65536,bits22,desc,0,1,1,4,148250.000
sorted,vector,i64,65536,bits22,desc,0,1,2,4,150500.000
sorted,vector,i64,65536,bits22,desc,0,0,2,4,154500.000
sorted,vector,i64,65536,bits22,desc,0,1,3,4,153000.000
sorted,vector,i64,65536,bits22,desc,0,0,3,4,159500.000
sorted,vector,i64,65536,bits22,desc,0,0,4,4,146250.000
sorted,vector,i64,65536,bits22,desc,0,1,4,4,156000.000
sorted,vector,i64,65536,bits22,desc,0,0,5,4,153500.000
sorted,vector,i64,65536,bits22,desc,0,1,5,4,159750.000
sorted,vector,i64,65536,bits22,desc,0,1,6,4,153250.000
sorted,vector,i64,65536,bits22,desc,0,0,6,4,160750.000
sorted,vector,i64,65536,gaps,asc,0,0,0,2,252500.000
sorted,vector,i64,65536,gaps,asc,0,1,0,2,260500.000
sorted,vector,i64,65536,gaps,asc,0,0,1,3,261000.000
sorted,vector,i64,65536,gaps,asc,0,1,1,3,261666.667
sorted,vector,i64,65536,gaps,asc,0,1,2,2,262000.000
sorted,vector,i64,65536,gaps,asc,0,0,2,3,259666.667
sorted,vector,i64,65536,gaps,asc,0,0,3,2,292500.000
sorted,vector,i64,65536,gaps,asc,0,1,3,3,238333.333
sorted,vector,i64,65536,gaps,asc,0,1,4,2,305500.000
sorted,vector,i64,65536,gaps,asc,0,0,4,2,253000.000
sorted,vector,i64,65536,gaps,asc,0,1,5,3,236000.000
sorted,vector,i64,65536,gaps,asc,0,0,5,2,299000.000
sorted,vector,i64,65536,gaps,asc,0,0,6,2,293000.000
sorted,vector,i64,65536,gaps,asc,0,1,6,3,245000.000
sorted,vector,i64,65536,gaps,desc,0,0,0,2,303500.000
sorted,vector,i64,65536,gaps,desc,0,1,0,3,246000.000
sorted,vector,i64,65536,gaps,desc,0,0,1,2,259000.000
sorted,vector,i64,65536,gaps,desc,0,1,1,2,280500.000
sorted,vector,i64,65536,gaps,desc,0,1,2,2,263500.000
sorted,vector,i64,65536,gaps,desc,0,0,2,2,257000.000
sorted,vector,i64,65536,gaps,desc,0,1,3,2,256500.000
sorted,vector,i64,65536,gaps,desc,0,0,3,3,242333.333
sorted,vector,i64,65536,gaps,desc,0,1,4,2,258500.000
sorted,vector,i64,65536,gaps,desc,0,0,4,3,237666.667
sorted,vector,i64,65536,gaps,desc,0,1,5,2,258500.000
sorted,vector,i64,65536,gaps,desc,0,0,5,2,254000.000
sorted,vector,i64,65536,gaps,desc,0,1,6,3,251666.667
sorted,vector,i64,65536,gaps,desc,0,0,6,2,263000.000
sorted,vector,i64,65536,few,asc,0,0,0,4,134000.000
sorted,vector,i64,65536,few,asc,0,1,0,4,127500.000
sorted,vector,i64,65536,few,asc,0,1,1,5,122800.000
sorted,vector,i64,65536,few,asc,0,0,1,4,132750.000
sorted,vector,i64,65536,few,asc,0,0,2,4,126000.000
sorted,vector,i64,65536,few,asc,0,1,2,4,130000.000
sorted,vector,i64,65536,few,asc,0,1,3,4,131500.000
sorted,vector,i64,65536,few,asc,0,0,3,4,130250.000
sorted,vector,i64,65536,few,asc,0,0,4,4,129500.000
sorted,vector,i64,65536,few,asc,0,1,4,4,133500.000
sorted,vector,i64,65536,few,asc,0,0,5,4,130750.000
sorted,vector,i64,65536,few,asc,0,1,5,4,134500.000
sorted,vector,i64,65536,few,asc,0,0,6,4,125500.000
sorted,vector,i64,65536,few,asc,0,1,6,5,123600.000
sorted,vector,i64,65536,few,desc,0,1,0,4,125500.000
sorted,vector,i64,65536,few,desc,0,0,0,4,129250.000
sorted,vector,i64,65536,few,desc,0,1,1,4,126000.000
sorted,vector,i64,65536,few,desc,0,0,1,4,131750.000
sorted,vector,i64,65536,few,desc,0,0,2,4,134000.000
sorted,vector,i64,65536,few,desc,0,1,2,4,130250.000
sorted,vector,i64,65536,few,desc,0,0,3,4,131500.000
sorted,vector,i64,65536,few,desc,0,1,3,4,131500.000
sorted,vector,i64,65536,few,desc,0,1,4,4,131250.000
sorted,vector,i64,65536,few,desc,0,0,4,4,134500.000
sorted,vector,i64,65536,few,desc,0,0,5,5,117800.000
sorted,vector,i64,65536,few,desc,0,1,5,5,111400.000
sorted,vector,i64,65536,few,desc,0,1,6,5,114800.000
sorted,vector,i64,65536,few,desc,0,0,6,5,110600.000
sorted,vector,i64,65536,ordered,asc,0,1,0,34,14882.353
sorted,vector,i64,65536,ordered,asc,0,0,0,34,15000.000
sorted,vector,i64,65536,ordered,asc,0,0,1,33,15454.545
sorted,vector,i64,65536,ordered,asc,0,1,1,33,15575.758
sorted,vector,i64,65536,ordered,asc,0,0,2,32,15812.500
sorted,vector,i64,65536,ordered,asc,0,1,2,32,15906.250
sorted,vector,i64,65536,ordered,asc,0,1,3,33,15484.848
sorted,vector,i64,65536,ordered,asc,0,0,3,32,15750.000
sorted,vector,i64,65536,ordered,asc,0,1,4,32,16062.500
sorted,vector,i64,65536,ordered,asc,0,0,4,32,15687.500
sorted,vector,i64,65536,ordered,asc,0,1,5,31,16225.806
sorted,vector,i64,65536,ordered,asc,0,0,5,32,15750.000
sorted,vector,i64,65536,ordered,asc,0,1,6,33,15606.061
sorted,vector,i64,65536,ordered,asc,0,0,6,32,15687.500
sorted,vector,i64,65536,ordered,desc,0,0,0,20,25750.000
sorted,vector,i64,65536,ordered,desc,0,1,0,20,26000.000
sorted,vector,i64,65536,ordered,desc,0,0,1,20,25750.000
sorted,vector,i64,65536,ordered,desc,0,1,1,20,25650.000
sorted,vector,i64,65536,ordered,desc,0,1,2,20,26000.000
sorted,vector,i64,65536,ordered,desc,0,0,2,20,25900.000
sorted,vector,i64,65536,ordered,desc,0,0,3,19,26684.211
sorted,vector,i64,65536,ordered,desc,0,1,3,19,27157.895
sorted,vector,i64,65536,ordered,desc,0,0,4,20,25850.000
sorted,vector,i64,65536,ordered,desc,0,1,4,20,25550.000
sorted,vector,i64,65536,ordered,desc,0,1,5,20,26200.000
sorted,vector,i64,65536,ordered,desc,0,0,5,20,25800.000
sorted,vector,i64,65536,ordered,desc,0,0,6,20,25900.000
sorted,vector,i64,65536,ordered,desc,0,1,6,19,26736.842
sorted,vector,i64,65536,reverse,asc,0,0,0,20,25950.000
sorted,vector,i64,65536,reverse,asc,0,1,0,20,26300.000
sorted,vector,i64,65536,reverse,asc,0,1,1,20,26250.000
sorted,vector,i64,65536,reverse,asc,0,0,1,20,25800.000
sorted,vector,i64,65536,reverse,asc,0,1,2,20,26150.000
sorted,vector,i64,65536,reverse,asc,0,0,2,20,26000.000
sorted,vector,i64,65536,reverse,asc,0,1,3,20,26150.000
sorted,vector,i64,65536,reverse,asc,0,0,3,20,25850.000
sorted,vector,i64,65536,reverse,asc,0,0,4,19,26315.789
sorted,vector,i64,65536,reverse,asc,0,1,4,20,25950.000
sorted,vector,i64,65536,reverse,asc,0,0,5,19,26421.053
sorted,vector,i64,65536,reverse,asc,0,1,5,20,25700.000
sorted,vector,i64,65536,reverse,asc,0,0,6,20,25600.000
sorted,vector,i64,65536,reverse,asc,0,1,6,19,26368.421
sorted,vector,i64,65536,reverse,desc,0,1,0,32,15937.500
sorted,vector,i64,65536,reverse,desc,0,0,0,31,16387.097
sorted,vector,i64,65536,reverse,desc,0,1,1,32,15812.500
sorted,vector,i64,65536,reverse,desc,0,0,1,32,16000.000
sorted,vector,i64,65536,reverse,desc,0,0,2,32,15687.500
sorted,vector,i64,65536,reverse,desc,0,1,2,32,15968.750
sorted,vector,i64,65536,reverse,desc,0,1,3,32,15812.500
sorted,vector,i64,65536,reverse,desc,0,0,3,32,15906.250
sorted,vector,i64,65536,reverse,desc,0,0,4,32,15687.500
sorted,vector,i64,65536,reverse,desc,0,1,4,31,16548.387
sorted,vector,i64,65536,reverse,desc,0,0,5,33,15606.061
sorted,vector,i64,65536,reverse,desc,0,1,5,32,15812.500
sorted,vector,i64,65536,reverse,desc,0,0,6,32,15875.000
sorted,vector,i64,65536,reverse,desc,0,1,6,32,15718.750
sorted,vector,i64,65536,nearly,asc,0,0,0,2,370500.000
sorted,vector,i64,65536,nearly,asc,0,1,0,2,378000.000
sorted,vector,i64,65536,nearly,asc,0,1,1,2,374000.000
sorted,vector,i64,65536,nearly,asc,0,0,1,2,369500.000
sorted,vector,i64,65536,nearly,asc,0,1,2,2,382000.000
sorted,vector,i64,65536,nearly,asc,0,0,2,2,369000.000
sorted,vector,i64,65536,nearly,asc,0,1,3,2,380000.000
sorted,vector,i64,65536,nearly,asc,0,0,3,2,373500.000
sorted,vector,i64,65536,nearly,asc,0,0,4,2,371000.000
sorted,vector,i64,65536,nearly,asc,0,1,4,2,389500.000
sorted,vector,i64,65536,nearly,asc,0,1,5,2,374000.000
sorted,vector,i64,65536,nearly,asc,0,0,5,2,372000.000
sorted,vector,i64,65536,nearly,asc,0,0,6,2,374000.000
sorted,vector,i64,65536,nearly,asc,0,1,6,2,374000.000
sorted,vector,i64,65536,nearly,desc,0,1,0,2,373500.000
sorted,vector,i64,65536,nearly,desc,0,0,0,2,373000.000
sorted,vector,i64,65536,nearly,desc,0,0,1,2,367000.000
sorted,vector,i64,65536,nearly,desc,0,1,1,2,359000.000
sorted,vector,i64,65536,nearly,desc,0,1,2,2,341000.000
sorted,vector,i64,65536,nearly,desc,0,0,2,2,340500.000
sorted,vector,i64,65536,nearly,desc,0,0,3,2,347500.000
sorted,vector,i64,65536,nearly,desc,0,1,3,2,359500.000
sorted,vector,i64,65536,nearly,desc,0,0,4,2,347000.000
sorted,vector,i64,65536,nearly,desc,0,1,4,2,376000.000
sorted,vector,i64,65536,nearly,desc,0,1,5,2,360500.000
sorted,vector,i64,65536,nearly,desc,0,0,5,2,362000.000
sorted,vector,i64,65536,nearly,desc,0,1,6,2,371500.000
sorted,vector,i64,65536,nearly,desc,0,0,6,2,369500.000
sorted,vector,i64,65536,equal,asc,0,0,0,35,14600.000
sorted,vector,i64,65536,equal,asc,0,1,0,34,15058.824
sorted,vector,i64,65536,equal,asc,0,0,1,33,15212.121
sorted,vector,i64,65536,equal,asc,0,1,1,33,15424.242
sorted,vector,i64,65536,equal,asc,0,1,2,32,15625.000
sorted,vector,i64,65536,equal,asc,0,0,2,32,15718.750
sorted,vector,i64,65536,equal,asc,0,1,3,32,15687.500
sorted,vector,i64,65536,equal,asc,0,0,3,33,15484.848
sorted,vector,i64,65536,equal,asc,0,0,4,32,15718.750
sorted,vector,i64,65536,equal,asc,0,1,4,32,15812.500
sorted,vector,i64,65536,equal,asc,0,1,5,32,15687.500
sorted,vector,i64,65536,equal,asc,0,0,5,32,15656.250
sorted,vector,i64,65536,equal,asc,0,0,6,32,15750.000
sorted,vector,i64,65536,equal,asc,0,1,6,32,15937.500
sorted,vector,i64,65536,equal,desc,0,0,0,32,15718.750
sorted,vector,i64,65536,equal,desc,0,1,0,33,15818.182
sorted,vector,i64,65536,equal,desc,0,1,1,32,15718.750
sorted,vector,i64,65536,equal,desc,0,0,1,32,15906.250
sorted,vector,i64,65536,equal,desc,0,1,2,32,15812.500
sorted,vector,i64,65536,equal,desc,0,0,2,32,16062.500
sorted,vector,i64,65536,equal,desc,0,0,3,32,15875.000
sorted,vector,i64,65536,equal,desc,0,1,3,32,15750.000
sorted,vector,i64,65536,equal,desc,0,0,4,32,15625.000
sorted,vector,i64,65536,equal,desc,0,1,4,32,15718.750
sorted,vector,i64,65536,equal,desc,0,1,5,32,15843.750
sorted,vector,i64,65536,equal,desc,0,0,5,32,15906.250
sorted,vector,i64,65536,equal,desc,0,0,6,33,15424.242
sorted,vector,i64,65536,equal,desc,0,1,6,35,14685.714
sorted,vector,i64,1000000,full,asc,0,0,0,1,7603000.000
sorted,vector,i64,1000000,full,asc,0,1,0,1,7003000.000
sorted,vector,i64,1000000,full,asc,0,1,1,1,6744000.000
sorted,vector,i64,1000000,full,asc,0,0,1,1,7656000.000
sorted,vector,i64,1000000,full,asc,0,1,2,1,7244000.000
sorted,vector,i64,1000000,full,asc,0,0,2,1,7622000.000
sorted,vector,i64,1000000,full,asc,0,0,3,1,7094000.000
sorted,vector,i64,1000000,full,asc,0,1,3,1,6893000.000
sorted,vector,i64,1000000,full,asc,0,0,4,1,7180000.000
sorted,vector,i64,1000000,full,asc,0,1,4,1,7010000.000
sorted,vector,i64,1000000,full,asc,0,0,5,1,7151000.000
sorted,vector,i64,1000000,full,asc,0,1,5,1,6945000.000
sorted,vector,i64,1000000,full,asc,0,0,6,1,7114000.000
sorted,vector,i64,1000000,full,asc,0,1,6,1,6662000.000
sorted,vector,i64,1000000,full,desc,0,1,0,1,6591000.000
sorted,vector,i64,1000000,full,desc,0,0,0,1,7143000.000
sorted,vector,i64,1000000,full,desc,0,0,1,1,7902000.000
sorted,vector,i64,1000000,full,desc,0,1,1,1,6886000.000
sorted,vector,i64,1000000,full,desc,0,0,2,1,6963000.000
sorted,vector,i64,1000000,full,desc,0,1,2,1,6811000.000
sorted,vector,i64,1000000,full,desc,0,0,3,1,6954000.000
sorted,vector,i64,1000000,full,desc,0,1,3,1,6986000.000
sorted,vector,i64,1000000,full,desc,0,1,4,1,6891000.000
sorted,vector,i64,1000000,full,desc,0,0,4,1,6942000.000
sorted,vector,i64,1000000,full,desc,0,1,5,1,6941000.000
sorted,vector,i64,1000000,full,desc,0,0,5,1,7300000.000
sorted,vector,i64,1000000,full,desc,0,0,6,1,7125000.000
sorted,vector,i64,1000000,full,desc,0,1,6,1,6757000.000
kernel,vector,i64,1000000,full,asc,8,1,0,1,7101000.000
kernel,vector,i64,1000000,full,asc,8,0,0,1,7682000.000
kernel,vector,i64,1000000,full,asc,8,1,1,1,7706000.000
kernel,vector,i64,1000000,full,asc,8,0,1,1,8697000.000
kernel,vector,i64,1000000,full,asc,8,0,2,1,8321000.000
kernel,vector,i64,1000000,full,asc,8,1,2,1,7092000.000
kernel,vector,i64,1000000,full,asc,8,0,3,1,7368000.000
kernel,vector,i64,1000000,full,asc,8,1,3,1,7130000.000
kernel,vector,i64,1000000,full,asc,8,0,4,1,7519000.000
kernel,vector,i64,1000000,full,asc,8,1,4,1,7031000.000
kernel,vector,i64,1000000,full,asc,8,1,5,1,7186000.000
kernel,vector,i64,1000000,full,asc,8,0,5,1,7654000.000
kernel,vector,i64,1000000,full,asc,8,1,6,1,7219000.000
kernel,vector,i64,1000000,full,asc,8,0,6,1,7072000.000
kernel,vector,i64,1000000,full,desc,8,1,0,1,7218000.000
kernel,vector,i64,1000000,full,desc,8,0,0,1,7267000.000
kernel,vector,i64,1000000,full,desc,8,0,1,1,7158000.000
kernel,vector,i64,1000000,full,desc,8,1,1,1,6906000.000
kernel,vector,i64,1000000,full,desc,8,0,2,1,6674000.000
kernel,vector,i64,1000000,full,desc,8,1,2,1,6870000.000
kernel,vector,i64,1000000,full,desc,8,0,3,1,7335000.000
kernel,vector,i64,1000000,full,desc,8,1,3,1,7001000.000
kernel,vector,i64,1000000,full,desc,8,0,4,1,6982000.000
kernel,vector,i64,1000000,full,desc,8,1,4,1,6980000.000
kernel,vector,i64,1000000,full,desc,8,0,5,1,6969000.000
kernel,vector,i64,1000000,full,desc,8,1,5,1,7038000.000
kernel,vector,i64,1000000,full,desc,8,0,6,1,6674000.000
kernel,vector,i64,1000000,full,desc,8,1,6,1,7094000.000
kernel,vector,i64,1000000,full,asc,11,0,0,1,5747000.000
kernel,vector,i64,1000000,full,asc,11,1,0,1,5279000.000
kernel,vector,i64,1000000,full,asc,11,0,1,1,5976000.000
kernel,vector,i64,1000000,full,asc,11,1,1,1,5450000.000
kernel,vector,i64,1000000,full,asc,11,0,2,1,5851000.000
kernel,vector,i64,1000000,full,asc,11,1,2,1,5624000.000
kernel,vector,i64,1000000,full,asc,11,0,3,1,5954000.000
kernel,vector,i64,1000000,full,asc,11,1,3,1,5578000.000
kernel,vector,i64,1000000,full,asc,11,0,4,1,5692000.000
kernel,vector,i64,1000000,full,asc,11,1,4,1,5548000.000
kernel,vector,i64,1000000,full,asc,11,1,5,1,5450000.000
kernel,vector,i64,1000000,full,asc,11,0,5,1,5532000.000
kernel,vector,i64,1000000,full,asc,11,0,6,1,5467000.000
kernel,vector,i64,1000000,full,asc,11,1,6,1,5399000.000
kernel,vector,i64,1000000,full,desc,11,1,0,1,5399000.000
kernel,vector,i64,1000000,full,desc,11,0,0,1,5554000.000
kernel,vector,i64,1000000,full,desc,11,1,1,1,5473000.000
kernel,vector,i64,1000000,full,desc,11,0,1,1,5538000.000
kernel,vector,i64,1000000,full,desc,11,1,2,1,5336000.000
kernel,vector,i64,1000000,full,desc,11,0,2,1,5600000.000
kernel,vector,i64,1000000,full,desc,11,0,3,1,5383000.000
kernel,vector,i64,1000000,full,desc,11,1,3,1,5394000.000
kernel,vector,i64,1000000,full,desc,11,1,4,1,5492000.000
kernel,vector,i64,1000000,full,desc,11,0,4,1,5479000.000
kernel,vector,i64,1000000,full,desc,11,0,5,1,5813000.000
kernel,vector,i64,1000000,full,desc,11,1,5,1,5362000.000
kernel,vector,i64,1000000,full,desc,11,0,6,1,5444000.000
kernel,vector,i64,1000000,full,desc,11,1,6,1,5486000.000
kernel,vector,i64,1000000,full,asc,15,1,0,1,7975000.000
kernel,vector,i64,1000000,full,asc,15,0,0,1,8161000.000
kernel,vector,i64,1000000,full,asc,15,0,1,1,8864000.000
kernel,vector,i64,1000000,full,asc,15,1,1,1,7959000.000
kernel,vector,i64,1000000,full,asc,15,1,2,1,7966000.000
kernel,vector,i64,1000000,full,asc,15,0,2,1,8127000.000
kernel,vector,i64,1000000,full,asc,15,0,3,1,8241000.000
kernel,vector,i64,1000000,full,asc,15,1,3,1,7653000.000
kernel,vector,i64,1000000,full,asc,15,1,4,1,8013000.000
kernel,vector,i64,1000000,full,asc,15,0,4,1,8114000.000
kernel,vector,i64,1000000,full,asc,15,1,5,1,7922000.000
kernel,vector,i64,1000000,full,asc,15,0,5,1,8100000.000
kernel,vector,i64,1000000,full,asc,15,1,6,1,7908000.000
kernel,vector,i64,1000000,full,asc,15,0,6,1,8040000.000
kernel,vector,i64,1000000,full,desc,15,0,0,1,7972000.000
kernel,vector,i64,1000000,full,desc,15,1,0,1,7861000.000
kernel,vector,i64,1000000,full,desc,15,0,1,1,7824000.000
kernel,vector,i64,1000000,full,desc,15,1,1,1,7832000.000
kernel,vector,i64,1000000,full,desc,15,0,2,1,8034000.000
kernel,vector,i64,1000000,full,desc,15,1,2,1,7834000.000
kernel,vector,i64,1000000,full,desc,15,1,3,1,7865000.000
kernel,vector,i64,1000000,full,desc,15,0,3,1,7938000.000
kernel,vector,i64,1000000,full,desc,15,0,4,1,7910000.000
kernel,vector,i64,1000000,full,desc,15,1,4,1,7826000.000
kernel,vector,i64,1000000,full,desc,15,1,5,1,7944000.000
kernel,vector,i64,1000000,full,desc,15,0,5,1,8156000.000
kernel,vector,i64,1000000,full,desc,15,0,6,1,7964000.000
kernel,vector,i64,1000000,full,desc,15,1,6,1,7585000.000
sorted,vector,i64,1000000,bits22,asc,0,0,0,1,3504000.000
sorted,vector,i64,1000000,bits22,asc,0,1,0,1,3215000.000
sorted,vector,i64,1000000,bits22,asc,0,1,1,1,3187000.000
sorted,vector,i64,1000000,bits22,asc,0,0,1,1,3354000.000
sorted,vector,i64,1000000,bits22,asc,0,0,2,1,3247000.000
sorted,vector,i64,1000000,bits22,asc,0,1,2,1,3264000.000
sorted,vector,i64,1000000,bits22,asc,0,0,3,1,3235000.000
sorted,vector,i64,1000000,bits22,asc,0,1,3,1,3207000.000
sorted,vector,i64,1000000,bits22,asc,0,0,4,1,3327000.000
sorted,vector,i64,1000000,bits22,asc,0,1,4,1,3493000.000
sorted,vector,i64,1000000,bits22,asc,0,1,5,1,3379000.000
sorted,vector,i64,1000000,bits22,asc,0,0,5,1,3411000.000
sorted,vector,i64,1000000,bits22,asc,0,0,6,1,3533000.000
sorted,vector,i64,1000000,bits22,asc,0,1,6,1,3366000.000
sorted,vector,i64,1000000,bits22,desc,0,0,0,1,3316000.000
sorted,vector,i64,1000000,bits22,desc,0,1,0,1,3363000.000
sorted,vector,i64,1000000,bits22,desc,0,0,1,1,3305000.000
sorted,vector,i64,1000000,bits22,desc,0,1,1,1,3397000.000
sorted,vector,i64,1000000,bits22,desc,0,1,2,1,3257000.000
sorted,vector,i64,1000000,bits22,desc,0,0,2,1,3419000.000
sorted,vector,i64,1000000,bits22,desc,0,0,3,1,3274000.000
sorted,vector,i64,1000000,bits22,desc,0,1,3,1,3309000.000
sorted,vector,i64,1000000,bits22,desc,0,1,4,1,3306000.000
sorted,vector,i64,1000000,bits22,desc,0,0,4,1,3492000.000
sorted,vector,i64,1000000,bits22,desc,0,0,5,1,3536000.000
sorted,vector,i64,1000000,bits22,desc,0,1,5,1,3321000.000
sorted,vector,i64,1000000,bits22,desc,0,0,6,1,3269000.000
sorted,vector,i64,1000000,bits22,desc,0,1,6,1,3173000.000
kernel,vector,i64,1000000,bits22,asc,8,0,0,1,2848000.000
kernel,vector,i64,1000000,bits22,asc,8,1,0,1,2893000.000
kernel,vector,i64,1000000,bits22,asc,8,1,1,1,2848000.000
kernel,vector,i64,1000000,bits22,asc,8,0,1,1,2849000.000
kernel,vector,i64,1000000,bits22,asc,8,1,2,1,2953000.000
kernel,vector,i64,1000000,bits22,asc,8,0,2,1,2831000.000
kernel,vector,i64,1000000,bits22,asc,8,1,3,1,2957000.000
kernel,vector,i64,1000000,bits22,asc,8,0,3,1,2860000.000
kernel,vector,i64,1000000,bits22,asc,8,0,4,1,2797000.000
kernel,vector,i64,1000000,bits22,asc,8,1,4,1,2891000.000
kernel,vector,i64,1000000,bits22,asc,8,1,5,1,2790000.000
kernel,vector,i64,1000000,bits22,asc,8,0,5,1,3220000.000
kernel,vector,i64,1000000,bits22,asc,8,1,6,1,2814000.000
kernel,vector,i64,1000000,bits22,asc,8,0,6,1,2979000.000
kernel,vector,i64,1000000,bits22,desc,8,0,0,1,2843000.000
kernel,vector,i64,1000000,bits22,desc,8,1,0,1,2871000.000
kernel,vector,i64,1000000,bits22,desc,8,1,1,1,2832000.000
kernel,vector,i64,1000000,bits22,desc,8,0,1,1,2853000.000
kernel,vector,i64,1000000,bits22,desc,8,1,2,1,2993000.000
kernel,vector,i64,1000000,bits22,desc,8,0,2,1,2857000.000
kernel,vector,i64,1000000,bits22,desc,8,1,3,1,2887000.000
kernel,vector,i64,1000000,bits22,desc,8,0,3,1,2827000.000
kernel,vector,i64,1000000,bits22,desc,8,1,4,1,2848000.000
kernel,vector,i64,1000000,bits22,desc,8,0,4,1,3030000.000
kernel,vector,i64,1000000,bits22,desc,8,0,5,1,2857000.000
kernel,vector,i64,1000000,bits22,desc,8,1,5,1,2957000.000
kernel,vector,i64,1000000,bits22,desc,8,1,6,1,2875000.000
kernel,vector,i64,1000000,bits22,desc,8,0,6,1,2899000.000
kernel,vector,i64,1000000,bits22,asc,11,1,0,1,2031000.000
kernel,vector,i64,1000000,bits22,asc,11,0,0,1,2014000.000
kernel,vector,i64,1000000,bits22,asc,11,0,1,1,2055000.000
kernel,vector,i64,1000000,bits22,asc,11,1,1,1,2020000.000
kernel,vector,i64,1000000,bits22,asc,11,1,2,1,2037000.000
kernel,vector,i64,1000000,bits22,asc,11,0,2,1,2057000.000
kernel,vector,i64,1000000,bits22,asc,11,1,3,1,1993000.000
kernel,vector,i64,1000000,bits22,asc,11,0,3,1,2018000.000
kernel,vector,i64,1000000,bits22,asc,11,0,4,1,2046000.000
kernel,vector,i64,1000000,bits22,asc,11,1,4,1,1972000.000
kernel,vector,i64,1000000,bits22,asc,11,0,5,1,2081000.000
kernel,vector,i64,1000000,bits22,asc,11,1,5,1,1993000.000
kernel,vector,i64,1000000,bits22,asc,11,0,6,1,2058000.000
kernel,vector,i64,1000000,bits22,asc,11,1,6,1,2034000.000
kernel,vector,i64,1000000,bits22,desc,11,1,0,1,1993000.000
kernel,vector,i64,1000000,bits22,desc,11,0,0,1,2085000.000
kernel,vector,i64,1000000,bits22,desc,11,1,1,1,1968000.000
kernel,vector,i64,1000000,bits22,desc,11,0,1,1,2012000.000
kernel,vector,i64,1000000,bits22,desc,11,1,2,1,1962000.000
kernel,vector,i64,1000000,bits22,desc,11,0,2,1,2057000.000
kernel,vector,i64,1000000,bits22,desc,11,1,3,1,2055000.000
kernel,vector,i64,1000000,bits22,desc,11,0,3,1,2105000.000
kernel,vector,i64,1000000,bits22,desc,11,1,4,1,2018000.000
kernel,vector,i64,1000000,bits22,desc,11,0,4,1,2046000.000
kernel,vector,i64,1000000,bits22,desc,11,1,5,1,1974000.000
kernel,vector,i64,1000000,bits22,desc,11,0,5,1,2021000.000
kernel,vector,i64,1000000,bits22,desc,11,0,6,1,2036000.000
kernel,vector,i64,1000000,bits22,desc,11,1,6,1,1961000.000
kernel,vector,i64,1000000,bits22,asc,15,0,0,1,2664000.000
kernel,vector,i64,1000000,bits22,asc,15,1,0,1,2685000.000
kernel,vector,i64,1000000,bits22,asc,15,0,1,1,2657000.000
kernel,vector,i64,1000000,bits22,asc,15,1,1,1,2697000.000
kernel,vector,i64,1000000,bits22,asc,15,1,2,1,2727000.000
kernel,vector,i64,1000000,bits22,asc,15,0,2,1,2716000.000
kernel,vector,i64,1000000,bits22,asc,15,1,3,1,2701000.000
kernel,vector,i64,1000000,bits22,asc,15,0,3,1,2675000.000
kernel,vector,i64,1000000,bits22,asc,15,0,4,1,2725000.000
kernel,vector,i64,1000000,bits22,asc,15,1,4,1,2722000.000
kernel,vector,i64,1000000,bits22,asc,15,1,5,1,2680000.000
kernel,vector,i64,1000000,bits22,asc,15,0,5,1,2676000.000
kernel,vector,i64,1000000,bits22,asc,15,0,6,1,2670000.000
kernel,vector,i64,1000000,bits22,asc,15,1,6,1,2660000.000
kernel,vector,i64,1000000,bits22,desc,15,1,0,1,2694000.000
kernel,vector,i64,1000000,bits22,desc,15,0,0,1,2682000.000
kernel,vector,i64,1000000,bits22,desc,15,1,1,1,2734000.000
kernel,vector,i64,1000000,bits22,desc,15,0,1,1,2729000.000
kernel,vector,i64,1000000,bits22,desc,15,1,2,1,2669000.000
kernel,vector,i64,1000000,bits22,desc,15,0,2,1,2670000.000
kernel,vector,i64,1000000,bits22,desc,15,1,3,1,2637000.000
kernel,vector,i64,1000000,bits22,desc,15,0,3,1,2701000.000
kernel,vector,i64,1000000,bits22,desc,15,0,4,1,2604000.000
kernel,vector,i64,1000000,bits22,desc,15,1,4,1,2821000.000
kernel,vector,i64,1000000,bits22,desc,15,0,5,1,2649000.000
kernel,vector,i64,1000000,bits22,desc,15,1,5,1,2645000.000
kernel,vector,i64,1000000,bits22,desc,15,1,6,1,2708000.000
kernel,vector,i64,1000000,bits22,desc,15,0,6,1,2694000.000
sorted,vector,i64,1000000,gaps,asc,0,1,0,1,4131000.000
sorted,vector,i64,1000000,gaps,asc,0,0,0,1,4029000.000
sorted,vector,i64,1000000,gaps,asc,0,1,1,1,4132000.000
sorted,vector,i64,1000000,gaps,asc,0,0,1,1,4101000.000
sorted,vector,i64,1000000,gaps,asc,0,1,2,1,4162000.000
sorted,vector,i64,1000000,gaps,asc,0,0,2,1,5547000.000
sorted,vector,i64,1000000,gaps,asc,0,0,3,1,5482000.000
sorted,vector,i64,1000000,gaps,asc,0,1,3,1,4156000.000
sorted,vector,i64,1000000,gaps,asc,0,1,4,1,4091000.000
sorted,vector,i64,1000000,gaps,asc,0,0,4,1,4068000.000
sorted,vector,i64,1000000,gaps,asc,0,0,5,1,4078000.000
sorted,vector,i64,1000000,gaps,asc,0,1,5,1,4045000.000
sorted,vector,i64,1000000,gaps,asc,0,1,6,1,4083000.000
sorted,vector,i64,1000000,gaps,asc,0,0,6,1,5498000.000
sorted,vector,i64,1000000,gaps,desc,0,0,0,1,4087000.000
sorted,vector,i64,1000000,gaps,desc,0,1,0,1,4217000.000
sorted,vector,i64,1000000,gaps,desc,0,1,1,1,4309000.000
sorted,vector,i64,1000000,gaps,desc,0,0,1,1,4496000.000
sorted,vector,i64,1000000,gaps,desc,0,0,2,1,4077000.000
sorted,vector,i64,1000000,gaps,desc,0,1,2,1,4080000.000
sorted,vector,i64,1000000,gaps,desc,0,1,3,1,4054000.000
sorted,vector,i64,1000000,gaps,desc,0,0,3,1,4099000.000
sorted,vector,i64,1000000,gaps,desc,0,0,4,1,4001000.000
sorted,vector,i64,1000000,gaps,desc,0,1,4,1,4048000.000
sorted,vector,i64,1000000,gaps,desc,0,1,5,1,4068000.000
sorted,vector,i64,1000000,gaps,desc,0,0,5,1,4014000.000
sorted,vector,i64,1000000,gaps,desc,0,1,6,1,4038000.000
sorted,vector,i64,1000000,gaps,desc,0,0,6,1,4041000.000
kernel,vector,i64,1000000,gaps,asc,8,1,0,1,2844000.000
kernel,vector,i64,1000000,gaps,asc,8,0,0,1,2923000.000
kernel,vector,i64,1000000,gaps,asc,8,0,1,1,4225000.000
kernel,vector,i64,1000000,gaps,asc,8,1,1,1,2898000.000
kernel,vector,i64,1000000,gaps,asc,8,0,2,1,3187000.000
kernel,vector,i64,1000000,gaps,asc,8,1,2,1,2896000.000
kernel,vector,i64,1000000,gaps,asc,8,1,3,1,2901000.000
kernel,vector,i64,1000000,gaps,asc,8,0,3,1,2864000.000
kernel,vector,i64,1000000,gaps,asc,8,1,4,1,3195000.000
kernel,vector,i64,1000000,gaps,asc,8,0,4,1,2900000.000
kernel,vector,i64,1000000,gaps,asc,8,1,5,1,2909000.000
kernel,vector,i64,1000000,gaps,asc,8,0,5,1,2843000.000
kernel,vector,i64,1000000,gaps,asc,8,0,6,1,2855000.000
kernel,vector,i64,1000000,gaps,asc,8,1,6,1,2853000.000
kernel,vector,i64,1000000,gaps,desc,8,0,0,1,2858000.000
kernel,vector,i64,1000000,gaps,desc,8,1,0,1,2828000.000
kernel,vector,i64,1000000,gaps,desc,8,1,1,1,2945000.000
kernel,vector,i64,1000000,gaps,desc,8,0,1,1,2857000.000
kernel,vector,i64,1000000,gaps,desc,8,0,2,1,2908000.000
kernel,vector,i64,1000000,gaps,desc,8,1,2,1,2888000.000
kernel,vector,i64,1000000,gaps,desc,8,1,3,1,2840000.000
kernel,vector,i64,1000000,gaps,desc,8,0,3,1,2882000.000
kernel,vector,i64,1000000,gaps,desc,8,1,4,1,2957000.000
kernel,vector,i64,1000000,gaps,desc,8,0,4,1,2904000.000
kernel,vector,i64,1000000,gaps,desc,8,0,5,1,2874000.000
kernel,vector,i64,1000000,gaps,desc,8,1,5,1,2854000.000
kernel,vector,i64,1000000,gaps,desc,8,1,6,1,2943000.000
kernel,vector,i64,1000000,gaps,desc,8,0,6,1,2892000.000
kernel,vector,i64,1000000,gaps,asc,11,1,0,1,3546000.000
kernel,vector,i64,1000000,gaps,asc,11,0,0,1,4154000.000
kernel,vector,i64,1000000,gaps,asc,11,0,1,1,4164000.000
kernel,vector,i64,1000000,gaps,asc,11,1,1,1,3603000.000
kernel,vector,i64,1000000,gaps,asc,11,1,2,1,3699000.000
kernel,vector,i64,1000000,gaps,asc,11,0,2,1,4259000.000
kernel,vector,i64,1000000,gaps,asc,11,0,3,1,4156000.000
kernel,vector,i64,1000000,gaps,asc,11,1,3,1,3683000.000
kernel,vector,i64,1000000,gaps,asc,11,1,4,1,3613000.000
kernel,vector,i64,1000000,gaps,asc,11,0,4,1,4137000.000
kernel,vector,i64,1000000,gaps,asc,11,0,5,1,4152000.000
kernel,vector,i64,1000000,gaps,asc,11,1,5,1,3631000.000
kernel,vector,i64,1000000,gaps,asc,11,0,6,1,4078000.000
kernel,vector,i64,1000000,gaps,asc,11,1,6,1,3693000.000
kernel,vector,i64,1000000,gaps,desc,11,1,0,1,3612000.000
kernel,vector,i64,1000000,gaps,desc,11,0,0,1,3582000.000
kernel,vector,i64,1000000,gaps,desc,11,1,1,1,3604000.000
kernel,vector,i64,1000000,gaps,desc,11,0,1,1,3581000.000
kernel,vector,i64,1000000,gaps,desc,11,1,2,1,3591000.000
kernel,vector,i64,1000000,gaps,desc,11,0,2,1,3550000.000
kernel,vector,i64,1000000,gaps,desc,11,1,3,1,3586000.000
kernel,vector,i64,1000000,gaps,desc,11,0,3,1,3581000.000
kernel,vector,i64,1000000,gaps,desc,11,0,4,1,3560000.000
kernel,vector,i64,1000000,gaps,desc,11,1,4,1,3679000.000
kernel,vector,i64,1000000,gaps,desc,11,1,5,1,3683000.000
kernel,vector,i64,1000000,gaps,desc,11,0,5,1,3644000.000
kernel,vector,i64,1000000,gaps,desc,11,1,6,1,3652000.000
kernel,vector,i64,1000000,gaps,desc,11,0,6,1,3649000.000
kernel,vector,i64,1000000,gaps,asc,15,0,0,1,2154000.000
kernel,vector,i64,1000000,gaps,asc,15,1,0,1,2023000.000
kernel,vector,i64,1000000,gaps,asc,15,0,1,1,1979000.000
kernel,vector,i64,1000000,gaps,asc,15,1,1,1,2006000.000
kernel,vector,i64,1000000,gaps,asc,15,0,2,1,1951000.000
kernel,vector,i64,1000000,gaps,asc,15,1,2,1,2048000.000
kernel,vector,i64,1000000,gaps,asc,15,1,3,1,2094000.000
kernel,vector,i64,1000000,gaps,asc,15,0,3,1,1835000.000
kernel,vector,i64,1000000,gaps,asc,15,0,4,1,1793000.000
kernel,vector,i64,1000000,gaps,asc,15,1,4,1,2022000.000
kernel,vector,i64,1000000,gaps,asc,15,0,5,1,1830000.000
kernel,vector,i64,1000000,gaps,asc,15,1,5,1,2024000.000
kernel,vector,i64,1000000,gaps,asc,15,1,6,1,2057000.000
kernel,vector,i64,1000000,gaps,asc,15,0,6,1,1814000.000
kernel,vector,i64,1000000,gaps,desc,15,1,0,1,2036000.000
kernel,vector,i64,1000000,gaps,desc,15,0,0,1,2017000.000
kernel,vector,i64,1000000,gaps,desc,15,1,1,1,2035000.000
kernel,vector,i64,1000000,gaps,desc,15,0,1,1,1995000.000
kernel,vector,i64,1000000,gaps,desc,15,1,2,1,2046000.000
kernel,vector,i64,1000000,gaps,desc,15,0,2,1,2051000.000
kernel,vector,i64,1000000,gaps,desc,15,1,3,1,2055000.000
kernel,vector,i64,1000000,gaps,desc,15,0,3,1,2073000.000
kernel,vector,i64,1000000,gaps,desc,15,0,4,1,2038000.000
kernel,vector,i64,1000000,gaps,desc,15,1,4,1,2067000.000
kernel,vector,i64,1000000,gaps,desc,15,0,5,1,2030000.000
kernel,vector,i64,1000000,gaps,desc,15,1,5,1,2099000.000
kernel,vector,i64,1000000,gaps,desc,15,0,6,1,2166000.000
kernel,vector,i64,1000000,gaps,desc,15,1,6,1,2059000.000
sorted,vector,i64,1000000,few,asc,0,0,0,1,2603000.000
sorted,vector,i64,1000000,few,asc,0,1,0,1,2597000.000
sorted,vector,i64,1000000,few,asc,0,1,1,1,2658000.000
sorted,vector,i64,1000000,few,asc,0,0,1,1,2628000.000
sorted,vector,i64,1000000,few,asc,0,1,2,1,2541000.000
sorted,vector,i64,1000000,few,asc,0,0,2,1,2608000.000
sorted,vector,i64,1000000,few,asc,0,1,3,1,2640000.000
sorted,vector,i64,1000000,few,asc,0,0,3,1,2706000.000
sorted,vector,i64,1000000,few,asc,0,0,4,1,2533000.000
sorted,vector,i64,1000000,few,asc,0,1,4,1,2544000.000
sorted,vector,i64,1000000,few,asc,0,0,5,1,2549000.000
sorted,vector,i64,1000000,few,asc,0,1,5,1,2620000.000
sorted,vector,i64,1000000,few,asc,0,1,6,1,2673000.000
sorted,vector,i64,1000000,few,asc,0,0,6,1,2658000.000
sorted,vector,i64,1000000,few,desc,0,0,0,1,2620000.000
sorted,vector,i64,1000000,few,desc,0,1,0,1,2611000.000
sorted,vector,i64,1000000,few,desc,0,1,1,1,2653000.000
sorted,vector,i64,1000000,few,desc,0,0,1,1,2600000.000
sorted,vector,i64,1000000,few,desc,0,1,2,1,2577000.000
sorted,vector,i64,1000000,few,desc,0,0,2,1,2615000.000
sorted,vector,i64,1000000,few,desc,0,0,3,1,2561000.000
sorted,vector,i64,1000000,few,desc,0,1,3,1,2607000.000
sorted,vector,i64,1000000,few,desc,0,0,4,1,2659000.000
sorted,vector,i64,1000000,few,desc,0,1,4,1,2551000.000
sorted,vector,i64,1000000,few,desc,0,1,5,1,2592000.000
sorted,vector,i64,1000000,few,desc,0,0,5,1,2600000.000
sorted,vector,i64,1000000,few,desc,0,1,6,1,2599000.000
sorted,vector,i64,1000000,few,desc,0,0,6,1,2540000.000
kernel,vector,i64,1000000,few,asc,8,0,0,1,1425000.000
kernel,vector,i64,1000000,few,asc,8,1,0,1,1378000.000
kernel,vector,i64,1000000,few,asc,8,1,1,1,1402000.000
kernel,vector,i64,1000000,few,asc,8,0,1,1,1367000.000
kernel,vector,i64,1000000,few,asc,8,0,2,1,1391000.000
kernel,vector,i64,1000000,few,asc,8,1,2,1,1392000.000
kernel,vector,i64,1000000,few,asc,8,0,3,1,1383000.000
kernel,vector,i64,1000000,few,asc,8,1,3,1,1402000.000
kernel,vector,i64,1000000,few,asc,8,0,4,1,1404000.000
kernel,vector,i64,1000000,few,asc,8,1,4,1,1371000.000
kernel,vector,i64,1000000,few,asc,8,0,5,1,1397000.000
kernel,vector,i64,1000000,few,asc,8,1,5,1,1534000.000
kernel,vector,i64,1000000,few,asc,8,1,6,1,1388000.000
kernel,vector,i64,1000000,few,asc,8,0,6,1,1494000.000
kernel,vector,i64,1000000,few,desc,8,0,0,1,1411000.000
kernel,vector,i64,1000000,few,desc,8,1,0,1,1358000.000
kernel,vector,i64,1000000,few,desc,8,1,1,1,1429000.000
kernel,vector,i64,1000000,few,desc,8,0,1,1,1413000.000
kernel,vector,i64,1000000,few,desc,8,0,2,1,1456000.000
kernel,vector,i64,1000000,few,desc,8,1,2,1,1398000.000
kernel,vector,i64,1000000,few,desc,8,1,3,1,1445000.000
kernel,vector,i64,1000000,few,desc,8,0,3,1,1379000.000
kernel,vector,i64,1000000,few,desc,8,0,4,1,1397000.000
kernel,vector,i64,1000000,few,desc,8,1,4,1,1368000.000
kernel,vector,i64,1000000,few,desc,8,0,5,1,1360000.000
kernel,vector,i64,1000000,few,desc,8,1,5,1,1372000.000
kernel,vector,i64,1000000,few,desc,8,1,6,1,1411000.000
kernel,vector,i64,1000000,few,desc,8,0,6,1,1360000.000
kernel,vector,i64,1000000,few,asc,11,0,0,1,1343000.000
kernel,vector,i64,1000000,few,asc,11,1,0,1,1386000.000
kernel,vector,i64,1000000,few,asc,11,1,1,1,1320000.000
kernel,vector,i64,1000000,few,asc,11,0,1,1,1359000.000
kernel,vector,i64,1000000,few,asc,11,0,2,1,1330000.000
kernel,vector,i64,1000000,few,asc,11,1,2,1,1364000.000
kernel,vector,i64,1000000,few,asc,11,1,3,1,1414000.000
kernel,vector,i64,1000000,few,asc,11,0,3,1,1399000.000
kernel,vector,i64,1000000,few,asc,11,1,4,1,1422000.000
kernel,vector,i64,1000000,few,asc,11,0,4,1,1400000.000
kernel,vector,i64,1000000,few,asc,11,1,5,1,1414000.000
kernel,vector,i64,1000000,few,asc,11,0,5,1,1371000.000
kernel,vector,i64,1000000,few,asc,11,0,6,1,1406000.000
kernel,vector,i64,1000000,few,asc,11,1,6,1,1355000.000
kernel,vector,i64,1000000,few,desc,11,0,0,1,1380000.000
kernel,vector,i64,1000000,few,desc,11,1,0,1,1357000.000
kernel,vector,i64,1000000,few,desc,11,1,1,1,1344000.000
kernel,vector,i64,1000000,few,desc,11,0,1,1,1433000.000
kernel,vector,i64,1000000,few,desc,11,1,2,1,1365000.000
kernel,vector,i64,1000000,few,desc,11,0,2,1,1352000.000
kernel,vector,i64,1000000,few,desc,11,1,3,1,1365000.000
kernel,vector,i64,1000000,few,desc,11,0,3,1,1425000.000
kernel,vector,i64,1000000,few,desc,11,1,4,1,1356000.000
kernel,vector,i64,1000000,few,desc,11,0,4,1,1413000.000
kernel,vector,i64,1000000,few,desc,11,1,5,1,1357000.000
kernel,vector,i64,1000000,few,desc,11,0,5,1,1385000.000
kernel,vector,i64,1000000,few,desc,11,1,6,1,1362000.000
kernel,vector,i64,1000000,few,desc,11,0,6,1,1470000.000
kernel,vector,i64,1000000,few,asc,15,0,0,1,1624000.000
kernel,vector,i64,1000000,few,asc,15,1,0,1,1363000.000
kernel,vector,i64,1000000,few,asc,15,1,1,1,1355000.000
kernel,vector,i64,1000000,few,asc,15,0,1,1,1447000.000
kernel,vector,i64,1000000,few,asc,15,0,2,1,2144000.000
kernel,vector,i64,1000000,few,asc,15,1,2,1,1348000.000
kernel,vector,i64,1000000,few,asc,15,0,3,1,1445000.000
kernel,vector,i64,1000000,few,asc,15,1,3,1,1378000.000
kernel,vector,i64,1000000,few,asc,15,0,4,1,1432000.000
kernel,vector,i64,1000000,few,asc,15,1,4,1,1373000.000
kernel,vector,i64,1000000,few,asc,15,0,5,1,1440000.000
kernel,vector,i64,1000000,few,asc,15,1,5,1,1459000.000
kernel,vector,i64,1000000,few,asc,15,0,6,1,1554000.000
kernel,vector,i64,1000000,few,asc,15,1,6,1,1330000.000
kernel,vector,i64,1000000,few,desc,15,1,0,1,1397000.000
kernel,vector,i64,1000000,few,desc,15,0,0,1,1448000.000
kernel,vector,i64,1000000,few,desc,15,1,1,1,1504000.000
kernel,vector,i64,1000000,few,desc,15,0,1,1,1379000.000
kernel,vector,i64,1000000,few,desc,15,0,2,1,1432000.000
kernel,vector,i64,1000000,few,desc,15,1,2,1,1390000.000
kernel,vector,i64,1000000,few,desc,15,0,3,1,1564000.000
kernel,vector,i64,1000000,few,desc,15,1,3,1,1462000.000
kernel,vector,i64,1000000,few,desc,15,0,4,1,1404000.000
kernel,vector,i64,1000000,few,desc,15,1,4,1,1407000.000
kernel,vector,i64,1000000,few,desc,15,1,5,1,1420000.000
kernel,vector,i64,1000000,few,desc,15,0,5,1,1446000.000
kernel,vector,i64,1000000,few,desc,15,1,6,1,1366000.000
kernel,vector,i64,1000000,few,desc,15,0,6,1,1427000.000
sorted,vector,i64,1000000,ordered,asc,0,0,0,3,227333.333
sorted,vector,i64,1000000,ordered,asc,0,1,0,3,234000.000
sorted,vector,i64,1000000,ordered,asc,0,0,1,3,230000.000
sorted,vector,i64,1000000,ordered,asc,0,1,1,3,228000.000
sorted,vector,i64,1000000,ordered,asc,0,0,2,3,236333.333
sorted,vector,i64,1000000,ordered,asc,0,1,2,3,231000.000
sorted,vector,i64,1000000,ordered,asc,0,0,3,3,235000.000
sorted,vector,i64,1000000,ordered,asc,0,1,3,3,234333.333
sorted,vector,i64,1000000,ordered,asc,0,0,4,3,238333.333
sorted,vector,i64,1000000,ordered,asc,0,1,4,3,230666.667
sorted,vector,i64,1000000,ordered,asc,0,0,5,3,233666.667
sorted,vector,i64,1000000,ordered,asc,0,1,5,3,229000.000
sorted,vector,i64,1000000,ordered,asc,0,0,6,3,223000.000
sorted,vector,i64,1000000,ordered,asc,0,1,6,3,223333.333
sorted,vector,i64,1000000,ordered,desc,0,0,0,2,382500.000
sorted,vector,i64,1000000,ordered,desc,0,1,0,2,383500.000
sorted,vector,i64,1000000,ordered,desc,0,0,1,2,384500.000
sorted,vector,i64,1000000,ordered,desc,0,1,1,2,395000.000
sorted,vector,i64,1000000,ordered,desc,0,0,2,2,387000.000
sorted,vector,i64,1000000,ordered,desc,0,1,2,2,387000.000
sorted,vector,i64,1000000,ordered,desc,0,1,3,2,387000.000
sorted,vector,i64,1000000,ordered,desc,0,0,3,2,383500.000
sorted,vector,i64,1000000,ordered,desc,0,1,4,2,388000.000
sorted,vector,i64,1000000,ordered,desc,0,0,4,2,385500.000
sorted,vector,i64,1000000,ordered,desc,0,1,5,2,393500.000
sorted,vector,i64,1000000,ordered,desc,0,0,5,2,382000.000
sorted,vector,i64,1000000,ordered,desc,0,1,6,2,390500.000
sorted,vector,i64,1000000,ordered,desc,0,0,6,2,381500.000
sorted,vector,i64,1000000,reverse,asc,0,1,0,2,385500.000
sorted,vector,i64,1000000,reverse,asc,0,0,0,2,381500.000
sorted,vector,i64,1000000,reverse,asc,0,0,1,2,394000.000
sorted,vector,i64,1000000,reverse,asc,0,1,1,2,384000.000
sorted,vector,i64,1000000,reverse,asc,0,0,2,2,406500.000
sorted,vector,i64,1000000,reverse,asc,0,1,2,2,391500.000
sorted,vector,i64,1000000,reverse,asc,0,1,3,2,395000.000
sorted,vector,i64,1000000,reverse,asc,0,0,3,2,394000.000
sorted,vector,i64,1000000,reverse,asc,0,1,4,2,392500.000
sorted,vector,i64,1000000,reverse,asc,0,0,4,2,402500.000
sorted,vector,i64,1000000,reverse,asc,0,0,5,2,389000.000
sorted,vector,i64,1000000,reverse,asc,0,1,5,2,390000.000
sorted,vector,i64,1000000,reverse,asc,0,0,6,2,396000.000
sorted,vector,i64,1000000,reverse,asc,0,1,6,2,409500.000
sorted,vector,i64,1000000,reverse,desc,0,0,0,3,231333.333
sorted,vector,i64,1000000,reverse,desc,0,1,0,3,229666.667
sorted,vector,i64,1000000,reverse,desc,0,1,1,3,232666.667
sorted,vector,i64,1000000,reverse,desc,0,0,1,3,230666.667
sorted,vector,i64,1000000,reverse,desc,0,1,2,3,236333.333
sorted,vector,i64,1000000,reverse,desc,0,0,2,3,233666.667
sorted,vector,i64,1000000,reverse,desc,0,1,3,3,223333.333
sorted,vector,i64,1000000,reverse,desc,0,0,3,3,222666.667
sorted,vector,i64,1000000,reverse,desc,0,1,4,3,223000.000
sorted,vector,i64,1000000,reverse,desc,0,0,4,3,231333.333
sorted,vector,i64,1000000,reverse,desc,0,1,5,3,223333.333
sorted,vector,i64,1000000,reverse,desc,0,0,5,3,229333.333
sorted,vector,i64,1000000,reverse,desc,0,1,6,3,223000.000
sorted,vector,i64,1000000,reverse,desc,0,0,6,3,234000.000
sorted,vector,i64,1000000,nearly,asc,0,0,0,1,6085000.000
sorted,vector,i64,1000000,nearly,asc,0,1,0,1,6028000.000
sorted,vector,i64,1000000,nearly,asc,0,1,1,1,6033000.000
sorted,vector,i64,1000000,nearly,asc,0,0,1,1,6111000.000
sorted,vector,i64,1000000,nearly,asc,0,0,2,1,6044000.000
sorted,vector,i64,1000000,nearly,asc,0,1,2,1,5887000.000
sorted,vector,i64,1000000,nearly,asc,0,1,3,1,5926000.000
sorted,vector,i64,1000000,nearly,asc,0,0,3,1,6187000.000
sorted,vector,i64,1000000,nearly,asc,0,0,4,1,5846000.000
sorted,vector,i64,1000000,nearly,asc,0,1,4,1,5989000.000
sorted,vector,i64,1000000,nearly,asc,0,1,5,1,5956000.000
sorted,vector,i64,1000000,nearly,asc,0,0,5,1,6048000.000
sorted,vector,i64,1000000,nearly,asc,0,0,6,1,6107000.000
sorted,vector,i64,1000000,nearly,asc,0,1,6,1,5968000.000
sorted,vector,i64,1000000,nearly,desc,0,0,0,1,5991000.000
sorted,vector,i64,1000000,nearly,desc,0,1,0,1,5976000.000
sorted,vector,i64,1000000,nearly,desc,0,1,1,1,6093000.000
sorted,vector,i64,1000000,nearly,desc,0,0,1,1,6015000.000
sorted,vector,i64,1000000,nearly,desc,0,0,2,1,6122000.000
sorted,vector,i64,1000000,nearly,desc,0,1,2,1,6011000.000
sorted,vector,i64,1000000,nearly,desc,0,1,3,1,6000000.000
sorted,vector,i64,1000000,nearly,desc,0,0,3,1,6054000.000
sorted,vector,i64,1000000,nearly,desc,0,0,4,1,6066000.000
sorted,vector,i64,1000000,nearly,desc,0,1,4,1,6098000.000
sorted,vector,i64,1000000,nearly,desc,0,1,5,1,6025000.000
sorted,vector,i64,1000000,nearly,desc,0,0,5,1,5948000.000
sorted,vector,i64,1000000,nearly,desc,0,0,6,1,6046000.000
sorted,vector,i64,1000000,nearly,desc,0,1,6,1,5912000.000
sorted,vector,i64,1000000,equal,asc,0,0,0,3,227333.333
sorted,vector,i64,1000000,equal,asc,0,1,0,3,244000.000
sorted,vector,i64,1000000,equal,asc,0,1,1,3,222333.333
sorted,vector,i64,1000000,equal,asc,0,0,1,3,222666.667
sorted,vector,i64,1000000,equal,asc,0,0,2,3,229000.000
sorted,vector,i64,1000000,equal,asc,0,1,2,3,226000.000
sorted,vector,i64,1000000,equal,asc,0,1,3,3,222666.667
sorted,vector,i64,1000000,equal,asc,0,0,3,3,224333.333
sorted,vector,i64,1000000,equal,asc,0,1,4,3,222333.333
sorted,vector,i64,1000000,equal,asc,0,0,4,3,227333.333
sorted,vector,i64,1000000,equal,asc,0,1,5,3,228333.333
sorted,vector,i64,1000000,equal,asc,0,0,5,3,225333.333
sorted,vector,i64,1000000,equal,asc,0,0,6,3,230333.333
sorted,vector,i64,1000000,equal,asc,0,1,6,3,235666.667
sorted,vector,i64,1000000,equal,desc,0,1,0,3,226333.333
sorted,vector,i64,1000000,equal,desc,0,0,0,3,223666.667
sorted,vector,i64,1000000,equal,desc,0,1,1,3,231666.667
sorted,vector,i64,1000000,equal,desc,0,0,1,3,231333.333
sorted,vector,i64,1000000,equal,desc,0,1,2,3,230333.333
sorted,vector,i64,1000000,equal,desc,0,0,2,3,231000.000
sorted,vector,i64,1000000,equal,desc,0,1,3,3,227000.000
sorted,vector,i64,1000000,equal,desc,0,0,3,3,223000.000
sorted,vector,i64,1000000,equal,desc,0,1,4,3,227000.000
sorted,vector,i64,1000000,equal,desc,0,0,4,3,223000.000
sorted,vector,i64,1000000,equal,desc,0,1,5,3,224666.667
sorted,vector,i64,1000000,equal,desc,0,0,5,3,231666.667
sorted,vector,i64,1000000,equal,desc,0,0,6,3,230000.000
sorted,vector,i64,1000000,equal,desc,0,1,6,3,230333.333
sorted,array,i64,65536,full,asc,0,0,0,2,398500.000
sorted,array,i64,65536,full,asc,0,1,0,2,405500.000
sorted,array,i64,65536,full,asc,0,0,1,2,395000.000
sorted,array,i64,65536,full,asc,0,1,1,2,412500.000
sorted,array,i64,65536,full,asc,0,0,2,2,388000.000
sorted,array,i64,65536,full,asc,0,1,2,2,407000.000
sorted,array,i64,65536,full,asc,0,1,3,2,401000.000
sorted,array,i64,65536,full,asc,0,0,3,2,388000.000
sorted,array,i64,65536,full,asc,0,1,4,2,396000.000
sorted,array,i64,65536,full,asc,0,0,4,2,385000.000
sorted,array,i64,65536,full,asc,0,1,5,2,395000.000
sorted,array,i64,65536,full,asc,0,0,5,2,385500.000
sorted,array,i64,65536,full,asc,0,1,6,2,395500.000
sorted,array,i64,65536,full,asc,0,0,6,2,387000.000
sorted,array,i64,65536,full,desc,0,1,0,2,401000.000
sorted,array,i64,65536,full,desc,0,0,0,2,404500.000
sorted,array,i64,65536,full,desc,0,0,1,2,405000.000
sorted,array,i64,65536,full,desc,0,1,1,2,396500.000
sorted,array,i64,65536,full,desc,0,0,2,2,395000.000
sorted,array,i64,65536,full,desc,0,1,2,2,413500.000
sorted,array,i64,65536,full,desc,0,0,3,2,399500.000
sorted,array,i64,65536,full,desc,0,1,3,2,402000.000
sorted,array,i64,65536,full,desc,0,0,4,2,384500.000
sorted,array,i64,65536,full,desc,0,1,4,2,402500.000
sorted,array,i64,65536,full,desc,0,1,5,2,400000.000
sorted,array,i64,65536,full,desc,0,0,5,2,392000.000
sorted,array,i64,65536,full,desc,0,0,6,2,390500.000
sorted,array,i64,65536,full,desc,0,1,6,2,398500.000
sorted,array,i64,65536,bits22,asc,0,0,0,3,181000.000
sorted,array,i64,65536,bits22,asc,0,1,0,3,196333.333
sorted,array,i64,65536,bits22,asc,0,1,1,3,186666.667
sorted,array,i64,65536,bits22,asc,0,0,1,3,174333.333
sorted,array,i64,65536,bits22,asc,0,1,2,3,186000.000
sorted,array,i64,65536,bits22,asc,0,0,2,3,167666.667
sorted,array,i64,65536,bits22,asc,0,1,3,3,186000.000
sorted,array,i64,65536,bits22,asc,0,0,3,3,170666.667
sorted,array,i64,65536,bits22,asc,0,1,4,3,201000.000
sorted,array,i64,65536,bits22,asc,0,0,4,3,168333.333
sorted,array,i64,65536,bits22,asc,0,1,5,3,183000.000
sorted,array,i64,65536,bits22,asc,0,0,5,3,169333.333
sorted,array,i64,65536,bits22,asc,0,1,6,3,184000.000
sorted,array,i64,65536,bits22,asc,0,0,6,4,170500.000
sorted,array,i64,65536,bits22,desc,0,1,0,3,183666.667
sorted,array,i64,65536,bits22,desc,0,0,0,3,203000.000
sorted,array,i64,65536,bits22,desc,0,0,1,3,168333.333
sorted,array,i64,65536,bits22,desc,0,1,1,3,213666.667
sorted,array,i64,65536,bits22,desc,0,1,2,3,186333.333
sorted,array,i64,65536,bits22,desc,0,0,2,3,178000.000
sorted,array,i64,65536,bits22,desc,0,0,3,4,166250.000
sorted,array,i64,65536,bits22,desc,0,1,3,3,185666.667
sorted,array,i64,65536,bits22,desc,0,0,4,3,168666.667
sorted,array,i64,65536,bits22,desc,0,1,4,3,181000.000
sorted,array,i64,65536,bits22,desc,0,1,5,3,186333.333
sorted,array,i64,65536,bits22,desc,0,0,5,3,179666.667
sorted,array,i64,65536,bits22,desc,0,0,6,3,188666.667
sorted,array,i64,65536,bits22,desc,0,1,6,3,176666.667
sorted,array,i64,65536,gaps,asc,0,1,0,2,333000.000
sorted,array,i64,65536,gaps,asc,0,0,0,2,300000.000
sorted,array,i64,65536,gaps,asc,0,1,1,2,298500.000
sorted,array,i64,65536,gaps,asc,0,0,1,2,285000.000
sorted,array,i64,65536,gaps,asc,0,0,2,2,281000.000
sorted,array,i64,65536,gaps,asc,0,1,2,2,289500.000
sorted,array,i64,65536,gaps,asc,0,0,3,2,310000.000
sorted,array,i64,65536,gaps,asc,0,1,3,2,282000.000
sorted,array,i64,65536,gaps,asc,0,0,4,2,282000.000
sorted,array,i64,65536,gaps,asc,0,1,4,2,294000.000
sorted,array,i64,65536,gaps,asc,0,0,5,2,277000.000
sorted,array,i64,65536,gaps,asc,0,1,5,2,303000.000
sorted,array,i64,65536,gaps,asc,0,1,6,2,316500.000
sorted,array,i64,65536,gaps,asc,0,0,6,2,326500.000
sorted,array,i64,65536,gaps,desc,0,0,0,2,290000.000
sorted,array,i64,65536,gaps,desc,0,1,0,2,292000.000
sorted,array,i64,65536,gaps,desc,0,1,1,2,295000.000
sorted,array,i64,65536,gaps,desc,0,0,1,2,292500.000
sorted,array,i64,65536,gaps,desc,0,1,2,2,278500.000
sorted,array,i64,65536,gaps,desc,0,0,2,2,306000.000
sorted,array,i64,65536,gaps,desc,0,1,3,2,270500.000
sorted,array,i64,65536,gaps,desc,0,0,3,2,297000.000
sorted,array,i64,65536,gaps,desc,0,0,4,2,299000.000
sorted,array,i64,65536,gaps,desc,0,1,4,2,269500.000
sorted,array,i64,65536,gaps,desc,0,0,5,2,292500.000
sorted,array,i64,65536,gaps,desc,0,1,5,2,289000.000
sorted,array,i64,65536,gaps,desc,0,0,6,2,300000.000
sorted,array,i64,65536,gaps,desc,0,1,6,2,287500.000
sorted,array,i64,65536,few,asc,0,0,0,4,154500.000
sorted,array,i64,65536,few,asc,0,1,0,4,150250.000
sorted,array,i64,65536,few,asc,0,1,1,4,146000.000
sorted,array,i64,65536,few,asc,0,0,1,4,141250.000
sorted,array,i64,65536,few,asc,0,1,2,4,140500.000
sorted,array,i64,65536,few,asc,0,0,2,4,138000.000
sorted,array,i64,65536,few,asc,0,1,3,4,138500.000
sorted,array,i64,65536,few,asc,0,0,3,4,150250.000
sorted,array,i64,65536,few,asc,0,1,4,4,137750.000
sorted,array,i64,65536,few,asc,0,0,4,4,137000.000
sorted,array,i64,65536,few,asc,0,1,5,4,137500.000
sorted,array,i64,65536,few,asc,0,0,5,4,135500.000
sorted,array,i64,65536,few,asc,0,0,6,4,134000.000
sorted,array,i64,65536,few,asc,0,1,6,4,139000.000
sorted,array,i64,65536,few,desc,0,0,0,4,142750.000
sorted,array,i64,65536,few,desc,0,1,0,4,149750.000
sorted,array,i64,65536,few,desc,0,1,1,4,143750.000
sorted,array,i64,65536,few,desc,0,0,1,4,138000.000
sorted,array,i64,65536,few,desc,0,0,2,4,134250.000
sorted,array,i64,65536,few,desc,0,1,2,4,150500.000
sorted,array,i64,65536,few,desc,0,0,3,4,133250.000
sorted,array,i64,65536,few,desc,0,1,3,4,150000.000
sorted,array,i64,65536,few,desc,0,0,4,4,132500.000
sorted,array,i64,65536,few,desc,0,1,4,4,148500.000
sorted,array,i64,65536,few,desc,0,1,5,4,147000.000
sorted,array,i64,65536,few,desc,0,0,5,4,139500.000
sorted,array,i64,65536,few,desc,0,1,6,4,145750.000
sorted,array,i64,65536,few,desc,0,0,6,4,137750.000
sorted,array,i64,65536,ordered,asc,0,0,0,18,28388.889
sorted,array,i64,65536,ordered,asc,0,1,0,17,29764.706
sorted,array,i64,65536,ordered,asc,0,1,1,18,28333.333
sorted,array,i64,65536,ordered,asc,0,0,1,18,28777.778
sorted,array,i64,65536,ordered,asc,0,0,2,18,28555.556
sorted,array,i64,65536,ordered,asc,0,1,2,18,28722.222
sorted,array,i64,65536,ordered,asc,0,0,3,17,29588.235
sorted,array,i64,65536,ordered,asc,0,1,3,18,28444.444
sorted,array,i64,65536,ordered,asc,0,1,4,18,28722.222
sorted,array,i64,65536,ordered,asc,0,0,4,18,28666.667
sorted,array,i64,65536,ordered,asc,0,0,5,18,28833.333
sorted,array,i64,65536,ordered,asc,0,1,5,18,28722.222
sorted,array,i64,65536,ordered,asc,0,1,6,18,28833.333
sorted,array,i64,65536,ordered,asc,0,0,6,18,28777.778
sorted,array,i64,65536,ordered,desc,0,0,0,13,38923.077
sorted,array,i64,65536,ordered,desc,0,1,0,13,38615.385
sorted,array,i64,65536,ordered,desc,0,0,1,13,39076.923
sorted,array,i64,65536,ordered,desc,0,1,1,13,39230.769
sorted,array,i64,65536,ordered,desc,0,0,2,13,38923.077
sorted,array,i64,65536,ordered,desc,0,1,2,13,39076.923
sorted,array,i64,65536,ordered,desc,0,1,3,13,40000.000
sorted,array,i64,65536,ordered,desc,0,0,3,13,39153.846
sorted,array,i64,65536,ordered,desc,0,1,4,14,38285.714
sorted,array,i64,65536,ordered,desc,0,0,4,13,39076.923
sorted,array,i64,65536,ordered,desc,0,1,5,13,38615.385
sorted,array,i64,65536,ordered,desc,0,0,5,13,39076.923
sorted,array,i64,65536,ordered,desc,0,0,6,13,39153.846
sorted,array,i64,65536,ordered,desc,0,1,6,13,38615.385
sorted,array,i64,65536,reverse,asc,0,1,0,13,39153.846
sorted,array,i64,65536,reverse,asc,0,0,0,13,39384.615
sorted,array,i64,65536,reverse,asc,0,0,1,13,38692.308
sorted,array,i64,65536,reverse,asc,0,1,1,13,39307.692
sorted,array,i64,65536,reverse,asc,0,0,2,13,38615.385
sorted,array,i64,65536,reverse,asc,0,1,2,13,39076.923
sorted,array,i64,65536,reverse,asc,0,1,3,13,38769.231
sorted,array,i64,65536,reverse,asc,0,0,3,13,39153.846
sorted,array,i64,65536,reverse,asc,0,1,4,13,39307.692
sorted,array,i64,65536,reverse,asc,0,0,4,13,38846.154
sorted,array,i64,65536,reverse,asc,0,0,5,13,40769.231
sorted,array,i64,65536,reverse,asc,0,1,5,13,39692.308
sorted,array,i64,65536,reverse,asc,0,1,6,13,39076.923
sorted,array,i64,65536,reverse,asc,0,0,6,13,39153.846
sorted,array,i64,65536,reverse,desc,0,1,0,18,28777.778
sorted,array,i64,65536,reverse,desc,0,0,0,18,28555.556
sorted,array,i64,65536,reverse,desc,0,0,1,18,28500.000
sorted,array,i64,65536,reverse,desc,0,1,1,18,28833.333
sorted,array,i64,65536,reverse,desc,0,1,2,18,29444.444
sorted,array,i64,65536,reverse,desc,0,0,2,18,28666.667
sorted,array,i64,65536,reverse,desc,0,1,3,18,28555.556
sorted,array,i64,65536,reverse,desc,0,0,3,18,28500.000
sorted,array,i64,65536,reverse,desc,0,0,4,18,28777.778
sorted,array,i64,65536,reverse,desc,0,1,4,18,28444.444
sorted,array,i64,65536,reverse,desc,0,0,5,18,28833.333
sorted,array,i64,65536,reverse,desc,0,1,5,18,28444.444
sorted,array,i64,65536,reverse,desc,0,0,6,18,28611.111
sorted,array,i64,65536,reverse,desc,0,1,6,18,28666.667
sorted,array,i64,65536,nearly,asc,0,1,0,2,355500.000
sorted,array,i64,65536,nearly,asc,0,0,0,2,355000.000
sorted,array,i64,65536,nearly,asc,0,1,1,2,357000.000
sorted,array,i64,65536,nearly,asc,0,0,1,2,369000.000
sorted,array,i64,65536,nearly,asc,0,0,2,2,364500.000
sorted,array,i64,65536,nearly,asc,0,1,2,2,373000.000
sorted,array,i64,65536,nearly,asc,0,0,3,2,367000.000
sorted,array,i64,65536,nearly,asc,0,1,3,2,375000.000
sorted,array,i64,65536,nearly,asc,0,1,4,2,374000.000
sorted,array,i64,65536,nearly,asc,0,0,4,2,369000.000
sorted,array,i64,65536,nearly,asc,0,0,5,2,377000.000
sorted,array,i64,65536,nearly,asc,0,1,5,2,370500.000
sorted,array,i64,65536,nearly,asc,0,0,6,2,379500.000
sorted,array,i64,65536,nearly,asc,0,1,6,2,374000.000
sorted,array,i64,65536,nearly,desc,0,1,0,2,391500.000
sorted,array,i64,65536,nearly,desc,0,0,0,2,371000.000
sorted,array,i64,65536,nearly,desc,0,1,1,2,379500.000
sorted,array,i64,65536,nearly,desc,0,0,1,2,376000.000
sorted,array,i64,65536,nearly,desc,0,0,2,2,371500.000
sorted,array,i64,65536,nearly,desc,0,1,2,2,380000.000
sorted,array,i64,65536,nearly,desc,0,1,3,2,374500.000
sorted,array,i64,65536,nearly,desc,0,0,3,2,380500.000
sorted,array,i64,65536,nearly,desc,0,1,4,2,377500.000
sorted,array,i64,65536,nearly,desc,0,0,4,2,384500.000
sorted,array,i64,65536,nearly,desc,0,1,5,2,382000.000
sorted,array,i64,65536,nearly,desc,0,0,5,2,370500.000
sorted,array,i64,65536,nearly,desc,0,1,6,2,384000.000
sorted,array,i64,65536,nearly,desc,0,0,6,2,380000.000
sorted,array,i64,65536,equal,asc,0,0,0,18,27888.889
sorted,array,i64,65536,equal,asc,0,1,0,18,28277.778
sorted,array,i64,65536,equal,asc,0,0,1,18,28222.222
sorted,array,i64,65536,equal,asc,0,1,1,18,28722.222
sorted,array,i64,65536,equal,asc,0,0,2,18,28222.222
sorted,array,i64,65536,equal,asc,0,1,2,18,27833.333
sorted,array,i64,65536,equal,asc,0,1,3,18,28555.556
sorted,array,i64,65536,equal,asc,0,0,3,18,28055.556
sorted,array,i64,65536,equal,asc,0,0,4,18,28500.000
sorted,array,i64,65536,equal,asc,0,1,4,18,28111.111
sorted,array,i64,65536,equal,asc,0,1,5,18,28277.778
sorted,array,i64,65536,equal,asc,0,0,5,18,28555.556
sorted,array,i64,65536,equal,asc,0,1,6,18,27944.444
sorted,array,i64,65536,equal,asc,0,0,6,18,28388.889
sorted,array,i64,65536,equal,desc,0,1,0,18,28277.778
sorted,array,i64,65536,equal,desc,0,0,0,18,28333.333
sorted,array,i64,65536,equal,desc,0,0,1,18,28388.889
sorted,array,i64,65536,equal,desc,0,1,1,18,27888.889
sorted,array,i64,65536,equal,desc,0,1,2,18,28611.111
sorted,array,i64,65536,equal,desc,0,0,2,18,28111.111
sorted,array,i64,65536,equal,desc,0,1,3,18,28333.333
sorted,array,i64,65536,equal,desc,0,0,3,18,28500.000
sorted,array,i64,65536,equal,desc,0,0,4,17,29705.882
sorted,array,i64,65536,equal,desc,0,1,4,18,28388.889
sorted,array,i64,65536,equal,desc,0,0,5,18,28111.111
sorted,array,i64,65536,equal,desc,0,1,5,18,28611.111
sorted,array,i64,65536,equal,desc,0,0,6,18,27888.889
sorted,array,i64,65536,equal,desc,0,1,6,18,28555.556
