stage,container,type,n,distribution,direction,bits,method,round,repeats,ns
sorted,vector,i32,128,full,asc,0,1,0,512,707.031
sorted,vector,i32,128,full,asc,0,0,0,512,708.984
sorted,vector,i32,128,full,asc,0,0,1,512,695.312
sorted,vector,i32,128,full,asc,0,1,1,512,716.797
sorted,vector,i32,128,full,asc,0,1,2,512,750.000
sorted,vector,i32,128,full,asc,0,0,2,512,714.844
sorted,vector,i32,128,full,asc,0,1,3,512,718.750
sorted,vector,i32,128,full,asc,0,0,3,512,691.406
sorted,vector,i32,128,full,asc,0,1,4,512,689.453
sorted,vector,i32,128,full,asc,0,0,4,512,744.141
sorted,vector,i32,128,full,asc,0,1,5,512,746.094
sorted,vector,i32,128,full,asc,0,0,5,512,759.766
sorted,vector,i32,128,full,asc,0,1,6,512,767.578
sorted,vector,i32,128,full,asc,0,0,6,512,736.328
sorted,vector,i32,128,full,desc,0,0,0,512,525.391
sorted,vector,i32,128,full,desc,0,1,0,512,523.438
sorted,vector,i32,128,full,desc,0,1,1,512,513.672
sorted,vector,i32,128,full,desc,0,0,1,512,529.297
sorted,vector,i32,128,full,desc,0,0,2,512,652.344
sorted,vector,i32,128,full,desc,0,1,2,512,664.062
sorted,vector,i32,128,full,desc,0,1,3,512,656.250
sorted,vector,i32,128,full,desc,0,0,3,512,669.922
sorted,vector,i32,128,full,desc,0,1,4,512,650.391
sorted,vector,i32,128,full,desc,0,0,4,512,705.078
sorted,vector,i32,128,full,desc,0,1,5,512,689.453
sorted,vector,i32,128,full,desc,0,0,5,512,697.266
sorted,vector,i32,128,full,desc,0,1,6,512,667.969
sorted,vector,i32,128,full,desc,0,0,6,512,677.734
sorted,vector,i32,128,bits22,asc,0,1,0,512,642.578
sorted,vector,i32,128,bits22,asc,0,0,0,512,630.859
sorted,vector,i32,128,bits22,asc,0,0,1,512,630.859
sorted,vector,i32,128,bits22,asc,0,1,1,512,615.234
sorted,vector,i32,128,bits22,asc,0,0,2,512,632.812
sorted,vector,i32,128,bits22,asc,0,1,2,512,628.906
sorted,vector,i32,128,bits22,asc,0,0,3,512,644.531
sorted,vector,i32,128,bits22,asc,0,1,3,512,644.531
sorted,vector,i32,128,bits22,asc,0,1,4,512,646.484
sorted,vector,i32,128,bits22,asc,0,0,4,512,636.719
sorted,vector,i32,128,bits22,asc,0,0,5,512,626.953
sorted,vector,i32,128,bits22,asc,0,1,5,512,636.719
sorted,vector,i32,128,bits22,asc,0,0,6,512,556.641
sorted,vector,i32,128,bits22,asc,0,1,6,512,554.688
sorted,vector,i32,128,bits22,desc,0,1,0,512,599.609
sorted,vector,i32,128,bits22,desc,0,0,0,512,611.328
sorted,vector,i32,128,bits22,desc,0,1,1,512,628.906
sorted,vector,i32,128,bits22,desc,0,0,1,512,619.141
sorted,vector,i32,128,bits22,desc,0,1,2,512,595.703
sorted,vector,i32,128,bits22,desc,0,0,2,512,597.656
sorted,vector,i32,128,bits22,desc,0,0,3,512,597.656
sorted,vector,i32,128,bits22,desc,0,1,3,512,595.703
sorted,vector,i32,128,bits22,desc,0,1,4,512,611.328
sorted,vector,i32,128,bits22,desc,0,0,4,512,542.969
sorted,vector,i32,128,bits22,desc,0,1,5,512,552.734
sorted,vector,i32,128,bits22,desc,0,0,5,512,558.594
sorted,vector,i32,128,bits22,desc,0,0,6,512,541.016
sorted,vector,i32,128,bits22,desc,0,1,6,512,630.859
sorted,vector,i32,128,gaps,asc,0,0,0,512,580.078
sorted,vector,i32,128,gaps,asc,0,1,0,512,597.656
sorted,vector,i32,128,gaps,asc,0,0,1,512,597.656
sorted,vector,i32,128,gaps,asc,0,1,1,512,632.812
sorted,vector,i32,128,gaps,asc,0,1,2,512,625.000
sorted,vector,i32,128,gaps,asc,0,0,2,512,630.859
sorted,vector,i32,128,gaps,asc,0,1,3,512,619.141
sorted,vector,i32,128,gaps,asc,0,0,3,512,630.859
sorted,vector,i32,128,gaps,asc,0,0,4,512,623.047
sorted,vector,i32,128,gaps,asc,0,1,4,512,636.719
sorted,vector,i32,128,gaps,asc,0,1,5,512,662.109
sorted,vector,i32,128,gaps,asc,0,0,5,512,636.719
sorted,vector,i32,128,gaps,asc,0,0,6,512,607.422
sorted,vector,i32,128,gaps,asc,0,1,6,512,587.891
sorted,vector,i32,128,gaps,desc,0,1,0,512,582.031
sorted,vector,i32,128,gaps,desc,0,0,0,512,591.797
sorted,vector,i32,128,gaps,desc,0,0,1,512,626.953
sorted,vector,i32,128,gaps,desc,0,1,1,512,599.609
sorted,vector,i32,128,gaps,desc,0,1,2,512,613.281
sorted,vector,i32,128,gaps,desc,0,0,2,512,593.750
sorted,vector,i32,128,gaps,desc,0,1,3,512,593.750
sorted,vector,i32,128,gaps,desc,0,0,3,512,593.750
sorted,vector,i32,128,gaps,desc,0,0,4,512,597.656
sorted,vector,i32,128,gaps,desc,0,1,4,512,574.219
sorted,vector,i32,128,gaps,desc,0,0,5,512,597.656
sorted,vector,i32,128,gaps,desc,0,1,5,512,640.625
sorted,vector,i32,128,gaps,desc,0,1,6,512,628.906
sorted,vector,i32,128,gaps,desc,0,0,6,512,615.234
sorted,vector,i32,128,few,asc,0,0,0,512,507.812
sorted,vector,i32,128,few,asc,0,1,0,512,500.000
sorted,vector,i32,128,few,asc,0,0,1,512,509.766
sorted,vector,i32,128,few,asc,0,1,1,512,513.672
sorted,vector,i32,128,few,asc,0,1,2,512,509.766
sorted,vector,i32,128,few,asc,0,0,2,512,500.000
sorted,vector,i32,128,few,asc,0,0,3,512,494.141
sorted,vector,i32,128,few,asc,0,1,3,512,501.953
sorted,vector,i32,128,few,asc,0,0,4,512,492.188
sorted,vector,i32,128,few,asc,0,1,4,512,507.812
sorted,vector,i32,128,few,asc,0,1,5,512,556.641
sorted,vector,i32,128,few,asc,0,0,5,512,546.875
sorted,vector,i32,128,few,asc,0,1,6,512,554.688
sorted,vector,i32,128,few,asc,0,0,6,512,542.969
sorted,vector,i32,128,few,desc,0,1,0,512,511.719
sorted,vector,i32,128,few,desc,0,0,0,512,496.094
sorted,vector,i32,128,few,desc,0,1,1,512,511.719
sorted,vector,i32,128,few,desc,0,0,1,512,517.578
sorted,vector,i32,128,few,desc,0,0,2,512,513.672
sorted,vector,i32,128,few,desc,0,1,2,512,501.953
sorted,vector,i32,128,few,desc,0,0,3,512,500.000
sorted,vector,i32,128,few,desc,0,1,3,512,500.000
sorted,vector,i32,128,few,desc,0,0,4,512,509.766
sorted,vector,i32,128,few,desc,0,1,4,512,505.859
sorted,vector,i32,128,few,desc,0,0,5,512,507.812
sorted,vector,i32,128,few,desc,0,1,5,512,482.422
sorted,vector,i32,128,few,desc,0,0,6,512,480.469
sorted,vector,i32,128,few,desc,0,1,6,512,486.328
sorted,vector,i32,128,ordered,asc,0,1,0,512,48.828
sorted,vector,i32,128,ordered,asc,0,0,0,512,54.688
sorted,vector,i32,128,ordered,asc,0,1,1,512,44.922
sorted,vector,i32,128,ordered,asc,0,0,1,512,42.969
sorted,vector,i32,128,ordered,asc,0,0,2,512,42.969
sorted,vector,i32,128,ordered,asc,0,1,2,512,37.109
sorted,vector,i32,128,ordered,asc,0,1,3,512,44.922
sorted,vector,i32,128,ordered,asc,0,0,3,512,50.781
sorted,vector,i32,128,ordered,asc,0,0,4,512,41.016
sorted,vector,i32,128,ordered,asc,0,1,4,512,50.781
sorted,vector,i32,128,ordered,asc,0,0,5,512,44.922
sorted,vector,i32,128,ordered,asc,0,1,5,512,46.875
sorted,vector,i32,128,ordered,asc,0,1,6,512,44.922
sorted,vector,i32,128,ordered,asc,0,0,6,512,44.922
sorted,vector,i32,128,ordered,desc,0,0,0,512,80.078
sorted,vector,i32,128,ordered,desc,0,1,0,512,78.125
sorted,vector,i32,128,ordered,desc,0,0,1,512,70.312
sorted,vector,i32,128,ordered,desc,0,1,1,512,66.406
sorted,vector,i32,128,ordered,desc,0,0,2,512,62.500
sorted,vector,i32,128,ordered,desc,0,1,2,512,64.453
sorted,vector,i32,128,ordered,desc,0,0,3,512,68.359
sorted,vector,i32,128,ordered,desc,0,1,3,512,64.453
sorted,vector,i32,128,ordered,desc,0,0,4,512,60.547
sorted,vector,i32,128,ordered,desc,0,1,4,512,66.406
sorted,vector,i32,128,ordered,desc,0,1,5,512,66.406
sorted,vector,i32,128,ordered,desc,0,0,5,512,70.312
sorted,vector,i32,128,ordered,desc,0,0,6,512,64.453
sorted,vector,i32,128,ordered,desc,0,1,6,512,62.500
sorted,vector,i32,128,reverse,asc,0,1,0,512,66.406
sorted,vector,i32,128,reverse,asc,0,0,0,512,62.500
sorted,vector,i32,128,reverse,asc,0,0,1,512,58.594
sorted,vector,i32,128,reverse,asc,0,1,1,512,66.406
sorted,vector,i32,128,reverse,asc,0,0,2,512,68.359
sorted,vector,i32,128,reverse,asc,0,1,2,512,62.500
sorted,vector,i32,128,reverse,asc,0,0,3,512,58.594
sorted,vector,i32,128,reverse,asc,0,1,3,512,58.594
sorted,vector,i32,128,reverse,asc,0,0,4,512,66.406
sorted,vector,i32,128,reverse,asc,0,1,4,512,56.641
sorted,vector,i32,128,reverse,asc,0,0,5,512,58.594
sorted,vector,i32,128,reverse,asc,0,1,5,512,62.500
sorted,vector,i32,128,reverse,asc,0,0,6,512,62.500
sorted,vector,i32,128,reverse,asc,0,1,6,512,66.406
sorted,vector,i32,128,reverse,desc,0,0,0,512,42.969
sorted,vector,i32,128,reverse,desc,0,1,0,512,48.828
sorted,vector,i32,128,reverse,desc,0,0,1,512,42.969
sorted,vector,i32,128,reverse,desc,0,1,1,512,44.922
sorted,vector,i32,128,reverse,desc,0,1,2,512,39.062
sorted,vector,i32,128,reverse,desc,0,0,2,512,50.781
sorted,vector,i32,128,reverse,desc,0,0,3,512,44.922
sorted,vector,i32,128,reverse,desc,0,1,3,512,54.688
sorted,vector,i32,128,reverse,desc,0,0,4,512,31.250
sorted,vector,i32,128,reverse,desc,0,1,4,512,41.016
sorted,vector,i32,128,reverse,desc,0,0,5,512,37.109
sorted,vector,i32,128,reverse,desc,0,1,5,512,42.969
sorted,vector,i32,128,reverse,desc,0,0,6,512,42.969
sorted,vector,i32,128,reverse,desc,0,1,6,512,37.109
sorted,vector,i32,128,nearly,asc,0,0,0,512,396.484
sorted,vector,i32,128,nearly,asc,0,1,0,512,386.719
sorted,vector,i32,128,nearly,asc,0,0,1,512,375.000
sorted,vector,i32,128,nearly,asc,0,1,1,512,375.000
sorted,vector,i32,128,nearly,asc,0,1,2,512,375.000
sorted,vector,i32,128,nearly,asc,0,0,2,512,396.484
sorted,vector,i32,128,nearly,asc,0,0,3,512,369.141
sorted,vector,i32,128,nearly,asc,0,1,3,512,369.141
sorted,vector,i32,128,nearly,asc,0,0,4,512,384.766
sorted,vector,i32,128,nearly,asc,0,1,4,512,367.188
sorted,vector,i32,128,nearly,asc,0,1,5,512,388.672
sorted,vector,i32,128,nearly,asc,0,0,5,512,375.000
sorted,vector,i32,128,nearly,asc,0,1,6,512,382.812
sorted,vector,i32,128,nearly,asc,0,0,6,512,378.906
sorted,vector,i32,128,nearly,desc,0,1,0,512,316.406
sorted,vector,i32,128,nearly,desc,0,0,0,512,332.031
sorted,vector,i32,128,nearly,desc,0,0,1,512,316.406
sorted,vector,i32,128,nearly,desc,0,1,1,512,333.984
sorted,vector,i32,128,nearly,desc,0,1,2,512,320.312
sorted,vector,i32,128,nearly,desc,0,0,2,512,328.125
sorted,vector,i32,128,nearly,desc,0,1,3,512,341.797
sorted,vector,i32,128,nearly,desc,0,0,3,512,318.359
sorted,vector,i32,128,nearly,desc,0,1,4,512,316.406
sorted,vector,i32,128,nearly,desc,0,0,4,512,324.219
sorted,vector,i32,128,nearly,desc,0,1,5,512,330.078
sorted,vector,i32,128,nearly,desc,0,0,5,512,330.078
sorted,vector,i32,128,nearly,desc,0,0,6,512,337.891
sorted,vector,i32,128,nearly,desc,0,1,6,512,324.219
sorted,vector,i32,128,equal,asc,0,0,0,512,39.062
sorted,vector,i32,128,equal,asc,0,1,0,512,41.016
sorted,vector,i32,128,equal,asc,0,0,1,512,48.828
sorted,vector,i32,128,equal,asc,0,1,1,512,44.922
sorted,vector,i32,128,equal,asc,0,1,2,512,48.828
sorted,vector,i32,128,equal,asc,0,0,2,512,44.922
sorted,vector,i32,128,equal,asc,0,1,3,512,46.875
sorted,vector,i32,128,equal,asc,0,0,3,512,39.062
sorted,vector,i32,128,equal,asc,0,1,4,512,39.062
sorted,vector,i32,128,equal,asc,0,0,4,512,31.250
sorted,vector,i32,128,equal,asc,0,1,5,512,31.250
sorted,vector,i32,128,equal,asc,0,0,5,512,46.875
sorted,vector,i32,128,equal,asc,0,0,6,512,42.969
sorted,vector,i32,128,equal,asc,0,1,6,512,48.828
sorted,vector,i32,128,equal,desc,0,1,0,512,3.906
sorted,vector,i32,128,equal,desc,0,0,0,512,39.062
sorted,vector,i32,128,equal,desc,0,0,1,512,35.156
sorted,vector,i32,128,equal,desc,0,1,1,512,52.734
sorted,vector,i32,128,equal,desc,0,0,2,512,42.969
sorted,vector,i32,128,equal,desc,0,1,2,512,39.062
sorted,vector,i32,128,equal,desc,0,1,3,512,48.828
sorted,vector,i32,128,equal,desc,0,0,3,512,35.156
sorted,vector,i32,128,equal,desc,0,1,4,512,23.438
sorted,vector,i32,128,equal,desc,0,0,4,512,46.875
sorted,vector,i32,128,equal,desc,0,0,5,512,58.594
sorted,vector,i32,128,equal,desc,0,1,5,512,46.875
sorted,vector,i32,128,equal,desc,0,1,6,512,33.203
sorted,vector,i32,128,equal,desc,0,0,6,512,44.922
sorted,vector,i32,512,full,asc,0,1,0,182,2747.253
sorted,vector,i32,512,full,asc,0,0,0,179,2793.296
sorted,vector,i32,512,full,asc,0,0,1,185,2713.514
sorted,vector,i32,512,full,asc,0,1,1,184,2722.826
sorted,vector,i32,512,full,asc,0,1,2,187,2679.144
sorted,vector,i32,512,full,asc,0,0,2,188,2670.213
sorted,vector,i32,512,full,asc,0,0,3,178,2820.225
sorted,vector,i32,512,full,asc,0,1,3,178,2814.607
sorted,vector,i32,512,full,asc,0,1,4,180,2783.333
sorted,vector,i32,512,full,asc,0,0,4,180,2777.778
sorted,vector,i32,512,full,asc,0,0,5,182,2752.747
sorted,vector,i32,512,full,asc,0,1,5,182,2747.253
sorted,vector,i32,512,full,asc,0,1,6,183,2743.169
sorted,vector,i32,512,full,asc,0,0,6,184,2722.826
sorted,vector,i32,512,full,desc,0,1,0,186,2698.925
sorted,vector,i32,512,full,desc,0,0,0,189,2656.085
sorted,vector,i32,512,full,desc,0,1,1,188,2664.894
sorted,vector,i32,512,full,desc,0,0,1,190,2642.105
sorted,vector,i32,512,full,desc,0,0,2,188,2664.894
sorted,vector,i32,512,full,desc,0,1,2,189,2650.794
sorted,vector,i32,512,full,desc,0,1,3,184,2728.261
sorted,vector,i32,512,full,desc,0,0,3,188,2664.894
sorted,vector,i32,512,full,desc,0,1,4,187,2673.797
sorted,vector,i32,512,full,desc,0,0,4,190,2642.105
sorted,vector,i32,512,full,desc,0,0,5,187,2673.797
sorted,vector,i32,512,full,desc,0,1,5,189,2650.794
sorted,vector,i32,512,full,desc,0,1,6,189,2650.794
sorted,vector,i32,512,full,desc,0,0,6,189,2645.503
sorted,vector,i32,512,bits22,asc,0,1,0,182,2758.242
sorted,vector,i32,512,bits22,asc,0,0,0,184,2722.826
sorted,vector,i32,512,bits22,asc,0,0,1,181,2773.481
sorted,vector,i32,512,bits22,asc,0,1,1,180,2783.333
sorted,vector,i32,512,bits22,asc,0,0,2,182,2752.747
sorted,vector,i32,512,bits22,asc,0,1,2,183,2737.705
sorted,vector,i32,512,bits22,asc,0,1,3,177,2824.859
sorted,vector,i32,512,bits22,asc,0,0,3,162,3086.420
sorted,vector,i32,512,bits22,asc,0,1,4,174,2873.563
sorted,vector,i32,512,bits22,asc,0,0,4,175,2857.143
sorted,vector,i32,512,bits22,asc,0,0,5,174,2885.057
sorted,vector,i32,512,bits22,asc,0,1,5,176,2846.591
sorted,vector,i32,512,bits22,asc,0,0,6,173,2890.173
sorted,vector,i32,512,bits22,asc,0,1,6,174,2879.310
sorted,vector,i32,512,bits22,desc,0,0,0,199,2512.563
sorted,vector,i32,512,bits22,desc,0,1,0,201,2492.537
sorted,vector,i32,512,bits22,desc,0,1,1,199,2512.563
sorted,vector,i32,512,bits22,desc,0,0,1,201,2492.537
sorted,vector,i32,512,bits22,desc,0,1,2,199,2517.588
sorted,vector,i32,512,bits22,desc,0,0,2,203,2467.980
sorted,vector,i32,512,bits22,desc,0,1,3,189,2650.794
sorted,vector,i32,512,bits22,desc,0,0,3,192,2604.167
sorted,vector,i32,512,bits22,desc,0,1,4,201,2497.512
sorted,vector,i32,512,bits22,desc,0,0,4,197,2543.147
sorted,vector,i32,512,bits22,desc,0,1,5,188,2670.213
sorted,vector,i32,512,bits22,desc,0,0,5,189,2645.503
sorted,vector,i32,512,bits22,desc,0,1,6,186,2688.172
sorted,vector,i32,512,bits22,desc,0,0,6,187,2673.797
sorted,vector,i32,512,gaps,asc,0,0,0,190,2636.842
sorted,vector,i32,512,gaps,asc,0,1,0,199,2522.613
sorted,vector,i32,512,gaps,asc,0,0,1,196,2551.020
sorted,vector,i32,512,gaps,asc,0,1,1,199,2522.613
sorted,vector,i32,512,gaps,asc,0,0,2,187,2684.492
sorted,vector,i32,512,gaps,asc,0,1,2,191,2623.037
sorted,vector,i32,512,gaps,asc,0,1,3,187,2673.797
sorted,vector,i32,512,gaps,asc,0,0,3,184,2717.391
sorted,vector,i32,512,gaps,asc,0,0,4,198,2525.253
sorted,vector,i32,512,gaps,asc,0,1,4,193,2590.674
sorted,vector,i32,512,gaps,asc,0,1,5,190,2631.579
sorted,vector,i32,512,gaps,asc,0,0,5,192,2609.375
sorted,vector,i32,512,gaps,asc,0,1,6,190,2642.105
sorted,vector,i32,512,gaps,asc,0,0,6,187,2673.797
sorted,vector,i32,512,gaps,desc,0,0,0,193,2601.036
sorted,vector,i32,512,gaps,desc,0,1,0,194,2587.629
sorted,vector,i32,512,gaps,desc,0,1,1,196,2556.122
sorted,vector,i32,512,gaps,desc,0,0,1,192,2604.167
sorted,vector,i32,512,gaps,desc,0,1,2,191,2617.801
sorted,vector,i32,512,gaps,desc,0,0,2,197,2543.147
sorted,vector,i32,512,gaps,desc,0,1,3,186,2704.301
sorted,vector,i32,512,gaps,desc,0,0,3,184,2717.391
sorted,vector,i32,512,gaps,desc,0,1,4,185,2702.703
sorted,vector,i32,512,gaps,desc,0,0,4,193,2595.855
sorted,vector,i32,512,gaps,desc,0,0,5,196,2556.122
sorted,vector,i32,512,gaps,desc,0,1,5,193,2595.855
sorted,vector,i32,512,gaps,desc,0,0,6,193,2601.036
sorted,vector,i32,512,gaps,desc,0,1,6,193,2590.674
sorted,vector,i32,512,few,asc,0,0,0,508,984.252
sorted,vector,i32,512,few,asc,0,1,0,512,966.797
sorted,vector,i32,512,few,asc,0,0,1,512,914.062
sorted,vector,i32,512,few,asc,0,1,1,512,953.125
sorted,vector,i32,512,few,asc,0,1,2,512,974.609
sorted,vector,i32,512,few,asc,0,0,2,512,968.750
sorted,vector,i32,512,few,asc,0,1,3,503,994.036
sorted,vector,i32,512,few,asc,0,0,3,482,1037.344
sorted,vector,i32,512,few,asc,0,1,4,512,955.078
sorted,vector,i32,512,few,asc,0,0,4,512,947.266
sorted,vector,i32,512,few,asc,0,1,5,512,957.031
sorted,vector,i32,512,few,asc,0,0,5,512,941.406
sorted,vector,i32,512,few,asc,0,1,6,512,941.406
sorted,vector,i32,512,few,asc,0,0,6,512,943.359
sorted,vector,i32,512,few,desc,0,1,0,497,1006.036
sorted,vector,i32,512,few,desc,0,0,0,512,962.891
sorted,vector,i32,512,few,desc,0,1,1,512,953.125
sorted,vector,i32,512,few,desc,0,0,1,512,945.312
sorted,vector,i32,512,few,desc,0,0,2,503,994.036
sorted,vector,i32,512,few,desc,0,1,2,512,964.844
sorted,vector,i32,512,few,desc,0,1,3,491,1018.330
sorted,vector,i32,512,few,desc,0,0,3,509,982.318
sorted,vector,i32,512,few,desc,0,0,4,512,958.984
sorted,vector,i32,512,few,desc,0,1,4,512,972.656
sorted,vector,i32,512,few,desc,0,1,5,512,951.172
sorted,vector,i32,512,few,desc,0,0,5,512,960.938
sorted,vector,i32,512,few,desc,0,0,6,512,955.078
sorted,vector,i32,512,few,desc,0,1,6,512,953.125
sorted,vector,i32,512,ordered,asc,0,0,0,512,138.672
sorted,vector,i32,512,ordered,asc,0,1,0,512,125.000
sorted,vector,i32,512,ordered,asc,0,1,1,512,132.812
sorted,vector,i32,512,ordered,asc,0,0,1,512,136.719
sorted,vector,i32,512,ordered,asc,0,1,2,512,132.812
sorted,vector,i32,512,ordered,asc,0,0,2,512,128.906
sorted,vector,i32,512,ordered,asc,0,0,3,512,125.000
sorted,vector,i32,512,ordered,asc,0,1,3,512,128.906
sorted,vector,i32,512,ordered,asc,0,0,4,512,128.906
sorted,vector,i32,512,ordered,asc,0,1,4,512,125.000
sorted,vector,i32,512,ordered,asc,0,0,5,512,136.719
sorted,vector,i32,512,ordered,asc,0,1,5,512,130.859
sorted,vector,i32,512,ordered,asc,0,0,6,512,130.859
sorted,vector,i32,512,ordered,asc,0,1,6,512,130.859
sorted,vector,i32,512,ordered,desc,0,1,0,512,197.266
sorted,vector,i32,512,ordered,desc,0,0,0,512,207.031
sorted,vector,i32,512,ordered,desc,0,1,1,512,203.125
sorted,vector,i32,512,ordered,desc,0,0,1,512,193.359
sorted,vector,i32,512,ordered,desc,0,1,2,512,187.500
sorted,vector,i32,512,ordered,desc,0,0,2,512,201.172
sorted,vector,i32,512,ordered,desc,0,1,3,512,203.125
sorted,vector,i32,512,ordered,desc,0,0,3,512,193.359
sorted,vector,i32,512,ordered,desc,0,0,4,512,191.406
sorted,vector,i32,512,ordered,desc,0,1,4,512,189.453
sorted,vector,i32,512,ordered,desc,0,1,5,512,185.547
sorted,vector,i32,512,ordered,desc,0,0,5,512,203.125
sorted,vector,i32,512,ordered,desc,0,1,6,512,187.500
sorted,vector,i32,512,ordered,desc,0,0,6,512,185.547
sorted,vector,i32,512,reverse,asc,0,0,0,512,197.266
sorted,vector,i32,512,reverse,asc,0,1,0,512,208.984
sorted,vector,i32,512,reverse,asc,0,0,1,512,201.172
sorted,vector,i32,512,reverse,asc,0,1,1,512,197.266
sorted,vector,i32,512,reverse,asc,0,1,2,512,210.938
sorted,vector,i32,512,reverse,asc,0,0,2,512,205.078
sorted,vector,i32,512,reverse,asc,0,1,3,512,193.359
sorted,vector,i32,512,reverse,asc,0,0,3,512,195.312
sorted,vector,i32,512,reverse,asc,0,0,4,512,214.844
sorted,vector,i32,512,reverse,asc,0,1,4,512,199.219
sorted,vector,i32,512,reverse,asc,0,1,5,512,203.125
sorted,vector,i32,512,reverse,asc,0,0,5,512,197.266
sorted,vector,i32,512,reverse,asc,0,0,6,512,203.125
sorted,vector,i32,512,reverse,asc,0,1,6,512,201.172
sorted,vector,i32,512,reverse,desc,0,1,0,512,134.766
sorted,vector,i32,512,reverse,desc,0,0,0,512,140.625
sorted,vector,i32,512,reverse,desc,0,1,1,512,134.766
sorted,vector,i32,512,reverse,desc,0,0,1,512,134.766
sorted,vector,i32,512,reverse,desc,0,1,2,512,126.953
sorted,vector,i32,512,reverse,desc,0,0,2,512,130.859
sorted,vector,i32,512,reverse,desc,0,1,3,512,132.812
sorted,vector,i32,512,reverse,desc,0,0,3,512,128.906
sorted,vector,i32,512,reverse,desc,0,0,4,512,136.719
sorted,vector,i32,512,reverse,desc,0,1,4,512,134.766
sorted,vector,i32,512,reverse,desc,0,0,5,512,134.766
sorted,vector,i32,512,reverse,desc,0,1,5,512,126.953
sorted,vector,i32,512,reverse,desc,0,0,6,512,134.766
sorted,vector,i32,512,reverse,desc,0,1,6,512,132.812
sorted,vector,i32,512,nearly,asc,0,0,0,247,2028.340
sorted,vector,i32,512,nearly,asc,0,1,0,248,2016.129
sorted,vector,i32,512,nearly,asc,0,1,1,252,1984.127
sorted,vector,i32,512,nearly,asc,0,0,1,247,2024.291
sorted,vector,i32,512,nearly,asc,0,1,2,250,2000.000
sorted,vector,i32,512,nearly,asc,0,0,2,249,2012.048
sorted,vector,i32,512,nearly,asc,0,0,3,238,2105.042
sorted,vector,i32,512,nearly,asc,0,1,3,247,2028.340
sorted,vector,i32,512,nearly,asc,0,0,4,249,2008.032
sorted,vector,i32,512,nearly,asc,0,1,4,251,1996.016
sorted,vector,i32,512,nearly,asc,0,0,5,250,2004.000
sorted,vector,i32,512,nearly,asc,0,1,5,252,1988.095
sorted,vector,i32,512,nearly,asc,0,1,6,252,1984.127
sorted,vector,i32,512,nearly,asc,0,0,6,251,1996.016
sorted,vector,i32,512,nearly,desc,0,0,0,227,2207.048
sorted,vector,i32,512,nearly,desc,0,1,0,226,2216.814
sorted,vector,i32,512,nearly,desc,0,0,1,215,2330.233
sorted,vector,i32,512,nearly,desc,0,1,1,225,2222.222
sorted,vector,i32,512,nearly,desc,0,0,2,229,2183.406
sorted,vector,i32,512,nearly,desc,0,1,2,228,2197.368
sorted,vector,i32,512,nearly,desc,0,0,3,199,2522.613
sorted,vector,i32,512,nearly,desc,0,1,3,221,2266.968
sorted,vector,i32,512,nearly,desc,0,0,4,227,2202.643
sorted,vector,i32,512,nearly,desc,0,1,4,225,2226.667
sorted,vector,i32,512,nearly,desc,0,1,5,222,2252.252
sorted,vector,i32,512,nearly,desc,0,0,5,224,2232.143
sorted,vector,i32,512,nearly,desc,0,1,6,227,2207.048
sorted,vector,i32,512,nearly,desc,0,0,6,228,2192.982
sorted,vector,i32,512,equal,asc,0,0,0,512,128.906
sorted,vector,i32,512,equal,asc,0,1,0,512,130.859
sorted,vector,i32,512,equal,asc,0,0,1,512,126.953
sorted,vector,i32,512,equal,asc,0,1,1,512,130.859
sorted,vector,i32,512,equal,asc,0,1,2,512,132.812
sorted,vector,i32,512,equal,asc,0,0,2,512,132.812
sorted,vector,i32,512,equal,asc,0,0,3,512,138.672
sorted,vector,i32,512,equal,asc,0,1,3,512,130.859
sorted,vector,i32,512,equal,asc,0,1,4,512,132.812
sorted,vector,i32,512,equal,asc,0,0,4,512,142.578
sorted,vector,i32,512,equal,asc,0,0,5,512,128.906
sorted,vector,i32,512,equal,asc,0,1,5,512,134.766
sorted,vector,i32,512,equal,asc,0,0,6,512,140.625
sorted,vector,i32,512,equal,asc,0,1,6,512,150.391
sorted,vector,i32,512,equal,desc,0,0,0,512,152.344
sorted,vector,i32,512,equal,desc,0,1,0,512,134.766
sorted,vector,i32,512,equal,desc,0,0,1,512,132.812
sorted,vector,i32,512,equal,desc,0,1,1,512,125.000
sorted,vector,i32,512,equal,desc,0,0,2,512,140.625
sorted,vector,i32,512,equal,desc,0,1,2,512,148.438
sorted,vector,i32,512,equal,desc,0,1,3,512,140.625
sorted,vector,i32,512,equal,desc,0,0,3,512,138.672
sorted,vector,i32,512,equal,desc,0,0,4,512,128.906
sorted,vector,i32,512,equal,desc,0,1,4,512,142.578
sorted,vector,i32,512,equal,desc,0,1,5,512,132.812
sorted,vector,i32,512,equal,desc,0,0,5,512,138.672
sorted,vector,i32,512,equal,desc,0,0,6,512,134.766
sorted,vector,i32,512,equal,desc,0,1,6,512,128.906
sorted,vector,i32,4096,full,asc,0,0,0,46,10934.783
sorted,vector,i32,4096,full,asc,0,1,0,45,11177.778
sorted,vector,i32,4096,full,asc,0,0,1,48,10416.667
sorted,vector,i32,4096,full,asc,0,1,1,45,11200.000
sorted,vector,i32,4096,full,asc,0,1,2,47,10659.574
sorted,vector,i32,4096,full,asc,0,0,2,45,11333.333
sorted,vector,i32,4096,full,asc,0,0,3,48,10625.000
sorted,vector,i32,4096,full,asc,0,1,3,45,11155.556
sorted,vector,i32,4096,full,asc,0,1,4,46,10913.043
sorted,vector,i32,4096,full,asc,0,0,4,46,11065.217
sorted,vector,i32,4096,full,asc,0,1,5,46,11086.957
sorted,vector,i32,4096,full,asc,0,0,5,46,10934.783
sorted,vector,i32,4096,full,asc,0,0,6,45,11333.333
sorted,vector,i32,4096,full,asc,0,1,6,47,10829.787
sorted,vector,i32,4096,full,desc,0,1,0,47,10765.957
sorted,vector,i32,4096,full,desc,0,0,0,45,11266.667
sorted,vector,i32,4096,full,desc,0,1,1,47,10851.064
sorted,vector,i32,4096,full,desc,0,0,1,46,11065.217
sorted,vector,i32,4096,full,desc,0,1,2,47,10808.511
sorted,vector,i32,4096,full,desc,0,0,2,46,11043.478
sorted,vector,i32,4096,full,desc,0,1,3,46,11000.000
sorted,vector,i32,4096,full,desc,0,0,3,45,11311.111
sorted,vector,i32,4096,full,desc,0,0,4,46,11108.696
sorted,vector,i32,4096,full,desc,0,1,4,47,10829.787
sorted,vector,i32,4096,full,desc,0,1,5,45,11111.111
sorted,vector,i32,4096,full,desc,0,0,5,46,11000.000
sorted,vector,i32,4096,full,desc,0,1,6,46,10978.261
sorted,vector,i32,4096,full,desc,0,0,6,46,11086.957
sorted,vector,i32,4096,bits22,asc,0,0,0,59,8610.169
sorted,vector,i32,4096,bits22,asc,0,1,0,57,8894.737
sorted,vector,i32,4096,bits22,asc,0,0,1,58,8620.690
sorted,vector,i32,4096,bits22,asc,0,1,1,58,8689.655
sorted,vector,i32,4096,bits22,asc,0,1,2,58,8706.897
sorted,vector,i32,4096,bits22,asc,0,0,2,58,8672.414
sorted,vector,i32,4096,bits22,asc,0,0,3,57,8842.105
sorted,vector,i32,4096,bits22,asc,0,1,3,59,8491.525
sorted,vector,i32,4096,bits22,asc,0,1,4,56,9000.000
sorted,vector,i32,4096,bits22,asc,0,0,4,59,8474.576
sorted,vector,i32,4096,bits22,asc,0,1,5,56,8946.429
sorted,vector,i32,4096,bits22,asc,0,0,5,60,8333.333
sorted,vector,i32,4096,bits22,asc,0,1,6,55,9145.455
sorted,vector,i32,4096,bits22,asc,0,0,6,57,8824.561
sorted,vector,i32,4096,bits22,desc,0,1,0,58,8620.690
sorted,vector,i32,4096,bits22,desc,0,0,0,57,8771.930
sorted,vector,i32,4096,bits22,desc,0,1,1,57,8789.474
sorted,vector,i32,4096,bits22,desc,0,0,1,57,8877.193
sorted,vector,i32,4096,bits22,desc,0,1,2,59,8542.373
sorted,vector,i32,4096,bits22,desc,0,0,2,56,8982.143
sorted,vector,i32,4096,bits22,desc,0,0,3,58,8689.655
sorted,vector,i32,4096,bits22,desc,0,1,3,56,9035.714
sorted,vector,i32,4096,bits22,desc,0,1,4,60,8350.000
sorted,vector,i32,4096,bits22,desc,0,0,4,54,9259.259
sorted,vector,i32,4096,bits22,desc,0,0,5,60,8450.000
sorted,vector,i32,4096,bits22,desc,0,1,5,55,9090.909
sorted,vector,i32,4096,bits22,desc,0,1,6,60,8383.333
sorted,vector,i32,4096,bits22,desc,0,0,6,54,9259.259
sorted,vector,i32,4096,gaps,asc,0,1,0,29,17689.655
sorted,vector,i32,4096,gaps,asc,0,0,0,30,16966.667
sorted,vector,i32,4096,gaps,asc,0,1,1,30,17166.667
sorted,vector,i32,4096,gaps,asc,0,0,1,29,17689.655
sorted,vector,i32,4096,gaps,asc,0,1,2,30,16900.000
sorted,vector,i32,4096,gaps,asc,0,0,2,30,17233.333
sorted,vector,i32,4096,gaps,asc,0,0,3,29,17344.828
sorted,vector,i32,4096,gaps,asc,0,1,3,28,17928.571
sorted,vector,i32,4096,gaps,asc,0,1,4,29,17586.207
sorted,vector,i32,4096,gaps,asc,0,0,4,30,17100.000
sorted,vector,i32,4096,gaps,asc,0,1,5,29,17241.379
sorted,vector,i32,4096,gaps,asc,0,0,5,29,17275.862
sorted,vector,i32,4096,gaps,asc,0,0,6,29,17448.276
sorted,vector,i32,4096,gaps,asc,0,1,6,28,18250.000
sorted,vector,i32,4096,gaps,desc,0,1,0,29,17482.759
sorted,vector,i32,4096,gaps,desc,0,0,0,28,18000.000
sorted,vector,i32,4096,gaps,desc,0,0,1,28,18464.286
sorted,vector,i32,4096,gaps,desc,0,1,1,30,17066.667
sorted,vector,i32,4096,gaps,desc,0,0,2,28,18285.714
sorted,vector,i32,4096,gaps,desc,0,1,2,29,17448.276
sorted,vector,i32,4096,gaps,desc,0,1,3,29,17413.793
sorted,vector,i32,4096,gaps,desc,0,0,3,28,18000.000
sorted,vector,i32,4096,gaps,desc,0,1,4,29,17758.621
sorted,vector,i32,4096,gaps,desc,0,0,4,28,18142.857
sorted,vector,i32,4096,gaps,desc,0,1,5,29,17551.724
sorted,vector,i32,4096,gaps,desc,0,0,5,28,18285.714
sorted,vector,i32,4096,gaps,desc,0,1,6,29,17448.276
sorted,vector,i32,4096,gaps,desc,0,0,6,26,19500.000
sorted,vector,i32,4096,few,asc,0,0,0,88,5693.182
sorted,vector,i32,4096,few,asc,0,1,0,87,5781.609
sorted,vector,i32,4096,few,asc,0,1,1,88,5727.273
sorted,vector,i32,4096,few,asc,0,0,1,89,5651.685
sorted,vector,i32,4096,few,asc,0,0,2,88,5727.273
sorted,vector,i32,4096,few,asc,0,1,2,84,6011.905
sorted,vector,i32,4096,few,asc,0,0,3,88,5715.909
sorted,vector,i32,4096,few,asc,0,1,3,84,6000.000
sorted,vector,i32,4096,few,asc,0,1,4,87,5747.126
sorted,vector,i32,4096,few,asc,0,0,4,87,5758.621
sorted,vector,i32,4096,few,asc,0,1,5,83,6060.241
sorted,vector,i32,4096,few,asc,0,0,5,90,5588.889
sorted,vector,i32,4096,few,asc,0,0,6,75,6693.333
sorted,vector,i32,4096,few,asc,0,1,6,88,5715.909
sorted,vector,i32,4096,few,desc,0,0,0,75,6720.000
sorted,vector,i32,4096,few,desc,0,1,0,85,5905.882
sorted,vector,i32,4096,few,desc,0,1,1,83,6048.193
sorted,vector,i32,4096,few,desc,0,0,1,74,6783.784
sorted,vector,i32,4096,few,desc,0,0,2,75,6720.000
sorted,vector,i32,4096,few,desc,0,1,2,88,5727.273
sorted,vector,i32,4096,few,desc,0,1,3,82,6158.537
sorted,vector,i32,4096,few,desc,0,0,3,72,6958.333
sorted,vector,i32,4096,few,desc,0,1,4,88,5738.636
sorted,vector,i32,4096,few,desc,0,0,4,72,6958.333
sorted,vector,i32,4096,few,desc,0,0,5,75,6706.667
sorted,vector,i32,4096,few,desc,0,1,5,82,6134.146
sorted,vector,i32,4096,few,desc,0,1,6,85,5917.647
sorted,vector,i32,4096,few,desc,0,0,6,76,6631.579
sorted,vector,i32,4096,ordered,asc,0,0,0,512,931.641
sorted,vector,i32,4096,ordered,asc,0,1,0,512,947.266
sorted,vector,i32,4096,ordered,asc,0,0,1,512,937.500
sorted,vector,i32,4096,ordered,asc,0,1,1,512,933.594
sorted,vector,i32,4096,ordered,asc,0,1,2,512,962.891
sorted,vector,i32,4096,ordered,asc,0,0,2,512,949.219
sorted,vector,i32,4096,ordered,asc,0,1,3,512,929.688
sorted,vector,i32,4096,ordered,asc,0,0,3,512,951.172
sorted,vector,i32,4096,ordered,asc,0,1,4,512,939.453
sorted,vector,i32,4096,ordered,asc,0,0,4,512,947.266
sorted,vector,i32,4096,ordered,asc,0,1,5,512,933.594
sorted,vector,i32,4096,ordered,asc,0,0,5,512,976.562
sorted,vector,i32,4096,ordered,asc,0,1,6,512,939.453
sorted,vector,i32,4096,ordered,asc,0,0,6,512,945.312
sorted,vector,i32,4096,ordered,desc,0,1,0,350,1428.571
sorted,vector,i32,4096,ordered,desc,0,0,0,358,1399.441
sorted,vector,i32,4096,ordered,desc,0,0,1,354,1412.429
sorted,vector,i32,4096,ordered,desc,0,1,1,352,1423.295
sorted,vector,i32,4096,ordered,desc,0,0,2,340,1470.588
sorted,vector,i32,4096,ordered,desc,0,1,2,359,1395.543
sorted,vector,i32,4096,ordered,desc,0,1,3,357,1403.361
sorted,vector,i32,4096,ordered,desc,0,0,3,360,1388.889
sorted,vector,i32,4096,ordered,desc,0,0,4,357,1403.361
sorted,vector,i32,4096,ordered,desc,0,1,4,356,1404.494
sorted,vector,i32,4096,ordered,desc,0,1,5,356,1404.494
sorted,vector,i32,4096,ordered,desc,0,0,5,353,1416.431
sorted,vector,i32,4096,ordered,desc,0,1,6,346,1445.087
sorted,vector,i32,4096,ordered,desc,0,0,6,353,1416.431
sorted,vector,i32,4096,reverse,asc,0,0,0,343,1457.726
sorted,vector,i32,4096,reverse,asc,0,1,0,329,1519.757
sorted,vector,i32,4096,reverse,asc,0,0,1,355,1408.451
sorted,vector,i32,4096,reverse,asc,0,1,1,358,1396.648
sorted,vector,i32,4096,reverse,asc,0,0,2,352,1420.455
sorted,vector,i32,4096,reverse,asc,0,1,2,356,1407.303
sorted,vector,i32,4096,reverse,asc,0,1,3,356,1404.494
sorted,vector,i32,4096,reverse,asc,0,0,3,356,1404.494
sorted,vector,i32,4096,reverse,asc,0,0,4,356,1404.494
sorted,vector,i32,4096,reverse,asc,0,1,4,357,1400.560
sorted,vector,i32,4096,reverse,asc,0,0,5,359,1392.758
sorted,vector,i32,4096,reverse,asc,0,1,5,357,1400.560
sorted,vector,i32,4096,reverse,asc,0,1,6,356,1404.494
sorted,vector,i32,4096,reverse,asc,0,0,6,336,1488.095
sorted,vector,i32,4096,reverse,desc,0,0,0,512,935.547
sorted,vector,i32,4096,reverse,desc,0,1,0,512,939.453
sorted,vector,i32,4096,reverse,desc,0,0,1,512,964.844
sorted,vector,i32,4096,reverse,desc,0,1,1,512,945.312
sorted,vector,i32,4096,reverse,desc,0,1,2,512,943.359
sorted,vector,i32,4096,reverse,desc,0,0,2,512,943.359
sorted,vector,i32,4096,reverse,desc,0,1,3,512,945.312
sorted,vector,i32,4096,reverse,desc,0,0,3,512,941.406
sorted,vector,i32,4096,reverse,desc,0,1,4,512,937.500
sorted,vector,i32,4096,reverse,desc,0,0,4,506,988.142
sorted,vector,i32,4096,reverse,desc,0,1,5,512,943.359
sorted,vector,i32,4096,reverse,desc,0,0,5,512,955.078
sorted,vector,i32,4096,reverse,desc,0,1,6,512,945.312
sorted,vector,i32,4096,reverse,desc,0,0,6,512,968.750
sorted,vector,i32,4096,nearly,asc,0,0,0,43,11674.419
sorted,vector,i32,4096,nearly,asc,0,1,0,46,11021.739
sorted,vector,i32,4096,nearly,asc,0,1,1,43,11720.930
sorted,vector,i32,4096,nearly,asc,0,0,1,45,11177.778
sorted,vector,i32,4096,nearly,asc,0,1,2,41,12292.683
sorted,vector,i32,4096,nearly,asc,0,0,2,43,11651.163
sorted,vector,i32,4096,nearly,asc,0,1,3,44,11409.091
sorted,vector,i32,4096,nearly,asc,0,0,3,43,11697.674
sorted,vector,i32,4096,nearly,asc,0,1,4,44,11522.727
sorted,vector,i32,4096,nearly,asc,0,0,4,43,11767.442
sorted,vector,i32,4096,nearly,asc,0,0,5,44,11454.545
sorted,vector,i32,4096,nearly,asc,0,1,5,43,11697.674
sorted,vector,i32,4096,nearly,asc,0,1,6,45,11266.667
sorted,vector,i32,4096,nearly,asc,0,0,6,43,11790.698
sorted,vector,i32,4096,nearly,desc,0,1,0,47,10851.064
sorted,vector,i32,4096,nearly,desc,0,0,0,41,12268.293
sorted,vector,i32,4096,nearly,desc,0,1,1,44,11477.273
sorted,vector,i32,4096,nearly,desc,0,0,1,43,11813.953
sorted,vector,i32,4096,nearly,desc,0,1,2,46,11108.696
sorted,vector,i32,4096,nearly,desc,0,0,2,42,11976.190
sorted,vector,i32,4096,nearly,desc,0,1,3,44,11522.727
sorted,vector,i32,4096,nearly,desc,0,0,3,43,11720.930
sorted,vector,i32,4096,nearly,desc,0,0,4,43,11697.674
sorted,vector,i32,4096,nearly,desc,0,1,4,45,11355.556
sorted,vector,i32,4096,nearly,desc,0,0,5,44,11454.545
sorted,vector,i32,4096,nearly,desc,0,1,5,43,11790.698
sorted,vector,i32,4096,nearly,desc,0,1,6,44,11431.818
sorted,vector,i32,4096,nearly,desc,0,0,6,43,11767.442
sorted,vector,i32,4096,equal,asc,0,0,0,512,949.219
sorted,vector,i32,4096,equal,asc,0,1,0,512,939.453
sorted,vector,i32,4096,equal,asc,0,0,1,512,937.500
sorted,vector,i32,4096,equal,asc,0,1,1,512,949.219
sorted,vector,i32,4096,equal,asc,0,1,2,512,955.078
sorted,vector,i32,4096,equal,asc,0,0,2,512,962.891
sorted,vector,i32,4096,equal,asc,0,0,3,512,937.500
sorted,vector,i32,4096,equal,asc,0,1,3,512,933.594
sorted,vector,i32,4096,equal,asc,0,1,4,512,937.500
sorted,vector,i32,4096,equal,asc,0,0,4,512,953.125
sorted,vector,i32,4096,equal,asc,0,0,5,512,925.781
sorted,vector,i32,4096,equal,asc,0,1,5,512,953.125
sorted,vector,i32,4096,equal,asc,0,0,6,512,935.547
sorted,vector,i32,4096,equal,asc,0,1,6,512,935.547
sorted,vector,i32,4096,equal,desc,0,0,0,512,970.703
sorted,vector,i32,4096,equal,desc,0,1,0,512,949.219
sorted,vector,i32,4096,equal,desc,0,1,1,512,947.266
sorted,vector,i32,4096,equal,desc,0,0,1,512,933.594
sorted,vector,i32,4096,equal,desc,0,0,2,512,937.500
sorted,vector,i32,4096,equal,desc,0,1,2,512,943.359
sorted,vector,i32,4096,equal,desc,0,0,3,512,949.219
sorted,vector,i32,4096,equal,desc,0,1,3,512,937.500
sorted,vector,i32,4096,equal,desc,0,1,4,512,949.219
sorted,vector,i32,4096,equal,desc,0,0,4,512,935.547
sorted,vector,i32,4096,equal,desc,0,0,5,512,927.734
sorted,vector,i32,4096,equal,desc,0,1,5,512,935.547
sorted,vector,i32,4096,equal,desc,0,1,6,502,996.016
sorted,vector,i32,4096,equal,desc,0,0,6,512,947.266
sorted,vector,i32,65536,full,asc,0,1,0,3,199333.333
sorted,vector,i32,65536,full,asc,0,0,0,3,189666.667
sorted,vector,i32,65536,full,asc,0,1,1,3,196666.667
sorted,vector,i32,65536,full,asc,0,0,1,3,194333.333
sorted,vector,i32,65536,full,asc,0,1,2,3,198333.333
sorted,vector,i32,65536,full,asc,0,0,2,3,193666.667
sorted,vector,i32,65536,full,asc,0,1,3,3,215333.333
sorted,vector,i32,65536,full,asc,0,0,3,3,196666.667
sorted,vector,i32,65536,full,asc,0,1,4,3,193000.000
sorted,vector,i32,65536,full,asc,0,0,4,3,196333.333
sorted,vector,i32,65536,full,asc,0,0,5,3,192000.000
sorted,vector,i32,65536,full,asc,0,1,5,3,195333.333
sorted,vector,i32,65536,full,asc,0,1,6,3,199000.000
sorted,vector,i32,65536,full,asc,0,0,6,3,192000.000
sorted,vector,i32,65536,full,desc,0,0,0,3,186000.000
sorted,vector,i32,65536,full,desc,0,1,0,3,187333.333
sorted,vector,i32,65536,full,desc,0,1,1,3,183333.333
sorted,vector,i32,65536,full,desc,0,0,1,3,184000.000
sorted,vector,i32,65536,full,desc,0,0,2,3,187000.000
sorted,vector,i32,65536,full,desc,0,1,2,3,182000.000
sorted,vector,i32,65536,full,desc,0,1,3,3,185000.000
sorted,vector,i32,65536,full,desc,0,0,3,3,184666.667
sorted,vector,i32,65536,full,desc,0,0,4,3,183000.000
sorted,vector,i32,65536,full,desc,0,1,4,3,189333.333
sorted,vector,i32,65536,full,desc,0,0,5,3,176333.333
sorted,vector,i32,65536,full,desc,0,1,5,3,181000.000
sorted,vector,i32,65536,full,desc,0,1,6,3,181666.667
sorted,vector,i32,65536,full,desc,0,0,6,3,174666.667
sorted,vector,i32,65536,bits22,asc,0,0,0,4,146500.000
sorted,vector,i32,65536,bits22,asc,0,1,0,4,151750.000
sorted,vector,i32,65536,bits22,asc,0,1,1,4,141250.000
sorted,vector,i32,65536,bits22,asc,0,0,1,4,147250.000
sorted,vector,i32,65536,bits22,asc,0,0,2,4,149750.000
sorted,vector,i32,65536,bits22,asc,0,1,2,4,141250.000
sorted,vector,i32,65536,bits22,asc,0,1,3,4,148750.000
sorted,vector,i32,65536,bits22,asc,0,0,3,4,145250.000
sorted,vector,i32,65536,bits22,asc,0,1,4,4,147500.000
sorted,vector,i32,65536,bits22,asc,0,0,4,4,148750.000
sorted,vector,i32,65536,bits22,asc,0,0,5,4,142750.000
sorted,vector,i32,65536,bits22,asc,0,1,5,4,148250.000
sorted,vector,i32,65536,bits22,asc,0,1,6,4,148000.000
sorted,vector,i32,65536,bits22,asc,0,0,6,4,146250.000
sorted,vector,i32,65536,bits22,desc,0,0,0,4,139250.000
sorted,vector,i32,65536,bits22,desc,0,1,0,4,138000.000
sorted,vector,i32,65536,bits22,desc,0,1,1,4,149750.000
sorted,vector,i32,65536,bits22,desc,0,0,1,4,137750.000
sorted,vector,i32,65536,bits22,desc,0,0,2,4,136250.000
sorted,vector,i32,65536,bits22,desc,0,1,2,4,142750.000
sorted,vector,i32,65536,bits22,desc,0,0,3,4,135000.000
sorted,vector,i32,65536,bits22,desc,0,1,3,4,140750.000
sorted,vector,i32,65536,bits22,desc,0,1,4,4,137500.000
sorted,vector,i32,65536,bits22,desc,0,0,4,4,136500.000
sorted,vector,i32,65536,bits22,desc,0,1,5,4,140250.000
sorted,vector,i32,65536,bits22,desc,0,0,5,4,140000.000
sorted,vector,i32,65536,bits22,desc,0,0,6,4,135750.000
sorted,vector,i32,65536,bits22,desc,0,1,6,4,138500.000
sorted,vector,i32,65536,gaps,asc,0,1,0,2,280500.000
sorted,vector,i32,65536,gaps,asc,0,0,0,2,268000.000
sorted,vector,i32,65536,gaps,asc,0,1,1,3,252666.667
sorted,vector,i32,65536,gaps,asc,0,0,1,2,284000.000
sorted,vector,i32,65536,gaps,asc,0,1,2,3,251666.667
sorted,vector,i32,65536,gaps,asc,0,0,2,2,282000.000
sorted,vector,i32,65536,gaps,asc,0,0,3,2,286500.000
sorted,vector,i32,65536,gaps,asc,0,1,3,3,242333.333
sorted,vector,i32,65536,gaps,asc,0,0,4,3,244000.000
sorted,vector,i32,65536,gaps,asc,0,1,4,3,238666.667
sorted,vector,i32,65536,gaps,asc,0,0,5,2,252500.000
sorted,vector,i32,65536,gaps,asc,0,1,5,2,253000.000
sorted,vector,i32,65536,gaps,asc,0,0,6,3,247000.000
sorted,vector,i32,65536,gaps,asc,0,1,6,2,275500.000
sorted,vector,i32,65536,gaps,desc,0,0,0,3,262000.000
sorted,vector,i32,65536,gaps,desc,0,1,0,3,260666.667
sorted,vector,i32,65536,gaps,desc,0,1,1,3,262666.667
sorted,vector,i32,65536,gaps,desc,0,0,1,3,229000.000
sorted,vector,i32,65536,gaps,desc,0,0,2,2,289000.000
sorted,vector,i32,65536,gaps,desc,0,1,2,3,252000.000
sorted,vector,i32,65536,gaps,desc,0,1,3,3,222666.667
sorted,vector,i32,65536,gaps,desc,0,0,3,3,252000.000
sorted,vector,i32,65536,gaps,desc,0,1,4,3,251666.667
sorted,vector,i32,65536,gaps,desc,0,0,4,2,281500.000
sorted,vector,i32,65536,gaps,desc,0,0,5,2,286000.000
sorted,vector,i32,65536,gaps,desc,0,1,5,2,307500.000
sorted,vector,i32,65536,gaps,desc,0,1,6,2,360000.000
sorted,vector,i32,65536,gaps,desc,0,0,6,2,284500.000
sorted,vector,i32,65536,few,asc,0,0,0,6,97166.667
sorted,vector,i32,65536,few,asc,0,1,0,6,96166.667
sorted,vector,i32,65536,few,asc,0,1,1,6,96666.667
sorted,vector,i32,65536,few,asc,0,0,1,6,98500.000
sorted,vector,i32,65536,few,asc,0,0,2,6,95166.667
sorted,vector,i32,65536,few,asc,0,1,2,6,96000.000
sorted,vector,i32,65536,few,asc,0,0,3,6,95333.333
sorted,vector,i32,65536,few,asc,0,1,3,6,96833.333
sorted,vector,i32,65536,few,asc,0,0,4,6,106000.000
sorted,vector,i32,65536,few,asc,0,1,4,4,146250.000
sorted,vector,i32,65536,few,asc,0,0,5,5,124000.000
sorted,vector,i32,65536,few,asc,0,1,5,5,109400.000
sorted,vector,i32,65536,few,asc,0,1,6,5,104400.000
sorted,vector,i32,65536,few,asc,0,0,6,6,98833.333
sorted,vector,i32,65536,few,desc,0,1,0,6,98500.000
sorted,vector,i32,65536,few,desc,0,0,0,6,98333.333
sorted,vector,i32,65536,few,desc,0,1,1,6,94000.000
sorted,vector,i32,65536,few,desc,0,0,1,5,100600.000
sorted,vector,i32,65536,few,desc,0,0,2,6,95500.000
sorted,vector,i32,65536,few,desc,0,1,2,5,118800.000
sorted,vector,i32,65536,few,desc,0,1,3,5,108200.000
sorted,vector,i32,65536,few,desc,0,0,3,5,106600.000
sorted,vector,i32,65536,few,desc,0,1,4,6,99166.667
sorted,vector,i32,65536,few,desc,0,0,4,5,114000.000
sorted,vector,i32,65536,few,desc,0,1,5,6,95500.000
sorted,vector,i32,65536,few,desc,0,0,5,6,98666.667
sorted,vector,i32,65536,few,desc,0,1,6,6,92333.333
sorted,vector,i32,65536,few,desc,0,0,6,6,95333.333
sorted,vector,i32,65536,ordered,asc,0,1,0,31,16548.387
sorted,vector,i32,65536,ordered,asc,0,0,0,31,16483.871
sorted,vector,i32,65536,ordered,asc,0,0,1,31,16548.387
sorted,vector,i32,65536,ordered,asc,0,1,1,32,15875.000
sorted,vector,i32,65536,ordered,asc,0,0,2,30,16966.667
sorted,vector,i32,65536,ordered,asc,0,1,2,31,16258.065
sorted,vector,i32,65536,ordered,asc,0,1,3,32,16062.500
sorted,vector,i32,65536,ordered,asc,0,0,3,31,16161.290
sorted,vector,i32,65536,ordered,asc,0,1,4,32,15718.750
sorted,vector,i32,65536,ordered,asc,0,0,4,28,18071.429
sorted,vector,i32,65536,ordered,asc,0,1,5,32,16062.500
sorted,vector,i32,65536,ordered,asc,0,0,5,33,15515.152
sorted,vector,i32,65536,ordered,asc,0,0,6,33,15454.545
sorted,vector,i32,65536,ordered,asc,0,1,6,33,15515.152
sorted,vector,i32,65536,ordered,desc,0,0,0,22,23136.364
sorted,vector,i32,65536,ordered,desc,0,1,0,19,26842.105
sorted,vector,i32,65536,ordered,desc,0,1,1,20,25250.000
sorted,vector,i32,65536,ordered,desc,0,0,1,17,30117.647
sorted,vector,i32,65536,ordered,desc,0,0,2,22,23590.909
sorted,vector,i32,65536,ordered,desc,0,1,2,22,23636.364
sorted,vector,i32,65536,ordered,desc,0,1,3,21,24333.333
sorted,vector,i32,65536,ordered,desc,0,0,3,22,23636.364
sorted,vector,i32,65536,ordered,desc,0,0,4,22,23590.909
sorted,vector,i32,65536,ordered,desc,0,1,4,22,23272.727
sorted,vector,i32,65536,ordered,desc,0,0,5,22,23636.364
sorted,vector,i32,65536,ordered,desc,0,1,5,22,23272.727
sorted,vector,i32,65536,ordered,desc,0,1,6,22,23409.091
sorted,vector,i32,65536,ordered,desc,0,0,6,22,23272.727
sorted,vector,i32,65536,reverse,asc,0,1,0,21,24380.952
sorted,vector,i32,65536,reverse,asc,0,0,0,21,24047.619
sorted,vector,i32,65536,reverse,asc,0,0,1,20,25050.000
sorted,vector,i32,65536,reverse,asc,0,1,1,20,26000.000
sorted,vector,i32,65536,reverse,asc,0,1,2,20,25350.000
sorted,vector,i32,65536,reverse,asc,0,0,2,21,23809.524
sorted,vector,i32,65536,reverse,asc,0,1,3,21,24809.524
sorted,vector,i32,65536,reverse,asc,0,0,3,21,24190.476
sorted,vector,i32,65536,reverse,asc,0,0,4,21,24761.905
sorted,vector,i32,65536,reverse,asc,0,1,4,20,25350.000
sorted,vector,i32,65536,reverse,asc,0,1,5,19,27421.053
sorted,vector,i32,65536,reverse,asc,0,0,5,21,24904.762
sorted,vector,i32,65536,reverse,asc,0,1,6,20,25150.000
sorted,vector,i32,65536,reverse,asc,0,0,6,20,25000.000
sorted,vector,i32,65536,reverse,desc,0,1,0,30,17100.000
sorted,vector,i32,65536,reverse,desc,0,0,0,32,16218.750
sorted,vector,i32,65536,reverse,desc,0,1,1,32,15750.000
sorted,vector,i32,65536,reverse,desc,0,0,1,29,17310.345
sorted,vector,i32,65536,reverse,desc,0,1,2,29,17655.172
sorted,vector,i32,65536,reverse,desc,0,0,2,29,17310.345
sorted,vector,i32,65536,reverse,desc,0,1,3,32,16031.250
sorted,vector,i32,65536,reverse,desc,0,0,3,32,16062.500
sorted,vector,i32,65536,reverse,desc,0,1,4,32,16062.500
sorted,vector,i32,65536,reverse,desc,0,0,4,32,16031.250
sorted,vector,i32,65536,reverse,desc,0,0,5,30,16733.333
sorted,vector,i32,65536,reverse,desc,0,1,5,30,16700.000
sorted,vector,i32,65536,reverse,desc,0,0,6,31,16161.290
sorted,vector,i32,65536,reverse,desc,0,1,6,29,17310.345
sorted,vector,i32,65536,nearly,asc,0,0,0,3,180666.667
sorted,vector,i32,65536,nearly,asc,0,1,0,3,188000.000
sorted,vector,i32,65536,nearly,asc,0,0,1,3,179000.000
sorted,vector,i32,65536,nearly,asc,0,1,1,3,185666.667
sorted,vector,i32,65536,nearly,asc,0,1,2,3,185333.333
sorted,vector,i32,65536,nearly,asc,0,0,2,3,188333.333
sorted,vector,i32,65536,nearly,asc,0,1,3,3,181333.333
sorted,vector,i32,65536,nearly,asc,0,0,3,3,180000.000
sorted,vector,i32,65536,nearly,asc,0,0,4,3,192666.667
sorted,vector,i32,65536,nearly,asc,0,1,4,3,185000.000
sorted,vector,i32,65536,nearly,asc,0,0,5,3,198333.333
sorted,vector,i32,65536,nearly,asc,0,1,5,3,190000.000
sorted,vector,i32,65536,nearly,asc,0,0,6,3,184666.667
sorted,vector,i32,65536,nearly,asc,0,1,6,3,187333.333
sorted,vector,i32,65536,nearly,desc,0,0,0,3,182000.000
sorted,vector,i32,65536,nearly,desc,0,1,0,3,188666.667
sorted,vector,i32,65536,nearly,desc,0,1,1,3,182333.333
sorted,vector,i32,65536,nearly,desc,0,0,1,3,187666.667
sorted,vector,i32,65536,nearly,desc,0,1,2,3,177000.000
sorted,vector,i32,65536,nearly,desc,0,0,2,3,205000.000
sorted,vector,i32,65536,nearly,desc,0,1,3,3,177666.667
sorted,vector,i32,65536,nearly,desc,0,0,3,3,191333.333
sorted,vector,i32,65536,nearly,desc,0,0,4,3,181000.000
sorted,vector,i32,65536,nearly,desc,0,1,4,3,183333.333
sorted,vector,i32,65536,nearly,desc,0,0,5,3,181000.000
sorted,vector,i32,65536,nearly,desc,0,1,5,3,178333.333
sorted,vector,i32,65536,nearly,desc,0,0,6,3,183000.000
sorted,vector,i32,65536,nearly,desc,0,1,6,3,182333.333
sorted,vector,i32,65536,equal,asc,0,0,0,32,16031.250
sorted,vector,i32,65536,equal,asc,0,1,0,32,15750.000
sorted,vector,i32,65536,equal,asc,0,0,1,31,16387.097
sorted,vector,i32,65536,equal,asc,0,1,1,31,16258.065
sorted,vector,i32,65536,equal,asc,0,0,2,31,16548.387
sorted,vector,i32,65536,equal,asc,0,1,2,33,15575.758
sorted,vector,i32,65536,equal,asc,0,1,3,32,15843.750
sorted,vector,i32,65536,equal,asc,0,0,3,32,16062.500
sorted,vector,i32,65536,equal,asc,0,0,4,33,15303.030
sorted,vector,i32,65536,equal,asc,0,1,4,32,15687.500
sorted,vector,i32,65536,equal,asc,0,1,5,32,15875.000
sorted,vector,i32,65536,equal,asc,0,0,5,32,15781.250
sorted,vector,i32,65536,equal,asc,0,0,6,32,15781.250
sorted,vector,i32,65536,equal,asc,0,1,6,30,17166.667
sorted,vector,i32,65536,equal,desc,0,1,0,32,15625.000
sorted,vector,i32,65536,equal,desc,0,0,0,32,15687.500
sorted,vector,i32,65536,equal,desc,0,0,1,32,16000.000
sorted,vector,i32,65536,equal,desc,0,1,1,32,15625.000
sorted,vector,i32,65536,equal,desc,0,1,2,32,15812.500
sorted,vector,i32,65536,equal,desc,0,0,2,32,16031.250
sorted,vector,i32,65536,equal,desc,0,0,3,29,17551.724
sorted,vector,i32,65536,equal,desc,0,1,3,34,15088.235
sorted,vector,i32,65536,equal,desc,0,1,4,33,15151.515
sorted,vector,i32,65536,equal,desc,0,0,4,33,15212.121
sorted,vector,i32,65536,equal,desc,0,0,5,34,15088.235
sorted,vector,i32,65536,equal,desc,0,1,5,33,15575.758
sorted,vector,i32,65536,equal,desc,0,1,6,34,15058.824
sorted,vector,i32,65536,equal,desc,0,0,6,34,15088.235
sorted,vector,i32,1000000,full,asc,0,0,0,1,3563000.000
sorted,vector,i32,1000000,full,asc,0,1,0,1,3719000.000
sorted,vector,i32,1000000,full,asc,0,0,1,1,3706000.000
sorted,vector,i32,1000000,full,asc,0,1,1,1,3593000.000
sorted,vector,i32,1000000,full,asc,0,0,2,1,3935000.000
sorted,vector,i32,1000000,full,asc,0,1,2,1,3740000.000
sorted,vector,i32,1000000,full,asc,0,1,3,1,3888000.000
sorted,vector,i32,1000000,full,asc,0,0,3,1,3846000.000
sorted,vector,i32,1000000,full,asc,0,0,4,1,3952000.000
sorted,vector,i32,1000000,full,asc,0,1,4,1,3715000.000
sorted,vector,i32,1000000,full,asc,0,1,5,1,3722000.000
sorted,vector,i32,1000000,full,asc,0,0,5,1,3788000.000
sorted,vector,i32,1000000,full,asc,0,1,6,1,3886000.000
sorted,vector,i32,1000000,full,asc,0,0,6,1,3750000.000
sorted,vector,i32,1000000,full,desc,0,1,0,1,3681000.000
sorted,vector,i32,1000000,full,desc,0,0,0,1,3916000.000
sorted,vector,i32,1000000,full,desc,0,0,1,1,3916000.000
sorted,vector,i32,1000000,full,desc,0,1,1,1,3723000.000
sorted,vector,i32,1000000,full,desc,0,0,2,1,3897000.000
sorted,vector,i32,1000000,full,desc,0,1,2,1,3752000.000
sorted,vector,i32,1000000,full,desc,0,1,3,1,3566000.000
sorted,vector,i32,1000000,full,desc,0,0,3,1,3499000.000
sorted,vector,i32,1000000,full,desc,0,1,4,1,3498000.000
sorted,vector,i32,1000000,full,desc,0,0,4,1,3571000.000
sorted,vector,i32,1000000,full,desc,0,0,5,1,3527000.000
sorted,vector,i32,1000000,full,desc,0,1,5,1,3773000.000
sorted,vector,i32,1000000,full,desc,0,1,6,1,3889000.000
sorted,vector,i32,1000000,full,desc,0,0,6,1,3889000.000
kernel,vector,i32,1000000,full,asc,8,1,0,1,3274000.000
kernel,vector,i32,1000000,full,asc,8,0,0,1,3112000.000
kernel,vector,i32,1000000,full,asc,8,1,1,1,3255000.000
kernel,vector,i32,1000000,full,asc,8,0,1,1,3021000.000
kernel,vector,i32,1000000,full,asc,8,1,2,1,2990000.000
kernel,vector,i32,1000000,full,asc,8,0,2,1,3397000.000
kernel,vector,i32,1000000,full,asc,8,1,3,1,3281000.000
kernel,vector,i32,1000000,full,asc,8,0,3,1,3120000.000
kernel,vector,i32,1000000,full,asc,8,1,4,1,3386000.000
kernel,vector,i32,1000000,full,asc,8,0,4,1,3402000.000
kernel,vector,i32,1000000,full,asc,8,1,5,1,3221000.000
kernel,vector,i32,1000000,full,asc,8,0,5,1,3366000.000
kernel,vector,i32,1000000,full,asc,8,0,6,1,3082000.000
kernel,vector,i32,1000000,full,asc,8,1,6,1,3184000.000
kernel,vector,i32,1000000,full,desc,8,0,0,1,3257000.000
kernel,vector,i32,1000000,full,desc,8,1,0,1,3388000.000
kernel,vector,i32,1000000,full,desc,8,1,1,1,3260000.000
kernel,vector,i32,1000000,full,desc,8,0,1,1,3329000.000
kernel,vector,i32,1000000,full,desc,8,1,2,1,3513000.000
kernel,vector,i32,1000000,full,desc,8,0,2,1,3195000.000
kernel,vector,i32,1000000,full,desc,8,0,3,1,3139000.000
kernel,vector,i32,1000000,full,desc,8,1,3,1,3198000.000
kernel,vector,i32,1000000,full,desc,8,1,4,1,3174000.000
kernel,vector,i32,1000000,full,desc,8,0,4,1,3080000.000
kernel,vector,i32,1000000,full,desc,8,1,5,1,3211000.000
kernel,vector,i32,1000000,full,desc,8,0,5,1,3112000.000
kernel,vector,i32,1000000,full,desc,8,1,6,1,3136000.000
kernel,vector,i32,1000000,full,desc,8,0,6,1,3071000.000
kernel,vector,i32,1000000,full,asc,11,1,0,1,2429000.000
kernel,vector,i32,1000000,full,asc,11,0,0,1,2375000.000
kernel,vector,i32,1000000,full,asc,11,1,1,1,2373000.000
kernel,vector,i32,1000000,full,asc,11,0,1,1,2314000.000
kernel,vector,i32,1000000,full,asc,11,0,2,1,2708000.000
kernel,vector,i32,1000000,full,asc,11,1,2,1,2529000.000
kernel,vector,i32,1000000,full,asc,11,1,3,1,2567000.000
kernel,vector,i32,1000000,full,asc,11,0,3,1,2386000.000
kernel,vector,i32,1000000,full,asc,11,1,4,1,2463000.000
kernel,vector,i32,1000000,full,asc,11,0,4,1,2412000.000
kernel,vector,i32,1000000,full,asc,11,0,5,1,2434000.000
kernel,vector,i32,1000000,full,asc,11,1,5,1,2404000.000
kernel,vector,i32,1000000,full,asc,11,1,6,1,2404000.000
kernel,vector,i32,1000000,full,asc,11,0,6,1,2418000.000
kernel,vector,i32,1000000,full,desc,11,1,0,1,2627000.000
kernel,vector,i32,1000000,full,desc,11,0,0,1,2564000.000
kernel,vector,i32,1000000,full,desc,11,0,1,1,2382000.000
kernel,vector,i32,1000000,full,desc,11,1,1,1,2466000.000
kernel,vector,i32,1000000,full,desc,11,0,2,1,2402000.000
kernel,vector,i32,1000000,full,desc,11,1,2,1,2351000.000
kernel,vector,i32,1000000,full,desc,11,1,3,1,2399000.000
kernel,vector,i32,1000000,full,desc,11,0,3,1,2378000.000
kernel,vector,i32,1000000,full,desc,11,1,4,1,2381000.000
kernel,vector,i32,1000000,full,desc,11,0,4,1,2571000.000
kernel,vector,i32,1000000,full,desc,11,1,5,1,4553000.000
kernel,vector,i32,1000000,full,desc,11,0,5,1,3438000.000
kernel,vector,i32,1000000,full,desc,11,0,6,1,2955000.000
kernel,vector,i32,1000000,full,desc,11,1,6,1,2923000.000
kernel,vector,i32,1000000,full,asc,15,0,0,1,4894000.000
kernel,vector,i32,1000000,full,asc,15,1,0,1,4818000.000
kernel,vector,i32,1000000,full,asc,15,0,1,1,4860000.000
kernel,vector,i32,1000000,full,asc,15,1,1,1,4787000.000
kernel,vector,i32,1000000,full,asc,15,1,2,1,4732000.000
kernel,vector,i32,1000000,full,asc,15,0,2,1,4852000.000
kernel,vector,i32,1000000,full,asc,15,0,3,1,4934000.000
kernel,vector,i32,1000000,full,asc,15,1,3,1,4853000.000
kernel,vector,i32,1000000,full,asc,15,1,4,1,4818000.000
kernel,vector,i32,1000000,full,asc,15,0,4,1,4753000.000
kernel,vector,i32,1000000,full,asc,15,0,5,1,4765000.000
kernel,vector,i32,1000000,full,asc,15,1,5,1,4728000.000
kernel,vector,i32,1000000,full,asc,15,0,6,1,4699000.000
kernel,vector,i32,1000000,full,asc,15,1,6,1,4787000.000
kernel,vector,i32,1000000,full,desc,15,0,0,1,4642000.000
kernel,vector,i32,1000000,full,desc,15,1,0,1,4693000.000
kernel,vector,i32,1000000,full,desc,15,1,1,1,4743000.000
kernel,vector,i32,1000000,full,desc,15,0,1,1,4666000.000
kernel,vector,i32,1000000,full,desc,15,1,2,1,4746000.000
kernel,vector,i32,1000000,full,desc,15,0,2,1,4687000.000
kernel,vector,i32,1000000,full,desc,15,0,3,1,4665000.000
kernel,vector,i32,1000000,full,desc,15,1,3,1,4746000.000
kernel,vector,i32,1000000,full,desc,15,0,4,1,4668000.000
kernel,vector,i32,1000000,full,desc,15,1,4,1,4730000.000
kernel,vector,i32,1000000,full,desc,15,0,5,1,4694000.000
kernel,vector,i32,1000000,full,desc,15,1,5,1,4772000.000
kernel,vector,i32,1000000,full,desc,15,1,6,1,4753000.000
kernel,vector,i32,1000000,full,desc,15,0,6,1,4692000.000
sorted,vector,i32,1000000,bits22,asc,0,1,0,1,2840000.000
sorted,vector,i32,1000000,bits22,asc,0,0,0,1,2800000.000
sorted,vector,i32,1000000,bits22,asc,0,0,1,1,2765000.000
sorted,vector,i32,1000000,bits22,asc,0,1,1,1,2805000.000
sorted,vector,i32,1000000,bits22,asc,0,1,2,1,2755000.000
sorted,vector,i32,1000000,bits22,asc,0,0,2,1,2829000.000
sorted,vector,i32,1000000,bits22,asc,0,1,3,1,2784000.000
sorted,vector,i32,1000000,bits22,asc,0,0,3,1,2782000.000
sorted,vector,i32,1000000,bits22,asc,0,0,4,1,2817000.000
sorted,vector,i32,1000000,bits22,asc,0,1,4,1,2777000.000
sorted,vector,i32,1000000,bits22,asc,0,0,5,1,2775000.000
sorted,vector,i32,1000000,bits22,asc,0,1,5,1,2807000.000
sorted,vector,i32,1000000,bits22,asc,0,0,6,1,2785000.000
sorted,vector,i32,1000000,bits22,asc,0,1,6,1,2806000.000
sorted,vector,i32,1000000,bits22,desc,0,0,0,1,2814000.000
sorted,vector,i32,1000000,bits22,desc,0,1,0,1,2875000.000
sorted,vector,i32,1000000,bits22,desc,0,0,1,1,2809000.000
sorted,vector,i32,1000000,bits22,desc,0,1,1,1,2812000.000
sorted,vector,i32,1000000,bits22,desc,0,1,2,1,2737000.000
sorted,vector,i32,1000000,bits22,desc,0,0,2,1,2766000.000
sorted,vector,i32,1000000,bits22,desc,0,1,3,1,2912000.000
sorted,vector,i32,1000000,bits22,desc,0,0,3,1,2916000.000
sorted,vector,i32,1000000,bits22,desc,0,1,4,1,2923000.000
sorted,vector,i32,1000000,bits22,desc,0,0,4,1,2806000.000
sorted,vector,i32,1000000,bits22,desc,0,1,5,1,2789000.000
sorted,vector,i32,1000000,bits22,desc,0,0,5,1,2844000.000
sorted,vector,i32,1000000,bits22,desc,0,1,6,1,2839000.000
sorted,vector,i32,1000000,bits22,desc,0,0,6,1,2777000.000
kernel,vector,i32,1000000,bits22,asc,8,1,0,1,2416000.000
kernel,vector,i32,1000000,bits22,asc,8,0,0,1,2418000.000
kernel,vector,i32,1000000,bits22,asc,8,0,1,1,2383000.000
kernel,vector,i32,1000000,bits22,asc,8,1,1,1,2458000.000
kernel,vector,i32,1000000,bits22,asc,8,1,2,1,2485000.000
kernel,vector,i32,1000000,bits22,asc,8,0,2,1,2393000.000
kernel,vector,i32,1000000,bits22,asc,8,0,3,1,2408000.000
kernel,vector,i32,1000000,bits22,asc,8,1,3,1,2467000.000
kernel,vector,i32,1000000,bits22,asc,8,0,4,1,2386000.000
kernel,vector,i32,1000000,bits22,asc,8,1,4,1,2510000.000
kernel,vector,i32,1000000,bits22,asc,8,1,5,1,2452000.000
kernel,vector,i32,1000000,bits22,asc,8,0,5,1,2408000.000
kernel,vector,i32,1000000,bits22,asc,8,0,6,1,2418000.000
kernel,vector,i32,1000000,bits22,asc,8,1,6,1,2491000.000
kernel,vector,i32,1000000,bits22,desc,8,0,0,1,2452000.000
kernel,vector,i32,1000000,bits22,desc,8,1,0,1,2535000.000
kernel,vector,i32,1000000,bits22,desc,8,1,1,1,2468000.000
kernel,vector,i32,1000000,bits22,desc,8,0,1,1,2375000.000
kernel,vector,i32,1000000,bits22,desc,8,0,2,1,2453000.000
kernel,vector,i32,1000000,bits22,desc,8,1,2,1,2356000.000
kernel,vector,i32,1000000,bits22,desc,8,0,3,1,2451000.000
kernel,vector,i32,1000000,bits22,desc,8,1,3,1,2458000.000
kernel,vector,i32,1000000,bits22,desc,8,0,4,1,2422000.000
kernel,vector,i32,1000000,bits22,desc,8,1,4,1,2506000.000
kernel,vector,i32,1000000,bits22,desc,8,1,5,1,2462000.000
kernel,vector,i32,1000000,bits22,desc,8,0,5,1,2367000.000
kernel,vector,i32,1000000,bits22,desc,8,1,6,1,2536000.000
kernel,vector,i32,1000000,bits22,desc,8,0,6,1,2392000.000
kernel,vector,i32,1000000,bits22,asc,11,1,0,1,1605000.000
kernel,vector,i32,1000000,bits22,asc,11,0,0,1,1691000.000
kernel,vector,i32,1000000,bits22,asc,11,1,1,1,1612000.000
kernel,vector,i32,1000000,bits22,asc,11,0,1,1,1643000.000
kernel,vector,i32,1000000,bits22,asc,11,1,2,1,1608000.000
kernel,vector,i32,1000000,bits22,asc,11,0,2,1,1656000.000
kernel,vector,i32,1000000,bits22,asc,11,0,3,1,1620000.000
kernel,vector,i32,1000000,bits22,asc,11,1,3,1,1682000.000
kernel,vector,i32,1000000,bits22,asc,11,0,4,1,1637000.000
kernel,vector,i32,1000000,bits22,asc,11,1,4,1,1641000.000
kernel,vector,i32,1000000,bits22,asc,11,1,5,1,1625000.000
kernel,vector,i32,1000000,bits22,asc,11,0,5,1,1639000.000
kernel,vector,i32,1000000,bits22,asc,11,1,6,1,1667000.000
kernel,vector,i32,1000000,bits22,asc,11,0,6,1,1644000.000
kernel,vector,i32,1000000,bits22,desc,11,0,0,1,1586000.000
kernel,vector,i32,1000000,bits22,desc,11,1,0,1,1954000.000
kernel,vector,i32,1000000,bits22,desc,11,1,1,1,2015000.000
kernel,vector,i32,1000000,bits22,desc,11,0,1,1,1830000.000
kernel,vector,i32,1000000,bits22,desc,11,1,2,1,1841000.000
kernel,vector,i32,1000000,bits22,desc,11,0,2,1,1781000.000
kernel,vector,i32,1000000,bits22,desc,11,0,3,1,1815000.000
kernel,vector,i32,1000000,bits22,desc,11,1,3,1,1788000.000
kernel,vector,i32,1000000,bits22,desc,11,0,4,1,1840000.000
kernel,vector,i32,1000000,bits22,desc,11,1,4,1,1662000.000
kernel,vector,i32,1000000,bits22,desc,11,1,5,1,1645000.000
kernel,vector,i32,1000000,bits22,desc,11,0,5,1,1734000.000
kernel,vector,i32,1000000,bits22,desc,11,0,6,1,1873000.000
kernel,vector,i32,1000000,bits22,desc,11,1,6,1,1739000.000
kernel,vector,i32,1000000,bits22,asc,15,0,0,1,2437000.000
kernel,vector,i32,1000000,bits22,asc,15,1,0,1,2508000.000
kernel,vector,i32,1000000,bits22,asc,15,0,1,1,3024000.000
kernel,vector,i32,1000000,bits22,asc,15,1,1,1,2665000.000
kernel,vector,i32,1000000,bits22,asc,15,1,2,1,2432000.000
kernel,vector,i32,1000000,bits22,asc,15,0,2,1,2586000.000
kernel,vector,i32,1000000,bits22,asc,15,0,3,1,2679000.000
kernel,vector,i32,1000000,bits22,asc,15,1,3,1,2417000.000
kernel,vector,i32,1000000,bits22,asc,15,1,4,1,2362000.000
kernel,vector,i32,1000000,bits22,asc,15,0,4,1,2723000.000
kernel,vector,i32,1000000,bits22,asc,15,0,5,1,2477000.000
kernel,vector,i32,1000000,bits22,asc,15,1,5,1,2363000.000
kernel,vector,i32,1000000,bits22,asc,15,1,6,1,2428000.000
kernel,vector,i32,1000000,bits22,asc,15,0,6,1,2302000.000
kernel,vector,i32,1000000,bits22,desc,15,1,0,1,2432000.000
kernel,vector,i32,1000000,bits22,desc,15,0,0,1,2312000.000
kernel,vector,i32,1000000,bits22,desc,15,0,1,1,2357000.000
kernel,vector,i32,1000000,bits22,desc,15,1,1,1,2528000.000
kernel,vector,i32,1000000,bits22,desc,15,0,2,1,2693000.000
kernel,vector,i32,1000000,bits22,desc,15,1,2,1,2488000.000
kernel,vector,i32,1000000,bits22,desc,15,1,3,1,2583000.000
kernel,vector,i32,1000000,bits22,desc,15,0,3,1,2634000.000
kernel,vector,i32,1000000,bits22,desc,15,1,4,1,2446000.000
kernel,vector,i32,1000000,bits22,desc,15,0,4,1,2331000.000
kernel,vector,i32,1000000,bits22,desc,15,0,5,1,2676000.000
kernel,vector,i32,1000000,bits22,desc,15,1,5,1,2450000.000
kernel,vector,i32,1000000,bits22,desc,15,1,6,1,2345000.000
kernel,vector,i32,1000000,bits22,desc,15,0,6,1,2488000.000
sorted,vector,i32,1000000,gaps,asc,0,1,0,1,3876000.000
sorted,vector,i32,1000000,gaps,asc,0,0,0,1,4345000.000
sorted,vector,i32,1000000,gaps,asc,0,0,1,1,4033000.000
sorted,vector,i32,1000000,gaps,asc,0,1,1,1,4575000.000
sorted,vector,i32,1000000,gaps,asc,0,0,2,1,4148000.000
sorted,vector,i32,1000000,gaps,asc,0,1,2,1,4150000.000
sorted,vector,i32,1000000,gaps,asc,0,0,3,1,4013000.000
sorted,vector,i32,1000000,gaps,asc,0,1,3,1,3951000.000
sorted,vector,i32,1000000,gaps,asc,0,1,4,1,4028000.000
sorted,vector,i32,1000000,gaps,asc,0,0,4,1,3827000.000
sorted,vector,i32,1000000,gaps,asc,0,0,5,1,3958000.000
sorted,vector,i32,1000000,gaps,asc,0,1,5,1,3836000.000
sorted,vector,i32,1000000,gaps,asc,0,1,6,1,3766000.000
sorted,vector,i32,1000000,gaps,asc,0,0,6,1,4163000.000
sorted,vector,i32,1000000,gaps,desc,0,0,0,1,3744000.000
sorted,vector,i32,1000000,gaps,desc,0,1,0,1,3979000.000
sorted,vector,i32,1000000,gaps,desc,0,0,1,1,3867000.000
sorted,vector,i32,1000000,gaps,desc,0,1,1,1,4027000.000
sorted,vector,i32,1000000,gaps,desc,0,0,2,1,3832000.000
sorted,vector,i32,1000000,gaps,desc,0,1,2,1,3934000.000
sorted,vector,i32,1000000,gaps,desc,0,1,3,1,3806000.000
sorted,vector,i32,1000000,gaps,desc,0,0,3,1,4045000.000
sorted,vector,i32,1000000,gaps,desc,0,0,4,1,3739000.000
sorted,vector,i32,1000000,gaps,desc,0,1,4,1,3931000.000
sorted,vector,i32,1000000,gaps,desc,0,1,5,1,3771000.000
sorted,vector,i32,1000000,gaps,desc,0,0,5,1,3954000.000
sorted,vector,i32,1000000,gaps,desc,0,0,6,1,3794000.000
sorted,vector,i32,1000000,gaps,desc,0,1,6,1,3803000.000
kernel,vector,i32,1000000,gaps,asc,8,0,0,1,2906000.000
kernel,vector,i32,1000000,gaps,asc,8,1,0,1,2555000.000
kernel,vector,i32,1000000,gaps,asc,8,1,1,1,2643000.000
kernel,vector,i32,1000000,gaps,asc,8,0,1,1,3104000.000
kernel,vector,i32,1000000,gaps,asc,8,1,2,1,2675000.000
kernel,vector,i32,1000000,gaps,asc,8,0,2,1,2850000.000
kernel,vector,i32,1000000,gaps,asc,8,0,3,1,2849000.000
kernel,vector,i32,1000000,gaps,asc,8,1,3,1,2793000.000
kernel,vector,i32,1000000,gaps,asc,8,1,4,1,2716000.000
kernel,vector,i32,1000000,gaps,asc,8,0,4,1,2658000.000
kernel,vector,i32,1000000,gaps,asc,8,1,5,1,2659000.000
kernel,vector,i32,1000000,gaps,asc,8,0,5,1,2899000.000
kernel,vector,i32,1000000,gaps,asc,8,1,6,1,2559000.000
kernel,vector,i32,1000000,gaps,asc,8,0,6,1,2587000.000
kernel,vector,i32,1000000,gaps,desc,8,0,0,1,2567000.000
kernel,vector,i32,1000000,gaps,desc,8,1,0,1,2621000.000
kernel,vector,i32,1000000,gaps,desc,8,0,1,1,2610000.000
kernel,vector,i32,1000000,gaps,desc,8,1,1,1,2549000.000
kernel,vector,i32,1000000,gaps,desc,8,0,2,1,2562000.000
kernel,vector,i32,1000000,gaps,desc,8,1,2,1,2609000.000
kernel,vector,i32,1000000,gaps,desc,8,0,3,1,2536000.000
kernel,vector,i32,1000000,gaps,desc,8,1,3,1,2728000.000
kernel,vector,i32,1000000,gaps,desc,8,1,4,1,2546000.000
kernel,vector,i32,1000000,gaps,desc,8,0,4,1,2585000.000
kernel,vector,i32,1000000,gaps,desc,8,1,5,1,2670000.000
kernel,vector,i32,1000000,gaps,desc,8,0,5,1,2607000.000
kernel,vector,i32,1000000,gaps,desc,8,1,6,1,2624000.000
kernel,vector,i32,1000000,gaps,desc,8,0,6,1,2575000.000
kernel,vector,i32,1000000,gaps,asc,11,1,0,1,3291000.000
kernel,vector,i32,1000000,gaps,asc,11,0,0,1,3778000.000
kernel,vector,i32,1000000,gaps,asc,11,0,1,1,3857000.000
kernel,vector,i32,1000000,gaps,asc,11,1,1,1,3265000.000
kernel,vector,i32,1000000,gaps,asc,11,1,2,1,3247000.000
kernel,vector,i32,1000000,gaps,asc,11,0,2,1,3772000.000
kernel,vector,i32,1000000,gaps,asc,11,0,3,1,3909000.000
kernel,vector,i32,1000000,gaps,asc,11,1,3,1,3145000.000
kernel,vector,i32,1000000,gaps,asc,11,0,4,1,3873000.000
kernel,vector,i32,1000000,gaps,asc,11,1,4,1,3200000.000
kernel,vector,i32,1000000,gaps,asc,11,0,5,1,3755000.000
kernel,vector,i32,1000000,gaps,asc,11,1,5,1,3232000.000
kernel,vector,i32,1000000,gaps,asc,11,0,6,1,3716000.000
kernel,vector,i32,1000000,gaps,asc,11,1,6,1,3357000.000
kernel,vector,i32,1000000,gaps,desc,11,0,0,1,3762000.000
kernel,vector,i32,1000000,gaps,desc,11,1,0,1,3261000.000
kernel,vector,i32,1000000,gaps,desc,11,1,1,1,3375000.000
kernel,vector,i32,1000000,gaps,desc,11,0,1,1,3810000.000
kernel,vector,i32,1000000,gaps,desc,11,0,2,1,3837000.000
kernel,vector,i32,1000000,gaps,desc,11,1,2,1,3313000.000
kernel,vector,i32,1000000,gaps,desc,11,1,3,1,3193000.000
kernel,vector,i32,1000000,gaps,desc,11,0,3,1,3683000.000
kernel,vector,i32,1000000,gaps,desc,11,1,4,1,3328000.000
kernel,vector,i32,1000000,gaps,desc,11,0,4,1,3692000.000
kernel,vector,i32,1000000,gaps,desc,11,0,5,1,3724000.000
kernel,vector,i32,1000000,gaps,desc,11,1,5,1,3269000.000
kernel,vector,i32,1000000,gaps,desc,11,0,6,1,3758000.000
kernel,vector,i32,1000000,gaps,desc,11,1,6,1,3372000.000
kernel,vector,i32,1000000,gaps,asc,15,1,0,1,1818000.000
kernel,vector,i32,1000000,gaps,asc,15,0,0,1,1236000.000
kernel,vector,i32,1000000,gaps,asc,15,0,1,1,1226000.000
kernel,vector,i32,1000000,gaps,asc,15,1,1,1,1778000.000
kernel,vector,i32,1000000,gaps,asc,15,0,2,1,1218000.000
kernel,vector,i32,1000000,gaps,asc,15,1,2,1,1797000.000
kernel,vector,i32,1000000,gaps,asc,15,0,3,1,1241000.000
kernel,vector,i32,1000000,gaps,asc,15,1,3,1,1908000.000
kernel,vector,i32,1000000,gaps,asc,15,1,4,1,1771000.000
kernel,vector,i32,1000000,gaps,asc,15,0,4,1,1227000.000
kernel,vector,i32,1000000,gaps,asc,15,1,5,1,1813000.000
kernel,vector,i32,1000000,gaps,asc,15,0,5,1,1303000.000
kernel,vector,i32,1000000,gaps,asc,15,0,6,1,1148000.000
kernel,vector,i32,1000000,gaps,asc,15,1,6,1,1805000.000
kernel,vector,i32,1000000,gaps,desc,15,0,0,1,1805000.000
kernel,vector,i32,1000000,gaps,desc,15,1,0,1,1750000.000
kernel,vector,i32,1000000,gaps,desc,15,1,1,1,1777000.000
kernel,vector,i32,1000000,gaps,desc,15,0,1,1,1742000.000
kernel,vector,i32,1000000,gaps,desc,15,1,2,1,1771000.000
kernel,vector,i32,1000000,gaps,desc,15,0,2,1,1744000.000
kernel,vector,i32,1000000,gaps,desc,15,1,3,1,1725000.000
kernel,vector,i32,1000000,gaps,desc,15,0,3,1,1771000.000
kernel,vector,i32,1000000,gaps,desc,15,1,4,1,1787000.000
kernel,vector,i32,1000000,gaps,desc,15,0,4,1,1730000.000
kernel,vector,i32,1000000,gaps,desc,15,1,5,1,1808000.000
kernel,vector,i32,1000000,gaps,desc,15,0,5,1,1761000.000
kernel,vector,i32,1000000,gaps,desc,15,0,6,1,1809000.000
kernel,vector,i32,1000000,gaps,desc,15,1,6,1,1819000.000
sorted,vector,i32,1000000,few,asc,0,0,0,1,2254000.000
sorted,vector,i32,1000000,few,asc,0,1,0,1,2322000.000
sorted,vector,i32,1000000,few,asc,0,1,1,1,2339000.000
sorted,vector,i32,1000000,few,asc,0,0,1,1,2371000.000
sorted,vector,i32,1000000,few,asc,0,0,2,1,2342000.000
sorted,vector,i32,1000000,few,asc,0,1,2,1,2428000.000
sorted,vector,i32,1000000,few,asc,0,0,3,1,2242000.000
sorted,vector,i32,1000000,few,asc,0,1,3,1,2273000.000
sorted,vector,i32,1000000,few,asc,0,1,4,1,2321000.000
sorted,vector,i32,1000000,few,asc,0,0,4,1,2298000.000
sorted,vector,i32,1000000,few,asc,0,1,5,1,2316000.000
sorted,vector,i32,1000000,few,asc,0,0,5,1,2280000.000
sorted,vector,i32,1000000,few,asc,0,0,6,1,2497000.000
sorted,vector,i32,1000000,few,asc,0,1,6,1,2414000.000
sorted,vector,i32,1000000,few,desc,0,1,0,1,2229000.000
sorted,vector,i32,1000000,few,desc,0,0,0,1,2427000.000
sorted,vector,i32,1000000,few,desc,0,0,1,1,2335000.000
sorted,vector,i32,1000000,few,desc,0,1,1,1,2314000.000
sorted,vector,i32,1000000,few,desc,0,0,2,1,2288000.000
sorted,vector,i32,1000000,few,desc,0,1,2,1,2283000.000
sorted,vector,i32,1000000,few,desc,0,1,3,1,2249000.000
sorted,vector,i32,1000000,few,desc,0,0,3,1,2284000.000
sorted,vector,i32,1000000,few,desc,0,1,4,1,2232000.000
sorted,vector,i32,1000000,few,desc,0,0,4,1,2197000.000
sorted,vector,i32,1000000,few,desc,0,1,5,1,2252000.000
sorted,vector,i32,1000000,few,desc,0,0,5,1,2306000.000
sorted,vector,i32,1000000,few,desc,0,1,6,1,2276000.000
sorted,vector,i32,1000000,few,desc,0,0,6,1,2230000.000
kernel,vector,i32,1000000,few,asc,8,0,0,1,1054000.000
kernel,vector,i32,1000000,few,asc,8,1,0,1,1111000.000
kernel,vector,i32,1000000,few,asc,8,1,1,1,1143000.000
kernel,vector,i32,1000000,few,asc,8,0,1,1,1048000.000
kernel,vector,i32,1000000,few,asc,8,1,2,1,1070000.000
kernel,vector,i32,1000000,few,asc,8,0,2,1,1084000.000
kernel,vector,i32,1000000,few,asc,8,0,3,1,1100000.000
kernel,vector,i32,1000000,few,asc,8,1,3,1,1043000.000
kernel,vector,i32,1000000,few,asc,8,1,4,1,1117000.000
kernel,vector,i32,1000000,few,asc,8,0,4,1,1104000.000
kernel,vector,i32,1000000,few,asc,8,1,5,1,1140000.000
kernel,vector,i32,1000000,few,asc,8,0,5,1,1071000.000
kernel,vector,i32,1000000,few,asc,8,1,6,1,1097000.000
kernel,vector,i32,1000000,few,asc,8,0,6,1,1105000.000
kernel,vector,i32,1000000,few,desc,8,1,0,1,1036000.000
kernel,vector,i32,1000000,few,desc,8,0,0,1,1100000.000
kernel,vector,i32,1000000,few,desc,8,0,1,1,1067000.000
kernel,vector,i32,1000000,few,desc,8,1,1,1,1061000.000
kernel,vector,i32,1000000,few,desc,8,0,2,1,1062000.000
kernel,vector,i32,1000000,few,desc,8,1,2,1,1116000.000
kernel,vector,i32,1000000,few,desc,8,1,3,1,1083000.000
kernel,vector,i32,1000000,few,desc,8,0,3,1,1091000.000
kernel,vector,i32,1000000,few,desc,8,0,4,1,1114000.000
kernel,vector,i32,1000000,few,desc,8,1,4,1,1089000.000
kernel,vector,i32,1000000,few,desc,8,1,5,1,1101000.000
kernel,vector,i32,1000000,few,desc,8,0,5,1,1303000.000
kernel,vector,i32,1000000,few,desc,8,1,6,1,1142000.000
kernel,vector,i32,1000000,few,desc,8,0,6,1,1102000.000
kernel,vector,i32,1000000,few,asc,11,1,0,1,1096000.000
kernel,vector,i32,1000000,few,asc,11,0,0,1,1172000.000
kernel,vector,i32,1000000,few,asc,11,0,1,1,1094000.000
kernel,vector,i32,1000000,few,asc,11,1,1,1,1082000.000
kernel,vector,i32,1000000,few,asc,11,1,2,1,1147000.000
kernel,vector,i32,1000000,few,asc,11,0,2,1,1152000.000
kernel,vector,i32,1000000,few,asc,11,0,3,1,1111000.000
kernel,vector,i32,1000000,few,asc,11,1,3,1,1173000.000
kernel,vector,i32,1000000,few,asc,11,1,4,1,1105000.000
kernel,vector,i32,1000000,few,asc,11,0,4,1,1120000.000
kernel,vector,i32,1000000,few,asc,11,1,5,1,1131000.000
kernel,vector,i32,1000000,few,asc,11,0,5,1,1122000.000
kernel,vector,i32,1000000,few,asc,11,1,6,1,1159000.000
kernel,vector,i32,1000000,few,asc,11,0,6,1,1188000.000
kernel,vector,i32,1000000,few,desc,11,1,0,1,1131000.000
kernel,vector,i32,1000000,few,desc,11,0,0,1,1160000.000
kernel,vector,i32,1000000,few,desc,11,0,1,1,1107000.000
kernel,vector,i32,1000000,few,desc,11,1,1,1,1193000.000
kernel,vector,i32,1000000,few,desc,11,1,2,1,1160000.000
kernel,vector,i32,1000000,few,desc,11,0,2,1,1105000.000
kernel,vector,i32,1000000,few,desc,11,1,3,1,1148000.000
kernel,vector,i32,1000000,few,desc,11,0,3,1,1126000.000
kernel,vector,i32,1000000,few,desc,11,0,4,1,1108000.000
kernel,vector,i32,1000000,few,desc,11,1,4,1,1177000.000
kernel,vector,i32,1000000,few,desc,11,0,5,1,1132000.000
kernel,vector,i32,1000000,few,desc,11,1,5,1,1118000.000
kernel,vector,i32,1000000,few,desc,11,1,6,1,1135000.000
kernel,vector,i32,1000000,few,desc,11,0,6,1,1109000.000
kernel,vector,i32,1000000,few,asc,15,1,0,1,1185000.000
kernel,vector,i32,1000000,few,asc,15,0,0,1,1168000.000
kernel,vector,i32,1000000,few,asc,15,1,1,1,1139000.000
kernel,vector,i32,1000000,few,asc,15,0,1,1,1102000.000
kernel,vector,i32,1000000,few,asc,15,0,2,1,1103000.000
kernel,vector,i32,1000000,few,asc,15,1,2,1,1149000.000
kernel,vector,i32,1000000,few,asc,15,0,3,1,1176000.000
kernel,vector,i32,1000000,few,asc,15,1,3,1,1203000.000
kernel,vector,i32,1000000,few,asc,15,0,4,1,1216000.000
kernel,vector,i32,1000000,few,asc,15,1,4,1,1130000.000
kernel,vector,i32,1000000,few,asc,15,0,5,1,1191000.000
kernel,vector,i32,1000000,few,asc,15,1,5,1,1174000.000
kernel,vector,i32,1000000,few,asc,15,1,6,1,1131000.000
kernel,vector,i32,1000000,few,asc,15,0,6,1,1202000.000
kernel,vector,i32,1000000,few,desc,15,0,0,1,1101000.000
kernel,vector,i32,1000000,few,desc,15,1,0,1,1127000.000
kernel,vector,i32,1000000,few,desc,15,0,1,1,1131000.000
kernel,vector,i32,1000000,few,desc,15,1,1,1,1134000.000
kernel,vector,i32,1000000,few,desc,15,1,2,1,1131000.000
kernel,vector,i32,1000000,few,desc,15,0,2,1,1100000.000
kernel,vector,i32,1000000,few,desc,15,1,3,1,1148000.000
kernel,vector,i32,1000000,few,desc,15,0,3,1,1140000.000
kernel,vector,i32,1000000,few,desc,15,1,4,1,1111000.000
kernel,vector,i32,1000000,few,desc,15,0,4,1,1054000.000
kernel,vector,i32,1000000,few,desc,15,0,5,1,1098000.000
kernel,vector,i32,1000000,few,desc,15,1,5,1,1104000.000
kernel,vector,i32,1000000,few,desc,15,1,6,1,1133000.000
kernel,vector,i32,1000000,few,desc,15,0,6,1,1103000.000
sorted,vector,i32,1000000,ordered,asc,0,1,0,3,238333.333
sorted,vector,i32,1000000,ordered,asc,0,0,0,3,235000.000
sorted,vector,i32,1000000,ordered,asc,0,1,1,3,233333.333
sorted,vector,i32,1000000,ordered,asc,0,0,1,3,234666.667
sorted,vector,i32,1000000,ordered,asc,0,1,2,2,259500.000
sorted,vector,i32,1000000,ordered,asc,0,0,2,3,234666.667
sorted,vector,i32,1000000,ordered,asc,0,0,3,3,235666.667
sorted,vector,i32,1000000,ordered,asc,0,1,3,3,242333.333
sorted,vector,i32,1000000,ordered,asc,0,1,4,3,241666.667
sorted,vector,i32,1000000,ordered,asc,0,0,4,3,235666.667
sorted,vector,i32,1000000,ordered,asc,0,0,5,3,254333.333
sorted,vector,i32,1000000,ordered,asc,0,1,5,3,236666.667
sorted,vector,i32,1000000,ordered,asc,0,1,6,3,241666.667
sorted,vector,i32,1000000,ordered,asc,0,0,6,3,235000.000
sorted,vector,i32,1000000,ordered,desc,0,1,0,2,360000.000
sorted,vector,i32,1000000,ordered,desc,0,0,0,2,362000.000
sorted,vector,i32,1000000,ordered,desc,0,1,1,2,431500.000
sorted,vector,i32,1000000,ordered,desc,0,0,1,2,360000.000
sorted,vector,i32,1000000,ordered,desc,0,0,2,2,359000.000
sorted,vector,i32,1000000,ordered,desc,0,1,2,2,359000.000
sorted,vector,i32,1000000,ordered,desc,0,0,3,2,363500.000
sorted,vector,i32,1000000,ordered,desc,0,1,3,2,361000.000
sorted,vector,i32,1000000,ordered,desc,0,1,4,2,382000.000
sorted,vector,i32,1000000,ordered,desc,0,0,4,2,362500.000
sorted,vector,i32,1000000,ordered,desc,0,0,5,2,360500.000
sorted,vector,i32,1000000,ordered,desc,0,1,5,2,367000.000
sorted,vector,i32,1000000,ordered,desc,0,1,6,2,364000.000
sorted,vector,i32,1000000,ordered,desc,0,0,6,2,364500.000
sorted,vector,i32,1000000,reverse,asc,0,0,0,2,360000.000
sorted,vector,i32,1000000,reverse,asc,0,1,0,2,364000.000
sorted,vector,i32,1000000,reverse,asc,0,1,1,2,359000.000
sorted,vector,i32,1000000,reverse,asc,0,0,1,2,362500.000
sorted,vector,i32,1000000,reverse,asc,0,0,2,2,358500.000
sorted,vector,i32,1000000,reverse,asc,0,1,2,2,384000.000
sorted,vector,i32,1000000,reverse,asc,0,1,3,2,359500.000
sorted,vector,i32,1000000,reverse,asc,0,0,3,2,373500.000
sorted,vector,i32,1000000,reverse,asc,0,1,4,2,359000.000
sorted,vector,i32,1000000,reverse,asc,0,0,4,2,362500.000
sorted,vector,i32,1000000,reverse,asc,0,0,5,2,371500.000
sorted,vector,i32,1000000,reverse,asc,0,1,5,2,361000.000
sorted,vector,i32,1000000,reverse,asc,0,0,6,2,376000.000
sorted,vector,i32,1000000,reverse,asc,0,1,6,2,360000.000
sorted,vector,i32,1000000,reverse,desc,0,0,0,3,231000.000
sorted,vector,i32,1000000,reverse,desc,0,1,0,3,235333.333
sorted,vector,i32,1000000,reverse,desc,0,1,1,3,235000.000
sorted,vector,i32,1000000,reverse,desc,0,0,1,3,242000.000
sorted,vector,i32,1000000,reverse,desc,0,0,2,3,235666.667
sorted,vector,i32,1000000,reverse,desc,0,1,2,3,241000.000
sorted,vector,i32,1000000,reverse,desc,0,1,3,3,237333.333
sorted,vector,i32,1000000,reverse,desc,0,0,3,3,237666.667
sorted,vector,i32,1000000,reverse,desc,0,1,4,2,255500.000
sorted,vector,i32,1000000,reverse,desc,0,0,4,3,236000.000
sorted,vector,i32,1000000,reverse,desc,0,1,5,3,245000.000
sorted,vector,i32,1000000,reverse,desc,0,0,5,3,243666.667
sorted,vector,i32,1000000,reverse,desc,0,1,6,3,237333.333
sorted,vector,i32,1000000,reverse,desc,0,0,6,3,237000.000
sorted,vector,i32,1000000,nearly,asc,0,0,0,1,2898000.000
sorted,vector,i32,1000000,nearly,asc,0,1,0,1,2883000.000
sorted,vector,i32,1000000,nearly,asc,0,0,1,1,2891000.000
sorted,vector,i32,1000000,nearly,asc,0,1,1,1,2870000.000
sorted,vector,i32,1000000,nearly,asc,0,1,2,1,2894000.000
sorted,vector,i32,1000000,nearly,asc,0,0,2,1,2859000.000
sorted,vector,i32,1000000,nearly,asc,0,1,3,1,2853000.000
sorted,vector,i32,1000000,nearly,asc,0,0,3,1,2893000.000
sorted,vector,i32,1000000,nearly,asc,0,1,4,1,2912000.000
sorted,vector,i32,1000000,nearly,asc,0,0,4,1,2867000.000
sorted,vector,i32,1000000,nearly,asc,0,1,5,1,2885000.000
sorted,vector,i32,1000000,nearly,asc,0,0,5,1,2887000.000
sorted,vector,i32,1000000,nearly,asc,0,0,6,1,2882000.000
sorted,vector,i32,1000000,nearly,asc,0,1,6,1,2929000.000
sorted,vector,i32,1000000,nearly,desc,0,0,0,1,2890000.000
sorted,vector,i32,1000000,nearly,desc,0,1,0,1,2845000.000
sorted,vector,i32,1000000,nearly,desc,0,1,1,1,2873000.000
sorted,vector,i32,1000000,nearly,desc,0,0,1,1,2881000.000
sorted,vector,i32,1000000,nearly,desc,0,0,2,1,2863000.000
sorted,vector,i32,1000000,nearly,desc,0,1,2,1,2915000.000
sorted,vector,i32,1000000,nearly,desc,0,0,3,1,2911000.000
sorted,vector,i32,1000000,nearly,desc,0,1,3,1,2855000.000
sorted,vector,i32,1000000,nearly,desc,0,0,4,1,2934000.000
sorted,vector,i32,1000000,nearly,desc,0,1,4,1,2889000.000
sorted,vector,i32,1000000,nearly,desc,0,0,5,1,2869000.000
sorted,vector,i32,1000000,nearly,desc,0,1,5,1,2936000.000
sorted,vector,i32,1000000,nearly,desc,0,1,6,1,2880000.000
sorted,vector,i32,1000000,nearly,desc,0,0,6,1,2889000.000
sorted,vector,i32,1000000,equal,asc,0,1,0,3,242000.000
sorted,vector,i32,1000000,equal,asc,0,0,0,3,232000.000
sorted,vector,i32,1000000,equal,asc,0,1,1,3,231000.000
sorted,vector,i32,1000000,equal,asc,0,0,1,3,231666.667
sorted,vector,i32,1000000,equal,asc,0,1,2,3,235000.000
sorted,vector,i32,1000000,equal,asc,0,0,2,3,237333.333
sorted,vector,i32,1000000,equal,asc,0,1,3,3,235666.667
sorted,vector,i32,1000000,equal,asc,0,0,3,3,236666.667
sorted,vector,i32,1000000,equal,asc,0,1,4,3,234333.333
sorted,vector,i32,1000000,equal,asc,0,0,4,3,232666.667
sorted,vector,i32,1000000,equal,asc,0,0,5,2,257500.000
sorted,vector,i32,1000000,equal,asc,0,1,5,3,237666.667
sorted,vector,i32,1000000,equal,asc,0,1,6,3,236333.333
sorted,vector,i32,1000000,equal,asc,0,0,6,3,231666.667
sorted,vector,i32,1000000,equal,desc,0,1,0,3,231333.333
sorted,vector,i32,1000000,equal,desc,0,0,0,3,235000.000
sorted,vector,i32,1000000,equal,desc,0,0,1,2,256500.000
sorted,vector,i32,1000000,equal,desc,0,1,1,2,265500.000
sorted,vector,i32,1000000,equal,desc,0,1,2,2,271500.000
sorted,vector,i32,1000000,equal,desc,0,0,2,2,270000.000
sorted,vector,i32,1000000,equal,desc,0,0,3,2,266000.000
sorted,vector,i32,1000000,equal,desc,0,1,3,2,267000.000
sorted,vector,i32,1000000,equal,desc,0,0,4,2,266500.000
sorted,vector,i32,1000000,equal,desc,0,1,4,2,272500.000
sorted,vector,i32,1000000,equal,desc,0,0,5,2,269000.000
sorted,vector,i32,1000000,equal,desc,0,1,5,2,268000.000
sorted,vector,i32,1000000,equal,desc,0,0,6,2,272500.000
sorted,vector,i32,1000000,equal,desc,0,1,6,2,255500.000
sorted,array,i32,65536,full,asc,0,1,0,2,434500.000
sorted,array,i32,65536,full,asc,0,0,0,3,229666.667
sorted,array,i32,65536,full,asc,0,1,1,3,217000.000
sorted,array,i32,65536,full,asc,0,0,1,3,200000.000
sorted,array,i32,65536,full,asc,0,0,2,3,185333.333
sorted,array,i32,65536,full,asc,0,1,2,3,203000.000
sorted,array,i32,65536,full,asc,0,0,3,3,190666.667
sorted,array,i32,65536,full,asc,0,1,3,3,194000.000
sorted,array,i32,65536,full,asc,0,1,4,3,198333.333
sorted,array,i32,65536,full,asc,0,0,4,3,211000.000
sorted,array,i32,65536,full,asc,0,1,5,3,195666.667
sorted,array,i32,65536,full,asc,0,0,5,3,209000.000
sorted,array,i32,65536,full,asc,0,1,6,3,209666.667
sorted,array,i32,65536,full,asc,0,0,6,3,212000.000
sorted,array,i32,65536,full,desc,0,1,0,3,229666.667
sorted,array,i32,65536,full,desc,0,0,0,3,228333.333
sorted,array,i32,65536,full,desc,0,0,1,3,220666.667
sorted,array,i32,65536,full,desc,0,1,1,3,232333.333
sorted,array,i32,65536,full,desc,0,0,2,3,231333.333
sorted,array,i32,65536,full,desc,0,1,2,3,209000.000
sorted,array,i32,65536,full,desc,0,0,3,3,201333.333
sorted,array,i32,65536,full,desc,0,1,3,3,197000.000
sorted,array,i32,65536,full,desc,0,1,4,3,196666.667
sorted,array,i32,65536,full,desc,0,0,4,3,220666.667
sorted,array,i32,65536,full,desc,0,1,5,3,197000.000
sorted,array,i32,65536,full,desc,0,0,5,3,216000.000
sorted,array,i32,65536,full,desc,0,1,6,3,197666.667
sorted,array,i32,65536,full,desc,0,0,6,3,217333.333
sorted,array,i32,65536,bits22,asc,0,1,0,4,143250.000
sorted,array,i32,65536,bits22,asc,0,0,0,4,158250.000
sorted,array,i32,65536,bits22,asc,0,1,1,4,144750.000
sorted,array,i32,65536,bits22,asc,0,0,1,4,154500.000
sorted,array,i32,65536,bits22,asc,0,0,2,3,167333.333
sorted,array,i32,65536,bits22,asc,0,1,2,4,140250.000
sorted,array,i32,65536,bits22,asc,0,1,3,4,165000.000
sorted,array,i32,65536,bits22,asc,0,0,3,2,329500.000
sorted,array,i32,65536,bits22,asc,0,0,4,4,153500.000
sorted,array,i32,65536,bits22,asc,0,1,4,3,167333.333
sorted,array,i32,65536,bits22,asc,0,0,5,4,158250.000
sorted,array,i32,65536,bits22,asc,0,1,5,3,167333.333
sorted,array,i32,65536,bits22,asc,0,1,6,4,156750.000
sorted,array,i32,65536,bits22,asc,0,0,6,4,140750.000
sorted,array,i32,65536,bits22,desc,0,0,0,4,161250.000
sorted,array,i32,65536,bits22,desc,0,1,0,3,177666.667
sorted,array,i32,65536,bits22,desc,0,1,1,4,157000.000
sorted,array,i32,65536,bits22,desc,0,0,1,3,182666.667
sorted,array,i32,65536,bits22,desc,0,1,2,4,145750.000
sorted,array,i32,65536,bits22,desc,0,0,2,3,171666.667
sorted,array,i32,65536,bits22,desc,0,0,3,4,163750.000
sorted,array,i32,65536,bits22,desc,0,1,3,4,163000.000
sorted,array,i32,65536,bits22,desc,0,0,4,4,160500.000
sorted,array,i32,65536,bits22,desc,0,1,4,4,161750.000
sorted,array,i32,65536,bits22,desc,0,0,5,4,160750.000
sorted,array,i32,65536,bits22,desc,0,1,5,4,156250.000
sorted,array,i32,65536,bits22,desc,0,1,6,4,151500.000
sorted,array,i32,65536,bits22,desc,0,0,6,4,147500.000
sorted,array,i32,65536,gaps,asc,0,0,0,2,274500.000
sorted,array,i32,65536,gaps,asc,0,1,0,3,273333.333
sorted,array,i32,65536,gaps,asc,0,1,1,2,283000.000
sorted,array,i32,65536,gaps,asc,0,0,1,2,320500.000
sorted,array,i32,65536,gaps,asc,0,1,2,2,276500.000
sorted,array,i32,65536,gaps,asc,0,0,2,2,326000.000
sorted,array,i32,65536,gaps,asc,0,0,3,2,305500.000
sorted,array,i32,65536,gaps,asc,0,1,3,2,270500.000
sorted,array,i32,65536,gaps,asc,0,0,4,2,289500.000
sorted,array,i32,65536,gaps,asc,0,1,4,2,299000.000
sorted,array,i32,65536,gaps,asc,0,1,5,2,312000.000
sorted,array,i32,65536,gaps,asc,0,0,5,2,286000.000
sorted,array,i32,65536,gaps,asc,0,1,6,2,278000.000
sorted,array,i32,65536,gaps,asc,0,0,6,2,282000.000
sorted,array,i32,65536,gaps,desc,0,1,0,3,248000.000
sorted,array,i32,65536,gaps,desc,0,0,0,2,272500.000
sorted,array,i32,65536,gaps,desc,0,1,1,3,237666.667
sorted,array,i32,65536,gaps,desc,0,0,1,2,269500.000
sorted,array,i32,65536,gaps,desc,0,1,2,3,263666.667
sorted,array,i32,65536,gaps,desc,0,0,2,3,267666.667
sorted,array,i32,65536,gaps,desc,0,0,3,2,313500.000
sorted,array,i32,65536,gaps,desc,0,1,3,3,263666.667
sorted,array,i32,65536,gaps,desc,0,1,4,2,342000.000
sorted,array,i32,65536,gaps,desc,0,0,4,2,300500.000
sorted,array,i32,65536,gaps,desc,0,0,5,2,306000.000
sorted,array,i32,65536,gaps,desc,0,1,5,2,295500.000
sorted,array,i32,65536,gaps,desc,0,0,6,2,253500.000
sorted,array,i32,65536,gaps,desc,0,1,6,2,270000.000
sorted,array,i32,65536,few,asc,0,1,0,5,108000.000
sorted,array,i32,65536,few,asc,0,0,0,5,118000.000
sorted,array,i32,65536,few,asc,0,0,1,5,108200.000
sorted,array,i32,65536,few,asc,0,1,1,5,124000.000
sorted,array,i32,65536,few,asc,0,0,2,5,125000.000
sorted,array,i32,65536,few,asc,0,1,2,5,124000.000
sorted,array,i32,65536,few,asc,0,0,3,5,109200.000
sorted,array,i32,65536,few,asc,0,1,3,5,115600.000
sorted,array,i32,65536,few,asc,0,0,4,5,111800.000
sorted,array,i32,65536,few,asc,0,1,4,5,108800.000
sorted,array,i32,65536,few,asc,0,0,5,5,114400.000
sorted,array,i32,65536,few,asc,0,1,5,5,111800.000
sorted,array,i32,65536,few,asc,0,1,6,5,112600.000
sorted,array,i32,65536,few,asc,0,0,6,5,112200.000
sorted,array,i32,65536,few,desc,0,1,0,5,112000.000
sorted,array,i32,65536,few,desc,0,0,0,4,134250.000
sorted,array,i32,65536,few,desc,0,1,1,5,107000.000
sorted,array,i32,65536,few,desc,0,0,1,5,112200.000
sorted,array,i32,65536,few,desc,0,0,2,5,108400.000
sorted,array,i32,65536,few,desc,0,1,2,5,100200.000
sorted,array,i32,65536,few,desc,0,0,3,5,105600.000
sorted,array,i32,65536,few,desc,0,1,3,5,100600.000
sorted,array,i32,65536,few,desc,0,0,4,5,106400.000
sorted,array,i32,65536,few,desc,0,1,4,6,100333.333
sorted,array,i32,65536,few,desc,0,0,5,5,106400.000
sorted,array,i32,65536,few,desc,0,1,5,5,101600.000
sorted,array,i32,65536,few,desc,0,1,6,5,100400.000
sorted,array,i32,65536,few,desc,0,0,6,5,107400.000
sorted,array,i32,65536,ordered,asc,0,0,0,21,24142.857
sorted,array,i32,65536,ordered,asc,0,1,0,20,25400.000
sorted,array,i32,65536,ordered,asc,0,0,1,21,24428.571
sorted,array,i32,65536,ordered,asc,0,1,1,19,26421.053
sorted,array,i32,65536,ordered,asc,0,1,2,20,25950.000
sorted,array,i32,65536,ordered,asc,0,0,2,22,23454.545
sorted,array,i32,65536,ordered,asc,0,0,3,21,24000.000
sorted,array,i32,65536,ordered,asc,0,1,3,20,25850.000
sorted,array,i32,65536,ordered,asc,0,1,4,22,23500.000
sorted,array,i32,65536,ordered,asc,0,0,4,22,23227.273
sorted,array,i32,65536,ordered,asc,0,0,5,23,21826.087
sorted,array,i32,65536,ordered,asc,0,1,5,21,23904.762
sorted,array,i32,65536,ordered,asc,0,0,6,23,22086.957
sorted,array,i32,65536,ordered,asc,0,1,6,22,23636.364
sorted,array,i32,65536,ordered,desc,0,1,0,21,24904.762
sorted,array,i32,65536,ordered,desc,0,0,0,21,24904.762
sorted,array,i32,65536,ordered,desc,0,1,1,21,24952.381
sorted,array,i32,65536,ordered,desc,0,0,1,21,24904.762
sorted,array,i32,65536,ordered,desc,0,1,2,20,25100.000
sorted,array,i32,65536,ordered,desc,0,0,2,21,24809.524
sorted,array,i32,65536,ordered,desc,0,0,3,20,25000.000
sorted,array,i32,65536,ordered,desc,0,1,3,19,26789.474
sorted,array,i32,65536,ordered,desc,0,1,4,20,26150.000
sorted,array,i32,65536,ordered,desc,0,0,4,19,26421.053
sorted,array,i32,65536,ordered,desc,0,1,5,20,25400.000
sorted,array,i32,65536,ordered,desc,0,0,5,17,30176.471
sorted,array,i32,65536,ordered,desc,0,0,6,21,24761.905
sorted,array,i32,65536,ordered,desc,0,1,6,20,25050.000
sorted,array,i32,65536,reverse,asc,0,1,0,20,25450.000
sorted,array,i32,65536,reverse,asc,0,0,0,20,25250.000
sorted,array,i32,65536,reverse,asc,0,1,1,20,26150.000
sorted,array,i32,65536,reverse,asc,0,0,1,18,29055.556
sorted,array,i32,65536,reverse,asc,0,0,2,21,24809.524
sorted,array,i32,65536,reverse,asc,0,1,2,21,24714.286
sorted,array,i32,65536,reverse,asc,0,0,3,21,24666.667
sorted,array,i32,65536,reverse,asc,0,1,3,21,24666.667
sorted,array,i32,65536,reverse,asc,0,0,4,21,24761.905
sorted,array,i32,65536,reverse,asc,0,1,4,21,24904.762
sorted,array,i32,65536,reverse,asc,0,1,5,20,25650.000
sorted,array,i32,65536,reverse,asc,0,0,5,21,24619.048
sorted,array,i32,65536,reverse,asc,0,1,6,20,25650.000
sorted,array,i32,65536,reverse,asc,0,0,6,21,24809.524
sorted,array,i32,65536,reverse,desc,0,1,0,20,25050.000
sorted,array,i32,65536,reverse,desc,0,0,0,21,23857.143
sorted,array,i32,65536,reverse,desc,0,1,1,22,22954.545
sorted,array,i32,65536,reverse,desc,0,0,1,23,22043.478
sorted,array,i32,65536,reverse,desc,0,1,2,24,21666.667
sorted,array,i32,65536,reverse,desc,0,0,2,22,23000.000
sorted,array,i32,65536,reverse,desc,0,1,3,23,22260.870
sorted,array,i32,65536,reverse,desc,0,0,3,23,22260.870
sorted,array,i32,65536,reverse,desc,0,1,4,24,21458.333
sorted,array,i32,65536,reverse,desc,0,0,4,23,22217.391
sorted,array,i32,65536,reverse,desc,0,0,5,22,23000.000
sorted,array,i32,65536,reverse,desc,0,1,5,23,22478.261
sorted,array,i32,65536,reverse,desc,0,1,6,22,23000.000
sorted,array,i32,65536,reverse,desc,0,0,6,21,24095.238
sorted,array,i32,65536,nearly,asc,0,1,0,3,175666.667
sorted,array,i32,65536,nearly,asc,0,0,0,3,177666.667
sorted,array,i32,65536,nearly,asc,0,1,1,3,181000.000
sorted,array,i32,65536,nearly,asc,0,0,1,3,200333.333
sorted,array,i32,65536,nearly,asc,0,1,2,3,186666.667
sorted,array,i32,65536,nearly,asc,0,0,2,3,167666.667
sorted,array,i32,65536,nearly,asc,0,1,3,3,168333.333
sorted,array,i32,65536,nearly,asc,0,0,3,3,167000.000
sorted,array,i32,65536,nearly,asc,0,1,4,3,169000.000
sorted,array,i32,65536,nearly,asc,0,0,4,4,167500.000
sorted,array,i32,65536,nearly,asc,0,0,5,3,173333.333
sorted,array,i32,65536,nearly,asc,0,1,5,3,177333.333
sorted,array,i32,65536,nearly,asc,0,0,6,3,181000.000
sorted,array,i32,65536,nearly,asc,0,1,6,3,171333.333
sorted,array,i32,65536,nearly,desc,0,0,0,3,175666.667
sorted,array,i32,65536,nearly,desc,0,1,0,3,188666.667
sorted,array,i32,65536,nearly,desc,0,0,1,3,187666.667
sorted,array,i32,65536,nearly,desc,0,1,1,3,195666.667
sorted,array,i32,65536,nearly,desc,0,1,2,3,194333.333
sorted,array,i32,65536,nearly,desc,0,0,2,3,187666.667
sorted,array,i32,65536,nearly,desc,0,0,3,3,183000.000
sorted,array,i32,65536,nearly,desc,0,1,3,3,181333.333
sorted,array,i32,65536,nearly,desc,0,1,4,3,187333.333
sorted,array,i32,65536,nearly,desc,0,0,4,3,184333.333
sorted,array,i32,65536,nearly,desc,0,0,5,3,188000.000
sorted,array,i32,65536,nearly,desc,0,1,5,3,182000.000
sorted,array,i32,65536,nearly,desc,0,1,6,3,193000.000
sorted,array,i32,65536,nearly,desc,0,0,6,3,181666.667
sorted,array,i32,65536,equal,asc,0,0,0,23,21782.609
sorted,array,i32,65536,equal,asc,0,1,0,23,22173.913
sorted,array,i32,65536,equal,asc,0,0,1,23,22478.261
sorted,array,i32,65536,equal,asc,0,1,1,23,22695.652
sorted,array,i32,65536,equal,asc,0,1,2,23,21869.565
sorted,array,i32,65536,equal,asc,0,0,2,23,22304.348
sorted,array,i32,65536,equal,asc,0,0,3,22,23181.818
sorted,array,i32,65536,equal,asc,0,1,3,23,21913.043
sorted,array,i32,65536,equal,asc,0,0,4,21,24476.190
sorted,array,i32,65536,equal,asc,0,1,4,21,24190.476
sorted,array,i32,65536,equal,asc,0,0,5,21,24238.095
sorted,array,i32,65536,equal,asc,0,1,5,23,22173.913
sorted,array,i32,65536,equal,asc,0,1,6,23,21739.130
sorted,array,i32,65536,equal,asc,0,0,6,24,21500.000
sorted,array,i32,65536,equal,desc,0,0,0,24,21291.667
sorted,array,i32,65536,equal,desc,0,1,0,23,21826.087
sorted,array,i32,65536,equal,desc,0,1,1,24,21500.000
sorted,array,i32,65536,equal,desc,0,0,1,22,23272.727
sorted,array,i32,65536,equal,desc,0,1,2,23,21739.130
sorted,array,i32,65536,equal,desc,0,0,2,22,22818.182
sorted,array,i32,65536,equal,desc,0,1,3,23,21869.565
sorted,array,i32,65536,equal,desc,0,0,3,23,21782.609
sorted,array,i32,65536,equal,desc,0,0,4,22,22772.727
sorted,array,i32,65536,equal,desc,0,1,4,24,21375.000
sorted,array,i32,65536,equal,desc,0,0,5,23,22347.826
sorted,array,i32,65536,equal,desc,0,1,5,24,21708.333
sorted,array,i32,65536,equal,desc,0,1,6,22,22727.273
sorted,array,i32,65536,equal,desc,0,0,6,24,21375.000
sorted,vector,i64,128,full,asc,0,0,0,512,408.203
sorted,vector,i64,128,full,asc,0,1,0,512,414.062
sorted,vector,i64,128,full,asc,0,0,1,512,369.141
sorted,vector,i64,128,full,asc,0,1,1,512,548.828
sorted,vector,i64,128,full,asc,0,0,2,512,400.391
sorted,vector,i64,128,full,asc,0,1,2,512,396.484
sorted,vector,i64,128,full,asc,0,1,3,512,439.453
sorted,vector,i64,128,full,asc,0,0,3,512,410.156
sorted,vector,i64,128,full,asc,0,1,4,512,412.109
sorted,vector,i64,128,full,asc,0,0,4,512,416.016
sorted,vector,i64,128,full,asc,0,1,5,512,421.875
sorted,vector,i64,128,full,asc,0,0,5,512,398.438
sorted,vector,i64,128,full,asc,0,1,6,512,406.250
sorted,vector,i64,128,full,asc,0,0,6,512,423.828
sorted,vector,i64,128,full,desc,0,0,0,512,457.031
sorted,vector,i64,128,full,desc,0,1,0,512,443.359
sorted,vector,i64,128,full,desc,0,0,1,512,472.656
sorted,vector,i64,128,full,desc,0,1,1,512,457.031
sorted,vector,i64,128,full,desc,0,0,2,512,472.656
sorted,vector,i64,128,full,desc,0,1,2,512,468.750
sorted,vector,i64,128,full,desc,0,0,3,512,470.703
sorted,vector,i64,128,full,desc,0,1,3,512,476.562
sorted,vector,i64,128,full,desc,0,0,4,512,480.469
sorted,vector,i64,128,full,desc,0,1,4,512,458.984
sorted,vector,i64,128,full,desc,0,1,5,512,470.703
sorted,vector,i64,128,full,desc,0,0,5,512,468.750
sorted,vector,i64,128,full,desc,0,1,6,512,466.797
sorted,vector,i64,128,full,desc,0,0,6,512,480.469
sorted,vector,i64,128,bits22,asc,0,0,0,512,462.891
sorted,vector,i64,128,bits22,asc,0,1,0,512,492.188
sorted,vector,i64,128,bits22,asc,0,1,1,512,462.891
sorted,vector,i64,128,bits22,asc,0,0,1,512,457.031
sorted,vector,i64,128,bits22,asc,0,1,2,512,474.609
sorted,vector,i64,128,bits22,asc,0,0,2,512,421.875
sorted,vector,i64,128,bits22,asc,0,0,3,512,425.781
sorted,vector,i64,128,bits22,asc,0,1,3,512,476.562
sorted,vector,i64,128,bits22,asc,0,1,4,512,480.469
sorted,vector,i64,128,bits22,asc,0,0,4,512,484.375
sorted,vector,i64,128,bits22,asc,0,1,5,512,552.734
sorted,vector,i64,128,bits22,asc,0,0,5,512,431.641
sorted,vector,i64,128,bits22,asc,0,0,6,512,437.500
sorted,vector,i64,128,bits22,asc,0,1,6,512,443.359
sorted,vector,i64,128,bits22,desc,0,0,0,512,451.172
sorted,vector,i64,128,bits22,desc,0,1,0,512,427.734
sorted,vector,i64,128,bits22,desc,0,0,1,512,412.109
sorted,vector,i64,128,bits22,desc,0,1,1,512,394.531
sorted,vector,i64,128,bits22,desc,0,0,2,512,490.234
sorted,vector,i64,128,bits22,desc,0,1,2,512,406.250
sorted,vector,i64,128,bits22,desc,0,1,3,512,425.781
sorted,vector,i64,128,bits22,desc,0,0,3,512,402.344
sorted,vector,i64,128,bits22,desc,0,0,4,512,414.062
sorted,vector,i64,128,bits22,desc,0,1,4,512,429.688
sorted,vector,i64,128,bits22,desc,0,1,5,512,425.781
sorted,vector,i64,128,bits22,desc,0,0,5,512,406.250
sorted,vector,i64,128,bits22,desc,0,1,6,512,410.156
sorted,vector,i64,128,bits22,desc,0,0,6,512,394.531
sorted,vector,i64,128,gaps,asc,0,0,0,512,431.641
sorted,vector,i64,128,gaps,asc,0,1,0,512,406.250
sorted,vector,i64,128,gaps,asc,0,0,1,512,447.266
sorted,vector,i64,128,gaps,asc,0,1,1,512,449.219
sorted,vector,i64,128,gaps,asc,0,1,2,512,425.781
sorted,vector,i64,128,gaps,asc,0,0,2,512,425.781
sorted,vector,i64,128,gaps,asc,0,0,3,512,433.594
sorted,vector,i64,128,gaps,asc,0,1,3,512,443.359
sorted,vector,i64,128,gaps,asc,0,0,4,512,486.328
sorted,vector,i64,128,gaps,asc,0,1,4,512,435.547
sorted,vector,i64,128,gaps,asc,0,0,5,512,501.953
sorted,vector,i64,128,gaps,asc,0,1,5,512,482.422
sorted,vector,i64,128,gaps,asc,0,0,6,512,404.297
sorted,vector,i64,128,gaps,asc,0,1,6,512,449.219
sorted,vector,i64,128,gaps,desc,0,1,0,512,435.547
sorted,vector,i64,128,gaps,desc,0,0,0,512,416.016
sorted,vector,i64,128,gaps,desc,0,0,1,512,457.031
sorted,vector,i64,128,gaps,desc,0,1,1,512,421.875
sorted,vector,i64,128,gaps,desc,0,1,2,512,513.672
sorted,vector,i64,128,gaps,desc,0,0,2,512,457.031
sorted,vector,i64,128,gaps,desc,0,1,3,512,429.688
sorted,vector,i64,128,gaps,desc,0,0,3,512,492.188
sorted,vector,i64,128,gaps,desc,0,1,4,512,435.547
sorted,vector,i64,128,gaps,desc,0,0,4,512,423.828
sorted,vector,i64,128,gaps,desc,0,1,5,512,425.781
sorted,vector,i64,128,gaps,desc,0,0,5,512,423.828
sorted,vector,i64,128,gaps,desc,0,1,6,512,478.516
sorted,vector,i64,128,gaps,desc,0,0,6,512,449.219
sorted,vector,i64,128,few,asc,0,0,0,512,378.906
sorted,vector,i64,128,few,asc,0,1,0,512,386.719
sorted,vector,i64,128,few,asc,0,0,1,512,398.438
sorted,vector,i64,128,few,asc,0,1,1,512,375.000
sorted,vector,i64,128,few,asc,0,0,2,512,382.812
sorted,vector,i64,128,few,asc,0,1,2,512,384.766
sorted,vector,i64,128,few,asc,0,1,3,512,386.719
sorted,vector,i64,128,few,asc,0,0,3,512,523.438
sorted,vector,i64,128,few,asc,0,1,4,512,392.578
sorted,vector,i64,128,few,asc,0,0,4,512,376.953
sorted,vector,i64,128,few,asc,0,0,5,512,365.234
sorted,vector,i64,128,few,asc,0,1,5,512,367.188
sorted,vector,i64,128,few,asc,0,1,6,512,361.328
sorted,vector,i64,128,few,asc,0,0,6,512,363.281
sorted,vector,i64,128,few,desc,0,1,0,512,341.797
sorted,vector,i64,128,few,desc,0,0,0,512,347.656
sorted,vector,i64,128,few,desc,0,0,1,512,361.328
sorted,vector,i64,128,few,desc,0,1,1,512,367.188
sorted,vector,i64,128,few,desc,0,1,2,512,337.891
sorted,vector,i64,128,few,desc,0,0,2,512,361.328
sorted,vector,i64,128,few,desc,0,1,3,512,365.234
sorted,vector,i64,128,few,desc,0,0,3,512,378.906
sorted,vector,i64,128,few,desc,0,0,4,512,363.281
sorted,vector,i64,128,few,desc,0,1,4,512,359.375
sorted,vector,i64,128,few,desc,0,1,5,512,363.281
sorted,vector,i64,128,few,desc,0,0,5,512,365.234
sorted,vector,i64,128,few,desc,0,1,6,512,351.562
sorted,vector,i64,128,few,desc,0,0,6,512,359.375
sorted,vector,i64,128,ordered,asc,0,0,0,512,41.016
sorted,vector,i64,128,ordered,asc,0,1,0,512,35.156
sorted,vector,i64,128,ordered,asc,0,0,1,512,48.828
sorted,vector,i64,128,ordered,asc,0,1,1,512,46.875
sorted,vector,i64,128,ordered,asc,0,0,2,512,39.062
sorted,vector,i64,128,ordered,asc,0,1,2,512,25.391
sorted,vector,i64,128,ordered,asc,0,0,3,512,42.969
sorted,vector,i64,128,ordered,asc,0,1,3,512,35.156
sorted,vector,i64,128,ordered,asc,0,0,4,512,35.156
sorted,vector,i64,128,ordered,asc,0,1,4,512,41.016
sorted,vector,i64,128,ordered,asc,0,1,5,512,42.969
sorted,vector,i64,128,ordered,asc,0,0,5,512,54.688
sorted,vector,i64,128,ordered,asc,0,1,6,512,39.062
sorted,vector,i64,128,ordered,asc,0,0,6,512,31.250
sorted,vector,i64,128,ordered,desc,0,0,0,512,72.266
sorted,vector,i64,128,ordered,desc,0,1,0,512,54.688
sorted,vector,i64,128,ordered,desc,0,0,1,512,97.656
sorted,vector,i64,128,ordered,desc,0,1,1,512,62.500
sorted,vector,i64,128,ordered,desc,0,0,2,512,62.500
sorted,vector,i64,128,ordered,desc,0,1,2,512,60.547
sorted,vector,i64,128,ordered,desc,0,1,3,512,56.641
sorted,vector,i64,128,ordered,desc,0,0,3,512,72.266
sorted,vector,i64,128,ordered,desc,0,0,4,512,70.312
sorted,vector,i64,128,ordered,desc,0,1,4,512,66.406
sorted,vector,i64,128,ordered,desc,0,1,5,512,62.500
sorted,vector,i64,128,ordered,desc,0,0,5,512,58.594
sorted,vector,i64,128,ordered,desc,0,1,6,512,50.781
sorted,vector,i64,128,ordered,desc,0,0,6,512,50.781
sorted,vector,i64,128,reverse,asc,0,1,0,512,62.500
sorted,vector,i64,128,reverse,asc,0,0,0,512,52.734
sorted,vector,i64,128,reverse,asc,0,0,1,512,54.688
sorted,vector,i64,128,reverse,asc,0,1,1,512,52.734
sorted,vector,i64,128,reverse,asc,0,0,2,512,48.828
sorted,vector,i64,128,reverse,asc,0,1,2,512,48.828
sorted,vector,i64,128,reverse,asc,0,1,3,512,44.922
sorted,vector,i64,128,reverse,asc,0,0,3,512,60.547
sorted,vector,i64,128,reverse,asc,0,0,4,512,62.500
sorted,vector,i64,128,reverse,asc,0,1,4,512,60.547
sorted,vector,i64,128,reverse,asc,0,1,5,512,64.453
sorted,vector,i64,128,reverse,asc,0,0,5,512,50.781
sorted,vector,i64,128,reverse,asc,0,1,6,512,39.062
sorted,vector,i64,128,reverse,asc,0,0,6,512,58.594
sorted,vector,i64,128,reverse,desc,0,1,0,512,68.359
sorted,vector,i64,128,reverse,desc,0,0,0,512,42.969
sorted,vector,i64,128,reverse,desc,0,0,1,512,41.016
sorted,vector,i64,128,reverse,desc,0,1,1,512,42.969
sorted,vector,i64,128,reverse,desc,0,0,2,512,29.297
sorted,vector,i64,128,reverse,desc,0,1,2,512,37.109
sorted,vector,i64,128,reverse,desc,0,0,3,512,42.969
sorted,vector,i64,128,reverse,desc,0,1,3,512,44.922
sorted,vector,i64,128,reverse,desc,0,0,4,512,39.062
sorted,vector,i64,128,reverse,desc,0,1,4,512,41.016
sorted,vector,i64,128,reverse,desc,0,0,5,512,39.062
sorted,vector,i64,128,reverse,desc,0,1,5,512,39.062
sorted,vector,i64,128,reverse,desc,0,0,6,512,41.016
sorted,vector,i64,128,reverse,desc,0,1,6,512,42.969
sorted,vector,i64,128,nearly,asc,0,1,0,512,347.656
sorted,vector,i64,128,nearly,asc,0,0,0,512,367.188
sorted,vector,i64,128,nearly,asc,0,0,1,512,382.812
sorted,vector,i64,128,nearly,asc,0,1,1,512,375.000
sorted,vector,i64,128,nearly,asc,0,0,2,512,376.953
sorted,vector,i64,128,nearly,asc,0,1,2,512,337.891
sorted,vector,i64,128,nearly,asc,0,1,3,512,375.000
sorted,vector,i64,128,nearly,asc,0,0,3,512,341.797
sorted,vector,i64,128,nearly,asc,0,1,4,512,333.984
sorted,vector,i64,128,nearly,asc,0,0,4,512,337.891
sorted,vector,i64,128,nearly,asc,0,0,5,512,335.938
sorted,vector,i64,128,nearly,asc,0,1,5,512,328.125
sorted,vector,i64,128,nearly,asc,0,0,6,512,355.469
sorted,vector,i64,128,nearly,asc,0,1,6,512,378.906
sorted,vector,i64,128,nearly,desc,0,0,0,512,277.344
sorted,vector,i64,128,nearly,desc,0,1,0,512,277.344
sorted,vector,i64,128,nearly,desc,0,0,1,512,279.297
sorted,vector,i64,128,nearly,desc,0,1,1,512,279.297
sorted,vector,i64,128,nearly,desc,0,0,2,512,300.781
sorted,vector,i64,128,nearly,desc,0,1,2,512,275.391
sorted,vector,i64,128,nearly,desc,0,1,3,512,279.297
sorted,vector,i64,128,nearly,desc,0,0,3,512,271.484
sorted,vector,i64,128,nearly,desc,0,0,4,512,279.297
sorted,vector,i64,128,nearly,desc,0,1,4,512,283.203
sorted,vector,i64,128,nearly,desc,0,1,5,512,277.344
sorted,vector,i64,128,nearly,desc,0,0,5,512,291.016
sorted,vector,i64,128,nearly,desc,0,0,6,512,296.875
sorted,vector,i64,128,nearly,desc,0,1,6,512,279.297
sorted,vector,i64,128,equal,asc,0,1,0,512,41.016
sorted,vector,i64,128,equal,asc,0,0,0,512,39.062
sorted,vector,i64,128,equal,asc,0,0,1,512,44.922
sorted,vector,i64,128,equal,asc,0,1,1,512,42.969
sorted,vector,i64,128,equal,asc,0,0,2,512,33.203
sorted,vector,i64,128,equal,asc,0,1,2,512,39.062
sorted,vector,i64,128,equal,asc,0,1,3,512,37.109
sorted,vector,i64,128,equal,asc,0,0,3,512,39.062
sorted,vector,i64,128,equal,asc,0,1,4,512,41.016
sorted,vector,i64,128,equal,asc,0,0,4,512,42.969
sorted,vector,i64,128,equal,asc,0,1,5,512,44.922
sorted,vector,i64,128,equal,asc,0,0,5,512,39.062
sorted,vector,i64,128,equal,asc,0,1,6,512,44.922
sorted,vector,i64,128,equal,asc,0,0,6,512,39.062
sorted,vector,i64,128,equal,desc,0,0,0,512,46.875
sorted,vector,i64,128,equal,desc,0,1,0,512,44.922
sorted,vector,i64,128,equal,desc,0,1,1,512,50.781
sorted,vector,i64,128,equal,desc,0,0,1,512,39.062
sorted,vector,i64,128,equal,desc,0,0,2,512,68.359
sorted,vector,i64,128,equal,desc,0,1,2,512,48.828
sorted,vector,i64,128,equal,desc,0,1,3,512,35.156
sorted,vector,i64,128,equal,desc,0,0,3,512,44.922
sorted,vector,i64,128,equal,desc,0,1,4,512,31.250
sorted,vector,i64,128,equal,desc,0,0,4,512,37.109
sorted,vector,i64,128,equal,desc,0,0,5,512,39.062
sorted,vector,i64,128,equal,desc,0,1,5,512,37.109
sorted,vector,i64,128,equal,desc,0,1,6,512,46.875
sorted,vector,i64,128,equal,desc,0,0,6,512,29.297
sorted,vector,i64,512,full,asc,0,0,0,143,3496.503
sorted,vector,i64,512,full,asc,0,1,0,187,2679.144
sorted,vector,i64,512,full,asc,0,1,1,187,2679.144
sorted,vector,i64,512,full,asc,0,0,1,187,2679.144
sorted,vector,i64,512,full,asc,0,1,2,186,2688.172
sorted,vector,i64,512,full,asc,0,0,2,189,2645.503
sorted,vector,i64,512,full,asc,0,1,3,188,2670.213
sorted,vector,i64,512,full,asc,0,0,3,189,2645.503
sorted,vector,i64,512,full,asc,0,1,4,180,2788.889
sorted,vector,i64,512,full,asc,0,0,4,186,2693.548
sorted,vector,i64,512,full,asc,0,1,5,188,2659.574
sorted,vector,i64,512,full,asc,0,0,5,190,2642.105
sorted,vector,i64,512,full,asc,0,0,6,188,2664.894
sorted,vector,i64,512,full,asc,0,1,6,186,2688.172
sorted,vector,i64,512,full,desc,0,0,0,183,2737.705
sorted,vector,i64,512,full,desc,0,1,0,192,2609.375
sorted,vector,i64,512,full,desc,0,1,1,191,2628.272
sorted,vector,i64,512,full,desc,0,0,1,169,2964.497
sorted,vector,i64,512,full,desc,0,0,2,173,2901.734
sorted,vector,i64,512,full,desc,0,1,2,184,2717.391
sorted,vector,i64,512,full,desc,0,1,3,185,2708.108
sorted,vector,i64,512,full,desc,0,0,3,175,2862.857
sorted,vector,i64,512,full,desc,0,0,4,184,2722.826
sorted,vector,i64,512,full,desc,0,1,4,179,2804.469
sorted,vector,i64,512,full,desc,0,1,5,184,2717.391
sorted,vector,i64,512,full,desc,0,0,5,180,2788.889
sorted,vector,i64,512,full,desc,0,1,6,183,2737.705
sorted,vector,i64,512,full,desc,0,0,6,177,2830.508
sorted,vector,i64,512,bits22,asc,0,0,0,179,2793.296
sorted,vector,i64,512,bits22,asc,0,1,0,191,2617.801
sorted,vector,i64,512,bits22,asc,0,1,1,189,2650.794
sorted,vector,i64,512,bits22,asc,0,0,1,185,2708.108
sorted,vector,i64,512,bits22,asc,0,0,2,187,2673.797
sorted,vector,i64,512,bits22,asc,0,1,2,183,2737.705
sorted,vector,i64,512,bits22,asc,0,1,3,189,2656.085
sorted,vector,i64,512,bits22,asc,0,0,3,175,2874.286
sorted,vector,i64,512,bits22,asc,0,0,4,183,2732.240
sorted,vector,i64,512,bits22,asc,0,1,4,187,2679.144
sorted,vector,i64,512,bits22,asc,0,1,5,177,2836.158
sorted,vector,i64,512,bits22,asc,0,0,5,191,2628.272
sorted,vector,i64,512,bits22,asc,0,0,6,181,2767.956
sorted,vector,i64,512,bits22,asc,0,1,6,191,2628.272
sorted,vector,i64,512,bits22,desc,0,1,0,168,2976.190
sorted,vector,i64,512,bits22,desc,0,0,0,171,2929.825
sorted,vector,i64,512,bits22,desc,0,0,1,182,2747.253
sorted,vector,i64,512,bits22,desc,0,1,1,176,2846.591
sorted,vector,i64,512,bits22,desc,0,1,2,183,2737.705
sorted,vector,i64,512,bits22,desc,0,0,2,183,2732.240
sorted,vector,i64,512,bits22,desc,0,0,3,176,2840.909
sorted,vector,i64,512,bits22,desc,0,1,3,178,2814.607
sorted,vector,i64,512,bits22,desc,0,0,4,178,2820.225
sorted,vector,i64,512,bits22,desc,0,1,4,182,2758.242
sorted,vector,i64,512,bits22,desc,0,1,5,176,2840.909
sorted,vector,i64,512,bits22,desc,0,0,5,173,2895.954
sorted,vector,i64,512,bits22,desc,0,1,6,174,2873.563
sorted,vector,i64,512,bits22,desc,0,0,6,161,3111.801
sorted,vector,i64,512,gaps,asc,0,0,0,182,2747.253
sorted,vector,i64,512,gaps,asc,0,1,0,188,2659.574
sorted,vector,i64,512,gaps,asc,0,0,1,183,2743.169
sorted,vector,i64,512,gaps,asc,0,1,1,190,2631.579
sorted,vector,i64,512,gaps,asc,0,1,2,185,2708.108
sorted,vector,i64,512,gaps,asc,0,0,2,182,2763.736
sorted,vector,i64,512,gaps,asc,0,0,3,180,2788.889
sorted,vector,i64,512,gaps,asc,0,1,3,180,2777.778
sorted,vector,i64,512,gaps,asc,0,1,4,182,2752.747
sorted,vector,i64,512,gaps,asc,0,0,4,174,2873.563
sorted,vector,i64,512,gaps,asc,0,0,5,181,2762.431
sorted,vector,i64,512,gaps,asc,0,1,5,175,2868.571
sorted,vector,i64,512,gaps,asc,0,1,6,181,2762.431
sorted,vector,i64,512,gaps,asc,0,0,6,181,2762.431
sorted,vector,i64,512,gaps,desc,0,1,0,186,2698.925
sorted,vector,i64,512,gaps,desc,0,0,0,188,2659.574
sorted,vector,i64,512,gaps,desc,0,0,1,176,2846.591
sorted,vector,i64,512,gaps,desc,0,1,1,176,2840.909
sorted,vector,i64,512,gaps,desc,0,1,2,183,2743.169
sorted,vector,i64,512,gaps,desc,0,0,2,178,2820.225
sorted,vector,i64,512,gaps,desc,0,1,3,183,2737.705
sorted,vector,i64,512,gaps,desc,0,0,3,177,2830.508
sorted,vector,i64,512,gaps,desc,0,0,4,181,2767.956
sorted,vector,i64,512,gaps,desc,0,1,4,183,2743.169
sorted,vector,i64,512,gaps,desc,0,0,5,177,2824.859
sorted,vector,i64,512,gaps,desc,0,1,5,183,2737.705
sorted,vector,i64,512,gaps,desc,0,1,6,158,3164.557
sorted,vector,i64,512,gaps,desc,0,0,6,182,2752.747
sorted,vector,i64,512,few,asc,0,0,0,512,970.703
sorted,vector,i64,512,few,asc,0,1,0,497,1006.036
sorted,vector,i64,512,few,asc,0,1,1,493,1014.199
sorted,vector,i64,512,few,asc,0,0,1,467,1070.664
sorted,vector,i64,512,few,asc,0,1,2,499,1002.004
sorted,vector,i64,512,few,asc,0,0,2,512,976.562
sorted,vector,i64,512,few,asc,0,0,3,512,972.656
sorted,vector,i64,512,few,asc,0,1,3,476,1050.420
sorted,vector,i64,512,few,asc,0,0,4,512,958.984
sorted,vector,i64,512,few,asc,0,1,4,496,1008.065
sorted,vector,i64,512,few,asc,0,1,5,506,988.142
sorted,vector,i64,512,few,asc,0,0,5,512,955.078
sorted,vector,i64,512,few,asc,0,0,6,484,1033.058
sorted,vector,i64,512,few,asc,0,1,6,454,1101.322
sorted,vector,i64,512,few,desc,0,1,0,497,1006.036
sorted,vector,i64,512,few,desc,0,0,0,490,1020.408
sorted,vector,i64,512,few,desc,0,1,1,497,1006.036
sorted,vector,i64,512,few,desc,0,0,1,512,974.609
sorted,vector,i64,512,few,desc,0,0,2,495,1010.101
sorted,vector,i64,512,few,desc,0,1,2,511,978.474
sorted,vector,i64,512,few,desc,0,0,3,486,1028.807
sorted,vector,i64,512,few,desc,0,1,3,498,1004.016
sorted,vector,i64,512,few,desc,0,0,4,498,1004.016
sorted,vector,i64,512,few,desc,0,1,4,438,1141.553
sorted,vector,i64,512,few,desc,0,1,5,512,953.125
sorted,vector,i64,512,few,desc,0,0,5,512,962.891
sorted,vector,i64,512,few,desc,0,0,6,512,943.359
sorted,vector,i64,512,few,desc,0,1,6,512,939.453
sorted,vector,i64,512,ordered,asc,0,0,0,512,167.969
sorted,vector,i64,512,ordered,asc,0,1,0,512,166.016
sorted,vector,i64,512,ordered,asc,0,1,1,512,144.531
sorted,vector,i64,512,ordered,asc,0,0,1,512,171.875
sorted,vector,i64,512,ordered,asc,0,1,2,512,152.344
sorted,vector,i64,512,ordered,asc,0,0,2,512,150.391
sorted,vector,i64,512,ordered,asc,0,0,3,512,146.484
sorted,vector,i64,512,ordered,asc,0,1,3,512,148.438
sorted,vector,i64,512,ordered,asc,0,0,4,512,146.484
sorted,vector,i64,512,ordered,asc,0,1,4,512,144.531
sorted,vector,i64,512,ordered,asc,0,0,5,512,154.297
sorted,vector,i64,512,ordered,asc,0,1,5,512,150.391
sorted,vector,i64,512,ordered,asc,0,1,6,512,148.438
sorted,vector,i64,512,ordered,asc,0,0,6,512,169.922
sorted,vector,i64,512,ordered,desc,0,0,0,512,218.750
sorted,vector,i64,512,ordered,desc,0,1,0,512,250.000
sorted,vector,i64,512,ordered,desc,0,1,1,512,230.469
sorted,vector,i64,512,ordered,desc,0,0,1,512,232.422
sorted,vector,i64,512,ordered,desc,0,1,2,512,246.094
sorted,vector,i64,512,ordered,desc,0,0,2,512,210.938
sorted,vector,i64,512,ordered,desc,0,0,3,512,222.656
sorted,vector,i64,512,ordered,desc,0,1,3,512,214.844
sorted,vector,i64,512,ordered,desc,0,1,4,512,208.984
sorted,vector,i64,512,ordered,desc,0,0,4,512,216.797
sorted,vector,i64,512,ordered,desc,0,1,5,512,228.516
sorted,vector,i64,512,ordered,desc,0,0,5,512,257.812
sorted,vector,i64,512,ordered,desc,0,0,6,512,236.328
sorted,vector,i64,512,ordered,desc,0,1,6,512,242.188
sorted,vector,i64,512,reverse,asc,0,0,0,512,208.984
sorted,vector,i64,512,reverse,asc,0,1,0,512,251.953
sorted,vector,i64,512,reverse,asc,0,0,1,512,226.562
sorted,vector,i64,512,reverse,asc,0,1,1,512,205.078
sorted,vector,i64,512,reverse,asc,0,1,2,512,214.844
sorted,vector,i64,512,reverse,asc,0,0,2,512,253.906
sorted,vector,i64,512,reverse,asc,0,0,3,512,232.422
sorted,vector,i64,512,reverse,asc,0,1,3,512,220.703
sorted,vector,i64,512,reverse,asc,0,1,4,512,263.672
sorted,vector,i64,512,reverse,asc,0,0,4,512,259.766
sorted,vector,i64,512,reverse,asc,0,1,5,512,253.906
sorted,vector,i64,512,reverse,asc,0,0,5,512,216.797
sorted,vector,i64,512,reverse,asc,0,1,6,512,224.609
sorted,vector,i64,512,reverse,asc,0,0,6,512,214.844
sorted,vector,i64,512,reverse,desc,0,1,0,512,146.484
sorted,vector,i64,512,reverse,desc,0,0,0,512,150.391
sorted,vector,i64,512,reverse,desc,0,1,1,512,146.484
sorted,vector,i64,512,reverse,desc,0,0,1,512,152.344
sorted,vector,i64,512,reverse,desc,0,1,2,512,150.391
sorted,vector,i64,512,reverse,desc,0,0,2,512,152.344
sorted,vector,i64,512,reverse,desc,0,1,3,512,160.156
sorted,vector,i64,512,reverse,desc,0,0,3,512,160.156
sorted,vector,i64,512,reverse,desc,0,0,4,512,156.250
sorted,vector,i64,512,reverse,desc,0,1,4,512,150.391
sorted,vector,i64,512,reverse,desc,0,1,5,512,154.297
sorted,vector,i64,512,reverse,desc,0,0,5,512,146.484
sorted,vector,i64,512,reverse,desc,0,0,6,512,148.438
sorted,vector,i64,512,reverse,desc,0,1,6,512,144.531
sorted,vector,i64,512,nearly,asc,0,0,0,233,2145.923
sorted,vector,i64,512,nearly,asc,0,1,0,240,2087.500
sorted,vector,i64,512,nearly,asc,0,0,1,231,2164.502
sorted,vector,i64,512,nearly,asc,0,1,1,231,2168.831
sorted,vector,i64,512,nearly,asc,0,0,2,238,2105.042
sorted,vector,i64,512,nearly,asc,0,1,2,231,2164.502
sorted,vector,i64,512,nearly,asc,0,0,3,195,2569.231
sorted,vector,i64,512,nearly,asc,0,1,3,240,2083.333
sorted,vector,i64,512,nearly,asc,0,1,4,243,2061.728
sorted,vector,i64,512,nearly,asc,0,0,4,243,2057.613
sorted,vector,i64,512,nearly,asc,0,0,5,240,2083.333
sorted,vector,i64,512,nearly,asc,0,1,5,242,2066.116
sorted,vector,i64,512,nearly,asc,0,1,6,243,2057.613
sorted,vector,i64,512,nearly,asc,0,0,6,242,2066.116
sorted,vector,i64,512,nearly,desc,0,1,0,261,1915.709
sorted,vector,i64,512,nearly,desc,0,0,0,260,1923.077
sorted,vector,i64,512,nearly,desc,0,0,1,258,1937.984
sorted,vector,i64,512,nearly,desc,0,1,1,259,1934.363
sorted,vector,i64,512,nearly,desc,0,1,2,258,1941.860
sorted,vector,i64,512,nearly,desc,0,0,2,261,1919.540
sorted,vector,i64,512,nearly,desc,0,1,3,260,1926.923
sorted,vector,i64,512,nearly,desc,0,0,3,261,1919.540
sorted,vector,i64,512,nearly,desc,0,1,4,250,2004.000
sorted,vector,i64,512,nearly,desc,0,0,4,253,1980.237
sorted,vector,i64,512,nearly,desc,0,1,5,235,2131.915
sorted,vector,i64,512,nearly,desc,0,0,5,255,1964.706
sorted,vector,i64,512,nearly,desc,0,1,6,240,2087.500
sorted,vector,i64,512,nearly,desc,0,0,6,252,1984.127
sorted,vector,i64,512,equal,asc,0,0,0,512,144.531
sorted,vector,i64,512,equal,asc,0,1,0,512,156.250
sorted,vector,i64,512,equal,asc,0,0,1,512,148.438
sorted,vector,i64,512,equal,asc,0,1,1,512,142.578
sorted,vector,i64,512,equal,asc,0,1,2,512,144.531
sorted,vector,i64,512,equal,asc,0,0,2,512,156.250
sorted,vector,i64,512,equal,asc,0,1,3,512,148.438
sorted,vector,i64,512,equal,asc,0,0,3,512,146.484
sorted,vector,i64,512,equal,asc,0,1,4,512,150.391
sorted,vector,i64,512,equal,asc,0,0,4,512,148.438
sorted,vector,i64,512,equal,asc,0,1,5,512,160.156
sorted,vector,i64,512,equal,asc,0,0,5,512,144.531
sorted,vector,i64,512,equal,asc,0,1,6,512,148.438
sorted,vector,i64,512,equal,asc,0,0,6,512,144.531
sorted,vector,i64,512,equal,desc,0,0,0,512,138.672
sorted,vector,i64,512,equal,desc,0,1,0,512,144.531
sorted,vector,i64,512,equal,desc,0,0,1,512,144.531
sorted,vector,i64,512,equal,desc,0,1,1,512,189.453
sorted,vector,i64,512,equal,desc,0,1,2,512,144.531
sorted,vector,i64,512,equal,desc,0,0,2,512,140.625
sorted,vector,i64,512,equal,desc,0,0,3,512,142.578
sorted,vector,i64,512,equal,desc,0,1,3,512,150.391
sorted,vector,i64,512,equal,desc,0,0,4,512,146.484
sorted,vector,i64,512,equal,desc,0,1,4,512,150.391
sorted,vector,i64,512,equal,desc,0,0,5,512,171.875
sorted,vector,i64,512,equal,desc,0,1,5,512,166.016
sorted,vector,i64,512,equal,desc,0,1,6,512,203.125
sorted,vector,i64,512,equal,desc,0,0,6,512,154.297
sorted,vector,i64,4096,full,asc,0,1,0,23,21782.609
sorted,vector,i64,4096,full,asc,0,0,0,22,22909.091
sorted,vector,i64,4096,full,asc,0,0,1,23,22478.261
sorted,vector,i64,4096,full,asc,0,1,1,23,21869.565
sorted,vector,i64,4096,full,asc,0,0,2,23,22130.435
sorted,vector,i64,4096,full,asc,0,1,2,24,21208.333
sorted,vector,i64,4096,full,asc,0,0,3,22,22863.636
sorted,vector,i64,4096,full,asc,0,1,3,23,22565.217
sorted,vector,i64,4096,full,asc,0,0,4,22,23454.545
sorted,vector,i64,4096,full,asc,0,1,4,23,22391.304
sorted,vector,i64,4096,full,asc,0,0,5,22,23045.455
sorted,vector,i64,4096,full,asc,0,1,5,22,23045.455
sorted,vector,i64,4096,full,asc,0,1,6,24,21291.667
sorted,vector,i64,4096,full,asc,0,0,6,22,22818.182
sorted,vector,i64,4096,full,desc,0,0,0,24,21541.667
sorted,vector,i64,4096,full,desc,0,1,0,22,23181.818
sorted,vector,i64,4096,full,desc,0,0,1,23,22000.000
sorted,vector,i64,4096,full,desc,0,1,1,23,22173.913
sorted,vector,i64,4096,full,desc,0,0,2,22,22727.273
sorted,vector,i64,4096,full,desc,0,1,2,23,22043.478
sorted,vector,i64,4096,full,desc,0,1,3,22,22863.636
sorted,vector,i64,4096,full,desc,0,0,3,24,21500.000
sorted,vector,i64,4096,full,desc,0,0,4,22,23590.909
sorted,vector,i64,4096,full,desc,0,1,4,24,21291.667
sorted,vector,i64,4096,full,desc,0,1,5,22,22818.182
sorted,vector,i64,4096,full,desc,0,0,5,20,25250.000
sorted,vector,i64,4096,full,desc,0,1,6,24,21208.333
sorted,vector,i64,4096,full,desc,0,0,6,24,21375.000
sorted,vector,i64,4096,bits22,asc,0,0,0,54,9296.296
sorted,vector,i64,4096,bits22,asc,0,1,0,56,8964.286
sorted,vector,i64,4096,bits22,asc,0,1,1,56,8928.571
sorted,vector,i64,4096,bits22,asc,0,0,1,55,9090.909
sorted,vector,i64,4096,bits22,asc,0,1,2,56,9000.000
sorted,vector,i64,4096,bits22,asc,0,0,2,56,9000.000
sorted,vector,i64,4096,bits22,asc,0,1,3,56,8964.286
sorted,vector,i64,4096,bits22,asc,0,0,3,55,9127.273
sorted,vector,i64,4096,bits22,asc,0,1,4,56,9017.857
sorted,vector,i64,4096,bits22,asc,0,0,4,56,9071.429
sorted,vector,i64,4096,bits22,asc,0,1,5,56,8982.143
sorted,vector,i64,4096,bits22,asc,0,0,5,56,8982.143
sorted,vector,i64,4096,bits22,asc,0,0,6,52,9634.615
sorted,vector,i64,4096,bits22,asc,0,1,6,54,9444.444
sorted,vector,i64,4096,bits22,desc,0,0,0,55,9163.636
sorted,vector,i64,4096,bits22,desc,0,1,0,54,9351.852
sorted,vector,i64,4096,bits22,desc,0,1,1,56,9017.857
sorted,vector,i64,4096,bits22,desc,0,0,1,54,9277.778
sorted,vector,i64,4096,bits22,desc,0,0,2,54,9314.815
sorted,vector,i64,4096,bits22,desc,0,1,2,56,9000.000
sorted,vector,i64,4096,bits22,desc,0,1,3,54,9425.926
sorted,vector,i64,4096,bits22,desc,0,0,3,53,9528.302
sorted,vector,i64,4096,bits22,desc,0,1,4,46,11000.000
sorted,vector,i64,4096,bits22,desc,0,0,4,53,9528.302
sorted,vector,i64,4096,bits22,desc,0,0,5,54,9333.333
sorted,vector,i64,4096,bits22,desc,0,1,5,56,8946.429
sorted,vector,i64,4096,bits22,desc,0,0,6,55,9090.909
sorted,vector,i64,4096,bits22,desc,0,1,6,55,9254.545
sorted,vector,i64,4096,gaps,asc,0,1,0,26,19230.769
sorted,vector,i64,4096,gaps,asc,0,0,0,27,18962.963
sorted,vector,i64,4096,gaps,asc,0,1,1,28,18428.571
sorted,vector,i64,4096,gaps,asc,0,0,1,27,18925.926
sorted,vector,i64,4096,gaps,asc,0,1,2,28,18392.857
sorted,vector,i64,4096,gaps,asc,0,0,2,26,19230.769
sorted,vector,i64,4096,gaps,asc,0,0,3,23,22565.217
sorted,vector,i64,4096,gaps,asc,0,1,3,25,20200.000
sorted,vector,i64,4096,gaps,asc,0,1,4,27,19074.074
sorted,vector,i64,4096,gaps,asc,0,0,4,28,18000.000
sorted,vector,i64,4096,gaps,asc,0,1,5,27,19111.111
sorted,vector,i64,4096,gaps,asc,0,0,5,28,18142.857
sorted,vector,i64,4096,gaps,asc,0,0,6,26,19269.231
sorted,vector,i64,4096,gaps,asc,0,1,6,27,18777.778
sorted,vector,i64,4096,gaps,desc,0,0,0,28,17964.286
sorted,vector,i64,4096,gaps,desc,0,1,0,26,19269.231
sorted,vector,i64,4096,gaps,desc,0,1,1,28,18464.286
sorted,vector,i64,4096,gaps,desc,0,0,1,27,19407.407
sorted,vector,i64,4096,gaps,desc,0,0,2,24,21083.333
sorted,vector,i64,4096,gaps,desc,0,1,2,29,17758.621
sorted,vector,i64,4096,gaps,desc,0,1,3,27,18925.926
sorted,vector,i64,4096,gaps,desc,0,0,3,28,17857.143
sorted,vector,i64,4096,gaps,desc,0,0,4,27,18703.704
sorted,vector,i64,4096,gaps,desc,0,1,4,29,17758.621
sorted,vector,i64,4096,gaps,desc,0,1,5,28,18178.571
sorted,vector,i64,4096,gaps,desc,0,0,5,28,18214.286
sorted,vector,i64,4096,gaps,desc,0,0,6,28,18035.714
sorted,vector,i64,4096,gaps,desc,0,1,6,28,18357.143
sorted,vector,i64,4096,few,asc,0,0,0,83,6072.289
sorted,vector,i64,4096,few,asc,0,1,0,78,6435.897
sorted,vector,i64,4096,few,asc,0,1,1,78,6448.718
sorted,vector,i64,4096,few,asc,0,0,1,81,6172.840
sorted,vector,i64,4096,few,asc,0,1,2,80,6250.000
sorted,vector,i64,4096,few,asc,0,0,2,79,6341.772
sorted,vector,i64,4096,few,asc,0,0,3,77,6519.481
sorted,vector,i64,4096,few,asc,0,1,3,78,6423.077
sorted,vector,i64,4096,few,asc,0,0,4,79,6341.772
sorted,vector,i64,4096,few,asc,0,1,4,82,6097.561
sorted,vector,i64,4096,few,asc,0,1,5,80,6287.500
sorted,vector,i64,4096,few,asc,0,0,5,82,6134.146
sorted,vector,i64,4096,few,asc,0,1,6,80,6275.000
sorted,vector,i64,4096,few,asc,0,0,6,80,6287.500
sorted,vector,i64,4096,few,desc,0,1,0,76,6605.263
sorted,vector,i64,4096,few,desc,0,0,0,74,6770.270
sorted,vector,i64,4096,few,desc,0,1,1,82,6146.341
sorted,vector,i64,4096,few,desc,0,0,1,78,6487.179
sorted,vector,i64,4096,few,desc,0,1,2,80,6275.000
sorted,vector,i64,4096,few,desc,0,0,2,74,6783.784
sorted,vector,i64,4096,few,desc,0,0,3,80,6275.000
sorted,vector,i64,4096,few,desc,0,1,3,80,6325.000
sorted,vector,i64,4096,few,desc,0,0,4,82,6134.146
sorted,vector,i64,4096,few,desc,0,1,4,81,6172.840
sorted,vector,i64,4096,few,desc,0,1,5,77,6519.481
sorted,vector,i64,4096,few,desc,0,0,5,82,6109.756
sorted,vector,i64,4096,few,desc,0,1,6,80,6275.000
sorted,vector,i64,4096,few,desc,0,0,6,77,6506.494
sorted,vector,i64,4096,ordered,asc,0,1,0,512,976.562
sorted,vector,i64,4096,ordered,asc,0,0,0,494,1012.146
sorted,vector,i64,4096,ordered,asc,0,1,1,507,986.193
sorted,vector,i64,4096,ordered,asc,0,0,1,488,1024.590
sorted,vector,i64,4096,ordered,asc,0,1,2,495,1010.101
sorted,vector,i64,4096,ordered,asc,0,0,2,512,968.750
sorted,vector,i64,4096,ordered,asc,0,1,3,508,986.220
sorted,vector,i64,4096,ordered,asc,0,0,3,512,953.125
sorted,vector,i64,4096,ordered,asc,0,0,4,512,970.703
sorted,vector,i64,4096,ordered,asc,0,1,4,499,1002.004
sorted,vector,i64,4096,ordered,asc,0,1,5,509,982.318
sorted,vector,i64,4096,ordered,asc,0,0,5,512,958.984
sorted,vector,i64,4096,ordered,asc,0,1,6,462,1082.251
sorted,vector,i64,4096,ordered,asc,0,0,6,487,1026.694
sorted,vector,i64,4096,ordered,desc,0,1,0,338,1479.290
sorted,vector,i64,4096,ordered,desc,0,0,0,346,1447.977
sorted,vector,i64,4096,ordered,desc,0,0,1,302,1655.629
sorted,vector,i64,4096,ordered,desc,0,1,1,319,1567.398
sorted,vector,i64,4096,ordered,desc,0,0,2,348,1436.782
sorted,vector,i64,4096,ordered,desc,0,1,2,343,1460.641
sorted,vector,i64,4096,ordered,desc,0,1,3,344,1453.488
sorted,vector,i64,4096,ordered,desc,0,0,3,345,1449.275
sorted,vector,i64,4096,ordered,desc,0,1,4,343,1457.726
sorted,vector,i64,4096,ordered,desc,0,0,4,333,1504.505
sorted,vector,i64,4096,ordered,desc,0,0,5,330,1515.152
sorted,vector,i64,4096,ordered,desc,0,1,5,345,1449.275
sorted,vector,i64,4096,ordered,desc,0,1,6,349,1432.665
sorted,vector,i64,4096,ordered,desc,0,0,6,326,1533.742
sorted,vector,i64,4096,reverse,asc,0,0,0,327,1532.110
sorted,vector,i64,4096,reverse,asc,0,1,0,353,1416.431
sorted,vector,i64,4096,reverse,asc,0,1,1,348,1439.655
sorted,vector,i64,4096,reverse,asc,0,0,1,342,1464.912
sorted,vector,i64,4096,reverse,asc,0,1,2,349,1432.665
sorted,vector,i64,4096,reverse,asc,0,0,2,346,1445.087
sorted,vector,i64,4096,reverse,asc,0,0,3,342,1461.988
sorted,vector,i64,4096,reverse,asc,0,1,3,332,1506.024
sorted,vector,i64,4096,reverse,asc,0,0,4,314,1592.357
sorted,vector,i64,4096,reverse,asc,0,1,4,274,1824.818
sorted,vector,i64,4096,reverse,asc,0,1,5,267,1872.659
sorted,vector,i64,4096,reverse,asc,0,0,5,294,1700.680
sorted,vector,i64,4096,reverse,asc,0,1,6,355,1408.451
sorted,vector,i64,4096,reverse,asc,0,0,6,357,1403.361
sorted,vector,i64,4096,reverse,desc,0,1,0,512,931.641
sorted,vector,i64,4096,reverse,desc,0,0,0,512,939.453
sorted,vector,i64,4096,reverse,desc,0,1,1,512,941.406
sorted,vector,i64,4096,reverse,desc,0,0,1,512,933.594
sorted,vector,i64,4096,reverse,desc,0,1,2,512,941.406
sorted,vector,i64,4096,reverse,desc,0,0,2,512,949.219
sorted,vector,i64,4096,reverse,desc,0,1,3,512,953.125
sorted,vector,i64,4096,reverse,desc,0,0,3,470,1063.830
sorted,vector,i64,4096,reverse,desc,0,0,4,471,1061.571
sorted,vector,i64,4096,reverse,desc,0,1,4,435,1149.425
sorted,vector,i64,4096,reverse,desc,0,0,5,512,962.891
sorted,vector,i64,4096,reverse,desc,0,1,5,512,951.172
sorted,vector,i64,4096,reverse,desc,0,0,6,512,945.312
sorted,vector,i64,4096,reverse,desc,0,1,6,512,947.266
sorted,vector,i64,4096,nearly,asc,0,0,0,24,21375.000
sorted,vector,i64,4096,nearly,asc,0,1,0,24,20958.333
sorted,vector,i64,4096,nearly,asc,0,1,1,24,21208.333
sorted,vector,i64,4096,nearly,asc,0,0,1,24,21500.000
sorted,vector,i64,4096,nearly,asc,0,0,2,21,24285.714
sorted,vector,i64,4096,nearly,asc,0,1,2,17,29882.353
sorted,vector,i64,4096,nearly,asc,0,1,3,18,29000.000
sorted,vector,i64,4096,nearly,asc,0,0,3,19,26368.421
sorted,vector,i64,4096,nearly,asc,0,0,4,24,20875.000
sorted,vector,i64,4096,nearly,asc,0,1,4,25,20680.000
sorted,vector,i64,4096,nearly,asc,0,1,5,25,20640.000
sorted,vector,i64,4096,nearly,asc,0,0,5,23,21956.522
sorted,vector,i64,4096,nearly,asc,0,1,6,24,21250.000
sorted,vector,i64,4096,nearly,asc,0,0,6,23,22608.696
sorted,vector,i64,4096,nearly,desc,0,0,0,23,22260.870
sorted,vector,i64,4096,nearly,desc,0,1,0,23,22173.913
sorted,vector,i64,4096,nearly,desc,0,0,1,24,21375.000
sorted,vector,i64,4096,nearly,desc,0,1,1,23,22565.217
sorted,vector,i64,4096,nearly,desc,0,1,2,24,21291.667
sorted,vector,i64,4096,nearly,desc,0,0,2,22,22954.545
sorted,vector,i64,4096,nearly,desc,0,1,3,24,21375.000
sorted,vector,i64,4096,nearly,desc,0,0,3,20,25350.000
sorted,vector,i64,4096,nearly,desc,0,1,4,24,21750.000
sorted,vector,i64,4096,nearly,desc,0,0,4,21,23904.762
sorted,vector,i64,4096,nearly,desc,0,1,5,20,25550.000
sorted,vector,i64,4096,nearly,desc,0,0,5,24,21625.000
sorted,vector,i64,4096,nearly,desc,0,1,6,24,21000.000
sorted,vector,i64,4096,nearly,desc,0,0,6,24,21333.333
sorted,vector,i64,4096,equal,asc,0,0,0,512,945.312
sorted,vector,i64,4096,equal,asc,0,1,0,512,925.781
sorted,vector,i64,4096,equal,asc,0,0,1,512,951.172
sorted,vector,i64,4096,equal,asc,0,1,1,512,927.734
sorted,vector,i64,4096,equal,asc,0,1,2,512,917.969
sorted,vector,i64,4096,equal,asc,0,0,2,495,1010.101
sorted,vector,i64,4096,equal,asc,0,1,3,512,958.984
sorted,vector,i64,4096,equal,asc,0,0,3,512,964.844
sorted,vector,i64,4096,equal,asc,0,0,4,432,1157.407
sorted,vector,i64,4096,equal,asc,0,1,4,379,1319.261
sorted,vector,i64,4096,equal,asc,0,1,5,403,1240.695
sorted,vector,i64,4096,equal,asc,0,0,5,464,1077.586
sorted,vector,i64,4096,equal,asc,0,1,6,489,1022.495
sorted,vector,i64,4096,equal,asc,0,0,6,498,1004.016
sorted,vector,i64,4096,equal,desc,0,0,0,481,1039.501
sorted,vector,i64,4096,equal,desc,0,1,0,512,958.984
sorted,vector,i64,4096,equal,desc,0,0,1,512,933.594
sorted,vector,i64,4096,equal,desc,0,1,1,512,945.312
sorted,vector,i64,4096,equal,desc,0,0,2,492,1016.260
sorted,vector,i64,4096,equal,desc,0,1,2,512,960.938
sorted,vector,i64,4096,equal,desc,0,1,3,512,929.688
sorted,vector,i64,4096,equal,desc,0,0,3,512,957.031
sorted,vector,i64,4096,equal,desc,0,1,4,512,957.031
sorted,vector,i64,4096,equal,desc,0,0,4,512,923.828
sorted,vector,i64,4096,equal,desc,0,0,5,512,957.031
sorted,vector,i64,4096,equal,desc,0,1,5,510,980.392
sorted,vector,i64,4096,equal,desc,0,1,6,512,964.844
sorted,vector,i64,4096,equal,desc,0,0,6,512,931.641
sorted,vector,i64,65536,full,asc,0,1,0,2,360000.000
sorted,vector,i64,65536,full,asc,0,0,0,2,367000.000
sorted,vector,i64,65536,full,asc,0,1,1,2,378500.000
sorted,vector,i64,65536,full,asc,0,0,1,2,361000.000
sorted,vector,i64,65536,full,asc,0,0,2,2,411500.000
sorted,vector,i64,65536,full,asc,0,1,2,2,398500.000
sorted,vector,i64,65536,full,asc,0,0,3,2,356500.000
sorted,vector,i64,65536,full,asc,0,1,3,2,372000.000
sorted,vector,i64,65536,full,asc,0,0,4,2,372000.000
sorted,vector,i64,65536,full,asc,0,1,4,2,355500.000
sorted,vector,i64,65536,full,asc,0,0,5,2,358500.000
sorted,vector,i64,65536,full,asc,0,1,5,2,367000.000
sorted,vector,i64,65536,full,asc,0,0,6,2,371000.000
sorted,vector,i64,65536,full,asc,0,1,6,2,363000.000
sorted,vector,i64,65536,full,desc,0,1,0,2,366500.000
sorted,vector,i64,65536,full,desc,0,0,0,2,354500.000
sorted,vector,i64,65536,full,desc,0,1,1,2,364500.000
sorted,vector,i64,65536,full,desc,0,0,1,2,373000.000
sorted,vector,i64,65536,full,desc,0,0,2,2,369000.000
sorted,vector,i64,65536,full,desc,0,1,2,2,405000.000
sorted,vector,i64,65536,full,desc,0,1,3,2,358000.000
sorted,vector,i64,65536,full,desc,0,0,3,2,363000.000
sorted,vector,i64,65536,full,desc,0,1,4,2,365000.000
sorted,vector,i64,65536,full,desc,0,0,4,2,359500.000
sorted,vector,i64,65536,full,desc,0,0,5,2,365500.000
sorted,vector,i64,65536,full,desc,0,1,5,2,366500.000
sorted,vector,i64,65536,full,desc,0,1,6,2,369500.000
sorted,vector,i64,65536,full,desc,0,0,6,2,365500.000
sorted,vector,i64,65536,bits22,asc,0,1,0,4,157500.000
sorted,vector,i64,65536,bits22,asc,0,0,0,4,152500.000
sorted,vector,i64,65536,bits22,asc,0,1,1,4,162500.000
sorted,vector,i64,65536,bits22,asc,0,0,1,4,156750.000
sorted,vector,i64,65536,bits22,asc,0,0,2,4,163000.000
sorted,vector,i64,65536,bits22,asc,0,1,2,4,157250.000
sorted,vector,i64,65536,bits22,asc,0,1,3,4,158000.000
sorted,vector,i64,65536,bits22,asc,0,0,3,4,155500.000
sorted,vector,i64,65536,bits22,asc,0,1,4,4,155750.000
sorted,vector,i64,65536,bits22,asc,0,0,4,3,186333.333
sorted,vector,i64,65536,bits22,asc,0,1,5,4,154250.000
sorted,vector,i64,65536,bits22,asc,0,0,5,4,145500.000
sorted,vector,i64,65536,bits22,asc,0,1,6,4,146500.000
sorted,vector,i64,65536,bits22,asc,0,0,6,4,151750.000
sorted,vector,i64,65536,bits22,desc,0,1,0,4,151500.000
sorted,vector,i64,65536,bits22,desc,0,0,0,4,143250.000
sorted,vector,i64,65536,bits22,desc,0,0,1,4,155000.000
sorted,vector,i64,65536,bits22,desc,0,1,1,4,146000.000
sorted,vector,i64,65536,bits22,desc,0,1,2,4,148250.000
sorted,vector,i64,65536,bits22,desc,0,0,2,4,153750.000
sorted,vector,i64,65536,bits22,desc,0,0,3,4,144000.000
sorted,vector,i64,65536,bits22,desc,0,1,3,3,169666.667
sorted,vector,i64,65536,bits22,desc,0,0,4,4,155750.000
sorted,vector,i64,65536,bits22,desc,0,1,4,4,150750.000
sorted,vector,i64,65536,bits22,desc,0,1,5,4,144500.000
sorted,vector,i64,65536,bits22,desc,0,0,5,4,155250.000
sorted,vector,i64,65536,bits22,desc,0,0,6,4,148250.000
sorted,vector,i64,65536,bits22,desc,0,1,6,3,197333.333
sorted,vector,i64,65536,gaps,asc,0,1,0,2,262000.000
sorted,vector,i64,65536,gaps,asc,0,0,0,3,250333.333
sorted,vector,i64,65536,gaps,asc,0,1,1,2,261500.000
sorted,vector,i64,65536,gaps,asc,0,0,1,3,241666.667
sorted,vector,i64,65536,gaps,asc,0,0,2,2,263000.000
sorted,vector,i64,65536,gaps,asc,0,1,2,2,276500.000
sorted,vector,i64,65536,gaps,asc,0,0,3,3,243000.000
sorted,vector,i64,65536,gaps,asc,0,1,3,2,320000.000
sorted,vector,i64,65536,gaps,asc,0,1,4,2,277000.000
sorted,vector,i64,65536,gaps,asc,0,0,4,3,240000.000
sorted,vector,i64,65536,gaps,asc,0,1,5,3,243666.667
sorted,vector,i64,65536,gaps,asc,0,0,5,2,253000.000
sorted,vector,i64,65536,gaps,asc,0,1,6,2,264000.000
sorted,vector,i64,65536,gaps,asc,0,0,6,3,238000.000
sorted,vector,i64,65536,gaps,desc,0,0,0,2,302500.000
sorted,vector,i64,65536,gaps,desc,0,1,0,2,273500.000
sorted,vector,i64,65536,gaps,desc,0,1,1,2,264000.000
sorted,vector,i64,65536,gaps,desc,0,0,1,3,244666.667
sorted,vector,i64,65536,gaps,desc,0,0,2,2,274000.000
sorted,vector,i64,65536,gaps,desc,0,1,2,2,259500.000
sorted,vector,i64,65536,gaps,desc,0,0,3,3,237333.333
sorted,vector,i64,65536,gaps,desc,0,1,3,2,266000.000
sorted,vector,i64,65536,gaps,desc,0,1,4,2,252000.000
sorted,vector,i64,65536,gaps,desc,0,0,4,3,236666.667
sorted,vector,i64,65536,gaps,desc,0,0,5,3,286333.333
sorted,vector,i64,65536,gaps,desc,0,1,5,2,250500.000
sorted,vector,i64,65536,gaps,desc,0,1,6,2,254000.000
sorted,vector,i64,65536,gaps,desc,0,0,6,3,261666.667
sorted,vector,i64,65536,few,asc,0,0,0,4,134750.000
sorted,vector,i64,65536,few,asc,0,1,0,4,126500.000
sorted,vector,i64,65536,few,asc,0,0,1,5,111000.000
sorted,vector,i64,65536,few,asc,0,1,1,5,107400.000
sorted,vector,i64,65536,few,asc,0,1,2,5,104600.000
sorted,vector,i64,65536,few,asc,0,0,2,5,113800.000
sorted,vector,i64,65536,few,asc,0,0,3,5,105000.000
sorted,vector,i64,65536,few,asc,0,1,3,4,144750.000
sorted,vector,i64,65536,few,asc,0,1,4,4,134750.000
sorted,vector,i64,65536,few,asc,0,0,4,5,110200.000
sorted,vector,i64,65536,few,asc,0,0,5,5,103000.000
sorted,vector,i64,65536,few,asc,0,1,5,5,102400.000
sorted,vector,i64,65536,few,asc,0,0,6,5,103600.000
sorted,vector,i64,65536,few,asc,0,1,6,5,103400.000
sorted,vector,i64,65536,few,desc,0,1,0,5,105800.000
sorted,vector,i64,65536,few,desc,0,0,0,5,105400.000
sorted,vector,i64,65536,few,desc,0,1,1,5,118400.000
sorted,vector,i64,65536,few,desc,0,0,1,5,117600.000
sorted,vector,i64,65536,few,desc,0,1,2,5,117600.000
sorted,vector,i64,65536,few,desc,0,0,2,5,118800.000
sorted,vector,i64,65536,few,desc,0,0,3,5,119600.000
sorted,vector,i64,65536,few,desc,0,1,3,5,111200.000
sorted,vector,i64,65536,few,desc,0,1,4,5,108000.000
sorted,vector,i64,65536,few,desc,0,0,4,5,102800.000
sorted,vector,i64,65536,few,desc,0,0,5,5,106800.000
sorted,vector,i64,65536,few,desc,0,1,5,5,101400.000
sorted,vector,i64,65536,few,desc,0,1,6,5,112200.000
sorted,vector,i64,65536,few,desc,0,0,6,5,102000.000
sorted,vector,i64,65536,ordered,asc,0,1,0,34,15000.000
sorted,vector,i64,65536,ordered,asc,0,0,0,34,14823.529
sorted,vector,i64,65536,ordered,asc,0,1,1,34,15029.412
sorted,vector,i64,65536,ordered,asc,0,0,1,30,17033.333
sorted,vector,i64,65536,ordered,asc,0,1,2,34,15088.235
sorted,vector,i64,65536,ordered,asc,0,0,2,34,14823.529
sorted,vector,i64,65536,ordered,asc,0,1,3,34,14941.176
sorted,vector,i64,65536,ordered,asc,0,0,3,34,14705.882
sorted,vector,i64,65536,ordered,asc,0,0,4,33,15515.152
sorted,vector,i64,65536,ordered,asc,0,1,4,33,15151.515
sorted,vector,i64,65536,ordered,asc,0,0,5,31,16322.581
sorted,vector,i64,65536,ordered,asc,0,1,5,32,15750.000
sorted,vector,i64,65536,ordered,asc,0,1,6,34,14882.353
sorted,vector,i64,65536,ordered,asc,0,0,6,34,14941.176
sorted,vector,i64,65536,ordered,desc,0,1,0,21,24619.048
sorted,vector,i64,65536,ordered,desc,0,0,0,21,24333.333
sorted,vector,i64,65536,ordered,desc,0,1,1,21,23857.143
sorted,vector,i64,65536,ordered,desc,0,0,1,20,25300.000
sorted,vector,i64,65536,ordered,desc,0,0,2,19,26684.211
sorted,vector,i64,65536,ordered,desc,0,1,2,21,23857.143
sorted,vector,i64,65536,ordered,desc,0,1,3,21,24761.905
sorted,vector,i64,65536,ordered,desc,0,0,3,20,25050.000
sorted,vector,i64,65536,ordered,desc,0,0,4,21,24714.286
sorted,vector,i64,65536,ordered,desc,0,1,4,20,25200.000
sorted,vector,i64,65536,ordered,desc,0,1,5,21,24523.810
sorted,vector,i64,65536,ordered,desc,0,0,5,20,25050.000
sorted,vector,i64,65536,ordered,desc,0,1,6,20,25150.000
sorted,vector,i64,65536,ordered,desc,0,0,6,20,25900.000
sorted,vector,i64,65536,reverse,asc,0,0,0,21,24333.333
sorted,vector,i64,65536,reverse,asc,0,1,0,21,23857.143
sorted,vector,i64,65536,reverse,asc,0,0,1,21,24190.476
sorted,vector,i64,65536,reverse,asc,0,1,1,21,24238.095
sorted,vector,i64,65536,reverse,asc,0,0,2,21,24571.429
sorted,vector,i64,65536,reverse,asc,0,1,2,18,28388.889
sorted,vector,i64,65536,reverse,asc,0,0,3,19,27263.158
sorted,vector,i64,65536,reverse,asc,0,1,3,21,24809.524
sorted,vector,i64,65536,reverse,asc,0,1,4,21,24142.857
sorted,vector,i64,65536,reverse,asc,0,0,4,21,24142.857
sorted,vector,i64,65536,reverse,asc,0,0,5,22,23590.909
sorted,vector,i64,65536,reverse,asc,0,1,5,21,24333.333
sorted,vector,i64,65536,reverse,asc,0,1,6,21,24666.667
sorted,vector,i64,65536,reverse,asc,0,0,6,21,24142.857
sorted,vector,i64,65536,reverse,desc,0,1,0,33,15272.727
sorted,vector,i64,65536,reverse,desc,0,0,0,33,15363.636
sorted,vector,i64,65536,reverse,desc,0,0,1,33,15484.848
sorted,vector,i64,65536,reverse,desc,0,1,1,33,15363.636
sorted,vector,i64,65536,reverse,desc,0,1,2,34,15147.059
sorted,vector,i64,65536,reverse,desc,0,0,2,33,15393.939
sorted,vector,i64,65536,reverse,desc,0,0,3,30,16666.667
sorted,vector,i64,65536,reverse,desc,0,1,3,31,16548.387
sorted,vector,i64,65536,reverse,desc,0,1,4,34,15058.824
sorted,vector,i64,65536,reverse,desc,0,0,4,34,14882.353
sorted,vector,i64,65536,reverse,desc,0,0,5,34,14882.353
sorted,vector,i64,65536,reverse,desc,0,1,5,33,15272.727
sorted,vector,i64,65536,reverse,desc,0,0,6,33,15333.333
sorted,vector,i64,65536,reverse,desc,0,1,6,33,15393.939
sorted,vector,i64,65536,nearly,asc,0,1,0,2,372000.000
sorted,vector,i64,65536,nearly,asc,0,0,0,2,353500.000
sorted,vector,i64,65536,nearly,asc,0,1,1,2,371000.000
sorted,vector,i64,65536,nearly,asc,0,0,1,2,368000.000
sorted,vector,i64,65536,nearly,asc,0,0,2,2,368500.000
sorted,vector,i64,65536,nearly,asc,0,1,2,2,381500.000
sorted,vector,i64,65536,nearly,asc,0,0,3,2,370500.000
sorted,vector,i64,65536,nearly,asc,0,1,3,2,392500.000
sorted,vector,i64,65536,nearly,asc,0,1,4,2,389000.000
sorted,vector,i64,65536,nearly,asc,0,0,4,2,358500.000
sorted,vector,i64,65536,nearly,asc,0,1,5,2,375500.000
sorted,vector,i64,65536,nearly,asc,0,0,5,2,364000.000
sorted,vector,i64,65536,nearly,asc,0,0,6,2,371000.000
sorted,vector,i64,65536,nearly,asc,0,1,6,2,367000.000
sorted,vector,i64,65536,nearly,desc,0,1,0,2,380500.000
sorted,vector,i64,65536,nearly,desc,0,0,0,2,400000.000
sorted,vector,i64,65536,nearly,desc,0,0,1,2,393000.000
sorted,vector,i64,65536,nearly,desc,0,1,1,2,345000.000
sorted,vector,i64,65536,nearly,desc,0,1,2,2,354000.000
sorted,vector,i64,65536,nearly,desc,0,0,2,2,356500.000
sorted,vector,i64,65536,nearly,desc,0,1,3,2,372500.000
sorted,vector,i64,65536,nearly,desc,0,0,3,2,359500.000
sorted,vector,i64,65536,nearly,desc,0,0,4,2,367000.000
sorted,vector,i64,65536,nearly,desc,0,1,4,2,360000.000
sorted,vector,i64,65536,nearly,desc,0,1,5,2,384500.000
sorted,vector,i64,65536,nearly,desc,0,0,5,2,376500.000
sorted,vector,i64,65536,nearly,desc,0,1,6,2,368500.000
sorted,vector,i64,65536,nearly,desc,0,0,6,2,369000.000
sorted,vector,i64,65536,equal,asc,0,1,0,33,15393.939
sorted,vector,i64,65536,equal,asc,0,0,0,33,15333.333
sorted,vector,i64,65536,equal,asc,0,0,1,32,15625.000
sorted,vector,i64,65536,equal,asc,0,1,1,34,14823.529
sorted,vector,i64,65536,equal,asc,0,0,2,34,15000.000
sorted,vector,i64,65536,equal,asc,0,1,2,34,14882.353
sorted,vector,i64,65536,equal,asc,0,1,3,35,14542.857
sorted,vector,i64,65536,equal,asc,0,0,3,34,14882.353
sorted,vector,i64,65536,equal,asc,0,1,4,34,14852.941
sorted,vector,i64,65536,equal,asc,0,0,4,34,14764.706
sorted,vector,i64,65536,equal,asc,0,1,5,34,14882.353
sorted,vector,i64,65536,equal,asc,0,0,5,30,17000.000
sorted,vector,i64,65536,equal,asc,0,1,6,33,15454.545
sorted,vector,i64,65536,equal,asc,0,0,6,33,15212.121
sorted,vector,i64,65536,equal,desc,0,0,0,34,14764.706
sorted,vector,i64,65536,equal,desc,0,1,0,34,15058.824
sorted,vector,i64,65536,equal,desc,0,0,1,33,15363.636
sorted,vector,i64,65536,equal,desc,0,1,1,33,15303.030
sorted,vector,i64,65536,equal,desc,0,1,2,34,14941.176
sorted,vector,i64,65536,equal,desc,0,0,2,34,14970.588
sorted,vector,i64,65536,equal,desc,0,0,3,34,14823.529
sorted,vector,i64,65536,equal,desc,0,1,3,33,15272.727
sorted,vector,i64,65536,equal,desc,0,1,4,33,15242.424
sorted,vector,i64,65536,equal,desc,0,0,4,32,15656.250
sorted,vector,i64,65536,equal,desc,0,0,5,34,14970.588
sorted,vector,i64,65536,equal,desc,0,1,5,33,15303.030
sorted,vector,i64,65536,equal,desc,0,1,6,33,15151.515
sorted,vector,i64,65536,equal,desc,0,0,6,34,15147.059
sorted,vector,i64,1000000,full,asc,0,0,0,1,6538000.000
sorted,vector,i64,1000000,full,asc,0,1,0,1,6445000.000
sorted,vector,i64,1000000,full,asc,0,0,1,1,6479000.000
sorted,vector,i64,1000000,full,asc,0,1,1,1,6332000.000
sorted,vector,i64,1000000,full,asc,0,1,2,1,6534000.000
sorted,vector,i64,1000000,full,asc,0,0,2,1,6475000.000
sorted,vector,i64,1000000,full,asc,0,1,3,1,6483000.000
sorted,vector,i64,1000000,full,asc,0,0,3,1,6614000.000
sorted,vector,i64,1000000,full,asc,0,0,4,1,6541000.000
sorted,vector,i64,1000000,full,asc,0,1,4,1,6464000.000
sorted,vector,i64,1000000,full,asc,0,0,5,1,6625000.000
sorted,vector,i64,1000000,full,asc,0,1,5,1,6516000.000
sorted,vector,i64,1000000,full,asc,0,1,6,1,6485000.000
sorted,vector,i64,1000000,full,asc,0,0,6,1,6569000.000
sorted,vector,i64,1000000,full,desc,0,0,0,1,6474000.000
sorted,vector,i64,1000000,full,desc,0,1,0,1,6576000.000
sorted,vector,i64,1000000,full,desc,0,0,1,1,6660000.000
sorted,vector,i64,1000000,full,desc,0,1,1,1,6472000.000
sorted,vector,i64,1000000,full,desc,0,0,2,1,6608000.000
sorted,vector,i64,1000000,full,desc,0,1,2,1,6481000.000
sorted,vector,i64,1000000,full,desc,0,1,3,1,6540000.000
sorted,vector,i64,1000000,full,desc,0,0,3,1,6535000.000
sorted,vector,i64,1000000,full,desc,0,0,4,1,6619000.000
sorted,vector,i64,1000000,full,desc,0,1,4,1,6318000.000
sorted,vector,i64,1000000,full,desc,0,0,5,1,6726000.000
sorted,vector,i64,1000000,full,desc,0,1,5,1,6487000.000
sorted,vector,i64,1000000,full,desc,0,1,6,1,6615000.000
sorted,vector,i64,1000000,full,desc,0,0,6,1,6545000.000
kernel,vector,i64,1000000,full,asc,8,0,0,1,6289000.000
kernel,vector,i64,1000000,full,asc,8,1,0,1,6569000.000
kernel,vector,i64,1000000,full,asc,8,1,1,1,6703000.000
kernel,vector,i64,1000000,full,asc,8,0,1,1,6774000.000
kernel,vector,i64,1000000,full,asc,8,0,2,1,6787000.000
kernel,vector,i64,1000000,full,asc,8,1,2,1,6580000.000
kernel,vector,i64,1000000,full,asc,8,1,3,1,6635000.000
kernel,vector,i64,1000000,full,asc,8,0,3,1,7037000.000
kernel,vector,i64,1000000,full,asc,8,0,4,1,6728000.000
kernel,vector,i64,1000000,full,asc,8,1,4,1,6657000.000
kernel,vector,i64,1000000,full,asc,8,1,5,1,6679000.000
kernel,vector,i64,1000000,full,asc,8,0,5,1,6905000.000
kernel,vector,i64,1000000,full,asc,8,0,6,1,6724000.000
kernel,vector,i64,1000000,full,asc,8,1,6,1,6604000.000
kernel,vector,i64,1000000,full,desc,8,1,0,1,6517000.000
kernel,vector,i64,1000000,full,desc,8,0,0,1,6589000.000
kernel,vector,i64,1000000,full,desc,8,1,1,1,6631000.000
kernel,vector,i64,1000000,full,desc,8,0,1,1,6809000.000
kernel,vector,i64,1000000,full,desc,8,0,2,1,6972000.000
kernel,vector,i64,1000000,full,desc,8,1,2,1,6717000.000
kernel,vector,i64,1000000,full,desc,8,1,3,1,6726000.000
kernel,vector,i64,1000000,full,desc,8,0,3,1,6378000.000
kernel,vector,i64,1000000,full,desc,8,0,4,1,7102000.000
kernel,vector,i64,1000000,full,desc,8,1,4,1,6757000.000
kernel,vector,i64,1000000,full,desc,8,1,5,1,6756000.000
kernel,vector,i64,1000000,full,desc,8,0,5,1,6717000.000
kernel,vector,i64,1000000,full,desc,8,1,6,1,6664000.000
kernel,vector,i64,1000000,full,desc,8,0,6,1,7037000.000
kernel,vector,i64,1000000,full,asc,11,1,0,1,5400000.000
kernel,vector,i64,1000000,full,asc,11,0,0,1,5328000.000
kernel,vector,i64,1000000,full,asc,11,0,1,1,5275000.000
kernel,vector,i64,1000000,full,asc,11,1,1,1,5250000.000
kernel,vector,i64,1000000,full,asc,11,0,2,1,5401000.000
kernel,vector,i64,1000000,full,asc,11,1,2,1,5373000.000
kernel,vector,i64,1000000,full,asc,11,0,3,1,5400000.000
kernel,vector,i64,1000000,full,asc,11,1,3,1,5292000.000
kernel,vector,i64,1000000,full,asc,11,0,4,1,5521000.000
kernel,vector,i64,1000000,full,asc,11,1,4,1,5615000.000
kernel,vector,i64,1000000,full,asc,11,0,5,1,5547000.000
kernel,vector,i64,1000000,full,asc,11,1,5,1,5370000.000
kernel,vector,i64,1000000,full,asc,11,0,6,1,5460000.000
kernel,vector,i64,1000000,full,asc,11,1,6,1,5366000.000
kernel,vector,i64,1000000,full,desc,11,1,0,1,5762000.000
kernel,vector,i64,1000000,full,desc,11,0,0,1,5646000.000
kernel,vector,i64,1000000,full,desc,11,1,1,1,5356000.000
kernel,vector,i64,1000000,full,desc,11,0,1,1,5373000.000
kernel,vector,i64,1000000,full,desc,11,1,2,1,5419000.000
kernel,vector,i64,1000000,full,desc,11,0,2,1,5450000.000
kernel,vector,i64,1000000,full,desc,11,1,3,1,5546000.000
kernel,vector,i64,1000000,full,desc,11,0,3,1,5536000.000
kernel,vector,i64,1000000,full,desc,11,1,4,1,5490000.000
kernel,vector,i64,1000000,full,desc,11,0,4,1,5383000.000
kernel,vector,i64,1000000,full,desc,11,0,5,1,5578000.000
kernel,vector,i64,1000000,full,desc,11,1,5,1,5474000.000
kernel,vector,i64,1000000,full,desc,11,1,6,1,5422000.000
kernel,vector,i64,1000000,full,desc,11,0,6,1,5504000.000
kernel,vector,i64,1000000,full,asc,15,0,0,1,7924000.000
kernel,vector,i64,1000000,full,asc,15,1,0,1,7838000.000
kernel,vector,i64,1000000,full,asc,15,1,1,1,7680000.000
kernel,vector,i64,1000000,full,asc,15,0,1,1,7795000.000
kernel,vector,i64,1000000,full,asc,15,0,2,1,7690000.000
kernel,vector,i64,1000000,full,asc,15,1,2,1,7850000.000
kernel,vector,i64,1000000,full,asc,15,0,3,1,7920000.000
kernel,vector,i64,1000000,full,asc,15,1,3,1,7675000.000
kernel,vector,i64,1000000,full,asc,15,1,4,1,7810000.000
kernel,vector,i64,1000000,full,asc,15,0,4,1,7716000.000
kernel,vector,i64,1000000,full,asc,15,0,5,1,7861000.000
kernel,vector,i64,1000000,full,asc,15,1,5,1,7712000.000
kernel,vector,i64,1000000,full,asc,15,0,6,1,7755000.000
kernel,vector,i64,1000000,full,asc,15,1,6,1,7687000.000
kernel,vector,i64,1000000,full,desc,15,1,0,1,7838000.000
kernel,vector,i64,1000000,full,desc,15,0,0,1,7688000.000
kernel,vector,i64,1000000,full,desc,15,1,1,1,7813000.000
kernel,vector,i64,1000000,full,desc,15,0,1,1,7833000.000
kernel,vector,i64,1000000,full,desc,15,0,2,1,7648000.000
kernel,vector,i64,1000000,full,desc,15,1,2,1,7553000.000
kernel,vector,i64,1000000,full,desc,15,0,3,1,7752000.000
kernel,vector,i64,1000000,full,desc,15,1,3,1,7493000.000
kernel,vector,i64,1000000,full,desc,15,1,4,1,7709000.000
kernel,vector,i64,1000000,full,desc,15,0,4,1,7748000.000
kernel,vector,i64,1000000,full,desc,15,0,5,1,7744000.000
kernel,vector,i64,1000000,full,desc,15,1,5,1,7668000.000
kernel,vector,i64,1000000,full,desc,15,0,6,1,7857000.000
kernel,vector,i64,1000000,full,desc,15,1,6,1,7880000.000
sorted,vector,i64,1000000,bits22,asc,0,1,0,1,3219000.000
sorted,vector,i64,1000000,bits22,asc,0,0,0,1,3167000.000
sorted,vector,i64,1000000,bits22,asc,0,1,1,1,3126000.000
sorted,vector,i64,1000000,bits22,asc,0,0,1,1,3123000.000
sorted,vector,i64,1000000,bits22,asc,0,1,2,1,3127000.000
sorted,vector,i64,1000000,bits22,asc,0,0,2,1,3181000.000
sorted,vector,i64,1000000,bits22,asc,0,0,3,1,3185000.000
sorted,vector,i64,1000000,bits22,asc,0,1,3,1,3071000.000
sorted,vector,i64,1000000,bits22,asc,0,1,4,1,3172000.000
sorted,vector,i64,1000000,bits22,asc,0,0,4,1,3145000.000
sorted,vector,i64,1000000,bits22,asc,0,1,5,1,3155000.000
sorted,vector,i64,1000000,bits22,asc,0,0,5,1,3167000.000
sorted,vector,i64,1000000,bits22,asc,0,1,6,1,3103000.000
sorted,vector,i64,1000000,bits22,asc,0,0,6,1,3125000.000
sorted,vector,i64,1000000,bits22,desc,0,1,0,1,3265000.000
sorted,vector,i64,1000000,bits22,desc,0,0,0,1,3279000.000
sorted,vector,i64,1000000,bits22,desc,0,0,1,1,3175000.000
sorted,vector,i64,1000000,bits22,desc,0,1,1,1,3129000.000
sorted,vector,i64,1000000,bits22,desc,0,1,2,1,3124000.000
sorted,vector,i64,1000000,bits22,desc,0,0,2,1,3195000.000
sorted,vector,i64,1000000,bits22,desc,0,0,3,1,3143000.000
sorted,vector,i64,1000000,bits22,desc,0,1,3,1,3097000.000
sorted,vector,i64,1000000,bits22,desc,0,1,4,1,3101000.000
sorted,vector,i64,1000000,bits22,desc,0,0,4,1,3439000.000
sorted,vector,i64,1000000,bits22,desc,0,1,5,1,3176000.000
sorted,vector,i64,1000000,bits22,desc,0,0,5,1,3273000.000
sorted,vector,i64,1000000,bits22,desc,0,0,6,1,3722000.000
sorted,vector,i64,1000000,bits22,desc,0,1,6,1,3336000.000
kernel,vector,i64,1000000,bits22,asc,8,1,0,1,2766000.000
kernel,vector,i64,1000000,bits22,asc,8,0,0,1,2722000.000
kernel,vector,i64,1000000,bits22,asc,8,1,1,1,2808000.000
kernel,vector,i64,1000000,bits22,asc,8,0,1,1,2920000.000
kernel,vector,i64,1000000,bits22,asc,8,0,2,1,2827000.000
kernel,vector,i64,1000000,bits22,asc,8,1,2,1,2830000.000
kernel,vector,i64,1000000,bits22,asc,8,1,3,1,2791000.000
kernel,vector,i64,1000000,bits22,asc,8,0,3,1,2840000.000
kernel,vector,i64,1000000,bits22,asc,8,0,4,1,2780000.000
kernel,vector,i64,1000000,bits22,asc,8,1,4,1,2840000.000
kernel,vector,i64,1000000,bits22,asc,8,1,5,1,2817000.000
kernel,vector,i64,1000000,bits22,asc,8,0,5,1,2769000.000
kernel,vector,i64,1000000,bits22,asc,8,0,6,1,2857000.000
kernel,vector,i64,1000000,bits22,asc,8,1,6,1,2845000.000
kernel,vector,i64,1000000,bits22,desc,8,1,0,1,2750000.000
kernel,vector,i64,1000000,bits22,desc,8,0,0,1,2751000.000
kernel,vector,i64,1000000,bits22,desc,8,1,1,1,2807000.000
kernel,vector,i64,1000000,bits22,desc,8,0,1,1,2738000.000
kernel,vector,i64,1000000,bits22,desc,8,1,2,1,2833000.000
kernel,vector,i64,1000000,bits22,desc,8,0,2,1,2862000.000
kernel,vector,i64,1000000,bits22,desc,8,0,3,1,2742000.000
kernel,vector,i64,1000000,bits22,desc,8,1,3,1,2814000.000
kernel,vector,i64,1000000,bits22,desc,8,1,4,1,2811000.000
kernel,vector,i64,1000000,bits22,desc,8,0,4,1,2801000.000
kernel,vector,i64,1000000,bits22,desc,8,0,5,1,2819000.000
kernel,vector,i64,1000000,bits22,desc,8,1,5,1,2799000.000
kernel,vector,i64,1000000,bits22,desc,8,1,6,1,3002000.000
kernel,vector,i64,1000000,bits22,desc,8,0,6,1,2853000.000
kernel,vector,i64,1000000,bits22,asc,11,0,0,1,2034000.000
kernel,vector,i64,1000000,bits22,asc,11,1,0,1,2091000.000
kernel,vector,i64,1000000,bits22,asc,11,1,1,1,2024000.000
kernel,vector,i64,1000000,bits22,asc,11,0,1,1,2030000.000
kernel,vector,i64,1000000,bits22,asc,11,0,2,1,2027000.000
kernel,vector,i64,1000000,bits22,asc,11,1,2,1,2036000.000
kernel,vector,i64,1000000,bits22,asc,11,0,3,1,2031000.000
kernel,vector,i64,1000000,bits22,asc,11,1,3,1,2157000.000
kernel,vector,i64,1000000,bits22,asc,11,0,4,1,2360000.000
kernel,vector,i64,1000000,bits22,asc,11,1,4,1,2111000.000
kernel,vector,i64,1000000,bits22,asc,11,0,5,1,2391000.000
kernel,vector,i64,1000000,bits22,asc,11,1,5,1,2028000.000
kernel,vector,i64,1000000,bits22,asc,11,0,6,1,1957000.000
kernel,vector,i64,1000000,bits22,asc,11,1,6,1,2027000.000
kernel,vector,i64,1000000,bits22,desc,11,1,0,1,2017000.000
kernel,vector,i64,1000000,bits22,desc,11,0,0,1,2082000.000
kernel,vector,i64,1000000,bits22,desc,11,1,1,1,1911000.000
kernel,vector,i64,1000000,bits22,desc,11,0,1,1,1887000.000
kernel,vector,i64,1000000,bits22,desc,11,0,2,1,2010000.000
kernel,vector,i64,1000000,bits22,desc,11,1,2,1,1909000.000
kernel,vector,i64,1000000,bits22,desc,11,0,3,1,1994000.000
kernel,vector,i64,1000000,bits22,desc,11,1,3,1,2146000.000
kernel,vector,i64,1000000,bits22,desc,11,1,4,1,2015000.000
kernel,vector,i64,1000000,bits22,desc,11,0,4,1,1950000.000
kernel,vector,i64,1000000,bits22,desc,11,1,5,1,1952000.000
kernel,vector,i64,1000000,bits22,desc,11,0,5,1,2193000.000
kernel,vector,i64,1000000,bits22,desc,11,1,6,1,2090000.000
kernel,vector,i64,1000000,bits22,desc,11,0,6,1,1953000.000
kernel,vector,i64,1000000,bits22,asc,15,0,0,1,2560000.000
kernel,vector,i64,1000000,bits22,asc,15,1,0,1,2615000.000
kernel,vector,i64,1000000,bits22,asc,15,0,1,1,2768000.000
kernel,vector,i64,1000000,bits22,asc,15,1,1,1,2710000.000
kernel,vector,i64,1000000,bits22,asc,15,1,2,1,2674000.000
kernel,vector,i64,1000000,bits22,asc,15,0,2,1,2706000.000
kernel,vector,i64,1000000,bits22,asc,15,0,3,1,2644000.000
kernel,vector,i64,1000000,bits22,asc,15,1,3,1,3013000.000
kernel,vector,i64,1000000,bits22,asc,15,0,4,1,3287000.000
kernel,vector,i64,1000000,bits22,asc,15,1,4,1,2835000.000
kernel,vector,i64,1000000,bits22,asc,15,0,5,1,2607000.000
kernel,vector,i64,1000000,bits22,asc,15,1,5,1,2970000.000
kernel,vector,i64,1000000,bits22,asc,15,0,6,1,2924000.000
kernel,vector,i64,1000000,bits22,asc,15,1,6,1,2612000.000
kernel,vector,i64,1000000,bits22,desc,15,0,0,1,2634000.000
kernel,vector,i64,1000000,bits22,desc,15,1,0,1,2684000.000
kernel,vector,i64,1000000,bits22,desc,15,0,1,1,2572000.000
kernel,vector,i64,1000000,bits22,desc,15,1,1,1,2754000.000
kernel,vector,i64,1000000,bits22,desc,15,0,2,1,2759000.000
kernel,vector,i64,1000000,bits22,desc,15,1,2,1,2637000.000
kernel,vector,i64,1000000,bits22,desc,15,0,3,1,2634000.000
kernel,vector,i64,1000000,bits22,desc,15,1,3,1,2849000.000
kernel,vector,i64,1000000,bits22,desc,15,1,4,1,2718000.000
kernel,vector,i64,1000000,bits22,desc,15,0,4,1,2575000.000
kernel,vector,i64,1000000,bits22,desc,15,1,5,1,2559000.000
kernel,vector,i64,1000000,bits22,desc,15,0,5,1,2907000.000
kernel,vector,i64,1000000,bits22,desc,15,1,6,1,2638000.000
kernel,vector,i64,1000000,bits22,desc,15,0,6,1,2890000.000
sorted,vector,i64,1000000,gaps,asc,0,0,0,1,4592000.000
sorted,vector,i64,1000000,gaps,asc,0,1,0,1,4069000.000
sorted,vector,i64,1000000,gaps,asc,0,0,1,1,4215000.000
sorted,vector,i64,1000000,gaps,asc,0,1,1,1,4042000.000
sorted,vector,i64,1000000,gaps,asc,0,1,2,1,4070000.000
sorted,vector,i64,1000000,gaps,asc,0,0,2,1,4037000.000
sorted,vector,i64,1000000,gaps,asc,0,0,3,1,4035000.000
sorted,vector,i64,1000000,gaps,asc,0,1,3,1,4477000.000
sorted,vector,i64,1000000,gaps,asc,0,0,4,1,4447000.000
sorted,vector,i64,1000000,gaps,asc,0,1,4,1,4330000.000
sorted,vector,i64,1000000,gaps,asc,0,1,5,1,4372000.000
sorted,vector,i64,1000000,gaps,asc,0,0,5,1,4065000.000
sorted,vector,i64,1000000,gaps,asc,0,0,6,1,4044000.000
sorted,vector,i64,1000000,gaps,asc,0,1,6,1,4008000.000
sorted,vector,i64,1000000,gaps,desc,0,1,0,1,4065000.000
sorted,vector,i64,1000000,gaps,desc,0,0,0,1,4037000.000
sorted,vector,i64,1000000,gaps,desc,0,1,1,1,4199000.000
sorted,vector,i64,1000000,gaps,desc,0,0,1,1,3994000.000
sorted,vector,i64,1000000,gaps,desc,0,1,2,1,4099000.000
sorted,vector,i64,1000000,gaps,desc,0,0,2,1,4041000.000
sorted,vector,i64,1000000,gaps,desc,0,1,3,1,4022000.000
sorted,vector,i64,1000000,gaps,desc,0,0,3,1,4157000.000
sorted,vector,i64,1000000,gaps,desc,0,1,4,1,4026000.000
sorted,vector,i64,1000000,gaps,desc,0,0,4,1,4258000.000
sorted,vector,i64,1000000,gaps,desc,0,0,5,1,4014000.000
sorted,vector,i64,1000000,gaps,desc,0,1,5,1,4004000.000
sorted,vector,i64,1000000,gaps,desc,0,0,6,1,3968000.000
sorted,vector,i64,1000000,gaps,desc,0,1,6,1,4120000.000
kernel,vector,i64,1000000,gaps,asc,8,0,0,1,3160000.000
kernel,vector,i64,1000000,gaps,asc,8,1,0,1,2920000.000
kernel,vector,i64,1000000,gaps,asc,8,0,1,1,2840000.000
kernel,vector,i64,1000000,gaps,asc,8,1,1,1,2874000.000
kernel,vector,i64,1000000,gaps,asc,8,0,2,1,2981000.000
kernel,vector,i64,1000000,gaps,asc,8,1,2,1,2880000.000
kernel,vector,i64,1000000,gaps,asc,8,1,3,1,2959000.000
kernel,vector,i64,1000000,gaps,asc,8,0,3,1,2850000.000
kernel,vector,i64,1000000,gaps,asc,8,1,4,1,2924000.000
kernel,vector,i64,1000000,gaps,asc,8,0,4,1,2832000.000
kernel,vector,i64,1000000,gaps,asc,8,0,5,1,2770000.000
kernel,vector,i64,1000000,gaps,asc,8,1,5,1,2899000.000
kernel,vector,i64,1000000,gaps,asc,8,0,6,1,2789000.000
kernel,vector,i64,1000000,gaps,asc,8,1,6,1,3016000.000
kernel,vector,i64,1000000,gaps,desc,8,0,0,1,3038000.000
kernel,vector,i64,1000000,gaps,desc,8,1,0,1,2850000.000
kernel,vector,i64,1000000,gaps,desc,8,0,1,1,2905000.000
kernel,vector,i64,1000000,gaps,desc,8,1,1,1,2877000.000
kernel,vector,i64,1000000,gaps,desc,8,1,2,1,2843000.000
kernel,vector,i64,1000000,gaps,desc,8,0,2,1,2850000.000
kernel,vector,i64,1000000,gaps,desc,8,1,3,1,2845000.000
kernel,vector,i64,1000000,gaps,desc,8,0,3,1,3025000.000
kernel,vector,i64,1000000,gaps,desc,8,1,4,1,2806000.000
kernel,vector,i64,1000000,gaps,desc,8,0,4,1,2819000.000
kernel,vector,i64,1000000,gaps,desc,8,0,5,1,3315000.000
kernel,vector,i64,1000000,gaps,desc,8,1,5,1,2968000.000
kernel,vector,i64,1000000,gaps,desc,8,0,6,1,2857000.000
kernel,vector,i64,1000000,gaps,desc,8,1,6,1,2940000.000
kernel,vector,i64,1000000,gaps,asc,11,0,0,1,4005000.000
kernel,vector,i64,1000000,gaps,asc,11,1,0,1,3499000.000
kernel,vector,i64,1000000,gaps,asc,11,1,1,1,3625000.000
kernel,vector,i64,1000000,gaps,asc,11,0,1,1,4242000.000
kernel,vector,i64,1000000,gaps,asc,11,0,2,1,4198000.000
kernel,vector,i64,1000000,gaps,asc,11,1,2,1,3494000.000
kernel,vector,i64,1000000,gaps,asc,11,1,3,1,3595000.000
kernel,vector,i64,1000000,gaps,asc,11,0,3,1,4063000.000
kernel,vector,i64,1000000,gaps,asc,11,0,4,1,3963000.000
kernel,vector,i64,1000000,gaps,asc,11,1,4,1,3535000.000
kernel,vector,i64,1000000,gaps,asc,11,1,5,1,3522000.000
kernel,vector,i64,1000000,gaps,asc,11,0,5,1,4074000.000
kernel,vector,i64,1000000,gaps,asc,11,0,6,1,4005000.000
kernel,vector,i64,1000000,gaps,asc,11,1,6,1,3604000.000
kernel,vector,i64,1000000,gaps,desc,11,0,0,1,3476000.000
kernel,vector,i64,1000000,gaps,desc,11,1,0,1,3535000.000
kernel,vector,i64,1000000,gaps,desc,11,1,1,1,3411000.000
kernel,vector,i64,1000000,gaps,desc,11,0,1,1,3568000.000
kernel,vector,i64,1000000,gaps,desc,11,1,2,1,3532000.000
kernel,vector,i64,1000000,gaps,desc,11,0,2,1,3528000.000
kernel,vector,i64,1000000,gaps,desc,11,1,3,1,3498000.000
kernel,vector,i64,1000000,gaps,desc,11,0,3,1,3583000.000
kernel,vector,i64,1000000,gaps,desc,11,1,4,1,3558000.000
kernel,vector,i64,1000000,gaps,desc,11,0,4,1,3589000.000
kernel,vector,i64,1000000,gaps,desc,11,1,5,1,3539000.000
kernel,vector,i64,1000000,gaps,desc,11,0,5,1,3483000.000
kernel,vector,i64,1000000,gaps,desc,11,0,6,1,3589000.000
kernel,vector,i64,1000000,gaps,desc,11,1,6,1,3658000.000
kernel,vector,i64,1000000,gaps,asc,15,1,0,1,2162000.000
kernel,vector,i64,1000000,gaps,asc,15,0,0,1,2053000.000
kernel,vector,i64,1000000,gaps,asc,15,0,1,1,1775000.000
kernel,vector,i64,1000000,gaps,asc,15,1,1,1,2037000.000
kernel,vector,i64,1000000,gaps,asc,15,1,2,1,2137000.000
kernel,vector,i64,1000000,gaps,asc,15,0,2,1,2237000.000
kernel,vector,i64,1000000,gaps,asc,15,1,3,1,1964000.000
kernel,vector,i64,1000000,gaps,asc,15,0,3,1,2078000.000
kernel,vector,i64,1000000,gaps,asc,15,1,4,1,2068000.000
kernel,vector,i64,1000000,gaps,asc,15,0,4,1,2192000.000
kernel,vector,i64,1000000,gaps,asc,15,0,5,1,1893000.000
kernel,vector,i64,1000000,gaps,asc,15,1,5,1,2322000.000
kernel,vector,i64,1000000,gaps,asc,15,0,6,1,1771000.000
kernel,vector,i64,1000000,gaps,asc,15,1,6,1,2163000.000
kernel,vector,i64,1000000,gaps,desc,15,0,0,1,2533000.000
kernel,vector,i64,1000000,gaps,desc,15,1,0,1,2124000.000
kernel,vector,i64,1000000,gaps,desc,15,1,1,1,2053000.000
kernel,vector,i64,1000000,gaps,desc,15,0,1,1,2045000.000
kernel,vector,i64,1000000,gaps,desc,15,1,2,1,2161000.000
kernel,vector,i64,1000000,gaps,desc,15,0,2,1,1985000.000
kernel,vector,i64,1000000,gaps,desc,15,0,3,1,2113000.000
kernel,vector,i64,1000000,gaps,desc,15,1,3,1,2220000.000
kernel,vector,i64,1000000,gaps,desc,15,0,4,1,2490000.000
kernel,vector,i64,1000000,gaps,desc,15,1,4,1,2334000.000
kernel,vector,i64,1000000,gaps,desc,15,0,5,1,2435000.000
kernel,vector,i64,1000000,gaps,desc,15,1,5,1,1984000.000
kernel,vector,i64,1000000,gaps,desc,15,0,6,1,2135000.000
kernel,vector,i64,1000000,gaps,desc,15,1,6,1,2297000.000
sorted,vector,i64,1000000,few,asc,0,1,0,1,2792000.000
sorted,vector,i64,1000000,few,asc,0,0,0,1,2504000.000
sorted,vector,i64,1000000,few,asc,0,0,1,1,2555000.000
sorted,vector,i64,1000000,few,asc,0,1,1,1,2587000.000
sorted,vector,i64,1000000,few,asc,0,1,2,1,2660000.000
sorted,vector,i64,1000000,few,asc,0,0,2,1,2674000.000
sorted,vector,i64,1000000,few,asc,0,0,3,1,2894000.000
sorted,vector,i64,1000000,few,asc,0,1,3,1,2650000.000
sorted,vector,i64,1000000,few,asc,0,0,4,1,2601000.000
sorted,vector,i64,1000000,few,asc,0,1,4,1,2467000.000
sorted,vector,i64,1000000,few,asc,0,1,5,1,2504000.000
sorted,vector,i64,1000000,few,asc,0,0,5,1,2555000.000
sorted,vector,i64,1000000,few,asc,0,0,6,1,2510000.000
sorted,vector,i64,1000000,few,asc,0,1,6,1,2790000.000
sorted,vector,i64,1000000,few,desc,0,0,0,1,2554000.000
sorted,vector,i64,1000000,few,desc,0,1,0,1,2543000.000
sorted,vector,i64,1000000,few,desc,0,1,1,1,2530000.000
sorted,vector,i64,1000000,few,desc,0,0,1,1,2516000.000
sorted,vector,i64,1000000,few,desc,0,1,2,1,2480000.000
sorted,vector,i64,1000000,few,desc,0,0,2,1,2571000.000
sorted,vector,i64,1000000,few,desc,0,0,3,1,2438000.000
sorted,vector,i64,1000000,few,desc,0,1,3,1,2520000.000
sorted,vector,i64,1000000,few,desc,0,0,4,1,2564000.000
sorted,vector,i64,1000000,few,desc,0,1,4,1,2460000.000
sorted,vector,i64,1000000,few,desc,0,1,5,1,2443000.000
sorted,vector,i64,1000000,few,desc,0,0,5,1,2542000.000
sorted,vector,i64,1000000,few,desc,0,1,6,1,2476000.000
sorted,vector,i64,1000000,few,desc,0,0,6,1,2504000.000
kernel,vector,i64,1000000,few,asc,8,1,0,1,1329000.000
kernel,vector,i64,1000000,few,asc,8,0,0,1,1459000.000
kernel,vector,i64,1000000,few,asc,8,1,1,1,1304000.000
kernel,vector,i64,1000000,few,asc,8,0,1,1,1384000.000
kernel,vector,i64,1000000,few,asc,8,0,2,1,1321000.000
kernel,vector,i64,1000000,few,asc,8,1,2,1,1367000.000
kernel,vector,i64,1000000,few,asc,8,1,3,1,1340000.000
kernel,vector,i64,1000000,few,asc,8,0,3,1,1431000.000
kernel,vector,i64,1000000,few,asc,8,1,4,1,1404000.000
kernel,vector,i64,1000000,few,asc,8,0,4,1,1337000.000
kernel,vector,i64,1000000,few,asc,8,1,5,1,1351000.000
kernel,vector,i64,1000000,few,asc,8,0,5,1,1391000.000
kernel,vector,i64,1000000,few,asc,8,0,6,1,1541000.000
kernel,vector,i64,1000000,few,asc,8,1,6,1,1456000.000
kernel,vector,i64,1000000,few,desc,8,0,0,1,1444000.000
kernel,vector,i64,1000000,few,desc,8,1,0,1,1437000.000
kernel,vector,i64,1000000,few,desc,8,1,1,1,1393000.000
kernel,vector,i64,1000000,few,desc,8,0,1,1,1378000.000
kernel,vector,i64,1000000,few,desc,8,0,2,1,1419000.000
kernel,vector,i64,1000000,few,desc,8,1,2,1,1322000.000
kernel,vector,i64,1000000,few,desc,8,0,3,1,1324000.000
kernel,vector,i64,1000000,few,desc,8,1,3,1,1334000.000
kernel,vector,i64,1000000,few,desc,8,0,4,1,1491000.000
kernel,vector,i64,1000000,few,desc,8,1,4,1,1345000.000
kernel,vector,i64,1000000,few,desc,8,1,5,1,1378000.000
kernel,vector,i64,1000000,few,desc,8,0,5,1,1380000.000
kernel,vector,i64,1000000,few,desc,8,1,6,1,1290000.000
kernel,vector,i64,1000000,few,desc,8,0,6,1,1489000.000
kernel,vector,i64,1000000,few,asc,11,0,0,1,1305000.000
kernel,vector,i64,1000000,few,asc,11,1,0,1,1317000.000
kernel,vector,i64,1000000,few,asc,11,0,1,1,1350000.000
kernel,vector,i64,1000000,few,asc,11,1,1,1,1290000.000
kernel,vector,i64,1000000,few,asc,11,0,2,1,1339000.000
kernel,vector,i64,1000000,few,asc,11,1,2,1,1329000.000
kernel,vector,i64,1000000,few,asc,11,1,3,1,1431000.000
kernel,vector,i64,1000000,few,asc,11,0,3,1,1330000.000
kernel,vector,i64,1000000,few,asc,11,0,4,1,1411000.000
kernel,vector,i64,1000000,few,asc,11,1,4,1,1313000.000
kernel,vector,i64,1000000,few,asc,11,0,5,1,1349000.000
kernel,vector,i64,1000000,few,asc,11,1,5,1,1375000.000
kernel,vector,i64,1000000,few,asc,11,0,6,1,1401000.000
kernel,vector,i64,1000000,few,asc,11,1,6,1,1319000.000
kernel,vector,i64,1000000,few,desc,11,1,0,1,1356000.000
kernel,vector,i64,1000000,few,desc,11,0,0,1,1362000.000
kernel,vector,i64,1000000,few,desc,11,1,1,1,1344000.000
kernel,vector,i64,1000000,few,desc,11,0,1,1,1402000.000
kernel,vector,i64,1000000,few,desc,11,1,2,1,1392000.000
kernel,vector,i64,1000000,few,desc,11,0,2,1,1327000.000
kernel,vector,i64,1000000,few,desc,11,1,3,1,1314000.000
kernel,vector,i64,1000000,few,desc,11,0,3,1,1375000.000
kernel,vector,i64,1000000,few,desc,11,1,4,1,1451000.000
kernel,vector,i64,1000000,few,desc,11,0,4,1,1343000.000
kernel,vector,i64,1000000,few,desc,11,1,5,1,1407000.000
kernel,vector,i64,1000000,few,desc,11,0,5,1,1468000.000
kernel,vector,i64,1000000,few,desc,11,0,6,1,1365000.000
kernel,vector,i64,1000000,few,desc,11,1,6,1,1344000.000
kernel,vector,i64,1000000,few,asc,15,0,0,1,1826000.000
kernel,vector,i64,1000000,few,asc,15,1,0,1,1576000.000
kernel,vector,i64,1000000,few,asc,15,1,1,1,1300000.000
kernel,vector,i64,1000000,few,asc,15,0,1,1,1391000.000
kernel,vector,i64,1000000,few,asc,15,1,2,1,1366000.000
kernel,vector,i64,1000000,few,asc,15,0,2,1,1436000.000
kernel,vector,i64,1000000,few,asc,15,0,3,1,1376000.000
kernel,vector,i64,1000000,few,asc,15,1,3,1,1334000.000
kernel,vector,i64,1000000,few,asc,15,0,4,1,1465000.000
kernel,vector,i64,1000000,few,asc,15,1,4,1,1327000.000
kernel,vector,i64,1000000,few,asc,15,1,5,1,1354000.000
kernel,vector,i64,1000000,few,asc,15,0,5,1,1561000.000
kernel,vector,i64,1000000,few,asc,15,1,6,1,1262000.000
kernel,vector,i64,1000000,few,asc,15,0,6,1,2137000.000
kernel,vector,i64,1000000,few,desc,15,0,0,1,1404000.000
kernel,vector,i64,1000000,few,desc,15,1,0,1,1452000.000
kernel,vector,i64,1000000,few,desc,15,0,1,1,1417000.000
kernel,vector,i64,1000000,few,desc,15,1,1,1,1380000.000
kernel,vector,i64,1000000,few,desc,15,0,2,1,1339000.000
kernel,vector,i64,1000000,few,desc,15,1,2,1,1396000.000
kernel,vector,i64,1000000,few,desc,15,1,3,1,1344000.000
kernel,vector,i64,1000000,few,desc,15,0,3,1,1348000.000
kernel,vector,i64,1000000,few,desc,15,0,4,1,1352000.000
kernel,vector,i64,1000000,few,desc,15,1,4,1,1479000.000
kernel,vector,i64,1000000,few,desc,15,0,5,1,1418000.000
kernel,vector,i64,1000000,few,desc,15,1,5,1,1403000.000
kernel,vector,i64,1000000,few,desc,15,1,6,1,1338000.000
kernel,vector,i64,1000000,few,desc,15,0,6,1,1399000.000
sorted,vector,i64,1000000,ordered,asc,0,0,0,3,223333.333
sorted,vector,i64,1000000,ordered,asc,0,1,0,3,304666.667
sorted,vector,i64,1000000,ordered,asc,0,0,1,3,225666.667
sorted,vector,i64,1000000,ordered,asc,0,1,1,3,223000.000
sorted,vector,i64,1000000,ordered,asc,0,0,2,3,230333.333
sorted,vector,i64,1000000,ordered,asc,0,1,2,3,225000.000
sorted,vector,i64,1000000,ordered,asc,0,0,3,3,223000.000
sorted,vector,i64,1000000,ordered,asc,0,1,3,3,223000.000
sorted,vector,i64,1000000,ordered,asc,0,1,4,3,223333.333
sorted,vector,i64,1000000,ordered,asc,0,0,4,3,223333.333
sorted,vector,i64,1000000,ordered,asc,0,1,5,3,223000.000
sorted,vector,i64,1000000,ordered,asc,0,0,5,3,232666.667
sorted,vector,i64,1000000,ordered,asc,0,0,6,3,223000.000
sorted,vector,i64,1000000,ordered,asc,0,1,6,3,238333.333
sorted,vector,i64,1000000,ordered,desc,0,1,0,2,382000.000
sorted,vector,i64,1000000,ordered,desc,0,0,0,2,376500.000
sorted,vector,i64,1000000,ordered,desc,0,0,1,2,376500.000
sorted,vector,i64,1000000,ordered,desc,0,1,1,2,394500.000
sorted,vector,i64,1000000,ordered,desc,0,1,2,2,376500.000
sorted,vector,i64,1000000,ordered,desc,0,0,2,2,378000.000
sorted,vector,i64,1000000,ordered,desc,0,1,3,2,389500.000
sorted,vector,i64,1000000,ordered,desc,0,0,3,2,379500.000
sorted,vector,i64,1000000,ordered,desc,0,1,4,2,392000.000
sorted,vector,i64,1000000,ordered,desc,0,0,4,2,376500.000
sorted,vector,i64,1000000,ordered,desc,0,1,5,2,376000.000
sorted,vector,i64,1000000,ordered,desc,0,0,5,2,377500.000
sorted,vector,i64,1000000,ordered,desc,0,0,6,2,400000.000
sorted,vector,i64,1000000,ordered,desc,0,1,6,2,378500.000
sorted,vector,i64,1000000,reverse,asc,0,0,0,2,376000.000
sorted,vector,i64,1000000,reverse,asc,0,1,0,2,375000.000
sorted,vector,i64,1000000,reverse,asc,0,0,1,2,392500.000
sorted,vector,i64,1000000,reverse,asc,0,1,1,2,374500.000
sorted,vector,i64,1000000,reverse,asc,0,0,2,2,381500.000
sorted,vector,i64,1000000,reverse,asc,0,1,2,2,390000.000
sorted,vector,i64,1000000,reverse,asc,0,1,3,2,375000.000
sorted,vector,i64,1000000,reverse,asc,0,0,3,2,375000.000
sorted,vector,i64,1000000,reverse,asc,0,1,4,2,377000.000
sorted,vector,i64,1000000,reverse,asc,0,0,4,2,376000.000
sorted,vector,i64,1000000,reverse,asc,0,1,5,2,375000.000
sorted,vector,i64,1000000,reverse,asc,0,0,5,2,375500.000
sorted,vector,i64,1000000,reverse,asc,0,1,6,2,376000.000
sorted,vector,i64,1000000,reverse,asc,0,0,6,2,384500.000
sorted,vector,i64,1000000,reverse,desc,0,1,0,3,236000.000
sorted,vector,i64,1000000,reverse,desc,0,0,0,3,223333.333
sorted,vector,i64,1000000,reverse,desc,0,1,1,3,223666.667
sorted,vector,i64,1000000,reverse,desc,0,0,1,3,223666.667
sorted,vector,i64,1000000,reverse,desc,0,1,2,3,233666.667
sorted,vector,i64,1000000,reverse,desc,0,0,2,3,221666.667
sorted,vector,i64,1000000,reverse,desc,0,0,3,3,222000.000
sorted,vector,i64,1000000,reverse,desc,0,1,3,3,224333.333
sorted,vector,i64,1000000,reverse,desc,0,1,4,3,228000.000
sorted,vector,i64,1000000,reverse,desc,0,0,4,3,221666.667
sorted,vector,i64,1000000,reverse,desc,0,0,5,3,222333.333
sorted,vector,i64,1000000,reverse,desc,0,1,5,3,227333.333
sorted,vector,i64,1000000,reverse,desc,0,0,6,3,226333.333
sorted,vector,i64,1000000,reverse,desc,0,1,6,3,228000.000
sorted,vector,i64,1000000,nearly,asc,0,0,0,1,6064000.000
sorted,vector,i64,1000000,nearly,asc,0,1,0,1,6000000.000
sorted,vector,i64,1000000,nearly,asc,0,1,1,1,5857000.000
sorted,vector,i64,1000000,nearly,asc,0,0,1,1,5941000.000
sorted,vector,i64,1000000,nearly,asc,0,1,2,1,5843000.000
sorted,vector,i64,1000000,nearly,asc,0,0,2,1,6089000.000
sorted,vector,i64,1000000,nearly,asc,0,1,3,1,5845000.000
sorted,vector,i64,1000000,nearly,asc,0,0,3,1,5979000.000
sorted,vector,i64,1000000,nearly,asc,0,1,4,1,6157000.000
sorted,vector,i64,1000000,nearly,asc,0,0,4,1,5982000.000
sorted,vector,i64,1000000,nearly,asc,0,1,5,1,5903000.000
sorted,vector,i64,1000000,nearly,asc,0,0,5,1,6279000.000
sorted,vector,i64,1000000,nearly,asc,0,0,6,1,6081000.000
sorted,vector,i64,1000000,nearly,asc,0,1,6,1,5809000.000
sorted,vector,i64,1000000,nearly,desc,0,1,0,1,5852000.000
sorted,vector,i64,1000000,nearly,desc,0,0,0,1,5935000.000
sorted,vector,i64,1000000,nearly,desc,0,0,1,1,5929000.000
sorted,vector,i64,1000000,nearly,desc,0,1,1,1,5848000.000
sorted,vector,i64,1000000,nearly,desc,0,0,2,1,5865000.000
sorted,vector,i64,1000000,nearly,desc,0,1,2,1,5865000.000
sorted,vector,i64,1000000,nearly,desc,0,1,3,1,5933000.000
sorted,vector,i64,1000000,nearly,desc,0,0,3,1,5927000.000
sorted,vector,i64,1000000,nearly,desc,0,1,4,1,5846000.000
sorted,vector,i64,1000000,nearly,desc,0,0,4,1,6172000.000
sorted,vector,i64,1000000,nearly,desc,0,0,5,1,5968000.000
sorted,vector,i64,1000000,nearly,desc,0,1,5,1,5757000.000
sorted,vector,i64,1000000,nearly,desc,0,0,6,1,6071000.000
sorted,vector,i64,1000000,nearly,desc,0,1,6,1,5796000.000
sorted,vector,i64,1000000,equal,asc,0,0,0,3,222666.667
sorted,vector,i64,1000000,equal,asc,0,1,0,3,225333.333
sorted,vector,i64,1000000,equal,asc,0,1,1,3,222666.667
sorted,vector,i64,1000000,equal,asc,0,0,1,3,224666.667
sorted,vector,i64,1000000,equal,asc,0,1,2,3,225000.000
sorted,vector,i64,1000000,equal,asc,0,0,2,3,228666.667
sorted,vector,i64,1000000,equal,asc,0,1,3,3,231000.000
sorted,vector,i64,1000000,equal,asc,0,0,3,3,223333.333
sorted,vector,i64,1000000,equal,asc,0,0,4,3,225000.000
sorted,vector,i64,1000000,equal,asc,0,1,4,3,225000.000
sorted,vector,i64,1000000,equal,asc,0,1,5,3,222333.333
sorted,vector,i64,1000000,equal,asc,0,0,5,3,223000.000
sorted,vector,i64,1000000,equal,asc,0,0,6,3,222666.667
sorted,vector,i64,1000000,equal,asc,0,1,6,3,239000.000
sorted,vector,i64,1000000,equal,desc,0,1,0,3,225000.000
sorted,vector,i64,1000000,equal,desc,0,0,0,3,228000.000
sorted,vector,i64,1000000,equal,desc,0,0,1,3,222000.000
sorted,vector,i64,1000000,equal,desc,0,1,1,3,223000.000
sorted,vector,i64,1000000,equal,desc,0,0,2,3,224333.333
sorted,vector,i64,1000000,equal,desc,0,1,2,3,227333.333
sorted,vector,i64,1000000,equal,desc,0,1,3,3,225666.667
sorted,vector,i64,1000000,equal,desc,0,0,3,3,222000.000
sorted,vector,i64,1000000,equal,desc,0,0,4,3,222000.000
sorted,vector,i64,1000000,equal,desc,0,1,4,3,223000.000
sorted,vector,i64,1000000,equal,desc,0,0,5,3,222000.000
sorted,vector,i64,1000000,equal,desc,0,1,5,3,222666.667
sorted,vector,i64,1000000,equal,desc,0,1,6,3,222000.000
sorted,vector,i64,1000000,equal,desc,0,0,6,3,222000.000
sorted,array,i64,65536,full,asc,0,0,0,2,387000.000
sorted,array,i64,65536,full,asc,0,1,0,2,417500.000
sorted,array,i64,65536,full,asc,0,0,1,2,394500.000
sorted,array,i64,65536,full,asc,0,1,1,2,396000.000
sorted,array,i64,65536,full,asc,0,1,2,2,396500.000
sorted,array,i64,65536,full,asc,0,0,2,2,393500.000
sorted,array,i64,65536,full,asc,0,1,3,2,383500.000
sorted,array,i64,65536,full,asc,0,0,3,2,395000.000
sorted,array,i64,65536,full,asc,0,0,4,2,385500.000
sorted,array,i64,65536,full,asc,0,1,4,2,384500.000
sorted,array,i64,65536,full,asc,0,0,5,2,396500.000
sorted,array,i64,65536,full,asc,0,1,5,2,395000.000
sorted,array,i64,65536,full,asc,0,0,6,2,384500.000
sorted,array,i64,65536,full,asc,0,1,6,2,398000.000
sorted,array,i64,65536,full,desc,0,1,0,2,402500.000
sorted,array,i64,65536,full,desc,0,0,0,2,395000.000
sorted,array,i64,65536,full,desc,0,1,1,2,404000.000
sorted,array,i64,65536,full,desc,0,0,1,2,387500.000
sorted,array,i64,65536,full,desc,0,0,2,2,407000.000
sorted,array,i64,65536,full,desc,0,1,2,2,431500.000
sorted,array,i64,65536,full,desc,0,0,3,2,398000.000
sorted,array,i64,65536,full,desc,0,1,3,2,388000.000
sorted,array,i64,65536,full,desc,0,1,4,2,392500.000
sorted,array,i64,65536,full,desc,0,0,4,2,398500.000
sorted,array,i64,65536,full,desc,0,1,5,2,383000.000
sorted,array,i64,65536,full,desc,0,0,5,2,396500.000
sorted,array,i64,65536,full,desc,0,1,6,2,393500.000
sorted,array,i64,65536,full,desc,0,0,6,2,387000.000
sorted,array,i64,65536,bits22,asc,0,0,0,3,185000.000
sorted,array,i64,65536,bits22,asc,0,1,0,3,186000.000
sorted,array,i64,65536,bits22,asc,0,1,1,3,175000.000
sorted,array,i64,65536,bits22,asc,0,0,1,3,189000.000
sorted,array,i64,65536,bits22,asc,0,1,2,3,179333.333
sorted,array,i64,65536,bits22,asc,0,0,2,3,169666.667
sorted,array,i64,65536,bits22,asc,0,0,3,3,176666.667
sorted,array,i64,65536,bits22,asc,0,1,3,3,170666.667
sorted,array,i64,65536,bits22,asc,0,1,4,3,181666.667
sorted,array,i64,65536,bits22,asc,0,0,4,3,172333.333
sorted,array,i64,65536,bits22,asc,0,1,5,3,178666.667
sorted,array,i64,65536,bits22,asc,0,0,5,3,172333.333
sorted,array,i64,65536,bits22,asc,0,0,6,3,173333.333
sorted,array,i64,65536,bits22,asc,0,1,6,3,172666.667
sorted,array,i64,65536,bits22,desc,0,1,0,3,186666.667
sorted,array,i64,65536,bits22,desc,0,0,0,3,186333.333
sorted,array,i64,65536,bits22,desc,0,0,1,4,171250.000
sorted,array,i64,65536,bits22,desc,0,1,1,3,182000.000
sorted,array,i64,65536,bits22,desc,0,0,2,3,177000.000
sorted,array,i64,65536,bits22,desc,0,1,2,3,176000.000
sorted,array,i64,65536,bits22,desc,0,1,3,3,186666.667
sorted,array,i64,65536,bits22,desc,0,0,3,3,175333.333
sorted,array,i64,65536,bits22,desc,0,1,4,3,178666.667
sorted,array,i64,65536,bits22,desc,0,0,4,3,166666.667
sorted,array,i64,65536,bits22,desc,0,0,5,3,168666.667
sorted,array,i64,65536,bits22,desc,0,1,5,3,171666.667
sorted,array,i64,65536,bits22,desc,0,0,6,3,171000.000
sorted,array,i64,65536,bits22,desc,0,1,6,3,176333.333
sorted,array,i64,65536,gaps,asc,0,1,0,2,298000.000
sorted,array,i64,65536,gaps,asc,0,0,0,2,309500.000
sorted,array,i64,65536,gaps,asc,0,0,1,2,272500.000
sorted,array,i64,65536,gaps,asc,0,1,1,2,294500.000
sorted,array,i64,65536,gaps,asc,0,0,2,2,269000.000
sorted,array,i64,65536,gaps,asc,0,1,2,2,293500.000
sorted,array,i64,65536,gaps,asc,0,0,3,2,264500.000
sorted,array,i64,65536,gaps,asc,0,1,3,2,279000.000
sorted,array,i64,65536,gaps,asc,0,0,4,2,278000.000
sorted,array,i64,65536,gaps,asc,0,1,4,2,277500.000
sorted,array,i64,65536,gaps,asc,0,0,5,2,263000.000
sorted,array,i64,65536,gaps,asc,0,1,5,2,268000.000
sorted,array,i64,65536,gaps,asc,0,1,6,2,311000.000
sorted,array,i64,65536,gaps,asc,0,0,6,2,296500.000
sorted,array,i64,65536,gaps,desc,0,1,0,2,285000.000
sorted,array,i64,65536,gaps,desc,0,0,0,3,278000.000
sorted,array,i64,65536,gaps,desc,0,0,1,2,271000.000
sorted,array,i64,65536,gaps,desc,0,1,1,2,291000.000
sorted,array,i64,65536,gaps,desc,0,1,2,2,273500.000
sorted,array,i64,65536,gaps,desc,0,0,2,2,284500.000
sorted,array,i64,65536,gaps,desc,0,0,3,2,283000.000
sorted,array,i64,65536,gaps,desc,0,1,3,2,286500.000
sorted,array,i64,65536,gaps,desc,0,1,4,2,264500.000
sorted,array,i64,65536,gaps,desc,0,0,4,2,281000.000
sorted,array,i64,65536,gaps,desc,0,1,5,2,272000.000
sorted,array,i64,65536,gaps,desc,0,0,5,2,275000.000
sorted,array,i64,65536,gaps,desc,0,1,6,2,270000.000
sorted,array,i64,65536,gaps,desc,0,0,6,2,286000.000
sorted,array,i64,65536,few,asc,0,0,0,4,151750.000
sorted,array,i64,65536,few,asc,0,1,0,4,157500.000
sorted,array,i64,65536,few,asc,0,0,1,4,131000.000
sorted,array,i64,65536,few,asc,0,1,1,1,534000.000
sorted,array,i64,65536,few,asc,0,0,2,4,145500.000
sorted,array,i64,65536,few,asc,0,1,2,4,152250.000
sorted,array,i64,65536,few,asc,0,1,3,4,143500.000
sorted,array,i64,65536,few,asc,0,0,3,4,132500.000
sorted,array,i64,65536,few,asc,0,1,4,4,137750.000
sorted,array,i64,65536,few,asc,0,0,4,4,133500.000
sorted,array,i64,65536,few,asc,0,0,5,4,127750.000
sorted,array,i64,65536,few,asc,0,1,5,4,130250.000
sorted,array,i64,65536,few,asc,0,1,6,4,137750.000
sorted,array,i64,65536,few,asc,0,0,6,4,127500.000
sorted,array,i64,65536,few,desc,0,0,0,3,167666.667
sorted,array,i64,65536,few,desc,0,1,0,4,150500.000
sorted,array,i64,65536,few,desc,0,1,1,4,132750.000
sorted,array,i64,65536,few,desc,0,0,1,4,149500.000
sorted,array,i64,65536,few,desc,0,1,2,4,130500.000
sorted,array,i64,65536,few,desc,0,0,2,4,141750.000
sorted,array,i64,65536,few,desc,0,1,3,4,148000.000
sorted,array,i64,65536,few,desc,0,0,3,4,139750.000
sorted,array,i64,65536,few,desc,0,1,4,4,134750.000
sorted,array,i64,65536,few,desc,0,0,4,4,139250.000
sorted,array,i64,65536,few,desc,0,0,5,5,120000.000
sorted,array,i64,65536,few,desc,0,1,5,4,149000.000
sorted,array,i64,65536,few,desc,0,1,6,4,138000.000
sorted,array,i64,65536,few,desc,0,0,6,5,119800.000
sorted,array,i64,65536,ordered,asc,0,1,0,19,26526.316
sorted,array,i64,65536,ordered,asc,0,0,0,19,27526.316
sorted,array,i64,65536,ordered,asc,0,1,1,19,27105.263
sorted,array,i64,65536,ordered,asc,0,0,1,20,26000.000
sorted,array,i64,65536,ordered,asc,0,0,2,20,26000.000
sorted,array,i64,65536,ordered,asc,0,1,2,20,26150.000
sorted,array,i64,65536,ordered,asc,0,0,3,19,27105.263
sorted,array,i64,65536,ordered,asc,0,1,3,19,27894.737
sorted,array,i64,65536,ordered,asc,0,0,4,19,26368.421
sorted,array,i64,65536,ordered,asc,0,1,4,20,26100.000
sorted,array,i64,65536,ordered,asc,0,0,5,20,26150.000
sorted,array,i64,65536,ordered,asc,0,1,5,19,27105.263
sorted,array,i64,65536,ordered,asc,0,1,6,19,27368.421
sorted,array,i64,65536,ordered,asc,0,0,6,19,27368.421
sorted,array,i64,65536,ordered,desc,0,1,0,14,36571.429
sorted,array,i64,65536,ordered,desc,0,0,0,14,38500.000
sorted,array,i64,65536,ordered,desc,0,1,1,14,36928.571
sorted,array,i64,65536,ordered,desc,0,0,1,14,38214.286
sorted,array,i64,65536,ordered,desc,0,1,2,14,37928.571
sorted,array,i64,65536,ordered,desc,0,0,2,14,36857.143
sorted,array,i64,65536,ordered,desc,0,1,3,14,38142.857
sorted,array,i64,65536,ordered,desc,0,0,3,13,39230.769
sorted,array,i64,65536,ordered,desc,0,1,4,14,37928.571
sorted,array,i64,65536,ordered,desc,0,0,4,14,38142.857
sorted,array,i64,65536,ordered,desc,0,1,5,13,38615.385
sorted,array,i64,65536,ordered,desc,0,0,5,13,39076.923
sorted,array,i64,65536,ordered,desc,0,1,6,13,41000.000
sorted,array,i64,65536,ordered,desc,0,0,6,13,40307.692
sorted,array,i64,65536,reverse,asc,0,0,0,13,39076.923
sorted,array,i64,65536,reverse,asc,0,1,0,13,39153.846
sorted,array,i64,65536,reverse,asc,0,1,1,14,38285.714
sorted,array,i64,65536,reverse,asc,0,0,1,13,38846.154
sorted,array,i64,65536,reverse,asc,0,0,2,14,38428.571
sorted,array,i64,65536,reverse,asc,0,1,2,13,40000.000
sorted,array,i64,65536,reverse,asc,0,0,3,14,38214.286
sorted,array,i64,65536,reverse,asc,0,1,3,13,39692.308
sorted,array,i64,65536,reverse,asc,0,0,4,13,38846.154
sorted,array,i64,65536,reverse,asc,0,1,4,13,39153.846
sorted,array,i64,65536,reverse,asc,0,0,5,13,38769.231
sorted,array,i64,65536,reverse,asc,0,1,5,13,38923.077
sorted,array,i64,65536,reverse,asc,0,0,6,13,39461.538
sorted,array,i64,65536,reverse,asc,0,1,6,14,38214.286
sorted,array,i64,65536,reverse,desc,0,0,0,18,28166.667
sorted,array,i64,65536,reverse,desc,0,1,0,18,27833.333
sorted,array,i64,65536,reverse,desc,0,1,1,18,28222.222
sorted,array,i64,65536,reverse,desc,0,0,1,18,28111.111
sorted,array,i64,65536,reverse,desc,0,1,2,18,27944.444
sorted,array,i64,65536,reverse,desc,0,0,2,18,28333.333
sorted,array,i64,65536,reverse,desc,0,1,3,19,27789.474
sorted,array,i64,65536,reverse,desc,0,0,3,18,28388.889
sorted,array,i64,65536,reverse,desc,0,0,4,18,27888.889
sorted,array,i64,65536,reverse,desc,0,1,4,18,28166.667
sorted,array,i64,65536,reverse,desc,0,1,5,18,29111.111
sorted,array,i64,65536,reverse,desc,0,0,5,18,28500.000
sorted,array,i64,65536,reverse,desc,0,0,6,18,28444.444
sorted,array,i64,65536,reverse,desc,0,1,6,18,28555.556
sorted,array,i64,65536,nearly,asc,0,0,0,2,372500.000
sorted,array,i64,65536,nearly,asc,0,1,0,2,394500.000
sorted,array,i64,65536,nearly,asc,0,1,1,2,370000.000
sorted,array,i64,65536,nearly,asc,0,0,1,2,369500.000
sorted,array,i64,65536,nearly,asc,0,1,2,2,384000.000
sorted,array,i64,65536,nearly,asc,0,0,2,2,378500.000
sorted,array,i64,65536,nearly,asc,0,0,3,2,374500.000
sorted,array,i64,65536,nearly,asc,0,1,3,2,375500.000
sorted,array,i64,65536,nearly,asc,0,1,4,2,378500.000
sorted,array,i64,65536,nearly,asc,0,0,4,2,369000.000
sorted,array,i64,65536,nearly,asc,0,1,5,2,371500.000
sorted,array,i64,65536,nearly,asc,0,0,5,2,430500.000
sorted,array,i64,65536,nearly,asc,0,1,6,2,383500.000
sorted,array,i64,65536,nearly,asc,0,0,6,2,369500.000
sorted,array,i64,65536,nearly,desc,0,0,0,2,384000.000
sorted,array,i64,65536,nearly,desc,0,1,0,2,378000.000
sorted,array,i64,65536,nearly,desc,0,0,1,2,374000.000
sorted,array,i64,65536,nearly,desc,0,1,1,2,389500.000
sorted,array,i64,65536,nearly,desc,0,0,2,2,378500.000
sorted,array,i64,65536,nearly,desc,0,1,2,2,384000.000
sorted,array,i64,65536,nearly,desc,0,1,3,2,374500.000
sorted,array,i64,65536,nearly,desc,0,0,3,2,370000.000
sorted,array,i64,65536,nearly,desc,0,1,4,2,381000.000
sorted,array,i64,65536,nearly,desc,0,0,4,2,374500.000
sorted,array,i64,65536,nearly,desc,0,1,5,2,372000.000
sorted,array,i64,65536,nearly,desc,0,0,5,2,377000.000
sorted,array,i64,65536,nearly,desc,0,1,6,2,395500.000
sorted,array,i64,65536,nearly,desc,0,0,6,2,375000.000
sorted,array,i64,65536,equal,asc,0,0,0,19,27263.158
sorted,array,i64,65536,equal,asc,0,1,0,18,27944.444
sorted,array,i64,65536,equal,asc,0,1,1,18,27944.444
sorted,array,i64,65536,equal,asc,0,0,1,18,28166.667
sorted,array,i64,65536,equal,asc,0,0,2,19,27736.842
sorted,array,i64,65536,equal,asc,0,1,2,19,27631.579
sorted,array,i64,65536,equal,asc,0,1,3,18,28055.556
sorted,array,i64,65536,equal,asc,0,0,3,18,28888.889
sorted,array,i64,65536,equal,asc,0,1,4,18,27888.889
sorted,array,i64,65536,equal,asc,0,0,4,18,27833.333
sorted,array,i64,65536,equal,asc,0,0,5,19,27631.579
sorted,array,i64,65536,equal,asc,0,1,5,18,27944.444
sorted,array,i64,65536,equal,asc,0,1,6,19,27631.579
sorted,array,i64,65536,equal,asc,0,0,6,18,28166.667
sorted,array,i64,65536,equal,desc,0,0,0,18,28166.667
sorted,array,i64,65536,equal,desc,0,1,0,18,28888.889
sorted,array,i64,65536,equal,desc,0,0,1,18,27777.778
sorted,array,i64,65536,equal,desc,0,1,1,18,27888.889
sorted,array,i64,65536,equal,desc,0,1,2,19,27684.211
sorted,array,i64,65536,equal,desc,0,0,2,19,27421.053
sorted,array,i64,65536,equal,desc,0,1,3,18,28166.667
sorted,array,i64,65536,equal,desc,0,0,3,19,27421.053
sorted,array,i64,65536,equal,desc,0,1,4,18,27944.444
sorted,array,i64,65536,equal,desc,0,0,4,19,27684.211
sorted,array,i64,65536,equal,desc,0,0,5,19,27421.053
sorted,array,i64,65536,equal,desc,0,1,5,18,28388.889
sorted,array,i64,65536,equal,desc,0,0,6,19,27105.263
sorted,array,i64,65536,equal,desc,0,1,6,18,28277.778
