stage,container,type,n,distribution,direction,bits,method,round,repeats,ns
sorted,vector,i32,128,full,asc,0,1,0,512,421.875
sorted,vector,i32,128,full,asc,0,0,0,512,425.781
sorted,vector,i32,128,full,asc,0,1,1,512,408.203
sorted,vector,i32,128,full,asc,0,0,1,512,402.344
sorted,vector,i32,128,full,asc,0,0,2,512,402.344
sorted,vector,i32,128,full,asc,0,1,2,512,410.156
sorted,vector,i32,128,full,asc,0,0,3,512,396.484
sorted,vector,i32,128,full,asc,0,1,3,512,417.969
sorted,vector,i32,128,full,asc,0,0,4,512,451.172
sorted,vector,i32,128,full,asc,0,1,4,512,417.969
sorted,vector,i32,128,full,asc,0,0,5,512,417.969
sorted,vector,i32,128,full,asc,0,1,5,512,416.016
sorted,vector,i32,128,full,asc,0,1,6,512,412.109
sorted,vector,i32,128,full,asc,0,0,6,512,408.203
sorted,vector,i32,128,full,desc,0,0,0,512,398.438
sorted,vector,i32,128,full,desc,0,1,0,512,371.094
sorted,vector,i32,128,full,desc,0,1,1,512,386.719
sorted,vector,i32,128,full,desc,0,0,1,512,378.906
sorted,vector,i32,128,full,desc,0,0,2,512,392.578
sorted,vector,i32,128,full,desc,0,1,2,512,378.906
sorted,vector,i32,128,full,desc,0,1,3,512,361.328
sorted,vector,i32,128,full,desc,0,0,3,512,375.000
sorted,vector,i32,128,full,desc,0,1,4,512,347.656
sorted,vector,i32,128,full,desc,0,0,4,512,375.000
sorted,vector,i32,128,full,desc,0,0,5,512,363.281
sorted,vector,i32,128,full,desc,0,1,5,512,375.000
sorted,vector,i32,128,full,desc,0,1,6,512,375.000
sorted,vector,i32,128,full,desc,0,0,6,512,355.469
sorted,vector,i32,128,bits22,asc,0,1,0,512,373.047
sorted,vector,i32,128,bits22,asc,0,0,0,512,367.188
sorted,vector,i32,128,bits22,asc,0,1,1,512,375.000
sorted,vector,i32,128,bits22,asc,0,0,1,512,382.812
sorted,vector,i32,128,bits22,asc,0,1,2,512,392.578
sorted,vector,i32,128,bits22,asc,0,0,2,512,398.438
sorted,vector,i32,128,bits22,asc,0,1,3,512,380.859
sorted,vector,i32,128,bits22,asc,0,0,3,512,419.922
sorted,vector,i32,128,bits22,asc,0,0,4,512,394.531
sorted,vector,i32,128,bits22,asc,0,1,4,512,392.578
sorted,vector,i32,128,bits22,asc,0,0,5,512,382.812
sorted,vector,i32,128,bits22,asc,0,1,5,512,390.625
sorted,vector,i32,128,bits22,asc,0,1,6,512,382.812
sorted,vector,i32,128,bits22,asc,0,0,6,512,460.938
sorted,vector,i32,128,bits22,desc,0,0,0,512,380.859
sorted,vector,i32,128,bits22,desc,0,1,0,512,386.719
sorted,vector,i32,128,bits22,desc,0,0,1,512,398.438
sorted,vector,i32,128,bits22,desc,0,1,1,512,382.812
sorted,vector,i32,128,bits22,desc,0,0,2,512,398.438
sorted,vector,i32,128,bits22,desc,0,1,2,512,406.250
sorted,vector,i32,128,bits22,desc,0,1,3,512,431.641
sorted,vector,i32,128,bits22,desc,0,0,3,512,396.484
sorted,vector,i32,128,bits22,desc,0,0,4,512,384.766
sorted,vector,i32,128,bits22,desc,0,1,4,512,408.203
sorted,vector,i32,128,bits22,desc,0,0,5,512,406.250
sorted,vector,i32,128,bits22,desc,0,1,5,512,390.625
sorted,vector,i32,128,bits22,desc,0,0,6,512,392.578
sorted,vector,i32,128,bits22,desc,0,1,6,512,400.391
sorted,vector,i32,128,gaps,asc,0,1,0,512,375.000
sorted,vector,i32,128,gaps,asc,0,0,0,512,392.578
sorted,vector,i32,128,gaps,asc,0,1,1,512,400.391
sorted,vector,i32,128,gaps,asc,0,0,1,512,392.578
sorted,vector,i32,128,gaps,asc,0,1,2,512,392.578
sorted,vector,i32,128,gaps,asc,0,0,2,512,394.531
sorted,vector,i32,128,gaps,asc,0,0,3,512,396.484
sorted,vector,i32,128,gaps,asc,0,1,3,512,404.297
sorted,vector,i32,128,gaps,asc,0,0,4,512,402.344
sorted,vector,i32,128,gaps,asc,0,1,4,512,408.203
sorted,vector,i32,128,gaps,asc,0,1,5,512,408.203
sorted,vector,i32,128,gaps,asc,0,0,5,512,400.391
sorted,vector,i32,128,gaps,asc,0,1,6,512,406.250
sorted,vector,i32,128,gaps,asc,0,0,6,512,400.391
sorted,vector,i32,128,gaps,desc,0,1,0,512,400.391
sorted,vector,i32,128,gaps,desc,0,0,0,512,484.375
sorted,vector,i32,128,gaps,desc,0,0,1,512,402.344
sorted,vector,i32,128,gaps,desc,0,1,1,512,408.203
sorted,vector,i32,128,gaps,desc,0,1,2,512,414.062
sorted,vector,i32,128,gaps,desc,0,0,2,512,423.828
sorted,vector,i32,128,gaps,desc,0,1,3,512,429.688
sorted,vector,i32,128,gaps,desc,0,0,3,512,410.156
sorted,vector,i32,128,gaps,desc,0,1,4,512,400.391
sorted,vector,i32,128,gaps,desc,0,0,4,512,414.062
sorted,vector,i32,128,gaps,desc,0,1,5,512,410.156
sorted,vector,i32,128,gaps,desc,0,0,5,512,423.828
sorted,vector,i32,128,gaps,desc,0,0,6,512,425.781
sorted,vector,i32,128,gaps,desc,0,1,6,512,416.016
sorted,vector,i32,128,few,asc,0,0,0,512,396.484
sorted,vector,i32,128,few,asc,0,1,0,512,396.484
sorted,vector,i32,128,few,asc,0,1,1,512,396.484
sorted,vector,i32,128,few,asc,0,0,1,512,380.859
sorted,vector,i32,128,few,asc,0,0,2,512,414.062
sorted,vector,i32,128,few,asc,0,1,2,512,396.484
sorted,vector,i32,128,few,asc,0,0,3,512,396.484
sorted,vector,i32,128,few,asc,0,1,3,512,388.672
sorted,vector,i32,128,few,asc,0,1,4,512,394.531
sorted,vector,i32,128,few,asc,0,0,4,512,396.484
sorted,vector,i32,128,few,asc,0,1,5,512,396.484
sorted,vector,i32,128,few,asc,0,0,5,512,412.109
sorted,vector,i32,128,few,asc,0,0,6,512,419.922
sorted,vector,i32,128,few,asc,0,1,6,512,447.266
sorted,vector,i32,128,few,desc,0,1,0,512,402.344
sorted,vector,i32,128,few,desc,0,0,0,512,404.297
sorted,vector,i32,128,few,desc,0,0,1,512,398.438
sorted,vector,i32,128,few,desc,0,1,1,512,406.250
sorted,vector,i32,128,few,desc,0,1,2,512,408.203
sorted,vector,i32,128,few,desc,0,0,2,512,482.422
sorted,vector,i32,128,few,desc,0,0,3,512,460.938
sorted,vector,i32,128,few,desc,0,1,3,512,396.484
sorted,vector,i32,128,few,desc,0,0,4,512,416.016
sorted,vector,i32,128,few,desc,0,1,4,512,423.828
sorted,vector,i32,128,few,desc,0,1,5,512,427.734
sorted,vector,i32,128,few,desc,0,0,5,512,416.016
sorted,vector,i32,128,few,desc,0,1,6,512,433.594
sorted,vector,i32,128,few,desc,0,0,6,512,416.016
sorted,vector,i32,128,ordered,asc,0,0,0,512,37.109
sorted,vector,i32,128,ordered,asc,0,1,0,512,35.156
sorted,vector,i32,128,ordered,asc,0,0,1,512,37.109
sorted,vector,i32,128,ordered,asc,0,1,1,512,42.969
sorted,vector,i32,128,ordered,asc,0,0,2,512,37.109
sorted,vector,i32,128,ordered,asc,0,1,2,512,41.016
sorted,vector,i32,128,ordered,asc,0,0,3,512,39.062
sorted,vector,i32,128,ordered,asc,0,1,3,512,35.156
sorted,vector,i32,128,ordered,asc,0,1,4,512,33.203
sorted,vector,i32,128,ordered,asc,0,0,4,512,35.156
sorted,vector,i32,128,ordered,asc,0,0,5,512,35.156
sorted,vector,i32,128,ordered,asc,0,1,5,512,35.156
sorted,vector,i32,128,ordered,asc,0,0,6,512,37.109
sorted,vector,i32,128,ordered,asc,0,1,6,512,37.109
sorted,vector,i32,128,ordered,desc,0,1,0,512,60.547
sorted,vector,i32,128,ordered,desc,0,0,0,512,80.078
sorted,vector,i32,128,ordered,desc,0,0,1,512,41.016
sorted,vector,i32,128,ordered,desc,0,1,1,512,46.875
sorted,vector,i32,128,ordered,desc,0,1,2,512,54.688
sorted,vector,i32,128,ordered,desc,0,0,2,512,44.922
sorted,vector,i32,128,ordered,desc,0,1,3,512,54.688
sorted,vector,i32,128,ordered,desc,0,0,3,512,46.875
sorted,vector,i32,128,ordered,desc,0,1,4,512,23.438
sorted,vector,i32,128,ordered,desc,0,0,4,512,70.312
sorted,vector,i32,128,ordered,desc,0,1,5,512,46.875
sorted,vector,i32,128,ordered,desc,0,0,5,512,50.781
sorted,vector,i32,128,ordered,desc,0,1,6,512,85.938
sorted,vector,i32,128,ordered,desc,0,0,6,512,85.938
sorted,vector,i32,128,reverse,asc,0,1,0,512,50.781
sorted,vector,i32,128,reverse,asc,0,0,0,512,85.938
sorted,vector,i32,128,reverse,asc,0,0,1,512,85.938
sorted,vector,i32,128,reverse,asc,0,1,1,512,56.641
sorted,vector,i32,128,reverse,asc,0,1,2,512,60.547
sorted,vector,i32,128,reverse,asc,0,0,2,512,74.219
sorted,vector,i32,128,reverse,asc,0,0,3,512,50.781
sorted,vector,i32,128,reverse,asc,0,1,3,512,56.641
sorted,vector,i32,128,reverse,asc,0,1,4,512,60.547
sorted,vector,i32,128,reverse,asc,0,0,4,512,56.641
sorted,vector,i32,128,reverse,asc,0,0,5,512,50.781
sorted,vector,i32,128,reverse,asc,0,1,5,512,46.875
sorted,vector,i32,128,reverse,asc,0,0,6,512,60.547
sorted,vector,i32,128,reverse,asc,0,1,6,512,46.875
sorted,vector,i32,128,reverse,desc,0,1,0,512,33.203
sorted,vector,i32,128,reverse,desc,0,0,0,512,39.062
sorted,vector,i32,128,reverse,desc,0,0,1,512,39.062
sorted,vector,i32,128,reverse,desc,0,1,1,512,35.156
sorted,vector,i32,128,reverse,desc,0,0,2,512,39.062
sorted,vector,i32,128,reverse,desc,0,1,2,512,44.922
sorted,vector,i32,128,reverse,desc,0,0,3,512,41.016
sorted,vector,i32,128,reverse,desc,0,1,3,512,42.969
sorted,vector,i32,128,reverse,desc,0,1,4,512,35.156
sorted,vector,i32,128,reverse,desc,0,0,4,512,39.062
sorted,vector,i32,128,reverse,desc,0,0,5,512,39.062
sorted,vector,i32,128,reverse,desc,0,1,5,512,41.016
sorted,vector,i32,128,reverse,desc,0,1,6,512,29.297
sorted,vector,i32,128,reverse,desc,0,0,6,512,33.203
sorted,vector,i32,128,nearly,asc,0,1,0,512,312.500
sorted,vector,i32,128,nearly,asc,0,0,0,512,308.594
sorted,vector,i32,128,nearly,asc,0,1,1,512,320.312
sorted,vector,i32,128,nearly,asc,0,0,1,512,312.500
sorted,vector,i32,128,nearly,asc,0,0,2,512,310.547
sorted,vector,i32,128,nearly,asc,0,1,2,512,308.594
sorted,vector,i32,128,nearly,asc,0,1,3,512,320.312
sorted,vector,i32,128,nearly,asc,0,0,3,512,308.594
sorted,vector,i32,128,nearly,asc,0,1,4,512,306.641
sorted,vector,i32,128,nearly,asc,0,0,4,512,308.594
sorted,vector,i32,128,nearly,asc,0,0,5,512,314.453
sorted,vector,i32,128,nearly,asc,0,1,5,512,339.844
sorted,vector,i32,128,nearly,asc,0,1,6,512,349.609
sorted,vector,i32,128,nearly,asc,0,0,6,512,308.594
sorted,vector,i32,128,nearly,desc,0,0,0,512,300.781
sorted,vector,i32,128,nearly,desc,0,1,0,512,269.531
sorted,vector,i32,128,nearly,desc,0,0,1,512,277.344
sorted,vector,i32,128,nearly,desc,0,1,1,512,273.438
sorted,vector,i32,128,nearly,desc,0,0,2,512,281.250
sorted,vector,i32,128,nearly,desc,0,1,2,512,285.156
sorted,vector,i32,128,nearly,desc,0,1,3,512,265.625
sorted,vector,i32,128,nearly,desc,0,0,3,512,263.672
sorted,vector,i32,128,nearly,desc,0,0,4,512,263.672
sorted,vector,i32,128,nearly,desc,0,1,4,512,275.391
sorted,vector,i32,128,nearly,desc,0,0,5,512,287.109
sorted,vector,i32,128,nearly,desc,0,1,5,512,275.391
sorted,vector,i32,128,nearly,desc,0,1,6,512,300.781
sorted,vector,i32,128,nearly,desc,0,0,6,512,273.438
sorted,vector,i32,128,equal,asc,0,1,0,512,44.922
sorted,vector,i32,128,equal,asc,0,0,0,512,35.156
sorted,vector,i32,128,equal,asc,0,1,1,512,39.062
sorted,vector,i32,128,equal,asc,0,0,1,512,37.109
sorted,vector,i32,128,equal,asc,0,0,2,512,39.062
sorted,vector,i32,128,equal,asc,0,1,2,512,35.156
sorted,vector,i32,128,equal,asc,0,0,3,512,46.875
sorted,vector,i32,128,equal,asc,0,1,3,512,42.969
sorted,vector,i32,128,equal,asc,0,1,4,512,46.875
sorted,vector,i32,128,equal,asc,0,0,4,512,35.156
sorted,vector,i32,128,equal,asc,0,0,5,512,48.828
sorted,vector,i32,128,equal,asc,0,1,5,512,41.016
sorted,vector,i32,128,equal,asc,0,1,6,512,35.156
sorted,vector,i32,128,equal,asc,0,0,6,512,41.016
sorted,vector,i32,128,equal,desc,0,0,0,512,31.250
sorted,vector,i32,128,equal,desc,0,1,0,512,37.109
sorted,vector,i32,128,equal,desc,0,1,1,512,35.156
sorted,vector,i32,128,equal,desc,0,0,1,512,41.016
sorted,vector,i32,128,equal,desc,0,0,2,512,35.156
sorted,vector,i32,128,equal,desc,0,1,2,512,37.109
sorted,vector,i32,128,equal,desc,0,0,3,512,44.922
sorted,vector,i32,128,equal,desc,0,1,3,512,41.016
sorted,vector,i32,128,equal,desc,0,0,4,512,44.922
sorted,vector,i32,128,equal,desc,0,1,4,512,44.922
sorted,vector,i32,128,equal,desc,0,1,5,512,44.922
sorted,vector,i32,128,equal,desc,0,0,5,512,52.734
sorted,vector,i32,128,equal,desc,0,1,6,512,29.297
sorted,vector,i32,128,equal,desc,0,0,6,512,37.109
sorted,vector,i32,512,full,asc,0,0,0,194,2587.629
sorted,vector,i32,512,full,asc,0,1,0,193,2590.674
sorted,vector,i32,512,full,asc,0,1,1,195,2569.231
sorted,vector,i32,512,full,asc,0,0,1,194,2582.474
sorted,vector,i32,512,full,asc,0,1,2,183,2732.240
sorted,vector,i32,512,full,asc,0,0,2,193,2590.674
sorted,vector,i32,512,full,asc,0,0,3,195,2564.103
sorted,vector,i32,512,full,asc,0,1,3,195,2569.231
sorted,vector,i32,512,full,asc,0,1,4,194,2577.320
sorted,vector,i32,512,full,asc,0,0,4,194,2577.320
sorted,vector,i32,512,full,asc,0,1,5,190,2642.105
sorted,vector,i32,512,full,asc,0,0,5,196,2561.224
sorted,vector,i32,512,full,asc,0,1,6,196,2551.020
sorted,vector,i32,512,full,asc,0,0,6,194,2582.474
sorted,vector,i32,512,full,desc,0,0,0,211,2374.408
sorted,vector,i32,512,full,desc,0,1,0,204,2455.882
sorted,vector,i32,512,full,desc,0,0,1,208,2403.846
sorted,vector,i32,512,full,desc,0,1,1,200,2505.000
sorted,vector,i32,512,full,desc,0,1,2,196,2551.020
sorted,vector,i32,512,full,desc,0,0,2,194,2582.474
sorted,vector,i32,512,full,desc,0,1,3,209,2397.129
sorted,vector,i32,512,full,desc,0,0,3,205,2443.902
sorted,vector,i32,512,full,desc,0,1,4,204,2450.980
sorted,vector,i32,512,full,desc,0,0,4,201,2492.537
sorted,vector,i32,512,full,desc,0,1,5,209,2397.129
sorted,vector,i32,512,full,desc,0,0,5,202,2480.198
sorted,vector,i32,512,full,desc,0,1,6,209,2401.914
sorted,vector,i32,512,full,desc,0,0,6,205,2448.780
sorted,vector,i32,512,bits22,asc,0,1,0,201,2492.537
sorted,vector,i32,512,bits22,asc,0,0,0,198,2530.303
sorted,vector,i32,512,bits22,asc,0,1,1,203,2472.906
sorted,vector,i32,512,bits22,asc,0,0,1,199,2512.563
sorted,vector,i32,512,bits22,asc,0,1,2,191,2628.272
sorted,vector,i32,512,bits22,asc,0,0,2,173,2890.173
sorted,vector,i32,512,bits22,asc,0,1,3,199,2517.588
sorted,vector,i32,512,bits22,asc,0,0,3,200,2505.000
sorted,vector,i32,512,bits22,asc,0,1,4,200,2505.000
sorted,vector,i32,512,bits22,asc,0,0,4,195,2569.231
sorted,vector,i32,512,bits22,asc,0,1,5,198,2525.253
sorted,vector,i32,512,bits22,asc,0,0,5,200,2510.000
sorted,vector,i32,512,bits22,asc,0,0,6,192,2614.583
sorted,vector,i32,512,bits22,asc,0,1,6,189,2645.503
sorted,vector,i32,512,bits22,desc,0,1,0,204,2455.882
sorted,vector,i32,512,bits22,desc,0,0,0,202,2480.198
sorted,vector,i32,512,bits22,desc,0,1,1,200,2500.000
sorted,vector,i32,512,bits22,desc,0,0,1,200,2500.000
sorted,vector,i32,512,bits22,desc,0,0,2,205,2443.902
sorted,vector,i32,512,bits22,desc,0,1,2,171,2923.977
sorted,vector,i32,512,bits22,desc,0,1,3,185,2713.514
sorted,vector,i32,512,bits22,desc,0,0,3,190,2631.579
sorted,vector,i32,512,bits22,desc,0,0,4,189,2656.085
sorted,vector,i32,512,bits22,desc,0,1,4,185,2702.703
sorted,vector,i32,512,bits22,desc,0,0,5,186,2693.548
sorted,vector,i32,512,bits22,desc,0,1,5,186,2693.548
sorted,vector,i32,512,bits22,desc,0,0,6,184,2728.261
sorted,vector,i32,512,bits22,desc,0,1,6,183,2732.240
sorted,vector,i32,512,gaps,asc,0,1,0,186,2698.925
sorted,vector,i32,512,gaps,asc,0,0,0,184,2717.391
sorted,vector,i32,512,gaps,asc,0,0,1,185,2708.108
sorted,vector,i32,512,gaps,asc,0,1,1,185,2708.108
sorted,vector,i32,512,gaps,asc,0,0,2,187,2679.144
sorted,vector,i32,512,gaps,asc,0,1,2,167,3000.000
sorted,vector,i32,512,gaps,asc,0,1,3,184,2722.826
sorted,vector,i32,512,gaps,asc,0,0,3,188,2659.574
sorted,vector,i32,512,gaps,asc,0,0,4,178,2814.607
sorted,vector,i32,512,gaps,asc,0,1,4,194,2587.629
sorted,vector,i32,512,gaps,asc,0,1,5,194,2577.320
sorted,vector,i32,512,gaps,asc,0,0,5,194,2582.474
sorted,vector,i32,512,gaps,asc,0,1,6,194,2582.474
sorted,vector,i32,512,gaps,asc,0,0,6,183,2732.240
sorted,vector,i32,512,gaps,desc,0,1,0,182,2752.747
sorted,vector,i32,512,gaps,desc,0,0,0,172,2918.605
sorted,vector,i32,512,gaps,desc,0,0,1,162,3104.938
sorted,vector,i32,512,gaps,desc,0,1,1,162,3098.765
sorted,vector,i32,512,gaps,desc,0,1,2,161,3111.801
sorted,vector,i32,512,gaps,desc,0,0,2,171,2935.673
sorted,vector,i32,512,gaps,desc,0,1,3,190,2642.105
sorted,vector,i32,512,gaps,desc,0,0,3,189,2645.503
sorted,vector,i32,512,gaps,desc,0,0,4,190,2631.579
sorted,vector,i32,512,gaps,desc,0,1,4,189,2656.085
sorted,vector,i32,512,gaps,desc,0,0,5,191,2628.272
sorted,vector,i32,512,gaps,desc,0,1,5,181,2773.481
sorted,vector,i32,512,gaps,desc,0,0,6,183,2737.705
sorted,vector,i32,512,gaps,desc,0,1,6,182,2752.747
sorted,vector,i32,512,few,asc,0,1,0,510,980.392
sorted,vector,i32,512,few,asc,0,0,0,512,958.984
sorted,vector,i32,512,few,asc,0,0,1,512,966.797
sorted,vector,i32,512,few,asc,0,1,1,512,974.609
sorted,vector,i32,512,few,asc,0,1,2,512,974.609
sorted,vector,i32,512,few,asc,0,0,2,456,1096.491
sorted,vector,i32,512,few,asc,0,1,3,505,990.099
sorted,vector,i32,512,few,asc,0,0,3,512,972.656
sorted,vector,i32,512,few,asc,0,0,4,512,968.750
sorted,vector,i32,512,few,asc,0,1,4,512,974.609
sorted,vector,i32,512,few,asc,0,0,5,512,960.938
sorted,vector,i32,512,few,asc,0,1,5,512,972.656
sorted,vector,i32,512,few,asc,0,0,6,467,1070.664
sorted,vector,i32,512,few,asc,0,1,6,498,1004.016
sorted,vector,i32,512,few,desc,0,1,0,474,1054.852
sorted,vector,i32,512,few,desc,0,0,0,461,1084.599
sorted,vector,i32,512,few,desc,0,1,1,496,1008.065
sorted,vector,i32,512,few,desc,0,0,1,436,1146.789
sorted,vector,i32,512,few,desc,0,1,2,404,1237.624
sorted,vector,i32,512,few,desc,0,0,2,485,1032.990
sorted,vector,i32,512,few,desc,0,1,3,476,1050.420
sorted,vector,i32,512,few,desc,0,0,3,505,990.099
sorted,vector,i32,512,few,desc,0,1,4,490,1020.408
sorted,vector,i32,512,few,desc,0,0,4,503,996.024
sorted,vector,i32,512,few,desc,0,0,5,455,1098.901
sorted,vector,i32,512,few,desc,0,1,5,494,1012.146
sorted,vector,i32,512,few,desc,0,1,6,490,1020.408
sorted,vector,i32,512,few,desc,0,0,6,500,1000.000
sorted,vector,i32,512,ordered,asc,0,0,0,512,132.812
sorted,vector,i32,512,ordered,asc,0,1,0,512,130.859
sorted,vector,i32,512,ordered,asc,0,1,1,512,132.812
sorted,vector,i32,512,ordered,asc,0,0,1,512,121.094
sorted,vector,i32,512,ordered,asc,0,1,2,512,156.250
sorted,vector,i32,512,ordered,asc,0,0,2,512,134.766
sorted,vector,i32,512,ordered,asc,0,1,3,512,138.672
sorted,vector,i32,512,ordered,asc,0,0,3,512,136.719
sorted,vector,i32,512,ordered,asc,0,0,4,512,130.859
sorted,vector,i32,512,ordered,asc,0,1,4,512,132.812
sorted,vector,i32,512,ordered,asc,0,1,5,512,130.859
sorted,vector,i32,512,ordered,asc,0,0,5,512,138.672
sorted,vector,i32,512,ordered,asc,0,0,6,512,134.766
sorted,vector,i32,512,ordered,asc,0,1,6,512,128.906
sorted,vector,i32,512,ordered,desc,0,1,0,512,191.406
sorted,vector,i32,512,ordered,desc,0,0,0,512,201.172
sorted,vector,i32,512,ordered,desc,0,1,1,512,207.031
sorted,vector,i32,512,ordered,desc,0,0,1,512,191.406
sorted,vector,i32,512,ordered,desc,0,0,2,512,201.172
sorted,vector,i32,512,ordered,desc,0,1,2,512,195.312
sorted,vector,i32,512,ordered,desc,0,1,3,512,253.906
sorted,vector,i32,512,ordered,desc,0,0,3,512,230.469
sorted,vector,i32,512,ordered,desc,0,1,4,512,216.797
sorted,vector,i32,512,ordered,desc,0,0,4,512,195.312
sorted,vector,i32,512,ordered,desc,0,1,5,512,189.453
sorted,vector,i32,512,ordered,desc,0,0,5,512,189.453
sorted,vector,i32,512,ordered,desc,0,1,6,512,203.125
sorted,vector,i32,512,ordered,desc,0,0,6,512,181.641
sorted,vector,i32,512,reverse,asc,0,0,0,512,226.562
sorted,vector,i32,512,reverse,asc,0,1,0,512,205.078
sorted,vector,i32,512,reverse,asc,0,0,1,512,199.219
sorted,vector,i32,512,reverse,asc,0,1,1,512,230.469
sorted,vector,i32,512,reverse,asc,0,1,2,512,207.031
sorted,vector,i32,512,reverse,asc,0,0,2,512,197.266
sorted,vector,i32,512,reverse,asc,0,1,3,512,228.516
sorted,vector,i32,512,reverse,asc,0,0,3,512,232.422
sorted,vector,i32,512,reverse,asc,0,1,4,512,208.984
sorted,vector,i32,512,reverse,asc,0,0,4,512,193.359
sorted,vector,i32,512,reverse,asc,0,1,5,512,201.172
sorted,vector,i32,512,reverse,asc,0,0,5,512,205.078
sorted,vector,i32,512,reverse,asc,0,0,6,512,195.312
sorted,vector,i32,512,reverse,asc,0,1,6,512,197.266
sorted,vector,i32,512,reverse,desc,0,0,0,512,134.766
sorted,vector,i32,512,reverse,desc,0,1,0,512,138.672
sorted,vector,i32,512,reverse,desc,0,0,1,512,140.625
sorted,vector,i32,512,reverse,desc,0,1,1,512,132.812
sorted,vector,i32,512,reverse,desc,0,1,2,512,126.953
sorted,vector,i32,512,reverse,desc,0,0,2,512,126.953
sorted,vector,i32,512,reverse,desc,0,1,3,512,126.953
sorted,vector,i32,512,reverse,desc,0,0,3,512,134.766
sorted,vector,i32,512,reverse,desc,0,1,4,512,130.859
sorted,vector,i32,512,reverse,desc,0,0,4,512,134.766
sorted,vector,i32,512,reverse,desc,0,1,5,512,130.859
sorted,vector,i32,512,reverse,desc,0,0,5,512,138.672
sorted,vector,i32,512,reverse,desc,0,1,6,512,134.766
sorted,vector,i32,512,reverse,desc,0,0,6,512,136.719
sorted,vector,i32,512,nearly,asc,0,0,0,227,2207.048
sorted,vector,i32,512,nearly,asc,0,1,0,237,2113.924
sorted,vector,i32,512,nearly,asc,0,1,1,213,2347.418
sorted,vector,i32,512,nearly,asc,0,0,1,238,2100.840
sorted,vector,i32,512,nearly,asc,0,0,2,229,2183.406
sorted,vector,i32,512,nearly,asc,0,1,2,235,2131.915
sorted,vector,i32,512,nearly,asc,0,0,3,228,2197.368
sorted,vector,i32,512,nearly,asc,0,1,3,229,2187.773
sorted,vector,i32,512,nearly,asc,0,0,4,230,2178.261
sorted,vector,i32,512,nearly,asc,0,1,4,231,2164.502
sorted,vector,i32,512,nearly,asc,0,1,5,239,2096.234
sorted,vector,i32,512,nearly,asc,0,0,5,237,2109.705
sorted,vector,i32,512,nearly,asc,0,1,6,230,2178.261
sorted,vector,i32,512,nearly,asc,0,0,6,235,2131.915
sorted,vector,i32,512,nearly,desc,0,0,0,280,1785.714
sorted,vector,i32,512,nearly,desc,0,1,0,280,1789.286
sorted,vector,i32,512,nearly,desc,0,0,1,277,1808.664
sorted,vector,i32,512,nearly,desc,0,1,1,263,1901.141
sorted,vector,i32,512,nearly,desc,0,0,2,256,1953.125
sorted,vector,i32,512,nearly,desc,0,1,2,279,1792.115
sorted,vector,i32,512,nearly,desc,0,0,3,270,1855.556
sorted,vector,i32,512,nearly,desc,0,1,3,278,1798.561
sorted,vector,i32,512,nearly,desc,0,0,4,280,1785.714
sorted,vector,i32,512,nearly,desc,0,1,4,278,1798.561
sorted,vector,i32,512,nearly,desc,0,0,5,279,1795.699
sorted,vector,i32,512,nearly,desc,0,1,5,279,1795.699
sorted,vector,i32,512,nearly,desc,0,1,6,273,1831.502
sorted,vector,i32,512,nearly,desc,0,0,6,279,1795.699
sorted,vector,i32,512,equal,asc,0,1,0,512,134.766
sorted,vector,i32,512,equal,asc,0,0,0,512,130.859
sorted,vector,i32,512,equal,asc,0,0,1,512,125.000
sorted,vector,i32,512,equal,asc,0,1,1,512,130.859
sorted,vector,i32,512,equal,asc,0,0,2,512,136.719
sorted,vector,i32,512,equal,asc,0,1,2,512,130.859
sorted,vector,i32,512,equal,asc,0,1,3,512,136.719
sorted,vector,i32,512,equal,asc,0,0,3,512,136.719
sorted,vector,i32,512,equal,asc,0,1,4,512,126.953
sorted,vector,i32,512,equal,asc,0,0,4,512,130.859
sorted,vector,i32,512,equal,asc,0,1,5,512,132.812
sorted,vector,i32,512,equal,asc,0,0,5,512,136.719
sorted,vector,i32,512,equal,asc,0,1,6,512,123.047
sorted,vector,i32,512,equal,asc,0,0,6,512,125.000
sorted,vector,i32,512,equal,desc,0,0,0,512,134.766
sorted,vector,i32,512,equal,desc,0,1,0,512,128.906
sorted,vector,i32,512,equal,desc,0,0,1,512,132.812
sorted,vector,i32,512,equal,desc,0,1,1,512,140.625
sorted,vector,i32,512,equal,desc,0,0,2,512,128.906
sorted,vector,i32,512,equal,desc,0,1,2,512,132.812
sorted,vector,i32,512,equal,desc,0,1,3,512,185.547
sorted,vector,i32,512,equal,desc,0,0,3,512,148.438
sorted,vector,i32,512,equal,desc,0,1,4,512,136.719
sorted,vector,i32,512,equal,desc,0,0,4,512,132.812
sorted,vector,i32,512,equal,desc,0,1,5,512,132.812
sorted,vector,i32,512,equal,desc,0,0,5,512,125.000
sorted,vector,i32,512,equal,desc,0,0,6,512,126.953
sorted,vector,i32,512,equal,desc,0,1,6,512,138.672
sorted,vector,i32,4096,full,asc,0,0,0,44,11431.818
sorted,vector,i32,4096,full,asc,0,1,0,45,11311.111
sorted,vector,i32,4096,full,asc,0,0,1,44,11477.273
sorted,vector,i32,4096,full,asc,0,1,1,44,11477.273
sorted,vector,i32,4096,full,asc,0,0,2,44,11500.000
sorted,vector,i32,4096,full,asc,0,1,2,44,11454.545
sorted,vector,i32,4096,full,asc,0,0,3,44,11454.545
sorted,vector,i32,4096,full,asc,0,1,3,45,11222.222
sorted,vector,i32,4096,full,asc,0,0,4,44,11545.455
sorted,vector,i32,4096,full,asc,0,1,4,43,11767.442
sorted,vector,i32,4096,full,asc,0,1,5,45,11266.667
sorted,vector,i32,4096,full,asc,0,0,5,43,11744.186
sorted,vector,i32,4096,full,asc,0,0,6,43,11627.907
sorted,vector,i32,4096,full,asc,0,1,6,45,11311.111
sorted,vector,i32,4096,full,desc,0,1,0,43,11627.907
sorted,vector,i32,4096,full,desc,0,0,0,44,11613.636
sorted,vector,i32,4096,full,desc,0,1,1,44,11545.455
sorted,vector,i32,4096,full,desc,0,0,1,43,11697.674
sorted,vector,i32,4096,full,desc,0,1,2,45,11288.889
sorted,vector,i32,4096,full,desc,0,0,2,44,11522.727
sorted,vector,i32,4096,full,desc,0,1,3,45,11155.556
sorted,vector,i32,4096,full,desc,0,0,3,44,11363.636
sorted,vector,i32,4096,full,desc,0,1,4,44,11477.273
sorted,vector,i32,4096,full,desc,0,0,4,44,11568.182
sorted,vector,i32,4096,full,desc,0,1,5,45,11266.667
sorted,vector,i32,4096,full,desc,0,0,5,42,12000.000
sorted,vector,i32,4096,full,desc,0,1,6,43,11651.163
sorted,vector,i32,4096,full,desc,0,0,6,43,11790.698
sorted,vector,i32,4096,bits22,asc,0,1,0,54,9388.889
sorted,vector,i32,4096,bits22,asc,0,0,0,56,9000.000
sorted,vector,i32,4096,bits22,asc,0,0,1,55,9127.273
sorted,vector,i32,4096,bits22,asc,0,1,1,56,8928.571
sorted,vector,i32,4096,bits22,asc,0,0,2,55,9127.273
sorted,vector,i32,4096,bits22,asc,0,1,2,55,9127.273
sorted,vector,i32,4096,bits22,asc,0,0,3,55,9200.000
sorted,vector,i32,4096,bits22,asc,0,1,3,55,9109.091
sorted,vector,i32,4096,bits22,asc,0,0,4,57,8824.561
sorted,vector,i32,4096,bits22,asc,0,1,4,57,8894.737
sorted,vector,i32,4096,bits22,asc,0,0,5,54,9333.333
sorted,vector,i32,4096,bits22,asc,0,1,5,52,9673.077
sorted,vector,i32,4096,bits22,asc,0,0,6,59,8525.424
sorted,vector,i32,4096,bits22,asc,0,1,6,60,8466.667
sorted,vector,i32,4096,bits22,desc,0,0,0,59,8474.576
sorted,vector,i32,4096,bits22,desc,0,1,0,58,8637.931
sorted,vector,i32,4096,bits22,desc,0,1,1,61,8245.902
sorted,vector,i32,4096,bits22,desc,0,0,1,59,8542.373
sorted,vector,i32,4096,bits22,desc,0,0,2,60,8416.667
sorted,vector,i32,4096,bits22,desc,0,1,2,60,8433.333
sorted,vector,i32,4096,bits22,desc,0,0,3,59,8576.271
sorted,vector,i32,4096,bits22,desc,0,1,3,58,8741.379
sorted,vector,i32,4096,bits22,desc,0,0,4,59,8542.373
sorted,vector,i32,4096,bits22,desc,0,1,4,58,8620.690
sorted,vector,i32,4096,bits22,desc,0,0,5,54,9296.296
sorted,vector,i32,4096,bits22,desc,0,1,5,60,8366.667
sorted,vector,i32,4096,bits22,desc,0,1,6,56,9053.571
sorted,vector,i32,4096,bits22,desc,0,0,6,56,8964.286
sorted,vector,i32,4096,gaps,asc,0,0,0,30,16866.667
sorted,vector,i32,4096,gaps,asc,0,1,0,30,17133.333
sorted,vector,i32,4096,gaps,asc,0,0,1,30,17200.000
sorted,vector,i32,4096,gaps,asc,0,1,1,30,16966.667
sorted,vector,i32,4096,gaps,asc,0,1,2,29,17275.862
sorted,vector,i32,4096,gaps,asc,0,0,2,29,17551.724
sorted,vector,i32,4096,gaps,asc,0,1,3,30,17200.000
sorted,vector,i32,4096,gaps,asc,0,0,3,30,17100.000
sorted,vector,i32,4096,gaps,asc,0,1,4,30,16900.000
sorted,vector,i32,4096,gaps,asc,0,0,4,30,17133.333
sorted,vector,i32,4096,gaps,asc,0,0,5,28,18357.143
sorted,vector,i32,4096,gaps,asc,0,1,5,30,17066.667
sorted,vector,i32,4096,gaps,asc,0,0,6,30,17000.000
sorted,vector,i32,4096,gaps,asc,0,1,6,30,17066.667
sorted,vector,i32,4096,gaps,desc,0,1,0,28,18107.143
sorted,vector,i32,4096,gaps,desc,0,0,0,29,17448.276
sorted,vector,i32,4096,gaps,desc,0,0,1,29,17655.172
sorted,vector,i32,4096,gaps,desc,0,1,1,30,16866.667
sorted,vector,i32,4096,gaps,desc,0,0,2,29,17413.793
sorted,vector,i32,4096,gaps,desc,0,1,2,30,16900.000
sorted,vector,i32,4096,gaps,desc,0,1,3,30,17133.333
sorted,vector,i32,4096,gaps,desc,0,0,3,29,17275.862
sorted,vector,i32,4096,gaps,desc,0,0,4,29,17448.276
sorted,vector,i32,4096,gaps,desc,0,1,4,29,17793.103
sorted,vector,i32,4096,gaps,desc,0,0,5,28,18142.857
sorted,vector,i32,4096,gaps,desc,0,1,5,30,17166.667
sorted,vector,i32,4096,gaps,desc,0,1,6,29,17310.345
sorted,vector,i32,4096,gaps,desc,0,0,6,29,17344.828
sorted,vector,i32,4096,few,asc,0,0,0,90,5588.889
sorted,vector,i32,4096,few,asc,0,1,0,90,5566.667
sorted,vector,i32,4096,few,asc,0,0,1,88,5681.818
sorted,vector,i32,4096,few,asc,0,1,1,85,5882.353
sorted,vector,i32,4096,few,asc,0,0,2,88,5715.909
sorted,vector,i32,4096,few,asc,0,1,2,88,5715.909
sorted,vector,i32,4096,few,asc,0,1,3,86,5860.465
sorted,vector,i32,4096,few,asc,0,0,3,89,5617.978
sorted,vector,i32,4096,few,asc,0,1,4,89,5662.921
sorted,vector,i32,4096,few,asc,0,0,4,80,6312.500
sorted,vector,i32,4096,few,asc,0,0,5,91,5527.473
sorted,vector,i32,4096,few,asc,0,1,5,90,5588.889
sorted,vector,i32,4096,few,asc,0,0,6,89,5674.157
sorted,vector,i32,4096,few,asc,0,1,6,84,5976.190
sorted,vector,i32,4096,few,desc,0,1,0,83,6036.145
sorted,vector,i32,4096,few,desc,0,0,0,81,6222.222
sorted,vector,i32,4096,few,desc,0,0,1,82,6121.951
sorted,vector,i32,4096,few,desc,0,1,1,82,6158.537
sorted,vector,i32,4096,few,desc,0,0,2,77,6545.455
sorted,vector,i32,4096,few,desc,0,1,2,81,6172.840
sorted,vector,i32,4096,few,desc,0,0,3,82,6109.756
sorted,vector,i32,4096,few,desc,0,1,3,86,5848.837
sorted,vector,i32,4096,few,desc,0,0,4,81,6234.568
sorted,vector,i32,4096,few,desc,0,1,4,85,5917.647
sorted,vector,i32,4096,few,desc,0,0,5,82,6121.951
sorted,vector,i32,4096,few,desc,0,1,5,86,5837.209
sorted,vector,i32,4096,few,desc,0,0,6,83,6024.096
sorted,vector,i32,4096,few,desc,0,1,6,84,5964.286
sorted,vector,i32,4096,ordered,asc,0,1,0,512,955.078
sorted,vector,i32,4096,ordered,asc,0,0,0,512,933.594
sorted,vector,i32,4096,ordered,asc,0,0,1,512,933.594
sorted,vector,i32,4096,ordered,asc,0,1,1,512,951.172
sorted,vector,i32,4096,ordered,asc,0,0,2,512,941.406
sorted,vector,i32,4096,ordered,asc,0,1,2,472,1059.322
sorted,vector,i32,4096,ordered,asc,0,1,3,512,949.219
sorted,vector,i32,4096,ordered,asc,0,0,3,512,953.125
sorted,vector,i32,4096,ordered,asc,0,1,4,512,929.688
sorted,vector,i32,4096,ordered,asc,0,0,4,512,947.266
sorted,vector,i32,4096,ordered,asc,0,0,5,512,939.453
sorted,vector,i32,4096,ordered,asc,0,1,5,512,945.312
sorted,vector,i32,4096,ordered,asc,0,1,6,512,937.500
sorted,vector,i32,4096,ordered,asc,0,0,6,512,927.734
sorted,vector,i32,4096,ordered,desc,0,0,0,358,1396.648
sorted,vector,i32,4096,ordered,desc,0,1,0,348,1439.655
sorted,vector,i32,4096,ordered,desc,0,1,1,354,1412.429
sorted,vector,i32,4096,ordered,desc,0,0,1,356,1407.303
sorted,vector,i32,4096,ordered,desc,0,0,2,358,1399.441
sorted,vector,i32,4096,ordered,desc,0,1,2,361,1385.042
sorted,vector,i32,4096,ordered,desc,0,1,3,355,1408.451
sorted,vector,i32,4096,ordered,desc,0,0,3,350,1428.571
sorted,vector,i32,4096,ordered,desc,0,1,4,357,1400.560
sorted,vector,i32,4096,ordered,desc,0,0,4,356,1404.494
sorted,vector,i32,4096,ordered,desc,0,0,5,334,1497.006
sorted,vector,i32,4096,ordered,desc,0,1,5,356,1404.494
sorted,vector,i32,4096,ordered,desc,0,1,6,353,1416.431
sorted,vector,i32,4096,ordered,desc,0,0,6,350,1428.571
sorted,vector,i32,4096,reverse,asc,0,1,0,351,1424.501
sorted,vector,i32,4096,reverse,asc,0,0,0,358,1399.441
sorted,vector,i32,4096,reverse,asc,0,0,1,336,1491.071
sorted,vector,i32,4096,reverse,asc,0,1,1,337,1483.680
sorted,vector,i32,4096,reverse,asc,0,0,2,354,1415.254
sorted,vector,i32,4096,reverse,asc,0,1,2,360,1388.889
sorted,vector,i32,4096,reverse,asc,0,1,3,359,1392.758
sorted,vector,i32,4096,reverse,asc,0,0,3,361,1387.812
sorted,vector,i32,4096,reverse,asc,0,1,4,350,1428.571
sorted,vector,i32,4096,reverse,asc,0,0,4,357,1403.361
sorted,vector,i32,4096,reverse,asc,0,1,5,357,1400.560
sorted,vector,i32,4096,reverse,asc,0,0,5,335,1492.537
sorted,vector,i32,4096,reverse,asc,0,0,6,358,1399.441
sorted,vector,i32,4096,reverse,asc,0,1,6,338,1479.290
sorted,vector,i32,4096,reverse,desc,0,1,0,512,955.078
sorted,vector,i32,4096,reverse,desc,0,0,0,512,943.359
sorted,vector,i32,4096,reverse,desc,0,0,1,495,1010.101
sorted,vector,i32,4096,reverse,desc,0,1,1,512,935.547
sorted,vector,i32,4096,reverse,desc,0,0,2,512,943.359
sorted,vector,i32,4096,reverse,desc,0,1,2,512,970.703
sorted,vector,i32,4096,reverse,desc,0,0,3,512,951.172
sorted,vector,i32,4096,reverse,desc,0,1,3,498,1004.016
sorted,vector,i32,4096,reverse,desc,0,1,4,500,1000.000
sorted,vector,i32,4096,reverse,desc,0,0,4,510,980.392
sorted,vector,i32,4096,reverse,desc,0,0,5,512,949.219
sorted,vector,i32,4096,reverse,desc,0,1,5,505,990.099
sorted,vector,i32,4096,reverse,desc,0,1,6,512,957.031
sorted,vector,i32,4096,reverse,desc,0,0,6,500,1000.000
sorted,vector,i32,4096,nearly,asc,0,0,0,43,11790.698
sorted,vector,i32,4096,nearly,asc,0,1,0,38,13473.684
sorted,vector,i32,4096,nearly,asc,0,0,1,41,12268.293
sorted,vector,i32,4096,nearly,asc,0,1,1,43,11674.419
sorted,vector,i32,4096,nearly,asc,0,0,2,36,13972.222
sorted,vector,i32,4096,nearly,asc,0,1,2,34,14882.353
sorted,vector,i32,4096,nearly,asc,0,1,3,43,11720.930
sorted,vector,i32,4096,nearly,asc,0,0,3,43,11813.953
sorted,vector,i32,4096,nearly,asc,0,1,4,44,11568.182
sorted,vector,i32,4096,nearly,asc,0,0,4,43,11767.442
sorted,vector,i32,4096,nearly,asc,0,0,5,42,12166.667
sorted,vector,i32,4096,nearly,asc,0,1,5,43,11674.419
sorted,vector,i32,4096,nearly,asc,0,0,6,43,11860.465
sorted,vector,i32,4096,nearly,asc,0,1,6,42,11952.381
sorted,vector,i32,4096,nearly,desc,0,0,0,44,11409.091
sorted,vector,i32,4096,nearly,desc,0,1,0,42,12142.857
sorted,vector,i32,4096,nearly,desc,0,0,1,43,11651.163
sorted,vector,i32,4096,nearly,desc,0,1,1,40,12600.000
sorted,vector,i32,4096,nearly,desc,0,0,2,42,12023.810
sorted,vector,i32,4096,nearly,desc,0,1,2,43,11883.721
sorted,vector,i32,4096,nearly,desc,0,1,3,44,11363.636
sorted,vector,i32,4096,nearly,desc,0,0,3,42,11952.381
sorted,vector,i32,4096,nearly,desc,0,0,4,44,11590.909
sorted,vector,i32,4096,nearly,desc,0,1,4,43,11744.186
sorted,vector,i32,4096,nearly,desc,0,1,5,43,11674.419
sorted,vector,i32,4096,nearly,desc,0,0,5,41,12341.463
sorted,vector,i32,4096,nearly,desc,0,1,6,42,12047.619
sorted,vector,i32,4096,nearly,desc,0,0,6,41,12439.024
sorted,vector,i32,4096,equal,asc,0,0,0,494,1012.146
sorted,vector,i32,4096,equal,asc,0,1,0,512,962.891
sorted,vector,i32,4096,equal,asc,0,1,1,494,1012.146
sorted,vector,i32,4096,equal,asc,0,0,1,512,970.703
sorted,vector,i32,4096,equal,asc,0,1,2,512,970.703
sorted,vector,i32,4096,equal,asc,0,0,2,480,1041.667
sorted,vector,i32,4096,equal,asc,0,1,3,512,966.797
sorted,vector,i32,4096,equal,asc,0,0,3,512,974.609
sorted,vector,i32,4096,equal,asc,0,1,4,512,958.984
sorted,vector,i32,4096,equal,asc,0,0,4,510,980.392
sorted,vector,i32,4096,equal,asc,0,0,5,512,960.938
sorted,vector,i32,4096,equal,asc,0,1,5,512,974.609
sorted,vector,i32,4096,equal,asc,0,0,6,460,1091.304
sorted,vector,i32,4096,equal,asc,0,1,6,512,939.453
sorted,vector,i32,4096,equal,desc,0,0,0,512,943.359
sorted,vector,i32,4096,equal,desc,0,1,0,512,939.453
sorted,vector,i32,4096,equal,desc,0,0,1,512,933.594
sorted,vector,i32,4096,equal,desc,0,1,1,498,1004.016
sorted,vector,i32,4096,equal,desc,0,0,2,495,1010.101
sorted,vector,i32,4096,equal,desc,0,1,2,512,976.562
sorted,vector,i32,4096,equal,desc,0,0,3,512,953.125
sorted,vector,i32,4096,equal,desc,0,1,3,507,986.193
sorted,vector,i32,4096,equal,desc,0,1,4,512,945.312
sorted,vector,i32,4096,equal,desc,0,0,4,510,980.392
sorted,vector,i32,4096,equal,desc,0,0,5,512,976.562
sorted,vector,i32,4096,equal,desc,0,1,5,500,1000.000
sorted,vector,i32,4096,equal,desc,0,1,6,508,984.252
sorted,vector,i32,4096,equal,desc,0,0,6,508,984.252
sorted,vector,i32,65536,full,asc,0,0,0,3,202333.333
sorted,vector,i32,65536,full,asc,0,1,0,2,256000.000
sorted,vector,i32,65536,full,asc,0,1,1,3,198333.333
sorted,vector,i32,65536,full,asc,0,0,1,3,182333.333
sorted,vector,i32,65536,full,asc,0,1,2,3,180666.667
sorted,vector,i32,65536,full,asc,0,0,2,3,186000.000
sorted,vector,i32,65536,full,asc,0,0,3,3,183000.000
sorted,vector,i32,65536,full,asc,0,1,3,3,187666.667
sorted,vector,i32,65536,full,asc,0,1,4,3,186000.000
sorted,vector,i32,65536,full,asc,0,0,4,3,192666.667
sorted,vector,i32,65536,full,asc,0,1,5,3,185000.000
sorted,vector,i32,65536,full,asc,0,0,5,3,196000.000
sorted,vector,i32,65536,full,asc,0,1,6,3,187000.000
sorted,vector,i32,65536,full,asc,0,0,6,3,200666.667
sorted,vector,i32,65536,full,desc,0,0,0,3,191666.667
sorted,vector,i32,65536,full,desc,0,1,0,3,192666.667
sorted,vector,i32,65536,full,desc,0,1,1,3,193666.667
sorted,vector,i32,65536,full,desc,0,0,1,3,189666.667
sorted,vector,i32,65536,full,desc,0,0,2,3,198333.333
sorted,vector,i32,65536,full,desc,0,1,2,3,193666.667
sorted,vector,i32,65536,full,desc,0,1,3,3,222333.333
sorted,vector,i32,65536,full,desc,0,0,3,3,189666.667
sorted,vector,i32,65536,full,desc,0,0,4,3,205000.000
sorted,vector,i32,65536,full,desc,0,1,4,3,179333.333
sorted,vector,i32,65536,full,desc,0,0,5,3,187000.000
sorted,vector,i32,65536,full,desc,0,1,5,3,179333.333
sorted,vector,i32,65536,full,desc,0,1,6,3,190333.333
sorted,vector,i32,65536,full,desc,0,0,6,3,176666.667
sorted,vector,i32,65536,bits22,asc,0,0,0,4,147750.000
sorted,vector,i32,65536,bits22,asc,0,1,0,4,143500.000
sorted,vector,i32,65536,bits22,asc,0,1,1,4,147000.000
sorted,vector,i32,65536,bits22,asc,0,0,1,4,164000.000
sorted,vector,i32,65536,bits22,asc,0,0,2,4,154750.000
sorted,vector,i32,65536,bits22,asc,0,1,2,4,147750.000
sorted,vector,i32,65536,bits22,asc,0,1,3,4,146000.000
sorted,vector,i32,65536,bits22,asc,0,0,3,4,144000.000
sorted,vector,i32,65536,bits22,asc,0,0,4,4,151500.000
sorted,vector,i32,65536,bits22,asc,0,1,4,4,144500.000
sorted,vector,i32,65536,bits22,asc,0,1,5,3,171000.000
sorted,vector,i32,65536,bits22,asc,0,0,5,4,150250.000
sorted,vector,i32,65536,bits22,asc,0,1,6,4,142250.000
sorted,vector,i32,65536,bits22,asc,0,0,6,4,145250.000
sorted,vector,i32,65536,bits22,desc,0,1,0,5,125600.000
sorted,vector,i32,65536,bits22,desc,0,0,0,4,131000.000
sorted,vector,i32,65536,bits22,desc,0,1,1,5,123000.000
sorted,vector,i32,65536,bits22,desc,0,0,1,4,132500.000
sorted,vector,i32,65536,bits22,desc,0,1,2,4,140500.000
sorted,vector,i32,65536,bits22,desc,0,0,2,4,130000.000
sorted,vector,i32,65536,bits22,desc,0,1,3,4,129000.000
sorted,vector,i32,65536,bits22,desc,0,0,3,4,141000.000
sorted,vector,i32,65536,bits22,desc,0,1,4,4,135000.000
sorted,vector,i32,65536,bits22,desc,0,0,4,5,123200.000
sorted,vector,i32,65536,bits22,desc,0,1,5,3,179666.667
sorted,vector,i32,65536,bits22,desc,0,0,5,4,146750.000
sorted,vector,i32,65536,bits22,desc,0,0,6,4,146000.000
sorted,vector,i32,65536,bits22,desc,0,1,6,4,134250.000
sorted,vector,i32,65536,gaps,asc,0,0,0,2,322000.000
sorted,vector,i32,65536,gaps,asc,0,1,0,2,302000.000
sorted,vector,i32,65536,gaps,asc,0,0,1,2,271000.000
sorted,vector,i32,65536,gaps,asc,0,1,1,2,302500.000
sorted,vector,i32,65536,gaps,asc,0,1,2,2,320000.000
sorted,vector,i32,65536,gaps,asc,0,0,2,2,277500.000
sorted,vector,i32,65536,gaps,asc,0,1,3,2,304500.000
sorted,vector,i32,65536,gaps,asc,0,0,3,2,289500.000
sorted,vector,i32,65536,gaps,asc,0,1,4,2,257000.000
sorted,vector,i32,65536,gaps,asc,0,0,4,2,293000.000
sorted,vector,i32,65536,gaps,asc,0,1,5,2,271000.000
sorted,vector,i32,65536,gaps,asc,0,0,5,3,251666.667
sorted,vector,i32,65536,gaps,asc,0,0,6,2,289000.000
sorted,vector,i32,65536,gaps,asc,0,1,6,2,277500.000
sorted,vector,i32,65536,gaps,desc,0,1,0,3,257000.000
sorted,vector,i32,65536,gaps,desc,0,0,0,2,259000.000
sorted,vector,i32,65536,gaps,desc,0,0,1,2,286500.000
sorted,vector,i32,65536,gaps,desc,0,1,1,3,265000.000
sorted,vector,i32,65536,gaps,desc,0,1,2,3,260666.667
sorted,vector,i32,65536,gaps,desc,0,0,2,2,255500.000
sorted,vector,i32,65536,gaps,desc,0,1,3,3,237000.000
sorted,vector,i32,65536,gaps,desc,0,0,3,2,251500.000
sorted,vector,i32,65536,gaps,desc,0,0,4,2,276500.000
sorted,vector,i32,65536,gaps,desc,0,1,4,3,253666.667
sorted,vector,i32,65536,gaps,desc,0,0,5,3,246666.667
sorted,vector,i32,65536,gaps,desc,0,1,5,3,258000.000
sorted,vector,i32,65536,gaps,desc,0,0,6,3,248666.667
sorted,vector,i32,65536,gaps,desc,0,1,6,2,297500.000
sorted,vector,i32,65536,few,asc,0,0,0,5,119400.000
sorted,vector,i32,65536,few,asc,0,1,0,6,98666.667
sorted,vector,i32,65536,few,asc,0,1,1,6,94833.333
sorted,vector,i32,65536,few,asc,0,0,1,6,96333.333
sorted,vector,i32,65536,few,asc,0,1,2,6,98666.667
sorted,vector,i32,65536,few,asc,0,0,2,5,102200.000
sorted,vector,i32,65536,few,asc,0,0,3,6,93166.667
sorted,vector,i32,65536,few,asc,0,1,3,6,95333.333
sorted,vector,i32,65536,few,asc,0,0,4,6,88333.333
sorted,vector,i32,65536,few,asc,0,1,4,6,97333.333
sorted,vector,i32,65536,few,asc,0,0,5,6,95166.667
sorted,vector,i32,65536,few,asc,0,1,5,6,95166.667
sorted,vector,i32,65536,few,asc,0,0,6,6,90833.333
sorted,vector,i32,65536,few,asc,0,1,6,6,97333.333
sorted,vector,i32,65536,few,desc,0,1,0,6,92166.667
sorted,vector,i32,65536,few,desc,0,0,0,6,89666.667
sorted,vector,i32,65536,few,desc,0,1,1,6,93500.000
sorted,vector,i32,65536,few,desc,0,0,1,6,94333.333
sorted,vector,i32,65536,few,desc,0,1,2,6,94500.000
sorted,vector,i32,65536,few,desc,0,0,2,5,102400.000
sorted,vector,i32,65536,few,desc,0,1,3,4,131750.000
sorted,vector,i32,65536,few,desc,0,0,3,6,98333.333
sorted,vector,i32,65536,few,desc,0,1,4,5,101600.000
sorted,vector,i32,65536,few,desc,0,0,4,6,97333.333
sorted,vector,i32,65536,few,desc,0,1,5,6,100166.667
sorted,vector,i32,65536,few,desc,0,0,5,6,95666.667
sorted,vector,i32,65536,few,desc,0,0,6,6,99666.667
sorted,vector,i32,65536,few,desc,0,1,6,6,96166.667
sorted,vector,i32,65536,ordered,asc,0,1,0,32,15906.250
sorted,vector,i32,65536,ordered,asc,0,0,0,32,15875.000
sorted,vector,i32,65536,ordered,asc,0,1,1,31,16290.323
sorted,vector,i32,65536,ordered,asc,0,0,1,32,15875.000
sorted,vector,i32,65536,ordered,asc,0,0,2,33,15454.545
sorted,vector,i32,65536,ordered,asc,0,1,2,32,15843.750
sorted,vector,i32,65536,ordered,asc,0,0,3,32,15906.250
sorted,vector,i32,65536,ordered,asc,0,1,3,33,15454.545
sorted,vector,i32,65536,ordered,asc,0,1,4,29,17689.655
sorted,vector,i32,65536,ordered,asc,0,0,4,27,18555.556
sorted,vector,i32,65536,ordered,asc,0,0,5,29,17344.828
sorted,vector,i32,65536,ordered,asc,0,1,5,32,15937.500
sorted,vector,i32,65536,ordered,asc,0,0,6,32,16093.750
sorted,vector,i32,65536,ordered,asc,0,1,6,31,16129.032
sorted,vector,i32,65536,ordered,desc,0,0,0,20,25050.000
sorted,vector,i32,65536,ordered,desc,0,1,0,22,23227.273
sorted,vector,i32,65536,ordered,desc,0,0,1,19,26526.316
sorted,vector,i32,65536,ordered,desc,0,1,1,21,24333.333
sorted,vector,i32,65536,ordered,desc,0,0,2,21,25000.000
sorted,vector,i32,65536,ordered,desc,0,1,2,21,24857.143
sorted,vector,i32,65536,ordered,desc,0,1,3,20,25300.000
sorted,vector,i32,65536,ordered,desc,0,0,3,19,27105.263
sorted,vector,i32,65536,ordered,desc,0,0,4,21,24714.286
sorted,vector,i32,65536,ordered,desc,0,1,4,21,24809.524
sorted,vector,i32,65536,ordered,desc,0,0,5,21,23952.381
sorted,vector,i32,65536,ordered,desc,0,1,5,22,24090.909
sorted,vector,i32,65536,ordered,desc,0,0,6,21,24000.000
sorted,vector,i32,65536,ordered,desc,0,1,6,21,24523.810
sorted,vector,i32,65536,reverse,asc,0,1,0,20,25400.000
sorted,vector,i32,65536,reverse,asc,0,0,0,21,24000.000
sorted,vector,i32,65536,reverse,asc,0,0,1,22,23181.818
sorted,vector,i32,65536,reverse,asc,0,1,1,20,25050.000
sorted,vector,i32,65536,reverse,asc,0,0,2,22,23454.545
sorted,vector,i32,65536,reverse,asc,0,1,2,21,24285.714
sorted,vector,i32,65536,reverse,asc,0,0,3,20,26100.000
sorted,vector,i32,65536,reverse,asc,0,1,3,21,24000.000
sorted,vector,i32,65536,reverse,asc,0,1,4,21,23857.143
sorted,vector,i32,65536,reverse,asc,0,0,4,21,24666.667
sorted,vector,i32,65536,reverse,asc,0,1,5,21,24238.095
sorted,vector,i32,65536,reverse,asc,0,0,5,22,23363.636
sorted,vector,i32,65536,reverse,asc,0,1,6,21,24000.000
sorted,vector,i32,65536,reverse,asc,0,0,6,21,23904.762
sorted,vector,i32,65536,reverse,desc,0,0,0,33,15393.939
sorted,vector,i32,65536,reverse,desc,0,1,0,31,16290.323
sorted,vector,i32,65536,reverse,desc,0,0,1,31,16290.323
sorted,vector,i32,65536,reverse,desc,0,1,1,34,15117.647
sorted,vector,i32,65536,reverse,desc,0,0,2,30,17166.667
sorted,vector,i32,65536,reverse,desc,0,1,2,33,15303.030
sorted,vector,i32,65536,reverse,desc,0,0,3,30,16766.667
sorted,vector,i32,65536,reverse,desc,0,1,3,31,16161.290
sorted,vector,i32,65536,reverse,desc,0,0,4,32,15843.750
sorted,vector,i32,65536,reverse,desc,0,1,4,30,16733.333
sorted,vector,i32,65536,reverse,desc,0,1,5,31,16387.097
sorted,vector,i32,65536,reverse,desc,0,0,5,31,16548.387
sorted,vector,i32,65536,reverse,desc,0,0,6,32,16406.250
sorted,vector,i32,65536,reverse,desc,0,1,6,32,16031.250
sorted,vector,i32,65536,nearly,asc,0,1,0,3,182333.333
sorted,vector,i32,65536,nearly,asc,0,0,0,3,176666.667
sorted,vector,i32,65536,nearly,asc,0,1,1,3,185000.000
sorted,vector,i32,65536,nearly,asc,0,0,1,3,178666.667
sorted,vector,i32,65536,nearly,asc,0,0,2,3,183333.333
sorted,vector,i32,65536,nearly,asc,0,1,2,3,183000.000
sorted,vector,i32,65536,nearly,asc,0,0,3,3,186000.000
sorted,vector,i32,65536,nearly,asc,0,1,3,3,199333.333
sorted,vector,i32,65536,nearly,asc,0,0,4,3,173000.000
sorted,vector,i32,65536,nearly,asc,0,1,4,3,195333.333
sorted,vector,i32,65536,nearly,asc,0,0,5,3,200333.333
sorted,vector,i32,65536,nearly,asc,0,1,5,3,182333.333
sorted,vector,i32,65536,nearly,asc,0,0,6,3,186000.000
sorted,vector,i32,65536,nearly,asc,0,1,6,3,192666.667
sorted,vector,i32,65536,nearly,desc,0,1,0,3,180666.667
sorted,vector,i32,65536,nearly,desc,0,0,0,3,181000.000
sorted,vector,i32,65536,nearly,desc,0,0,1,3,184666.667
sorted,vector,i32,65536,nearly,desc,0,1,1,3,194666.667
sorted,vector,i32,65536,nearly,desc,0,0,2,3,189666.667
sorted,vector,i32,65536,nearly,desc,0,1,2,3,196666.667
sorted,vector,i32,65536,nearly,desc,0,0,3,3,187000.000
sorted,vector,i32,65536,nearly,desc,0,1,3,3,195333.333
sorted,vector,i32,65536,nearly,desc,0,0,4,3,182000.000
sorted,vector,i32,65536,nearly,desc,0,1,4,3,181666.667
sorted,vector,i32,65536,nearly,desc,0,1,5,3,186000.000
sorted,vector,i32,65536,nearly,desc,0,0,5,3,179666.667
sorted,vector,i32,65536,nearly,desc,0,0,6,3,185333.333
sorted,vector,i32,65536,nearly,desc,0,1,6,3,188333.333
sorted,vector,i32,65536,equal,asc,0,0,0,31,16322.581
sorted,vector,i32,65536,equal,asc,0,1,0,33,15151.515
sorted,vector,i32,65536,equal,asc,0,0,1,33,15424.242
sorted,vector,i32,65536,equal,asc,0,1,1,32,15718.750
sorted,vector,i32,65536,equal,asc,0,1,2,34,15088.235
sorted,vector,i32,65536,equal,asc,0,0,2,32,15843.750
sorted,vector,i32,65536,equal,asc,0,0,3,32,15625.000
sorted,vector,i32,65536,equal,asc,0,1,3,33,15515.152
sorted,vector,i32,65536,equal,asc,0,1,4,33,15363.636
sorted,vector,i32,65536,equal,asc,0,0,4,33,15454.545
sorted,vector,i32,65536,equal,asc,0,0,5,31,16129.032
sorted,vector,i32,65536,equal,asc,0,1,5,32,15812.500
sorted,vector,i32,65536,equal,asc,0,0,6,29,17344.828
sorted,vector,i32,65536,equal,asc,0,1,6,31,16290.323
sorted,vector,i32,65536,equal,desc,0,0,0,33,15545.455
sorted,vector,i32,65536,equal,desc,0,1,0,33,15212.121
sorted,vector,i32,65536,equal,desc,0,0,1,32,16062.500
sorted,vector,i32,65536,equal,desc,0,1,1,34,14911.765
sorted,vector,i32,65536,equal,desc,0,1,2,33,15515.152
sorted,vector,i32,65536,equal,desc,0,0,2,32,15718.750
sorted,vector,i32,65536,equal,desc,0,1,3,34,15058.824
sorted,vector,i32,65536,equal,desc,0,0,3,31,16354.839
sorted,vector,i32,65536,equal,desc,0,0,4,33,15424.242
sorted,vector,i32,65536,equal,desc,0,1,4,32,15812.500
sorted,vector,i32,65536,equal,desc,0,0,5,32,15937.500
sorted,vector,i32,65536,equal,desc,0,1,5,33,15393.939
sorted,vector,i32,65536,equal,desc,0,1,6,31,16354.839
sorted,vector,i32,65536,equal,desc,0,0,6,32,15812.500
sorted,vector,i32,1000000,full,asc,0,1,0,1,3684000.000
sorted,vector,i32,1000000,full,asc,0,0,0,1,3586000.000
sorted,vector,i32,1000000,full,asc,0,1,1,1,3581000.000
sorted,vector,i32,1000000,full,asc,0,0,1,1,3606000.000
sorted,vector,i32,1000000,full,asc,0,1,2,1,3638000.000
sorted,vector,i32,1000000,full,asc,0,0,2,1,3633000.000
sorted,vector,i32,1000000,full,asc,0,1,3,1,3680000.000
sorted,vector,i32,1000000,full,asc,0,0,3,1,3548000.000
sorted,vector,i32,1000000,full,asc,0,1,4,1,3615000.000
sorted,vector,i32,1000000,full,asc,0,0,4,1,3620000.000
sorted,vector,i32,1000000,full,asc,0,1,5,1,3650000.000
sorted,vector,i32,1000000,full,asc,0,0,5,1,3592000.000
sorted,vector,i32,1000000,full,asc,0,1,6,1,3514000.000
sorted,vector,i32,1000000,full,asc,0,0,6,1,3660000.000
sorted,vector,i32,1000000,full,desc,0,1,0,1,3580000.000
sorted,vector,i32,1000000,full,desc,0,0,0,1,3625000.000
sorted,vector,i32,1000000,full,desc,0,0,1,1,3796000.000
sorted,vector,i32,1000000,full,desc,0,1,1,1,3705000.000
sorted,vector,i32,1000000,full,desc,0,1,2,1,3963000.000
sorted,vector,i32,1000000,full,desc,0,0,2,1,4005000.000
sorted,vector,i32,1000000,full,desc,0,1,3,1,3778000.000
sorted,vector,i32,1000000,full,desc,0,0,3,1,4196000.000
sorted,vector,i32,1000000,full,desc,0,1,4,1,4183000.000
sorted,vector,i32,1000000,full,desc,0,0,4,1,4043000.000
sorted,vector,i32,1000000,full,desc,0,1,5,1,4128000.000
sorted,vector,i32,1000000,full,desc,0,0,5,1,3855000.000
sorted,vector,i32,1000000,full,desc,0,0,6,1,3868000.000
sorted,vector,i32,1000000,full,desc,0,1,6,1,3834000.000
kernel,vector,i32,1000000,full,asc,8,1,0,1,3258000.000
kernel,vector,i32,1000000,full,asc,8,0,0,1,3041000.000
kernel,vector,i32,1000000,full,asc,8,0,1,1,2950000.000
kernel,vector,i32,1000000,full,asc,8,1,1,1,3170000.000
kernel,vector,i32,1000000,full,asc,8,0,2,1,3335000.000
kernel,vector,i32,1000000,full,asc,8,1,2,1,3295000.000
kernel,vector,i32,1000000,full,asc,8,1,3,1,3151000.000
kernel,vector,i32,1000000,full,asc,8,0,3,1,3302000.000
kernel,vector,i32,1000000,full,asc,8,1,4,1,3075000.000
kernel,vector,i32,1000000,full,asc,8,0,4,1,3268000.000
kernel,vector,i32,1000000,full,asc,8,0,5,1,3242000.000
kernel,vector,i32,1000000,full,asc,8,1,5,1,3266000.000
kernel,vector,i32,1000000,full,asc,8,0,6,1,3302000.000
kernel,vector,i32,1000000,full,asc,8,1,6,1,3280000.000
kernel,vector,i32,1000000,full,desc,8,0,0,1,3158000.000
kernel,vector,i32,1000000,full,desc,8,1,0,1,3371000.000
kernel,vector,i32,1000000,full,desc,8,0,1,1,3146000.000
kernel,vector,i32,1000000,full,desc,8,1,1,1,3290000.000
kernel,vector,i32,1000000,full,desc,8,0,2,1,3149000.000
kernel,vector,i32,1000000,full,desc,8,1,2,1,3295000.000
kernel,vector,i32,1000000,full,desc,8,0,3,1,3182000.000
kernel,vector,i32,1000000,full,desc,8,1,3,1,3256000.000
kernel,vector,i32,1000000,full,desc,8,0,4,1,3283000.000
kernel,vector,i32,1000000,full,desc,8,1,4,1,3186000.000
kernel,vector,i32,1000000,full,desc,8,0,5,1,3147000.000
kernel,vector,i32,1000000,full,desc,8,1,5,1,3217000.000
kernel,vector,i32,1000000,full,desc,8,0,6,1,3142000.000
kernel,vector,i32,1000000,full,desc,8,1,6,1,3094000.000
kernel,vector,i32,1000000,full,asc,11,1,0,1,2299000.000
kernel,vector,i32,1000000,full,asc,11,0,0,1,2306000.000
kernel,vector,i32,1000000,full,asc,11,1,1,1,2625000.000
kernel,vector,i32,1000000,full,asc,11,0,1,1,2678000.000
kernel,vector,i32,1000000,full,asc,11,0,2,1,2541000.000
kernel,vector,i32,1000000,full,asc,11,1,2,1,2516000.000
kernel,vector,i32,1000000,full,asc,11,1,3,1,2468000.000
kernel,vector,i32,1000000,full,asc,11,0,3,1,2511000.000
kernel,vector,i32,1000000,full,asc,11,0,4,1,2575000.000
kernel,vector,i32,1000000,full,asc,11,1,4,1,2483000.000
kernel,vector,i32,1000000,full,asc,11,1,5,1,2481000.000
kernel,vector,i32,1000000,full,asc,11,0,5,1,2507000.000
kernel,vector,i32,1000000,full,asc,11,1,6,1,2484000.000
kernel,vector,i32,1000000,full,asc,11,0,6,1,2573000.000
kernel,vector,i32,1000000,full,desc,11,1,0,1,2428000.000
kernel,vector,i32,1000000,full,desc,11,0,0,1,2317000.000
kernel,vector,i32,1000000,full,desc,11,0,1,1,2553000.000
kernel,vector,i32,1000000,full,desc,11,1,1,1,2515000.000
kernel,vector,i32,1000000,full,desc,11,1,2,1,2526000.000
kernel,vector,i32,1000000,full,desc,11,0,2,1,2556000.000
kernel,vector,i32,1000000,full,desc,11,1,3,1,2495000.000
kernel,vector,i32,1000000,full,desc,11,0,3,1,2498000.000
kernel,vector,i32,1000000,full,desc,11,1,4,1,2460000.000
kernel,vector,i32,1000000,full,desc,11,0,4,1,2680000.000
kernel,vector,i32,1000000,full,desc,11,1,5,1,2451000.000
kernel,vector,i32,1000000,full,desc,11,0,5,1,2694000.000
kernel,vector,i32,1000000,full,desc,11,1,6,1,2800000.000
kernel,vector,i32,1000000,full,desc,11,0,6,1,2690000.000
kernel,vector,i32,1000000,full,asc,15,1,0,1,6316000.000
kernel,vector,i32,1000000,full,asc,15,0,0,1,5476000.000
kernel,vector,i32,1000000,full,asc,15,0,1,1,5392000.000
kernel,vector,i32,1000000,full,asc,15,1,1,1,4774000.000
kernel,vector,i32,1000000,full,asc,15,1,2,1,4877000.000
kernel,vector,i32,1000000,full,asc,15,0,2,1,4808000.000
kernel,vector,i32,1000000,full,asc,15,1,3,1,4867000.000
kernel,vector,i32,1000000,full,asc,15,0,3,1,4992000.000
kernel,vector,i32,1000000,full,asc,15,1,4,1,4804000.000
kernel,vector,i32,1000000,full,asc,15,0,4,1,4804000.000
kernel,vector,i32,1000000,full,asc,15,0,5,1,4871000.000
kernel,vector,i32,1000000,full,asc,15,1,5,1,5036000.000
kernel,vector,i32,1000000,full,asc,15,0,6,1,4955000.000
kernel,vector,i32,1000000,full,asc,15,1,6,1,4713000.000
kernel,vector,i32,1000000,full,desc,15,0,0,1,4712000.000
kernel,vector,i32,1000000,full,desc,15,1,0,1,4798000.000
kernel,vector,i32,1000000,full,desc,15,0,1,1,5022000.000
kernel,vector,i32,1000000,full,desc,15,1,1,1,4915000.000
kernel,vector,i32,1000000,full,desc,15,1,2,1,4762000.000
kernel,vector,i32,1000000,full,desc,15,0,2,1,4786000.000
kernel,vector,i32,1000000,full,desc,15,1,3,1,4921000.000
kernel,vector,i32,1000000,full,desc,15,0,3,1,4916000.000
kernel,vector,i32,1000000,full,desc,15,0,4,1,4843000.000
kernel,vector,i32,1000000,full,desc,15,1,4,1,4824000.000
kernel,vector,i32,1000000,full,desc,15,0,5,1,4942000.000
kernel,vector,i32,1000000,full,desc,15,1,5,1,4763000.000
kernel,vector,i32,1000000,full,desc,15,1,6,1,4802000.000
kernel,vector,i32,1000000,full,desc,15,0,6,1,4788000.000
sorted,vector,i32,1000000,bits22,asc,0,1,0,1,2853000.000
sorted,vector,i32,1000000,bits22,asc,0,0,0,1,2834000.000
sorted,vector,i32,1000000,bits22,asc,0,1,1,1,2966000.000
sorted,vector,i32,1000000,bits22,asc,0,0,1,1,2839000.000
sorted,vector,i32,1000000,bits22,asc,0,0,2,1,2875000.000
sorted,vector,i32,1000000,bits22,asc,0,1,2,1,2854000.000
sorted,vector,i32,1000000,bits22,asc,0,1,3,1,2852000.000
sorted,vector,i32,1000000,bits22,asc,0,0,3,1,2888000.000
sorted,vector,i32,1000000,bits22,asc,0,0,4,1,2849000.000
sorted,vector,i32,1000000,bits22,asc,0,1,4,1,2845000.000
sorted,vector,i32,1000000,bits22,asc,0,0,5,1,2811000.000
sorted,vector,i32,1000000,bits22,asc,0,1,5,1,2824000.000
sorted,vector,i32,1000000,bits22,asc,0,0,6,1,2931000.000
sorted,vector,i32,1000000,bits22,asc,0,1,6,1,2809000.000
sorted,vector,i32,1000000,bits22,desc,0,0,0,1,2864000.000
sorted,vector,i32,1000000,bits22,desc,0,1,0,1,2845000.000
sorted,vector,i32,1000000,bits22,desc,0,1,1,1,2881000.000
sorted,vector,i32,1000000,bits22,desc,0,0,1,1,2957000.000
sorted,vector,i32,1000000,bits22,desc,0,1,2,1,2947000.000
sorted,vector,i32,1000000,bits22,desc,0,0,2,1,2790000.000
sorted,vector,i32,1000000,bits22,desc,0,1,3,1,2811000.000
sorted,vector,i32,1000000,bits22,desc,0,0,3,1,2863000.000
sorted,vector,i32,1000000,bits22,desc,0,1,4,1,2832000.000
sorted,vector,i32,1000000,bits22,desc,0,0,4,1,2812000.000
sorted,vector,i32,1000000,bits22,desc,0,0,5,1,2828000.000
sorted,vector,i32,1000000,bits22,desc,0,1,5,1,2796000.000
sorted,vector,i32,1000000,bits22,desc,0,1,6,1,2898000.000
sorted,vector,i32,1000000,bits22,desc,0,0,6,1,2851000.000
kernel,vector,i32,1000000,bits22,asc,8,1,0,1,2494000.000
kernel,vector,i32,1000000,bits22,asc,8,0,0,1,2422000.000
kernel,vector,i32,1000000,bits22,asc,8,1,1,1,2491000.000
kernel,vector,i32,1000000,bits22,asc,8,0,1,1,2407000.000
kernel,vector,i32,1000000,bits22,asc,8,1,2,1,2486000.000
kernel,vector,i32,1000000,bits22,asc,8,0,2,1,2411000.000
kernel,vector,i32,1000000,bits22,asc,8,0,3,1,2414000.000
kernel,vector,i32,1000000,bits22,asc,8,1,3,1,2530000.000
kernel,vector,i32,1000000,bits22,asc,8,1,4,1,2556000.000
kernel,vector,i32,1000000,bits22,asc,8,0,4,1,2427000.000
kernel,vector,i32,1000000,bits22,asc,8,1,5,1,2550000.000
kernel,vector,i32,1000000,bits22,asc,8,0,5,1,2523000.000
kernel,vector,i32,1000000,bits22,asc,8,0,6,1,2384000.000
kernel,vector,i32,1000000,bits22,asc,8,1,6,1,2459000.000
kernel,vector,i32,1000000,bits22,desc,8,1,0,1,2497000.000
kernel,vector,i32,1000000,bits22,desc,8,0,0,1,2486000.000
kernel,vector,i32,1000000,bits22,desc,8,0,1,1,2496000.000
kernel,vector,i32,1000000,bits22,desc,8,1,1,1,2474000.000
kernel,vector,i32,1000000,bits22,desc,8,1,2,1,2496000.000
kernel,vector,i32,1000000,bits22,desc,8,0,2,1,2554000.000
kernel,vector,i32,1000000,bits22,desc,8,1,3,1,2525000.000
kernel,vector,i32,1000000,bits22,desc,8,0,3,1,2444000.000
kernel,vector,i32,1000000,bits22,desc,8,1,4,1,2580000.000
kernel,vector,i32,1000000,bits22,desc,8,0,4,1,2541000.000
kernel,vector,i32,1000000,bits22,desc,8,1,5,1,2484000.000
kernel,vector,i32,1000000,bits22,desc,8,0,5,1,2445000.000
kernel,vector,i32,1000000,bits22,desc,8,0,6,1,2443000.000
kernel,vector,i32,1000000,bits22,desc,8,1,6,1,2590000.000
kernel,vector,i32,1000000,bits22,asc,11,0,0,1,1684000.000
kernel,vector,i32,1000000,bits22,asc,11,1,0,1,1602000.000
kernel,vector,i32,1000000,bits22,asc,11,1,1,1,1746000.000
kernel,vector,i32,1000000,bits22,asc,11,0,1,1,1599000.000
kernel,vector,i32,1000000,bits22,asc,11,1,2,1,1676000.000
kernel,vector,i32,1000000,bits22,asc,11,0,2,1,1624000.000
kernel,vector,i32,1000000,bits22,asc,11,0,3,1,1587000.000
kernel,vector,i32,1000000,bits22,asc,11,1,3,1,1619000.000
kernel,vector,i32,1000000,bits22,asc,11,0,4,1,1691000.000
kernel,vector,i32,1000000,bits22,asc,11,1,4,1,1661000.000
kernel,vector,i32,1000000,bits22,asc,11,1,5,1,1588000.000
kernel,vector,i32,1000000,bits22,asc,11,0,5,1,1685000.000
kernel,vector,i32,1000000,bits22,asc,11,0,6,1,1624000.000
kernel,vector,i32,1000000,bits22,asc,11,1,6,1,1649000.000
kernel,vector,i32,1000000,bits22,desc,11,0,0,1,1560000.000
kernel,vector,i32,1000000,bits22,desc,11,1,0,1,1689000.000
kernel,vector,i32,1000000,bits22,desc,11,0,1,1,1685000.000
kernel,vector,i32,1000000,bits22,desc,11,1,1,1,1712000.000
kernel,vector,i32,1000000,bits22,desc,11,0,2,1,1692000.000
kernel,vector,i32,1000000,bits22,desc,11,1,2,1,1597000.000
kernel,vector,i32,1000000,bits22,desc,11,0,3,1,1643000.000
kernel,vector,i32,1000000,bits22,desc,11,1,3,1,1624000.000
kernel,vector,i32,1000000,bits22,desc,11,0,4,1,1727000.000
kernel,vector,i32,1000000,bits22,desc,11,1,4,1,1595000.000
kernel,vector,i32,1000000,bits22,desc,11,1,5,1,1626000.000
kernel,vector,i32,1000000,bits22,desc,11,0,5,1,1580000.000
kernel,vector,i32,1000000,bits22,desc,11,0,6,1,1699000.000
kernel,vector,i32,1000000,bits22,desc,11,1,6,1,1630000.000
kernel,vector,i32,1000000,bits22,asc,15,1,0,1,2433000.000
kernel,vector,i32,1000000,bits22,asc,15,0,0,1,2372000.000
kernel,vector,i32,1000000,bits22,asc,15,0,1,1,2351000.000
kernel,vector,i32,1000000,bits22,asc,15,1,1,1,2485000.000
kernel,vector,i32,1000000,bits22,asc,15,1,2,1,2388000.000
kernel,vector,i32,1000000,bits22,asc,15,0,2,1,2354000.000
kernel,vector,i32,1000000,bits22,asc,15,1,3,1,2440000.000
kernel,vector,i32,1000000,bits22,asc,15,0,3,1,2353000.000
kernel,vector,i32,1000000,bits22,asc,15,1,4,1,2429000.000
kernel,vector,i32,1000000,bits22,asc,15,0,4,1,2360000.000
kernel,vector,i32,1000000,bits22,asc,15,1,5,1,2361000.000
kernel,vector,i32,1000000,bits22,asc,15,0,5,1,2375000.000
kernel,vector,i32,1000000,bits22,asc,15,1,6,1,2468000.000
kernel,vector,i32,1000000,bits22,asc,15,0,6,1,2368000.000
kernel,vector,i32,1000000,bits22,desc,15,1,0,1,2503000.000
kernel,vector,i32,1000000,bits22,desc,15,0,0,1,2389000.000
kernel,vector,i32,1000000,bits22,desc,15,1,1,1,2461000.000
kernel,vector,i32,1000000,bits22,desc,15,0,1,1,2363000.000
kernel,vector,i32,1000000,bits22,desc,15,0,2,1,2469000.000
kernel,vector,i32,1000000,bits22,desc,15,1,2,1,2382000.000
kernel,vector,i32,1000000,bits22,desc,15,0,3,1,2433000.000
kernel,vector,i32,1000000,bits22,desc,15,1,3,1,2443000.000
kernel,vector,i32,1000000,bits22,desc,15,1,4,1,2497000.000
kernel,vector,i32,1000000,bits22,desc,15,0,4,1,2580000.000
kernel,vector,i32,1000000,bits22,desc,15,0,5,1,2507000.000
kernel,vector,i32,1000000,bits22,desc,15,1,5,1,2725000.000
kernel,vector,i32,1000000,bits22,desc,15,1,6,1,2622000.000
kernel,vector,i32,1000000,bits22,desc,15,0,6,1,2617000.000
sorted,vector,i32,1000000,gaps,asc,0,0,0,1,3799000.000
sorted,vector,i32,1000000,gaps,asc,0,1,0,1,3862000.000
sorted,vector,i32,1000000,gaps,asc,0,1,1,1,3910000.000
sorted,vector,i32,1000000,gaps,asc,0,0,1,1,3847000.000
sorted,vector,i32,1000000,gaps,asc,0,1,2,1,3887000.000
sorted,vector,i32,1000000,gaps,asc,0,0,2,1,3877000.000
sorted,vector,i32,1000000,gaps,asc,0,0,3,1,4192000.000
sorted,vector,i32,1000000,gaps,asc,0,1,3,1,3762000.000
sorted,vector,i32,1000000,gaps,asc,0,1,4,1,3839000.000
sorted,vector,i32,1000000,gaps,asc,0,0,4,1,4079000.000
sorted,vector,i32,1000000,gaps,asc,0,0,5,1,4018000.000
sorted,vector,i32,1000000,gaps,asc,0,1,5,1,3990000.000
sorted,vector,i32,1000000,gaps,asc,0,0,6,1,3856000.000
sorted,vector,i32,1000000,gaps,asc,0,1,6,1,3886000.000
sorted,vector,i32,1000000,gaps,desc,0,1,0,1,3901000.000
sorted,vector,i32,1000000,gaps,desc,0,0,0,1,3793000.000
sorted,vector,i32,1000000,gaps,desc,0,0,1,1,3823000.000
sorted,vector,i32,1000000,gaps,desc,0,1,1,1,3827000.000
sorted,vector,i32,1000000,gaps,desc,0,0,2,1,3847000.000
sorted,vector,i32,1000000,gaps,desc,0,1,2,1,3837000.000
sorted,vector,i32,1000000,gaps,desc,0,0,3,1,3837000.000
sorted,vector,i32,1000000,gaps,desc,0,1,3,1,3781000.000
sorted,vector,i32,1000000,gaps,desc,0,0,4,1,3796000.000
sorted,vector,i32,1000000,gaps,desc,0,1,4,1,3777000.000
sorted,vector,i32,1000000,gaps,desc,0,1,5,1,3807000.000
sorted,vector,i32,1000000,gaps,desc,0,0,5,1,3827000.000
sorted,vector,i32,1000000,gaps,desc,0,1,6,1,3786000.000
sorted,vector,i32,1000000,gaps,desc,0,0,6,1,3771000.000
kernel,vector,i32,1000000,gaps,asc,8,0,0,1,2570000.000
kernel,vector,i32,1000000,gaps,asc,8,1,0,1,2653000.000
kernel,vector,i32,1000000,gaps,asc,8,0,1,1,2676000.000
kernel,vector,i32,1000000,gaps,asc,8,1,1,1,2594000.000
kernel,vector,i32,1000000,gaps,asc,8,0,2,1,2631000.000
kernel,vector,i32,1000000,gaps,asc,8,1,2,1,2633000.000
kernel,vector,i32,1000000,gaps,asc,8,0,3,1,2606000.000
kernel,vector,i32,1000000,gaps,asc,8,1,3,1,2567000.000
kernel,vector,i32,1000000,gaps,asc,8,1,4,1,2640000.000
kernel,vector,i32,1000000,gaps,asc,8,0,4,1,2554000.000
kernel,vector,i32,1000000,gaps,asc,8,1,5,1,2650000.000
kernel,vector,i32,1000000,gaps,asc,8,0,5,1,2802000.000
kernel,vector,i32,1000000,gaps,asc,8,1,6,1,2573000.000
kernel,vector,i32,1000000,gaps,asc,8,0,6,1,2609000.000
kernel,vector,i32,1000000,gaps,desc,8,1,0,1,2676000.000
kernel,vector,i32,1000000,gaps,desc,8,0,0,1,2604000.000
kernel,vector,i32,1000000,gaps,desc,8,0,1,1,2545000.000
kernel,vector,i32,1000000,gaps,desc,8,1,1,1,2637000.000
kernel,vector,i32,1000000,gaps,desc,8,0,2,1,2622000.000
kernel,vector,i32,1000000,gaps,desc,8,1,2,1,2592000.000
kernel,vector,i32,1000000,gaps,desc,8,1,3,1,2623000.000
kernel,vector,i32,1000000,gaps,desc,8,0,3,1,2635000.000
kernel,vector,i32,1000000,gaps,desc,8,1,4,1,2592000.000
kernel,vector,i32,1000000,gaps,desc,8,0,4,1,2585000.000
kernel,vector,i32,1000000,gaps,desc,8,0,5,1,2656000.000
kernel,vector,i32,1000000,gaps,desc,8,1,5,1,2581000.000
kernel,vector,i32,1000000,gaps,desc,8,0,6,1,2579000.000
kernel,vector,i32,1000000,gaps,desc,8,1,6,1,2677000.000
kernel,vector,i32,1000000,gaps,asc,11,1,0,1,3280000.000
kernel,vector,i32,1000000,gaps,asc,11,0,0,1,3800000.000
kernel,vector,i32,1000000,gaps,asc,11,1,1,1,3253000.000
kernel,vector,i32,1000000,gaps,asc,11,0,1,1,3803000.000
kernel,vector,i32,1000000,gaps,asc,11,0,2,1,3772000.000
kernel,vector,i32,1000000,gaps,asc,11,1,2,1,3225000.000
kernel,vector,i32,1000000,gaps,asc,11,0,3,1,3777000.000
kernel,vector,i32,1000000,gaps,asc,11,1,3,1,3248000.000
kernel,vector,i32,1000000,gaps,asc,11,1,4,1,3201000.000
kernel,vector,i32,1000000,gaps,asc,11,0,4,1,3818000.000
kernel,vector,i32,1000000,gaps,asc,11,1,5,1,3318000.000
kernel,vector,i32,1000000,gaps,asc,11,0,5,1,3796000.000
kernel,vector,i32,1000000,gaps,asc,11,0,6,1,3787000.000
kernel,vector,i32,1000000,gaps,asc,11,1,6,1,3230000.000
kernel,vector,i32,1000000,gaps,desc,11,0,0,1,3759000.000
kernel,vector,i32,1000000,gaps,desc,11,1,0,1,3253000.000
kernel,vector,i32,1000000,gaps,desc,11,0,1,1,3840000.000
kernel,vector,i32,1000000,gaps,desc,11,1,1,1,3254000.000
kernel,vector,i32,1000000,gaps,desc,11,0,2,1,3842000.000
kernel,vector,i32,1000000,gaps,desc,11,1,2,1,3238000.000
kernel,vector,i32,1000000,gaps,desc,11,0,3,1,3968000.000
kernel,vector,i32,1000000,gaps,desc,11,1,3,1,3245000.000
kernel,vector,i32,1000000,gaps,desc,11,0,4,1,3804000.000
kernel,vector,i32,1000000,gaps,desc,11,1,4,1,3453000.000
kernel,vector,i32,1000000,gaps,desc,11,0,5,1,3746000.000
kernel,vector,i32,1000000,gaps,desc,11,1,5,1,3275000.000
kernel,vector,i32,1000000,gaps,desc,11,0,6,1,3741000.000
kernel,vector,i32,1000000,gaps,desc,11,1,6,1,3265000.000
kernel,vector,i32,1000000,gaps,asc,15,1,0,1,1764000.000
kernel,vector,i32,1000000,gaps,asc,15,0,0,1,1188000.000
kernel,vector,i32,1000000,gaps,asc,15,1,1,1,1813000.000
kernel,vector,i32,1000000,gaps,asc,15,0,1,1,1185000.000
kernel,vector,i32,1000000,gaps,asc,15,0,2,1,1245000.000
kernel,vector,i32,1000000,gaps,asc,15,1,2,1,1793000.000
kernel,vector,i32,1000000,gaps,asc,15,1,3,1,1770000.000
kernel,vector,i32,1000000,gaps,asc,15,0,3,1,1234000.000
kernel,vector,i32,1000000,gaps,asc,15,0,4,1,1200000.000
kernel,vector,i32,1000000,gaps,asc,15,1,4,1,1826000.000
kernel,vector,i32,1000000,gaps,asc,15,1,5,1,1716000.000
kernel,vector,i32,1000000,gaps,asc,15,0,5,1,1183000.000
kernel,vector,i32,1000000,gaps,asc,15,1,6,1,1803000.000
kernel,vector,i32,1000000,gaps,asc,15,0,6,1,1210000.000
kernel,vector,i32,1000000,gaps,desc,15,0,0,1,1790000.000
kernel,vector,i32,1000000,gaps,desc,15,1,0,1,1767000.000
kernel,vector,i32,1000000,gaps,desc,15,0,1,1,1765000.000
kernel,vector,i32,1000000,gaps,desc,15,1,1,1,1818000.000
kernel,vector,i32,1000000,gaps,desc,15,0,2,1,1764000.000
kernel,vector,i32,1000000,gaps,desc,15,1,2,1,1783000.000
kernel,vector,i32,1000000,gaps,desc,15,1,3,1,1786000.000
kernel,vector,i32,1000000,gaps,desc,15,0,3,1,1797000.000
kernel,vector,i32,1000000,gaps,desc,15,0,4,1,1785000.000
kernel,vector,i32,1000000,gaps,desc,15,1,4,1,1826000.000
kernel,vector,i32,1000000,gaps,desc,15,0,5,1,1743000.000
kernel,vector,i32,1000000,gaps,desc,15,1,5,1,1763000.000
kernel,vector,i32,1000000,gaps,desc,15,0,6,1,1820000.000
kernel,vector,i32,1000000,gaps,desc,15,1,6,1,1824000.000
sorted,vector,i32,1000000,few,asc,0,1,0,1,2389000.000
sorted,vector,i32,1000000,few,asc,0,0,0,1,2310000.000
sorted,vector,i32,1000000,few,asc,0,0,1,1,2268000.000
sorted,vector,i32,1000000,few,asc,0,1,1,1,2298000.000
sorted,vector,i32,1000000,few,asc,0,1,2,1,2262000.000
sorted,vector,i32,1000000,few,asc,0,0,2,1,2281000.000
sorted,vector,i32,1000000,few,asc,0,0,3,1,2317000.000
sorted,vector,i32,1000000,few,asc,0,1,3,1,2224000.000
sorted,vector,i32,1000000,few,asc,0,1,4,1,2251000.000
sorted,vector,i32,1000000,few,asc,0,0,4,1,2254000.000
sorted,vector,i32,1000000,few,asc,0,0,5,1,2266000.000
sorted,vector,i32,1000000,few,asc,0,1,5,1,2406000.000
sorted,vector,i32,1000000,few,asc,0,1,6,1,2292000.000
sorted,vector,i32,1000000,few,asc,0,0,6,1,2322000.000
sorted,vector,i32,1000000,few,desc,0,1,0,1,2304000.000
sorted,vector,i32,1000000,few,desc,0,0,0,1,2263000.000
sorted,vector,i32,1000000,few,desc,0,0,1,1,2225000.000
sorted,vector,i32,1000000,few,desc,0,1,1,1,2229000.000
sorted,vector,i32,1000000,few,desc,0,1,2,1,2387000.000
sorted,vector,i32,1000000,few,desc,0,0,2,1,2268000.000
sorted,vector,i32,1000000,few,desc,0,0,3,1,2257000.000
sorted,vector,i32,1000000,few,desc,0,1,3,1,2333000.000
sorted,vector,i32,1000000,few,desc,0,0,4,1,2243000.000
sorted,vector,i32,1000000,few,desc,0,1,4,1,2271000.000
sorted,vector,i32,1000000,few,desc,0,0,5,1,2232000.000
sorted,vector,i32,1000000,few,desc,0,1,5,1,2288000.000
sorted,vector,i32,1000000,few,desc,0,0,6,1,2332000.000
sorted,vector,i32,1000000,few,desc,0,1,6,1,2283000.000
kernel,vector,i32,1000000,few,asc,8,0,0,1,1096000.000
kernel,vector,i32,1000000,few,asc,8,1,0,1,1089000.000
kernel,vector,i32,1000000,few,asc,8,1,1,1,1101000.000
kernel,vector,i32,1000000,few,asc,8,0,1,1,1150000.000
kernel,vector,i32,1000000,few,asc,8,0,2,1,1152000.000
kernel,vector,i32,1000000,few,asc,8,1,2,1,1125000.000
kernel,vector,i32,1000000,few,asc,8,1,3,1,1190000.000
kernel,vector,i32,1000000,few,asc,8,0,3,1,1104000.000
kernel,vector,i32,1000000,few,asc,8,0,4,1,1144000.000
kernel,vector,i32,1000000,few,asc,8,1,4,1,1108000.000
kernel,vector,i32,1000000,few,asc,8,1,5,1,1155000.000
kernel,vector,i32,1000000,few,asc,8,0,5,1,1131000.000
kernel,vector,i32,1000000,few,asc,8,0,6,1,1129000.000
kernel,vector,i32,1000000,few,asc,8,1,6,1,1159000.000
kernel,vector,i32,1000000,few,desc,8,1,0,1,1364000.000
kernel,vector,i32,1000000,few,desc,8,0,0,1,1158000.000
kernel,vector,i32,1000000,few,desc,8,0,1,1,1228000.000
kernel,vector,i32,1000000,few,desc,8,1,1,1,1088000.000
kernel,vector,i32,1000000,few,desc,8,1,2,1,1082000.000
kernel,vector,i32,1000000,few,desc,8,0,2,1,1116000.000
kernel,vector,i32,1000000,few,desc,8,1,3,1,1121000.000
kernel,vector,i32,1000000,few,desc,8,0,3,1,1120000.000
kernel,vector,i32,1000000,few,desc,8,0,4,1,1121000.000
kernel,vector,i32,1000000,few,desc,8,1,4,1,1137000.000
kernel,vector,i32,1000000,few,desc,8,0,5,1,1055000.000
kernel,vector,i32,1000000,few,desc,8,1,5,1,1116000.000
kernel,vector,i32,1000000,few,desc,8,1,6,1,1233000.000
kernel,vector,i32,1000000,few,desc,8,0,6,1,1176000.000
kernel,vector,i32,1000000,few,asc,11,0,0,1,1105000.000
kernel,vector,i32,1000000,few,asc,11,1,0,1,1070000.000
kernel,vector,i32,1000000,few,asc,11,0,1,1,1128000.000
kernel,vector,i32,1000000,few,asc,11,1,1,1,1113000.000
kernel,vector,i32,1000000,few,asc,11,1,2,1,1115000.000
kernel,vector,i32,1000000,few,asc,11,0,2,1,1102000.000
kernel,vector,i32,1000000,few,asc,11,1,3,1,1125000.000
kernel,vector,i32,1000000,few,asc,11,0,3,1,1109000.000
kernel,vector,i32,1000000,few,asc,11,1,4,1,1167000.000
kernel,vector,i32,1000000,few,asc,11,0,4,1,1091000.000
kernel,vector,i32,1000000,few,asc,11,0,5,1,1117000.000
kernel,vector,i32,1000000,few,asc,11,1,5,1,1130000.000
kernel,vector,i32,1000000,few,asc,11,1,6,1,1115000.000
kernel,vector,i32,1000000,few,asc,11,0,6,1,1097000.000
kernel,vector,i32,1000000,few,desc,11,1,0,1,1129000.000
kernel,vector,i32,1000000,few,desc,11,0,0,1,1120000.000
kernel,vector,i32,1000000,few,desc,11,0,1,1,1046000.000
kernel,vector,i32,1000000,few,desc,11,1,1,1,1153000.000
kernel,vector,i32,1000000,few,desc,11,1,2,1,1045000.000
kernel,vector,i32,1000000,few,desc,11,0,2,1,1129000.000
kernel,vector,i32,1000000,few,desc,11,1,3,1,1045000.000
kernel,vector,i32,1000000,few,desc,11,0,3,1,1084000.000
kernel,vector,i32,1000000,few,desc,11,0,4,1,1125000.000
kernel,vector,i32,1000000,few,desc,11,1,4,1,1038000.000
kernel,vector,i32,1000000,few,desc,11,1,5,1,1092000.000
kernel,vector,i32,1000000,few,desc,11,0,5,1,1177000.000
kernel,vector,i32,1000000,few,desc,11,0,6,1,1073000.000
kernel,vector,i32,1000000,few,desc,11,1,6,1,1052000.000
kernel,vector,i32,1000000,few,asc,15,0,0,1,1117000.000
kernel,vector,i32,1000000,few,asc,15,1,0,1,1161000.000
kernel,vector,i32,1000000,few,asc,15,1,1,1,1186000.000
kernel,vector,i32,1000000,few,asc,15,0,1,1,1124000.000
kernel,vector,i32,1000000,few,asc,15,1,2,1,1157000.000
kernel,vector,i32,1000000,few,asc,15,0,2,1,1159000.000
kernel,vector,i32,1000000,few,asc,15,0,3,1,1135000.000
kernel,vector,i32,1000000,few,asc,15,1,3,1,1151000.000
kernel,vector,i32,1000000,few,asc,15,1,4,1,1100000.000
kernel,vector,i32,1000000,few,asc,15,0,4,1,1128000.000
kernel,vector,i32,1000000,few,asc,15,1,5,1,1152000.000
kernel,vector,i32,1000000,few,asc,15,0,5,1,1131000.000
kernel,vector,i32,1000000,few,asc,15,1,6,1,1132000.000
kernel,vector,i32,1000000,few,asc,15,0,6,1,1120000.000
kernel,vector,i32,1000000,few,desc,15,1,0,1,1124000.000
kernel,vector,i32,1000000,few,desc,15,0,0,1,1131000.000
kernel,vector,i32,1000000,few,desc,15,0,1,1,1130000.000
kernel,vector,i32,1000000,few,desc,15,1,1,1,1175000.000
kernel,vector,i32,1000000,few,desc,15,0,2,1,1192000.000
kernel,vector,i32,1000000,few,desc,15,1,2,1,1098000.000
kernel,vector,i32,1000000,few,desc,15,0,3,1,1105000.000
kernel,vector,i32,1000000,few,desc,15,1,3,1,1130000.000
kernel,vector,i32,1000000,few,desc,15,0,4,1,1127000.000
kernel,vector,i32,1000000,few,desc,15,1,4,1,1152000.000
kernel,vector,i32,1000000,few,desc,15,0,5,1,1114000.000
kernel,vector,i32,1000000,few,desc,15,1,5,1,1177000.000
kernel,vector,i32,1000000,few,desc,15,0,6,1,1138000.000
kernel,vector,i32,1000000,few,desc,15,1,6,1,1119000.000
sorted,vector,i32,1000000,ordered,asc,0,1,0,3,235000.000
sorted,vector,i32,1000000,ordered,asc,0,0,0,3,234666.667
sorted,vector,i32,1000000,ordered,asc,0,1,1,3,234666.667
sorted,vector,i32,1000000,ordered,asc,0,0,1,3,239000.000
sorted,vector,i32,1000000,ordered,asc,0,0,2,3,243666.667
sorted,vector,i32,1000000,ordered,asc,0,1,2,3,247666.667
sorted,vector,i32,1000000,ordered,asc,0,0,3,3,239333.333
sorted,vector,i32,1000000,ordered,asc,0,1,3,2,253500.000
sorted,vector,i32,1000000,ordered,asc,0,0,4,3,245666.667
sorted,vector,i32,1000000,ordered,asc,0,1,4,3,245000.000
sorted,vector,i32,1000000,ordered,asc,0,1,5,2,264500.000
sorted,vector,i32,1000000,ordered,asc,0,0,5,3,248000.000
sorted,vector,i32,1000000,ordered,asc,0,0,6,3,243333.333
sorted,vector,i32,1000000,ordered,asc,0,1,6,2,252000.000
sorted,vector,i32,1000000,ordered,desc,0,0,0,2,374500.000
sorted,vector,i32,1000000,ordered,desc,0,1,0,2,507000.000
sorted,vector,i32,1000000,ordered,desc,0,0,1,2,359500.000
sorted,vector,i32,1000000,ordered,desc,0,1,1,2,359500.000
sorted,vector,i32,1000000,ordered,desc,0,1,2,2,360000.000
sorted,vector,i32,1000000,ordered,desc,0,0,2,2,365500.000
sorted,vector,i32,1000000,ordered,desc,0,0,3,2,364500.000
sorted,vector,i32,1000000,ordered,desc,0,1,3,2,369000.000
sorted,vector,i32,1000000,ordered,desc,0,0,4,1,1001000.000
sorted,vector,i32,1000000,ordered,desc,0,1,4,2,372500.000
sorted,vector,i32,1000000,ordered,desc,0,1,5,2,361000.000
sorted,vector,i32,1000000,ordered,desc,0,0,5,2,359000.000
sorted,vector,i32,1000000,ordered,desc,0,1,6,2,362500.000
sorted,vector,i32,1000000,ordered,desc,0,0,6,2,359500.000
sorted,vector,i32,1000000,reverse,asc,0,0,0,2,360000.000
sorted,vector,i32,1000000,reverse,asc,0,1,0,2,380000.000
sorted,vector,i32,1000000,reverse,asc,0,0,1,2,362500.000
sorted,vector,i32,1000000,reverse,asc,0,1,1,2,369000.000
sorted,vector,i32,1000000,reverse,asc,0,1,2,2,360000.000
sorted,vector,i32,1000000,reverse,asc,0,0,2,2,360000.000
sorted,vector,i32,1000000,reverse,asc,0,0,3,2,366500.000
sorted,vector,i32,1000000,reverse,asc,0,1,3,2,359500.000
sorted,vector,i32,1000000,reverse,asc,0,0,4,2,381500.000
sorted,vector,i32,1000000,reverse,asc,0,1,4,2,359500.000
sorted,vector,i32,1000000,reverse,asc,0,0,5,2,367000.000
sorted,vector,i32,1000000,reverse,asc,0,1,5,2,360500.000
sorted,vector,i32,1000000,reverse,asc,0,1,6,2,361500.000
sorted,vector,i32,1000000,reverse,asc,0,0,6,2,369500.000
sorted,vector,i32,1000000,reverse,desc,0,0,0,3,240000.000
sorted,vector,i32,1000000,reverse,desc,0,1,0,3,234333.333
sorted,vector,i32,1000000,reverse,desc,0,0,1,3,246666.667
sorted,vector,i32,1000000,reverse,desc,0,1,1,3,426000.000
sorted,vector,i32,1000000,reverse,desc,0,1,2,3,235333.333
sorted,vector,i32,1000000,reverse,desc,0,0,2,3,231666.667
sorted,vector,i32,1000000,reverse,desc,0,0,3,1,848000.000
sorted,vector,i32,1000000,reverse,desc,0,1,3,3,235666.667
sorted,vector,i32,1000000,reverse,desc,0,1,4,3,235666.667
sorted,vector,i32,1000000,reverse,desc,0,0,4,3,241333.333
sorted,vector,i32,1000000,reverse,desc,0,0,5,3,239333.333
sorted,vector,i32,1000000,reverse,desc,0,1,5,3,234666.667
sorted,vector,i32,1000000,reverse,desc,0,1,6,3,235333.333
sorted,vector,i32,1000000,reverse,desc,0,0,6,3,234333.333
sorted,vector,i32,1000000,nearly,asc,0,1,0,1,2941000.000
sorted,vector,i32,1000000,nearly,asc,0,0,0,1,2851000.000
sorted,vector,i32,1000000,nearly,asc,0,1,1,1,2852000.000
sorted,vector,i32,1000000,nearly,asc,0,0,1,1,2932000.000
sorted,vector,i32,1000000,nearly,asc,0,0,2,1,2905000.000
sorted,vector,i32,1000000,nearly,asc,0,1,2,1,2956000.000
sorted,vector,i32,1000000,nearly,asc,0,0,3,1,2919000.000
sorted,vector,i32,1000000,nearly,asc,0,1,3,1,2940000.000
sorted,vector,i32,1000000,nearly,asc,0,1,4,1,2807000.000
sorted,vector,i32,1000000,nearly,asc,0,0,4,1,2936000.000
sorted,vector,i32,1000000,nearly,asc,0,0,5,1,2909000.000
sorted,vector,i32,1000000,nearly,asc,0,1,5,1,2909000.000
sorted,vector,i32,1000000,nearly,asc,0,1,6,1,2913000.000
sorted,vector,i32,1000000,nearly,asc,0,0,6,1,2951000.000
sorted,vector,i32,1000000,nearly,desc,0,0,0,1,2856000.000
sorted,vector,i32,1000000,nearly,desc,0,1,0,1,2976000.000
sorted,vector,i32,1000000,nearly,desc,0,1,1,1,2859000.000
sorted,vector,i32,1000000,nearly,desc,0,0,1,1,2910000.000
sorted,vector,i32,1000000,nearly,desc,0,1,2,1,2960000.000
sorted,vector,i32,1000000,nearly,desc,0,0,2,1,3317000.000
sorted,vector,i32,1000000,nearly,desc,0,1,3,1,3321000.000
sorted,vector,i32,1000000,nearly,desc,0,0,3,1,3534000.000
sorted,vector,i32,1000000,nearly,desc,0,1,4,1,3443000.000
sorted,vector,i32,1000000,nearly,desc,0,0,4,1,3316000.000
sorted,vector,i32,1000000,nearly,desc,0,1,5,1,3004000.000
sorted,vector,i32,1000000,nearly,desc,0,0,5,1,3200000.000
sorted,vector,i32,1000000,nearly,desc,0,0,6,1,3274000.000
sorted,vector,i32,1000000,nearly,desc,0,1,6,1,2874000.000
sorted,vector,i32,1000000,equal,asc,0,1,0,3,231000.000
sorted,vector,i32,1000000,equal,asc,0,0,0,2,254000.000
sorted,vector,i32,1000000,equal,asc,0,0,1,3,231333.333
sorted,vector,i32,1000000,equal,asc,0,1,1,3,234666.667
sorted,vector,i32,1000000,equal,asc,0,0,2,3,231666.667
sorted,vector,i32,1000000,equal,asc,0,1,2,3,231666.667
sorted,vector,i32,1000000,equal,asc,0,1,3,3,231666.667
sorted,vector,i32,1000000,equal,asc,0,0,3,3,232666.667
sorted,vector,i32,1000000,equal,asc,0,1,4,3,231333.333
sorted,vector,i32,1000000,equal,asc,0,0,4,3,234666.667
sorted,vector,i32,1000000,equal,asc,0,0,5,3,231333.333
sorted,vector,i32,1000000,equal,asc,0,1,5,3,231333.333
sorted,vector,i32,1000000,equal,asc,0,0,6,3,232000.000
sorted,vector,i32,1000000,equal,asc,0,1,6,3,235666.667
sorted,vector,i32,1000000,equal,desc,0,0,0,3,240333.333
sorted,vector,i32,1000000,equal,desc,0,1,0,3,236666.667
sorted,vector,i32,1000000,equal,desc,0,0,1,3,241000.000
sorted,vector,i32,1000000,equal,desc,0,1,1,3,235333.333
sorted,vector,i32,1000000,equal,desc,0,1,2,3,238333.333
sorted,vector,i32,1000000,equal,desc,0,0,2,3,232333.333
sorted,vector,i32,1000000,equal,desc,0,0,3,3,231666.667
sorted,vector,i32,1000000,equal,desc,0,1,3,3,232333.333
sorted,vector,i32,1000000,equal,desc,0,0,4,3,238333.333
sorted,vector,i32,1000000,equal,desc,0,1,4,3,241666.667
sorted,vector,i32,1000000,equal,desc,0,0,5,3,255000.000
sorted,vector,i32,1000000,equal,desc,0,1,5,3,244000.000
sorted,vector,i32,1000000,equal,desc,0,0,6,3,235333.333
sorted,vector,i32,1000000,equal,desc,0,1,6,3,231333.333
sorted,array,i32,65536,full,asc,0,1,0,3,218000.000
sorted,array,i32,65536,full,asc,0,0,0,3,214000.000
sorted,array,i32,65536,full,asc,0,1,1,3,193000.000
sorted,array,i32,65536,full,asc,0,0,1,3,193333.333
sorted,array,i32,65536,full,asc,0,1,2,3,230333.333
sorted,array,i32,65536,full,asc,0,0,2,3,212666.667
sorted,array,i32,65536,full,asc,0,1,3,3,198000.000
sorted,array,i32,65536,full,asc,0,0,3,3,198666.667
sorted,array,i32,65536,full,asc,0,0,4,3,193000.000
sorted,array,i32,65536,full,asc,0,1,4,3,194666.667
sorted,array,i32,65536,full,asc,0,0,5,3,206666.667
sorted,array,i32,65536,full,asc,0,1,5,3,203666.667
sorted,array,i32,65536,full,asc,0,1,6,3,194333.333
sorted,array,i32,65536,full,asc,0,0,6,3,206000.000
sorted,array,i32,65536,full,desc,0,1,0,3,209000.000
sorted,array,i32,65536,full,desc,0,0,0,3,228000.000
sorted,array,i32,65536,full,desc,0,0,1,3,198000.000
sorted,array,i32,65536,full,desc,0,1,1,2,301500.000
sorted,array,i32,65536,full,desc,0,1,2,3,207333.333
sorted,array,i32,65536,full,desc,0,0,2,3,222000.000
sorted,array,i32,65536,full,desc,0,0,3,3,195333.333
sorted,array,i32,65536,full,desc,0,1,3,3,188000.000
sorted,array,i32,65536,full,desc,0,1,4,3,182333.333
sorted,array,i32,65536,full,desc,0,0,4,3,192000.000
sorted,array,i32,65536,full,desc,0,1,5,3,193000.000
sorted,array,i32,65536,full,desc,0,0,5,3,193000.000
sorted,array,i32,65536,full,desc,0,1,6,3,187666.667
sorted,array,i32,65536,full,desc,0,0,6,3,199333.333
sorted,array,i32,65536,bits22,asc,0,0,0,4,149000.000
sorted,array,i32,65536,bits22,asc,0,1,0,4,147750.000
sorted,array,i32,65536,bits22,asc,0,1,1,4,148250.000
sorted,array,i32,65536,bits22,asc,0,0,1,4,150250.000
sorted,array,i32,65536,bits22,asc,0,1,2,4,146250.000
sorted,array,i32,65536,bits22,asc,0,0,2,4,152000.000
sorted,array,i32,65536,bits22,asc,0,1,3,4,143000.000
sorted,array,i32,65536,bits22,asc,0,0,3,4,154500.000
sorted,array,i32,65536,bits22,asc,0,0,4,4,150500.000
sorted,array,i32,65536,bits22,asc,0,1,4,4,144500.000
sorted,array,i32,65536,bits22,asc,0,1,5,4,148750.000
sorted,array,i32,65536,bits22,asc,0,0,5,4,149000.000
sorted,array,i32,65536,bits22,asc,0,0,6,4,153500.000
sorted,array,i32,65536,bits22,asc,0,1,6,4,145000.000
sorted,array,i32,65536,bits22,desc,0,0,0,4,150750.000
sorted,array,i32,65536,bits22,desc,0,1,0,4,151250.000
sorted,array,i32,65536,bits22,desc,0,1,1,4,144250.000
sorted,array,i32,65536,bits22,desc,0,0,1,4,154500.000
sorted,array,i32,65536,bits22,desc,0,0,2,4,142500.000
sorted,array,i32,65536,bits22,desc,0,1,2,4,143500.000
sorted,array,i32,65536,bits22,desc,0,0,3,4,140500.000
sorted,array,i32,65536,bits22,desc,0,1,3,4,140250.000
sorted,array,i32,65536,bits22,desc,0,1,4,4,143500.000
sorted,array,i32,65536,bits22,desc,0,0,4,4,142500.000
sorted,array,i32,65536,bits22,desc,0,0,5,4,146750.000
sorted,array,i32,65536,bits22,desc,0,1,5,4,142750.000
sorted,array,i32,65536,bits22,desc,0,1,6,4,143250.000
sorted,array,i32,65536,bits22,desc,0,0,6,4,141250.000
sorted,array,i32,65536,gaps,asc,0,1,0,3,240000.000
sorted,array,i32,65536,gaps,asc,0,0,0,3,244666.667
sorted,array,i32,65536,gaps,asc,0,0,1,2,288000.000
sorted,array,i32,65536,gaps,asc,0,1,1,3,230666.667
sorted,array,i32,65536,gaps,asc,0,1,2,2,251000.000
sorted,array,i32,65536,gaps,asc,0,0,2,3,250333.333
sorted,array,i32,65536,gaps,asc,0,1,3,3,228666.667
sorted,array,i32,65536,gaps,asc,0,0,3,3,232333.333
sorted,array,i32,65536,gaps,asc,0,0,4,2,265000.000
sorted,array,i32,65536,gaps,asc,0,1,4,3,240000.000
sorted,array,i32,65536,gaps,asc,0,0,5,3,243666.667
sorted,array,i32,65536,gaps,asc,0,1,5,3,259000.000
sorted,array,i32,65536,gaps,asc,0,0,6,3,263333.333
sorted,array,i32,65536,gaps,asc,0,1,6,2,250500.000
sorted,array,i32,65536,gaps,desc,0,1,0,2,250000.000
sorted,array,i32,65536,gaps,desc,0,0,0,3,254000.000
sorted,array,i32,65536,gaps,desc,0,0,1,2,261500.000
sorted,array,i32,65536,gaps,desc,0,1,1,3,250000.000
sorted,array,i32,65536,gaps,desc,0,1,2,2,288000.000
sorted,array,i32,65536,gaps,desc,0,0,2,3,224333.333
sorted,array,i32,65536,gaps,desc,0,1,3,3,251333.333
sorted,array,i32,65536,gaps,desc,0,0,3,3,223666.667
sorted,array,i32,65536,gaps,desc,0,0,4,3,253000.000
sorted,array,i32,65536,gaps,desc,0,1,4,3,255666.667
sorted,array,i32,65536,gaps,desc,0,1,5,3,252000.000
sorted,array,i32,65536,gaps,desc,0,0,5,3,230000.000
sorted,array,i32,65536,gaps,desc,0,0,6,2,292500.000
sorted,array,i32,65536,gaps,desc,0,1,6,3,270000.000
sorted,array,i32,65536,few,asc,0,0,0,5,107400.000
sorted,array,i32,65536,few,asc,0,1,0,5,112000.000
sorted,array,i32,65536,few,asc,0,1,1,5,113400.000
sorted,array,i32,65536,few,asc,0,0,1,5,107000.000
sorted,array,i32,65536,few,asc,0,0,2,5,104400.000
sorted,array,i32,65536,few,asc,0,1,2,5,109600.000
sorted,array,i32,65536,few,asc,0,0,3,5,102200.000
sorted,array,i32,65536,few,asc,0,1,3,5,113800.000
sorted,array,i32,65536,few,asc,0,1,4,5,111800.000
sorted,array,i32,65536,few,asc,0,0,4,5,103600.000
sorted,array,i32,65536,few,asc,0,1,5,5,113400.000
sorted,array,i32,65536,few,asc,0,0,5,5,106200.000
sorted,array,i32,65536,few,asc,0,1,6,5,109000.000
sorted,array,i32,65536,few,asc,0,0,6,5,107400.000
sorted,array,i32,65536,few,desc,0,0,0,5,105400.000
sorted,array,i32,65536,few,desc,0,1,0,5,118800.000
sorted,array,i32,65536,few,desc,0,0,1,5,103400.000
sorted,array,i32,65536,few,desc,0,1,1,5,102600.000
sorted,array,i32,65536,few,desc,0,1,2,5,104600.000
sorted,array,i32,65536,few,desc,0,0,2,5,106000.000
sorted,array,i32,65536,few,desc,0,0,3,5,103200.000
sorted,array,i32,65536,few,desc,0,1,3,5,100400.000
sorted,array,i32,65536,few,desc,0,0,4,5,103800.000
sorted,array,i32,65536,few,desc,0,1,4,5,104400.000
sorted,array,i32,65536,few,desc,0,0,5,5,103200.000
sorted,array,i32,65536,few,desc,0,1,5,5,103800.000
sorted,array,i32,65536,few,desc,0,1,6,6,101000.000
sorted,array,i32,65536,few,desc,0,0,6,5,103600.000
sorted,array,i32,65536,ordered,asc,0,0,0,23,21956.522
sorted,array,i32,65536,ordered,asc,0,1,0,22,23045.455
sorted,array,i32,65536,ordered,asc,0,0,1,22,22727.273
sorted,array,i32,65536,ordered,asc,0,1,1,23,22347.826
sorted,array,i32,65536,ordered,asc,0,0,2,23,22608.696
sorted,array,i32,65536,ordered,asc,0,1,2,23,22478.261
sorted,array,i32,65536,ordered,asc,0,1,3,22,23045.455
sorted,array,i32,65536,ordered,asc,0,0,3,22,22863.636
sorted,array,i32,65536,ordered,asc,0,1,4,23,22608.696
sorted,array,i32,65536,ordered,asc,0,0,4,21,24761.905
sorted,array,i32,65536,ordered,asc,0,0,5,23,22347.826
sorted,array,i32,65536,ordered,asc,0,1,5,23,22521.739
sorted,array,i32,65536,ordered,asc,0,0,6,22,23181.818
sorted,array,i32,65536,ordered,asc,0,1,6,23,22521.739
sorted,array,i32,65536,ordered,desc,0,0,0,19,26421.053
sorted,array,i32,65536,ordered,desc,0,1,0,20,25800.000
sorted,array,i32,65536,ordered,desc,0,1,1,19,26684.211
sorted,array,i32,65536,ordered,desc,0,0,1,20,26100.000
sorted,array,i32,65536,ordered,desc,0,0,2,19,26526.316
sorted,array,i32,65536,ordered,desc,0,1,2,19,26947.368
sorted,array,i32,65536,ordered,desc,0,1,3,20,26150.000
sorted,array,i32,65536,ordered,desc,0,0,3,20,25900.000
sorted,array,i32,65536,ordered,desc,0,0,4,20,26250.000
sorted,array,i32,65536,ordered,desc,0,1,4,20,26150.000
sorted,array,i32,65536,ordered,desc,0,0,5,20,26300.000
sorted,array,i32,65536,ordered,desc,0,1,5,19,26842.105
sorted,array,i32,65536,ordered,desc,0,1,6,20,25850.000
sorted,array,i32,65536,ordered,desc,0,0,6,19,26473.684
sorted,array,i32,65536,reverse,asc,0,1,0,20,25800.000
sorted,array,i32,65536,reverse,asc,0,0,0,19,26526.316
sorted,array,i32,65536,reverse,asc,0,1,1,20,25750.000
sorted,array,i32,65536,reverse,asc,0,0,1,20,26050.000
sorted,array,i32,65536,reverse,asc,0,0,2,19,26315.789
sorted,array,i32,65536,reverse,asc,0,1,2,20,25850.000
sorted,array,i32,65536,reverse,asc,0,0,3,19,26368.421
sorted,array,i32,65536,reverse,asc,0,1,3,19,26526.316
sorted,array,i32,65536,reverse,asc,0,0,4,20,25950.000
sorted,array,i32,65536,reverse,asc,0,1,4,18,27833.333
sorted,array,i32,65536,reverse,asc,0,1,5,20,25850.000
sorted,array,i32,65536,reverse,asc,0,0,5,21,24809.524
sorted,array,i32,65536,reverse,asc,0,0,6,21,24428.571
sorted,array,i32,65536,reverse,asc,0,1,6,21,24904.762
sorted,array,i32,65536,reverse,desc,0,1,0,23,22391.304
sorted,array,i32,65536,reverse,desc,0,0,0,23,22347.826
sorted,array,i32,65536,reverse,desc,0,1,1,22,22909.091
sorted,array,i32,65536,reverse,desc,0,0,1,24,21333.333
sorted,array,i32,65536,reverse,desc,0,0,2,23,22086.957
sorted,array,i32,65536,reverse,desc,0,1,2,22,23681.818
sorted,array,i32,65536,reverse,desc,0,0,3,23,21869.565
sorted,array,i32,65536,reverse,desc,0,1,3,21,23857.143
sorted,array,i32,65536,reverse,desc,0,0,4,23,22391.304
sorted,array,i32,65536,reverse,desc,0,1,4,23,22086.957
sorted,array,i32,65536,reverse,desc,0,0,5,22,23000.000
sorted,array,i32,65536,reverse,desc,0,1,5,22,23090.909
sorted,array,i32,65536,reverse,desc,0,1,6,23,22652.174
sorted,array,i32,65536,reverse,desc,0,0,6,22,23681.818
sorted,array,i32,65536,nearly,asc,0,1,0,3,177000.000
sorted,array,i32,65536,nearly,asc,0,0,0,3,182000.000
sorted,array,i32,65536,nearly,asc,0,1,1,3,190000.000
sorted,array,i32,65536,nearly,asc,0,0,1,3,169333.333
sorted,array,i32,65536,nearly,asc,0,0,2,3,171333.333
sorted,array,i32,65536,nearly,asc,0,1,2,3,171333.333
sorted,array,i32,65536,nearly,asc,0,0,3,3,171000.000
sorted,array,i32,65536,nearly,asc,0,1,3,3,176666.667
sorted,array,i32,65536,nearly,asc,0,0,4,3,179000.000
sorted,array,i32,65536,nearly,asc,0,1,4,3,179333.333
sorted,array,i32,65536,nearly,asc,0,1,5,3,182333.333
sorted,array,i32,65536,nearly,asc,0,0,5,3,193333.333
sorted,array,i32,65536,nearly,asc,0,1,6,3,185000.000
sorted,array,i32,65536,nearly,asc,0,0,6,3,183666.667
sorted,array,i32,65536,nearly,desc,0,1,0,3,183000.000
sorted,array,i32,65536,nearly,desc,0,0,0,3,194000.000
sorted,array,i32,65536,nearly,desc,0,0,1,3,177000.000
sorted,array,i32,65536,nearly,desc,0,1,1,3,176000.000
sorted,array,i32,65536,nearly,desc,0,0,2,3,186333.333
sorted,array,i32,65536,nearly,desc,0,1,2,3,174333.333
sorted,array,i32,65536,nearly,desc,0,1,3,3,167000.000
sorted,array,i32,65536,nearly,desc,0,0,3,3,181000.000
sorted,array,i32,65536,nearly,desc,0,1,4,3,177000.000
sorted,array,i32,65536,nearly,desc,0,0,4,3,189666.667
sorted,array,i32,65536,nearly,desc,0,1,5,3,179333.333
sorted,array,i32,65536,nearly,desc,0,0,5,3,187666.667
sorted,array,i32,65536,nearly,desc,0,1,6,3,183333.333
sorted,array,i32,65536,nearly,desc,0,0,6,3,193333.333
sorted,array,i32,65536,equal,asc,0,0,0,23,22086.957
sorted,array,i32,65536,equal,asc,0,1,0,24,20875.000
sorted,array,i32,65536,equal,asc,0,0,1,24,21000.000
sorted,array,i32,65536,equal,asc,0,1,1,22,23454.545
sorted,array,i32,65536,equal,asc,0,0,2,23,21956.522
sorted,array,i32,65536,equal,asc,0,1,2,24,21000.000
sorted,array,i32,65536,equal,asc,0,1,3,24,20875.000
sorted,array,i32,65536,equal,asc,0,0,3,24,21458.333
sorted,array,i32,65536,equal,asc,0,1,4,24,21333.333
sorted,array,i32,65536,equal,asc,0,0,4,23,22000.000
sorted,array,i32,65536,equal,asc,0,1,5,23,22478.261
sorted,array,i32,65536,equal,asc,0,0,5,23,21913.043
sorted,array,i32,65536,equal,asc,0,0,6,23,22565.217
sorted,array,i32,65536,equal,asc,0,1,6,23,22521.739
sorted,array,i32,65536,equal,desc,0,0,0,25,20600.000
sorted,array,i32,65536,equal,desc,0,1,0,24,20958.333
sorted,array,i32,65536,equal,desc,0,0,1,24,21166.667
sorted,array,i32,65536,equal,desc,0,1,1,23,21826.087
sorted,array,i32,65536,equal,desc,0,1,2,25,20760.000
sorted,array,i32,65536,equal,desc,0,0,2,24,21500.000
sorted,array,i32,65536,equal,desc,0,1,3,23,21739.130
sorted,array,i32,65536,equal,desc,0,0,3,24,21500.000
sorted,array,i32,65536,equal,desc,0,0,4,23,22130.435
sorted,array,i32,65536,equal,desc,0,1,4,24,21750.000
sorted,array,i32,65536,equal,desc,0,0,5,22,23000.000
sorted,array,i32,65536,equal,desc,0,1,5,23,22391.304
sorted,array,i32,65536,equal,desc,0,1,6,23,22391.304
sorted,array,i32,65536,equal,desc,0,0,6,24,21625.000
sorted,vector,i64,128,full,asc,0,0,0,512,404.297
sorted,vector,i64,128,full,asc,0,1,0,512,396.484
sorted,vector,i64,128,full,asc,0,0,1,512,406.250
sorted,vector,i64,128,full,asc,0,1,1,512,404.297
sorted,vector,i64,128,full,asc,0,0,2,512,406.250
sorted,vector,i64,128,full,asc,0,1,2,512,416.016
sorted,vector,i64,128,full,asc,0,0,3,512,404.297
sorted,vector,i64,128,full,asc,0,1,3,512,406.250
sorted,vector,i64,128,full,asc,0,1,4,512,390.625
sorted,vector,i64,128,full,asc,0,0,4,512,404.297
sorted,vector,i64,128,full,asc,0,1,5,512,414.062
sorted,vector,i64,128,full,asc,0,0,5,512,429.688
sorted,vector,i64,128,full,asc,0,0,6,512,408.203
sorted,vector,i64,128,full,asc,0,1,6,512,406.250
sorted,vector,i64,128,full,desc,0,0,0,512,406.250
sorted,vector,i64,128,full,desc,0,1,0,512,396.484
sorted,vector,i64,128,full,desc,0,0,1,512,406.250
sorted,vector,i64,128,full,desc,0,1,1,512,400.391
sorted,vector,i64,128,full,desc,0,1,2,512,384.766
sorted,vector,i64,128,full,desc,0,0,2,512,386.719
sorted,vector,i64,128,full,desc,0,1,3,512,384.766
sorted,vector,i64,128,full,desc,0,0,3,512,451.172
sorted,vector,i64,128,full,desc,0,0,4,512,396.484
sorted,vector,i64,128,full,desc,0,1,4,512,431.641
sorted,vector,i64,128,full,desc,0,0,5,512,394.531
sorted,vector,i64,128,full,desc,0,1,5,512,416.016
sorted,vector,i64,128,full,desc,0,1,6,512,417.969
sorted,vector,i64,128,full,desc,0,0,6,512,417.969
sorted,vector,i64,128,bits22,asc,0,1,0,512,392.578
sorted,vector,i64,128,bits22,asc,0,0,0,512,396.484
sorted,vector,i64,128,bits22,asc,0,0,1,512,402.344
sorted,vector,i64,128,bits22,asc,0,1,1,512,394.531
sorted,vector,i64,128,bits22,asc,0,0,2,512,394.531
sorted,vector,i64,128,bits22,asc,0,1,2,512,402.344
sorted,vector,i64,128,bits22,asc,0,1,3,512,443.359
sorted,vector,i64,128,bits22,asc,0,0,3,512,382.812
sorted,vector,i64,128,bits22,asc,0,1,4,512,384.766
sorted,vector,i64,128,bits22,asc,0,0,4,512,378.906
sorted,vector,i64,128,bits22,asc,0,1,5,512,386.719
sorted,vector,i64,128,bits22,asc,0,0,5,512,376.953
sorted,vector,i64,128,bits22,asc,0,0,6,512,400.391
sorted,vector,i64,128,bits22,asc,0,1,6,512,384.766
sorted,vector,i64,128,bits22,desc,0,0,0,512,406.250
sorted,vector,i64,128,bits22,desc,0,1,0,512,414.062
sorted,vector,i64,128,bits22,desc,0,1,1,512,410.156
sorted,vector,i64,128,bits22,desc,0,0,1,512,404.297
sorted,vector,i64,128,bits22,desc,0,1,2,512,417.969
sorted,vector,i64,128,bits22,desc,0,0,2,512,416.016
sorted,vector,i64,128,bits22,desc,0,0,3,512,400.391
sorted,vector,i64,128,bits22,desc,0,1,3,512,416.016
sorted,vector,i64,128,bits22,desc,0,1,4,512,417.969
sorted,vector,i64,128,bits22,desc,0,0,4,512,412.109
sorted,vector,i64,128,bits22,desc,0,1,5,512,552.734
sorted,vector,i64,128,bits22,desc,0,0,5,512,433.594
sorted,vector,i64,128,bits22,desc,0,0,6,512,419.922
sorted,vector,i64,128,bits22,desc,0,1,6,512,419.922
sorted,vector,i64,128,gaps,asc,0,1,0,512,386.719
sorted,vector,i64,128,gaps,asc,0,0,0,512,394.531
sorted,vector,i64,128,gaps,asc,0,1,1,512,398.438
sorted,vector,i64,128,gaps,asc,0,0,1,512,386.719
sorted,vector,i64,128,gaps,asc,0,0,2,512,398.438
sorted,vector,i64,128,gaps,asc,0,1,2,512,382.812
sorted,vector,i64,128,gaps,asc,0,0,3,512,384.766
sorted,vector,i64,128,gaps,asc,0,1,3,512,386.719
sorted,vector,i64,128,gaps,asc,0,1,4,512,392.578
sorted,vector,i64,128,gaps,asc,0,0,4,512,388.672
sorted,vector,i64,128,gaps,asc,0,1,5,512,386.719
sorted,vector,i64,128,gaps,asc,0,0,5,512,396.484
sorted,vector,i64,128,gaps,asc,0,1,6,512,406.250
sorted,vector,i64,128,gaps,asc,0,0,6,512,392.578
sorted,vector,i64,128,gaps,desc,0,0,0,512,404.297
sorted,vector,i64,128,gaps,desc,0,1,0,512,433.594
sorted,vector,i64,128,gaps,desc,0,1,1,512,396.484
sorted,vector,i64,128,gaps,desc,0,0,1,512,408.203
sorted,vector,i64,128,gaps,desc,0,0,2,512,402.344
sorted,vector,i64,128,gaps,desc,0,1,2,512,396.484
sorted,vector,i64,128,gaps,desc,0,0,3,512,386.719
sorted,vector,i64,128,gaps,desc,0,1,3,512,400.391
sorted,vector,i64,128,gaps,desc,0,0,4,512,402.344
sorted,vector,i64,128,gaps,desc,0,1,4,512,378.906
sorted,vector,i64,128,gaps,desc,0,0,5,512,400.391
sorted,vector,i64,128,gaps,desc,0,1,5,512,410.156
sorted,vector,i64,128,gaps,desc,0,0,6,512,398.438
sorted,vector,i64,128,gaps,desc,0,1,6,512,429.688
sorted,vector,i64,128,few,asc,0,0,0,512,431.641
sorted,vector,i64,128,few,asc,0,1,0,512,355.469
sorted,vector,i64,128,few,asc,0,0,1,512,335.938
sorted,vector,i64,128,few,asc,0,1,1,512,349.609
sorted,vector,i64,128,few,asc,0,0,2,512,349.609
sorted,vector,i64,128,few,asc,0,1,2,512,339.844
sorted,vector,i64,128,few,asc,0,0,3,512,343.750
sorted,vector,i64,128,few,asc,0,1,3,512,349.609
sorted,vector,i64,128,few,asc,0,0,4,512,343.750
sorted,vector,i64,128,few,asc,0,1,4,512,398.438
sorted,vector,i64,128,few,asc,0,1,5,512,384.766
sorted,vector,i64,128,few,asc,0,0,5,512,392.578
sorted,vector,i64,128,few,asc,0,0,6,512,388.672
sorted,vector,i64,128,few,asc,0,1,6,512,388.672
sorted,vector,i64,128,few,desc,0,1,0,512,406.250
sorted,vector,i64,128,few,desc,0,0,0,512,423.828
sorted,vector,i64,128,few,desc,0,0,1,512,410.156
sorted,vector,i64,128,few,desc,0,1,1,512,416.016
sorted,vector,i64,128,few,desc,0,1,2,512,421.875
sorted,vector,i64,128,few,desc,0,0,2,512,425.781
sorted,vector,i64,128,few,desc,0,0,3,512,402.344
sorted,vector,i64,128,few,desc,0,1,3,512,416.016
sorted,vector,i64,128,few,desc,0,0,4,512,416.016
sorted,vector,i64,128,few,desc,0,1,4,512,414.062
sorted,vector,i64,128,few,desc,0,0,5,512,437.500
sorted,vector,i64,128,few,desc,0,1,5,512,416.016
sorted,vector,i64,128,few,desc,0,0,6,512,414.062
sorted,vector,i64,128,few,desc,0,1,6,512,427.734
sorted,vector,i64,128,ordered,asc,0,0,0,512,33.203
sorted,vector,i64,128,ordered,asc,0,1,0,512,39.062
sorted,vector,i64,128,ordered,asc,0,0,1,512,42.969
sorted,vector,i64,128,ordered,asc,0,1,1,512,39.062
sorted,vector,i64,128,ordered,asc,0,1,2,512,41.016
sorted,vector,i64,128,ordered,asc,0,0,2,512,41.016
sorted,vector,i64,128,ordered,asc,0,0,3,512,37.109
sorted,vector,i64,128,ordered,asc,0,1,3,512,48.828
sorted,vector,i64,128,ordered,asc,0,1,4,512,39.062
sorted,vector,i64,128,ordered,asc,0,0,4,512,42.969
sorted,vector,i64,128,ordered,asc,0,0,5,512,42.969
sorted,vector,i64,128,ordered,asc,0,1,5,512,41.016
sorted,vector,i64,128,ordered,asc,0,1,6,512,37.109
sorted,vector,i64,128,ordered,asc,0,0,6,512,41.016
sorted,vector,i64,128,ordered,desc,0,0,0,512,62.500
sorted,vector,i64,128,ordered,desc,0,1,0,512,54.688
sorted,vector,i64,128,ordered,desc,0,0,1,512,50.781
sorted,vector,i64,128,ordered,desc,0,1,1,512,44.922
sorted,vector,i64,128,ordered,desc,0,1,2,512,54.688
sorted,vector,i64,128,ordered,desc,0,0,2,512,54.688
sorted,vector,i64,128,ordered,desc,0,0,3,512,52.734
sorted,vector,i64,128,ordered,desc,0,1,3,512,56.641
sorted,vector,i64,128,ordered,desc,0,0,4,512,41.016
sorted,vector,i64,128,ordered,desc,0,1,4,512,48.828
sorted,vector,i64,128,ordered,desc,0,1,5,512,50.781
sorted,vector,i64,128,ordered,desc,0,0,5,512,62.500
sorted,vector,i64,128,ordered,desc,0,0,6,512,80.078
sorted,vector,i64,128,ordered,desc,0,1,6,512,56.641
sorted,vector,i64,128,reverse,asc,0,1,0,512,52.734
sorted,vector,i64,128,reverse,asc,0,0,0,512,68.359
sorted,vector,i64,128,reverse,asc,0,1,1,512,64.453
sorted,vector,i64,128,reverse,asc,0,0,1,512,54.688
sorted,vector,i64,128,reverse,asc,0,0,2,512,58.594
sorted,vector,i64,128,reverse,asc,0,1,2,512,50.781
sorted,vector,i64,128,reverse,asc,0,0,3,512,54.688
sorted,vector,i64,128,reverse,asc,0,1,3,512,58.594
sorted,vector,i64,128,reverse,asc,0,1,4,512,39.062
sorted,vector,i64,128,reverse,asc,0,0,4,512,44.922
sorted,vector,i64,128,reverse,asc,0,1,5,512,52.734
sorted,vector,i64,128,reverse,asc,0,0,5,512,62.500
sorted,vector,i64,128,reverse,asc,0,1,6,512,48.828
sorted,vector,i64,128,reverse,asc,0,0,6,512,52.734
sorted,vector,i64,128,reverse,desc,0,0,0,512,41.016
sorted,vector,i64,128,reverse,desc,0,1,0,512,29.297
sorted,vector,i64,128,reverse,desc,0,0,1,512,39.062
sorted,vector,i64,128,reverse,desc,0,1,1,512,44.922
sorted,vector,i64,128,reverse,desc,0,1,2,512,44.922
sorted,vector,i64,128,reverse,desc,0,0,2,512,39.062
sorted,vector,i64,128,reverse,desc,0,0,3,512,35.156
sorted,vector,i64,128,reverse,desc,0,1,3,512,29.297
sorted,vector,i64,128,reverse,desc,0,1,4,512,39.062
sorted,vector,i64,128,reverse,desc,0,0,4,512,37.109
sorted,vector,i64,128,reverse,desc,0,0,5,512,39.062
sorted,vector,i64,128,reverse,desc,0,1,5,512,35.156
sorted,vector,i64,128,reverse,desc,0,1,6,512,44.922
sorted,vector,i64,128,reverse,desc,0,0,6,512,35.156
sorted,vector,i64,128,nearly,asc,0,1,0,512,304.688
sorted,vector,i64,128,nearly,asc,0,0,0,512,318.359
sorted,vector,i64,128,nearly,asc,0,1,1,512,318.359
sorted,vector,i64,128,nearly,asc,0,0,1,512,316.406
sorted,vector,i64,128,nearly,asc,0,0,2,512,326.172
sorted,vector,i64,128,nearly,asc,0,1,2,512,316.406
sorted,vector,i64,128,nearly,asc,0,1,3,512,314.453
sorted,vector,i64,128,nearly,asc,0,0,3,512,314.453
sorted,vector,i64,128,nearly,asc,0,1,4,512,324.219
sorted,vector,i64,128,nearly,asc,0,0,4,512,322.266
sorted,vector,i64,128,nearly,asc,0,1,5,512,322.266
sorted,vector,i64,128,nearly,asc,0,0,5,512,324.219
sorted,vector,i64,128,nearly,asc,0,1,6,512,318.359
sorted,vector,i64,128,nearly,asc,0,0,6,512,320.312
sorted,vector,i64,128,nearly,desc,0,1,0,512,298.828
sorted,vector,i64,128,nearly,desc,0,0,0,512,294.922
sorted,vector,i64,128,nearly,desc,0,0,1,512,289.062
sorted,vector,i64,128,nearly,desc,0,1,1,512,302.734
sorted,vector,i64,128,nearly,desc,0,1,2,512,294.922
sorted,vector,i64,128,nearly,desc,0,0,2,512,294.922
sorted,vector,i64,128,nearly,desc,0,0,3,512,300.781
sorted,vector,i64,128,nearly,desc,0,1,3,512,298.828
sorted,vector,i64,128,nearly,desc,0,1,4,512,300.781
sorted,vector,i64,128,nearly,desc,0,0,4,512,300.781
sorted,vector,i64,128,nearly,desc,0,0,5,512,298.828
sorted,vector,i64,128,nearly,desc,0,1,5,512,308.594
sorted,vector,i64,128,nearly,desc,0,1,6,512,304.688
sorted,vector,i64,128,nearly,desc,0,0,6,512,296.875
sorted,vector,i64,128,equal,asc,0,0,0,512,37.109
sorted,vector,i64,128,equal,asc,0,1,0,512,33.203
sorted,vector,i64,128,equal,asc,0,1,1,512,41.016
sorted,vector,i64,128,equal,asc,0,0,1,512,35.156
sorted,vector,i64,128,equal,asc,0,1,2,512,37.109
sorted,vector,i64,128,equal,asc,0,0,2,512,29.297
sorted,vector,i64,128,equal,asc,0,1,3,512,33.203
sorted,vector,i64,128,equal,asc,0,0,3,512,48.828
sorted,vector,i64,128,equal,asc,0,0,4,512,39.062
sorted,vector,i64,128,equal,asc,0,1,4,512,41.016
sorted,vector,i64,128,equal,asc,0,1,5,512,42.969
sorted,vector,i64,128,equal,asc,0,0,5,512,42.969
sorted,vector,i64,128,equal,asc,0,0,6,512,44.922
sorted,vector,i64,128,equal,asc,0,1,6,512,44.922
sorted,vector,i64,128,equal,desc,0,0,0,512,41.016
sorted,vector,i64,128,equal,desc,0,1,0,512,39.062
sorted,vector,i64,128,equal,desc,0,1,1,512,33.203
sorted,vector,i64,128,equal,desc,0,0,1,512,41.016
sorted,vector,i64,128,equal,desc,0,0,2,512,35.156
sorted,vector,i64,128,equal,desc,0,1,2,512,41.016
sorted,vector,i64,128,equal,desc,0,1,3,512,42.969
sorted,vector,i64,128,equal,desc,0,0,3,512,39.062
sorted,vector,i64,128,equal,desc,0,0,4,512,42.969
sorted,vector,i64,128,equal,desc,0,1,4,512,35.156
sorted,vector,i64,128,equal,desc,0,0,5,512,35.156
sorted,vector,i64,128,equal,desc,0,1,5,512,39.062
sorted,vector,i64,128,equal,desc,0,1,6,512,35.156
sorted,vector,i64,128,equal,desc,0,0,6,512,52.734
sorted,vector,i64,512,full,asc,0,0,0,184,2717.391
sorted,vector,i64,512,full,asc,0,1,0,183,2743.169
sorted,vector,i64,512,full,asc,0,0,1,184,2722.826
sorted,vector,i64,512,full,asc,0,1,1,177,2836.158
sorted,vector,i64,512,full,asc,0,1,2,183,2732.240
sorted,vector,i64,512,full,asc,0,0,2,183,2737.705
sorted,vector,i64,512,full,asc,0,0,3,184,2717.391
sorted,vector,i64,512,full,asc,0,1,3,184,2722.826
sorted,vector,i64,512,full,asc,0,0,4,182,2752.747
sorted,vector,i64,512,full,asc,0,1,4,184,2717.391
sorted,vector,i64,512,full,asc,0,0,5,185,2708.108
sorted,vector,i64,512,full,asc,0,1,5,183,2737.705
sorted,vector,i64,512,full,asc,0,1,6,153,3281.046
sorted,vector,i64,512,full,asc,0,0,6,188,2659.574
sorted,vector,i64,512,full,desc,0,1,0,172,2912.791
sorted,vector,i64,512,full,desc,0,0,0,184,2722.826
sorted,vector,i64,512,full,desc,0,1,1,178,2814.607
sorted,vector,i64,512,full,desc,0,0,1,177,2824.859
sorted,vector,i64,512,full,desc,0,1,2,172,2918.605
sorted,vector,i64,512,full,desc,0,0,2,175,2862.857
sorted,vector,i64,512,full,desc,0,0,3,175,2868.571
sorted,vector,i64,512,full,desc,0,1,3,184,2722.826
sorted,vector,i64,512,full,desc,0,0,4,178,2808.989
sorted,vector,i64,512,full,desc,0,1,4,169,2964.497
sorted,vector,i64,512,full,desc,0,0,5,169,2970.414
sorted,vector,i64,512,full,desc,0,1,5,145,3489.655
sorted,vector,i64,512,full,desc,0,0,6,195,2569.231
sorted,vector,i64,512,full,desc,0,1,6,195,2564.103
sorted,vector,i64,512,bits22,asc,0,1,0,178,2814.607
sorted,vector,i64,512,bits22,asc,0,0,0,165,3036.364
sorted,vector,i64,512,bits22,asc,0,0,1,167,2994.012
sorted,vector,i64,512,bits22,asc,0,1,1,166,3018.072
sorted,vector,i64,512,bits22,asc,0,0,2,156,3224.359
sorted,vector,i64,512,bits22,asc,0,1,2,150,3333.333
sorted,vector,i64,512,bits22,asc,0,1,3,167,3005.988
sorted,vector,i64,512,bits22,asc,0,0,3,158,3164.557
sorted,vector,i64,512,bits22,asc,0,1,4,160,3131.250
sorted,vector,i64,512,bits22,asc,0,0,4,164,3054.878
sorted,vector,i64,512,bits22,asc,0,1,5,166,3018.072
sorted,vector,i64,512,bits22,asc,0,0,5,149,3355.705
sorted,vector,i64,512,bits22,asc,0,1,6,198,2535.354
sorted,vector,i64,512,bits22,asc,0,0,6,196,2556.122
sorted,vector,i64,512,bits22,desc,0,1,0,203,2472.906
sorted,vector,i64,512,bits22,desc,0,0,0,185,2702.703
sorted,vector,i64,512,bits22,desc,0,0,1,166,3012.048
sorted,vector,i64,512,bits22,desc,0,1,1,171,2923.977
sorted,vector,i64,512,bits22,desc,0,1,2,177,2830.508
sorted,vector,i64,512,bits22,desc,0,0,2,179,2798.883
sorted,vector,i64,512,bits22,desc,0,1,3,171,2923.977
sorted,vector,i64,512,bits22,desc,0,0,3,168,2976.190
sorted,vector,i64,512,bits22,desc,0,0,4,174,2885.057
sorted,vector,i64,512,bits22,desc,0,1,4,199,2517.588
sorted,vector,i64,512,bits22,desc,0,0,5,200,2505.000
sorted,vector,i64,512,bits22,desc,0,1,5,178,2820.225
sorted,vector,i64,512,bits22,desc,0,1,6,193,2595.855
sorted,vector,i64,512,bits22,desc,0,0,6,194,2582.474
sorted,vector,i64,512,gaps,asc,0,1,0,195,2569.231
sorted,vector,i64,512,gaps,asc,0,0,0,195,2569.231
sorted,vector,i64,512,gaps,asc,0,0,1,193,2595.855
sorted,vector,i64,512,gaps,asc,0,1,1,194,2577.320
sorted,vector,i64,512,gaps,asc,0,1,2,178,2808.989
sorted,vector,i64,512,gaps,asc,0,0,2,175,2857.143
sorted,vector,i64,512,gaps,asc,0,1,3,177,2830.508
sorted,vector,i64,512,gaps,asc,0,0,3,181,2767.956
sorted,vector,i64,512,gaps,asc,0,0,4,179,2798.883
sorted,vector,i64,512,gaps,asc,0,1,4,180,2788.889
sorted,vector,i64,512,gaps,asc,0,1,5,181,2762.431
sorted,vector,i64,512,gaps,asc,0,0,5,163,3073.620
sorted,vector,i64,512,gaps,asc,0,1,6,193,2590.674
sorted,vector,i64,512,gaps,asc,0,0,6,191,2617.801
sorted,vector,i64,512,gaps,desc,0,0,0,201,2497.512
sorted,vector,i64,512,gaps,desc,0,1,0,202,2480.198
sorted,vector,i64,512,gaps,desc,0,0,1,202,2475.248
sorted,vector,i64,512,gaps,desc,0,1,1,195,2564.103
sorted,vector,i64,512,gaps,desc,0,1,2,203,2467.980
sorted,vector,i64,512,gaps,desc,0,0,2,200,2505.000
sorted,vector,i64,512,gaps,desc,0,1,3,194,2582.474
sorted,vector,i64,512,gaps,desc,0,0,3,174,2873.563
sorted,vector,i64,512,gaps,desc,0,1,4,173,2901.734
sorted,vector,i64,512,gaps,desc,0,0,4,152,3315.789
sorted,vector,i64,512,gaps,desc,0,0,5,179,2804.469
sorted,vector,i64,512,gaps,desc,0,1,5,198,2525.253
sorted,vector,i64,512,gaps,desc,0,0,6,197,2543.147
sorted,vector,i64,512,gaps,desc,0,1,6,198,2530.303
sorted,vector,i64,512,few,asc,0,0,0,512,957.031
sorted,vector,i64,512,few,asc,0,1,0,512,921.875
sorted,vector,i64,512,few,asc,0,0,1,512,947.266
sorted,vector,i64,512,few,asc,0,1,1,512,945.312
sorted,vector,i64,512,few,asc,0,0,2,512,951.172
sorted,vector,i64,512,few,asc,0,1,2,500,1000.000
sorted,vector,i64,512,few,asc,0,1,3,512,968.750
sorted,vector,i64,512,few,asc,0,0,3,512,957.031
sorted,vector,i64,512,few,asc,0,1,4,512,972.656
sorted,vector,i64,512,few,asc,0,0,4,498,1004.016
sorted,vector,i64,512,few,asc,0,0,5,485,1030.928
sorted,vector,i64,512,few,asc,0,1,5,503,994.036
sorted,vector,i64,512,few,asc,0,0,6,478,1046.025
sorted,vector,i64,512,few,asc,0,1,6,509,982.318
sorted,vector,i64,512,few,desc,0,1,0,451,1108.647
sorted,vector,i64,512,few,desc,0,0,0,463,1079.914
sorted,vector,i64,512,few,desc,0,0,1,470,1063.830
sorted,vector,i64,512,few,desc,0,1,1,456,1096.491
sorted,vector,i64,512,few,desc,0,0,2,506,990.119
sorted,vector,i64,512,few,desc,0,1,2,479,1043.841
sorted,vector,i64,512,few,desc,0,0,3,465,1075.269
sorted,vector,i64,512,few,desc,0,1,3,442,1131.222
sorted,vector,i64,512,few,desc,0,0,4,458,1091.703
sorted,vector,i64,512,few,desc,0,1,4,460,1089.130
sorted,vector,i64,512,few,desc,0,0,5,467,1070.664
sorted,vector,i64,512,few,desc,0,1,5,439,1138.952
sorted,vector,i64,512,few,desc,0,1,6,450,1111.111
sorted,vector,i64,512,few,desc,0,0,6,439,1138.952
sorted,vector,i64,512,ordered,asc,0,0,0,512,167.969
sorted,vector,i64,512,ordered,asc,0,1,0,512,164.062
sorted,vector,i64,512,ordered,asc,0,1,1,512,166.016
sorted,vector,i64,512,ordered,asc,0,0,1,512,169.922
sorted,vector,i64,512,ordered,asc,0,1,2,512,158.203
sorted,vector,i64,512,ordered,asc,0,0,2,512,169.922
sorted,vector,i64,512,ordered,asc,0,1,3,512,169.922
sorted,vector,i64,512,ordered,asc,0,0,3,512,166.016
sorted,vector,i64,512,ordered,asc,0,0,4,512,167.969
sorted,vector,i64,512,ordered,asc,0,1,4,512,169.922
sorted,vector,i64,512,ordered,asc,0,0,5,512,156.250
sorted,vector,i64,512,ordered,asc,0,1,5,512,171.875
sorted,vector,i64,512,ordered,asc,0,1,6,512,164.062
sorted,vector,i64,512,ordered,asc,0,0,6,512,167.969
sorted,vector,i64,512,ordered,desc,0,1,0,512,240.234
sorted,vector,i64,512,ordered,desc,0,0,0,512,246.094
sorted,vector,i64,512,ordered,desc,0,1,1,512,259.766
sorted,vector,i64,512,ordered,desc,0,0,1,512,242.188
sorted,vector,i64,512,ordered,desc,0,0,2,512,234.375
sorted,vector,i64,512,ordered,desc,0,1,2,512,242.188
sorted,vector,i64,512,ordered,desc,0,1,3,512,242.188
sorted,vector,i64,512,ordered,desc,0,0,3,512,240.234
sorted,vector,i64,512,ordered,desc,0,1,4,512,302.734
sorted,vector,i64,512,ordered,desc,0,0,4,512,210.938
sorted,vector,i64,512,ordered,desc,0,1,5,512,205.078
sorted,vector,i64,512,ordered,desc,0,0,5,512,207.031
sorted,vector,i64,512,ordered,desc,0,0,6,512,216.797
sorted,vector,i64,512,ordered,desc,0,1,6,512,222.656
sorted,vector,i64,512,reverse,asc,0,0,0,512,218.750
sorted,vector,i64,512,reverse,asc,0,1,0,512,212.891
sorted,vector,i64,512,reverse,asc,0,1,1,512,205.078
sorted,vector,i64,512,reverse,asc,0,0,1,512,212.891
sorted,vector,i64,512,reverse,asc,0,1,2,512,214.844
sorted,vector,i64,512,reverse,asc,0,0,2,512,208.984
sorted,vector,i64,512,reverse,asc,0,0,3,512,224.609
sorted,vector,i64,512,reverse,asc,0,1,3,512,216.797
sorted,vector,i64,512,reverse,asc,0,1,4,512,210.938
sorted,vector,i64,512,reverse,asc,0,0,4,512,203.125
sorted,vector,i64,512,reverse,asc,0,1,5,512,210.938
sorted,vector,i64,512,reverse,asc,0,0,5,512,216.797
sorted,vector,i64,512,reverse,asc,0,0,6,512,263.672
sorted,vector,i64,512,reverse,asc,0,1,6,512,224.609
sorted,vector,i64,512,reverse,desc,0,0,0,512,171.875
sorted,vector,i64,512,reverse,desc,0,1,0,512,167.969
sorted,vector,i64,512,reverse,desc,0,0,1,512,154.297
sorted,vector,i64,512,reverse,desc,0,1,1,512,171.875
sorted,vector,i64,512,reverse,desc,0,0,2,512,162.109
sorted,vector,i64,512,reverse,desc,0,1,2,512,179.688
sorted,vector,i64,512,reverse,desc,0,1,3,512,160.156
sorted,vector,i64,512,reverse,desc,0,0,3,512,167.969
sorted,vector,i64,512,reverse,desc,0,0,4,512,166.016
sorted,vector,i64,512,reverse,desc,0,1,4,512,158.203
sorted,vector,i64,512,reverse,desc,0,0,5,512,160.156
sorted,vector,i64,512,reverse,desc,0,1,5,512,150.391
sorted,vector,i64,512,reverse,desc,0,0,6,512,166.016
sorted,vector,i64,512,reverse,desc,0,1,6,512,173.828
sorted,vector,i64,512,nearly,asc,0,0,0,199,2512.563
sorted,vector,i64,512,nearly,asc,0,1,0,241,2074.689
sorted,vector,i64,512,nearly,asc,0,1,1,230,2178.261
sorted,vector,i64,512,nearly,asc,0,0,1,240,2087.500
sorted,vector,i64,512,nearly,asc,0,0,2,238,2100.840
sorted,vector,i64,512,nearly,asc,0,1,2,235,2131.915
sorted,vector,i64,512,nearly,asc,0,0,3,234,2136.752
sorted,vector,i64,512,nearly,asc,0,1,3,242,2070.248
sorted,vector,i64,512,nearly,asc,0,0,4,241,2078.838
sorted,vector,i64,512,nearly,asc,0,1,4,240,2087.500
sorted,vector,i64,512,nearly,asc,0,1,5,242,2070.248
sorted,vector,i64,512,nearly,asc,0,0,5,231,2164.502
sorted,vector,i64,512,nearly,asc,0,0,6,231,2164.502
sorted,vector,i64,512,nearly,asc,0,1,6,237,2109.705
sorted,vector,i64,512,nearly,desc,0,0,0,265,1890.566
sorted,vector,i64,512,nearly,desc,0,1,0,271,1845.018
sorted,vector,i64,512,nearly,desc,0,1,1,281,1782.918
sorted,vector,i64,512,nearly,desc,0,0,1,255,1960.784
sorted,vector,i64,512,nearly,desc,0,1,2,271,1845.018
sorted,vector,i64,512,nearly,desc,0,0,2,265,1886.792
sorted,vector,i64,512,nearly,desc,0,0,3,276,1811.594
sorted,vector,i64,512,nearly,desc,0,1,3,272,1841.912
sorted,vector,i64,512,nearly,desc,0,1,4,282,1773.050
sorted,vector,i64,512,nearly,desc,0,0,4,270,1851.852
sorted,vector,i64,512,nearly,desc,0,0,5,266,1883.459
sorted,vector,i64,512,nearly,desc,0,1,5,270,1855.556
sorted,vector,i64,512,nearly,desc,0,0,6,267,1872.659
sorted,vector,i64,512,nearly,desc,0,1,6,263,1901.141
sorted,vector,i64,512,equal,asc,0,0,0,512,142.578
sorted,vector,i64,512,equal,asc,0,1,0,512,183.594
sorted,vector,i64,512,equal,asc,0,1,1,512,166.016
sorted,vector,i64,512,equal,asc,0,0,1,512,158.203
sorted,vector,i64,512,equal,asc,0,1,2,512,140.625
sorted,vector,i64,512,equal,asc,0,0,2,512,152.344
sorted,vector,i64,512,equal,asc,0,0,3,512,152.344
sorted,vector,i64,512,equal,asc,0,1,3,512,154.297
sorted,vector,i64,512,equal,asc,0,1,4,512,185.547
sorted,vector,i64,512,equal,asc,0,0,4,512,175.781
sorted,vector,i64,512,equal,asc,0,0,5,512,158.203
sorted,vector,i64,512,equal,asc,0,1,5,512,148.438
sorted,vector,i64,512,equal,asc,0,1,6,512,160.156
sorted,vector,i64,512,equal,asc,0,0,6,512,142.578
sorted,vector,i64,512,equal,desc,0,1,0,512,140.625
sorted,vector,i64,512,equal,desc,0,0,0,512,152.344
sorted,vector,i64,512,equal,desc,0,0,1,512,146.484
sorted,vector,i64,512,equal,desc,0,1,1,512,146.484
sorted,vector,i64,512,equal,desc,0,0,2,512,146.484
sorted,vector,i64,512,equal,desc,0,1,2,512,146.484
sorted,vector,i64,512,equal,desc,0,1,3,512,144.531
sorted,vector,i64,512,equal,desc,0,0,3,512,177.734
sorted,vector,i64,512,equal,desc,0,0,4,512,154.297
sorted,vector,i64,512,equal,desc,0,1,4,512,144.531
sorted,vector,i64,512,equal,desc,0,1,5,512,164.062
sorted,vector,i64,512,equal,desc,0,0,5,512,162.109
sorted,vector,i64,512,equal,desc,0,0,6,512,144.531
sorted,vector,i64,512,equal,desc,0,1,6,512,160.156
sorted,vector,i64,4096,full,asc,0,1,0,24,21333.333
sorted,vector,i64,4096,full,asc,0,0,0,23,22434.783
sorted,vector,i64,4096,full,asc,0,1,1,23,21956.522
sorted,vector,i64,4096,full,asc,0,0,1,23,22130.435
sorted,vector,i64,4096,full,asc,0,1,2,23,22434.783
sorted,vector,i64,4096,full,asc,0,0,2,22,22954.545
sorted,vector,i64,4096,full,asc,0,1,3,20,25900.000
sorted,vector,i64,4096,full,asc,0,0,3,22,23136.364
sorted,vector,i64,4096,full,asc,0,0,4,23,22391.304
sorted,vector,i64,4096,full,asc,0,1,4,24,21250.000
sorted,vector,i64,4096,full,asc,0,1,5,23,21869.565
sorted,vector,i64,4096,full,asc,0,0,5,22,22954.545
sorted,vector,i64,4096,full,asc,0,0,6,23,22086.957
sorted,vector,i64,4096,full,asc,0,1,6,22,23000.000
sorted,vector,i64,4096,full,desc,0,0,0,23,21739.130
sorted,vector,i64,4096,full,desc,0,1,0,23,22260.870
sorted,vector,i64,4096,full,desc,0,1,1,24,21583.333
sorted,vector,i64,4096,full,desc,0,0,1,24,21375.000
sorted,vector,i64,4096,full,desc,0,1,2,23,22173.913
sorted,vector,i64,4096,full,desc,0,0,2,23,22434.783
sorted,vector,i64,4096,full,desc,0,1,3,21,24190.476
sorted,vector,i64,4096,full,desc,0,0,3,24,21375.000
sorted,vector,i64,4096,full,desc,0,0,4,24,21583.333
sorted,vector,i64,4096,full,desc,0,1,4,22,23136.364
sorted,vector,i64,4096,full,desc,0,0,5,23,21739.130
sorted,vector,i64,4096,full,desc,0,1,5,22,23181.818
sorted,vector,i64,4096,full,desc,0,0,6,23,22608.696
sorted,vector,i64,4096,full,desc,0,1,6,23,22434.783
sorted,vector,i64,4096,bits22,asc,0,0,0,48,10520.833
sorted,vector,i64,4096,bits22,asc,0,1,0,44,11568.182
sorted,vector,i64,4096,bits22,asc,0,0,1,55,9218.182
sorted,vector,i64,4096,bits22,asc,0,1,1,55,9127.273
sorted,vector,i64,4096,bits22,asc,0,0,2,54,9259.259
sorted,vector,i64,4096,bits22,asc,0,1,2,55,9218.182
sorted,vector,i64,4096,bits22,asc,0,0,3,54,9351.852
sorted,vector,i64,4096,bits22,asc,0,1,3,54,9370.370
sorted,vector,i64,4096,bits22,asc,0,0,4,54,9407.407
sorted,vector,i64,4096,bits22,asc,0,1,4,54,9314.815
sorted,vector,i64,4096,bits22,asc,0,0,5,54,9351.852
sorted,vector,i64,4096,bits22,asc,0,1,5,54,9296.296
sorted,vector,i64,4096,bits22,asc,0,0,6,54,9370.370
sorted,vector,i64,4096,bits22,asc,0,1,6,53,9471.698
sorted,vector,i64,4096,bits22,desc,0,1,0,54,9259.259
sorted,vector,i64,4096,bits22,desc,0,0,0,51,9921.569
sorted,vector,i64,4096,bits22,desc,0,0,1,53,9452.830
sorted,vector,i64,4096,bits22,desc,0,1,1,50,10060.000
sorted,vector,i64,4096,bits22,desc,0,0,2,51,9823.529
sorted,vector,i64,4096,bits22,desc,0,1,2,51,9823.529
sorted,vector,i64,4096,bits22,desc,0,0,3,53,9566.038
sorted,vector,i64,4096,bits22,desc,0,1,3,54,9296.296
sorted,vector,i64,4096,bits22,desc,0,0,4,49,10387.755
sorted,vector,i64,4096,bits22,desc,0,1,4,54,9370.370
sorted,vector,i64,4096,bits22,desc,0,1,5,51,9823.529
sorted,vector,i64,4096,bits22,desc,0,0,5,48,10583.333
sorted,vector,i64,4096,bits22,desc,0,0,6,53,9547.170
sorted,vector,i64,4096,bits22,desc,0,1,6,51,9862.745
sorted,vector,i64,4096,gaps,asc,0,0,0,28,17892.857
sorted,vector,i64,4096,gaps,asc,0,1,0,27,18518.519
sorted,vector,i64,4096,gaps,asc,0,1,1,28,18392.857
sorted,vector,i64,4096,gaps,asc,0,0,1,28,18178.571
sorted,vector,i64,4096,gaps,asc,0,1,2,28,18178.571
sorted,vector,i64,4096,gaps,asc,0,0,2,28,18250.000
sorted,vector,i64,4096,gaps,asc,0,1,3,27,18814.815
sorted,vector,i64,4096,gaps,asc,0,0,3,29,17827.586
sorted,vector,i64,4096,gaps,asc,0,1,4,28,18392.857
sorted,vector,i64,4096,gaps,asc,0,0,4,28,18107.143
sorted,vector,i64,4096,gaps,asc,0,1,5,27,18629.630
sorted,vector,i64,4096,gaps,asc,0,0,5,25,20400.000
sorted,vector,i64,4096,gaps,asc,0,1,6,27,18962.963
sorted,vector,i64,4096,gaps,asc,0,0,6,27,18925.926
sorted,vector,i64,4096,gaps,desc,0,0,0,28,17892.857
sorted,vector,i64,4096,gaps,desc,0,1,0,28,17892.857
sorted,vector,i64,4096,gaps,desc,0,0,1,25,20720.000
sorted,vector,i64,4096,gaps,desc,0,1,1,27,18814.815
sorted,vector,i64,4096,gaps,desc,0,0,2,27,18592.593
sorted,vector,i64,4096,gaps,desc,0,1,2,28,18035.714
sorted,vector,i64,4096,gaps,desc,0,1,3,27,18740.741
sorted,vector,i64,4096,gaps,desc,0,0,3,28,18250.000
sorted,vector,i64,4096,gaps,desc,0,1,4,28,18357.143
sorted,vector,i64,4096,gaps,desc,0,0,4,27,18666.667
sorted,vector,i64,4096,gaps,desc,0,1,5,28,18142.857
sorted,vector,i64,4096,gaps,desc,0,0,5,27,18518.519
sorted,vector,i64,4096,gaps,desc,0,1,6,28,18500.000
sorted,vector,i64,4096,gaps,desc,0,0,6,27,18888.889
sorted,vector,i64,4096,few,asc,0,1,0,80,6300.000
sorted,vector,i64,4096,few,asc,0,0,0,76,6644.737
sorted,vector,i64,4096,few,asc,0,1,1,80,6300.000
sorted,vector,i64,4096,few,asc,0,0,1,84,6000.000
sorted,vector,i64,4096,few,asc,0,1,2,80,6287.500
sorted,vector,i64,4096,few,asc,0,0,2,80,6275.000
sorted,vector,i64,4096,few,asc,0,0,3,76,6618.421
sorted,vector,i64,4096,few,asc,0,1,3,83,6060.241
sorted,vector,i64,4096,few,asc,0,1,4,78,6435.897
sorted,vector,i64,4096,few,asc,0,0,4,83,6096.386
sorted,vector,i64,4096,few,asc,0,1,5,81,6172.840
sorted,vector,i64,4096,few,asc,0,0,5,82,6097.561
sorted,vector,i64,4096,few,asc,0,0,6,80,6250.000
sorted,vector,i64,4096,few,asc,0,1,6,76,6644.737
sorted,vector,i64,4096,few,desc,0,1,0,82,6121.951
sorted,vector,i64,4096,few,desc,0,0,0,80,6287.500
sorted,vector,i64,4096,few,desc,0,1,1,82,6158.537
sorted,vector,i64,4096,few,desc,0,0,1,80,6250.000
sorted,vector,i64,4096,few,desc,0,0,2,84,5976.190
sorted,vector,i64,4096,few,desc,0,1,2,81,6197.531
sorted,vector,i64,4096,few,desc,0,1,3,81,6209.877
sorted,vector,i64,4096,few,desc,0,0,3,81,6222.222
sorted,vector,i64,4096,few,desc,0,1,4,73,6876.712
sorted,vector,i64,4096,few,desc,0,0,4,86,5872.093
sorted,vector,i64,4096,few,desc,0,1,5,77,6506.494
sorted,vector,i64,4096,few,desc,0,0,5,80,6275.000
sorted,vector,i64,4096,few,desc,0,0,6,78,6461.538
sorted,vector,i64,4096,few,desc,0,1,6,77,6584.416
sorted,vector,i64,4096,ordered,asc,0,0,0,512,943.359
sorted,vector,i64,4096,ordered,asc,0,1,0,512,937.500
sorted,vector,i64,4096,ordered,asc,0,1,1,512,939.453
sorted,vector,i64,4096,ordered,asc,0,0,1,512,941.406
sorted,vector,i64,4096,ordered,asc,0,0,2,512,927.734
sorted,vector,i64,4096,ordered,asc,0,1,2,512,937.500
sorted,vector,i64,4096,ordered,asc,0,0,3,512,929.688
sorted,vector,i64,4096,ordered,asc,0,1,3,512,976.562
sorted,vector,i64,4096,ordered,asc,0,1,4,512,945.312
sorted,vector,i64,4096,ordered,asc,0,0,4,497,1006.036
sorted,vector,i64,4096,ordered,asc,0,0,5,512,953.125
sorted,vector,i64,4096,ordered,asc,0,1,5,512,960.938
sorted,vector,i64,4096,ordered,asc,0,1,6,509,982.318
sorted,vector,i64,4096,ordered,asc,0,0,6,512,960.938
sorted,vector,i64,4096,ordered,desc,0,0,0,340,1470.588
sorted,vector,i64,4096,ordered,desc,0,1,0,351,1427.350
sorted,vector,i64,4096,ordered,desc,0,1,1,324,1543.210
sorted,vector,i64,4096,ordered,desc,0,0,1,358,1396.648
sorted,vector,i64,4096,ordered,desc,0,0,2,345,1449.275
sorted,vector,i64,4096,ordered,desc,0,1,2,328,1527.439
sorted,vector,i64,4096,ordered,desc,0,1,3,343,1457.726
sorted,vector,i64,4096,ordered,desc,0,0,3,348,1436.782
sorted,vector,i64,4096,ordered,desc,0,0,4,342,1461.988
sorted,vector,i64,4096,ordered,desc,0,1,4,353,1416.431
sorted,vector,i64,4096,ordered,desc,0,1,5,338,1482.249
sorted,vector,i64,4096,ordered,desc,0,0,5,349,1432.665
sorted,vector,i64,4096,ordered,desc,0,0,6,349,1432.665
sorted,vector,i64,4096,ordered,desc,0,1,6,348,1439.655
sorted,vector,i64,4096,reverse,asc,0,1,0,334,1497.006
sorted,vector,i64,4096,reverse,asc,0,0,0,320,1562.500
sorted,vector,i64,4096,reverse,asc,0,1,1,315,1590.476
sorted,vector,i64,4096,reverse,asc,0,0,1,301,1661.130
sorted,vector,i64,4096,reverse,asc,0,1,2,352,1423.295
sorted,vector,i64,4096,reverse,asc,0,0,2,354,1412.429
sorted,vector,i64,4096,reverse,asc,0,0,3,348,1436.782
sorted,vector,i64,4096,reverse,asc,0,1,3,359,1395.543
sorted,vector,i64,4096,reverse,asc,0,1,4,361,1387.812
sorted,vector,i64,4096,reverse,asc,0,0,4,359,1395.543
sorted,vector,i64,4096,reverse,asc,0,1,5,360,1388.889
sorted,vector,i64,4096,reverse,asc,0,0,5,357,1400.560
sorted,vector,i64,4096,reverse,asc,0,0,6,363,1377.410
sorted,vector,i64,4096,reverse,asc,0,1,6,354,1412.429
sorted,vector,i64,4096,reverse,desc,0,0,0,512,960.938
sorted,vector,i64,4096,reverse,desc,0,1,0,511,978.474
sorted,vector,i64,4096,reverse,desc,0,0,1,500,1000.000
sorted,vector,i64,4096,reverse,desc,0,1,1,512,964.844
sorted,vector,i64,4096,reverse,desc,0,1,2,512,960.938
sorted,vector,i64,4096,reverse,desc,0,0,2,512,972.656
sorted,vector,i64,4096,reverse,desc,0,1,3,512,953.125
sorted,vector,i64,4096,reverse,desc,0,0,3,506,988.142
sorted,vector,i64,4096,reverse,desc,0,0,4,494,1012.146
sorted,vector,i64,4096,reverse,desc,0,1,4,512,947.266
sorted,vector,i64,4096,reverse,desc,0,1,5,512,970.703
sorted,vector,i64,4096,reverse,desc,0,0,5,512,943.359
sorted,vector,i64,4096,reverse,desc,0,1,6,511,978.474
sorted,vector,i64,4096,reverse,desc,0,0,6,512,970.703
sorted,vector,i64,4096,nearly,asc,0,1,0,24,21291.667
sorted,vector,i64,4096,nearly,asc,0,0,0,24,21125.000
sorted,vector,i64,4096,nearly,asc,0,1,1,20,25700.000
sorted,vector,i64,4096,nearly,asc,0,0,1,24,21000.000
sorted,vector,i64,4096,nearly,asc,0,1,2,25,20480.000
sorted,vector,i64,4096,nearly,asc,0,0,2,24,20833.333
sorted,vector,i64,4096,nearly,asc,0,1,3,25,20600.000
sorted,vector,i64,4096,nearly,asc,0,0,3,24,21541.667
sorted,vector,i64,4096,nearly,asc,0,0,4,25,20720.000
sorted,vector,i64,4096,nearly,asc,0,1,4,23,21869.565
sorted,vector,i64,4096,nearly,asc,0,0,5,23,21869.565
sorted,vector,i64,4096,nearly,asc,0,1,5,23,21869.565
sorted,vector,i64,4096,nearly,asc,0,1,6,24,21666.667
sorted,vector,i64,4096,nearly,asc,0,0,6,24,21291.667
sorted,vector,i64,4096,nearly,desc,0,0,0,22,23090.909
sorted,vector,i64,4096,nearly,desc,0,1,0,24,20958.333
sorted,vector,i64,4096,nearly,desc,0,0,1,19,27210.526
sorted,vector,i64,4096,nearly,desc,0,1,1,21,24095.238
sorted,vector,i64,4096,nearly,desc,0,0,2,24,21375.000
sorted,vector,i64,4096,nearly,desc,0,1,2,22,23136.364
sorted,vector,i64,4096,nearly,desc,0,0,3,23,22217.391
sorted,vector,i64,4096,nearly,desc,0,1,3,22,23181.818
sorted,vector,i64,4096,nearly,desc,0,1,4,23,21739.130
sorted,vector,i64,4096,nearly,desc,0,0,4,22,22727.273
sorted,vector,i64,4096,nearly,desc,0,0,5,23,22652.174
sorted,vector,i64,4096,nearly,desc,0,1,5,23,22478.261
sorted,vector,i64,4096,nearly,desc,0,0,6,23,22695.652
sorted,vector,i64,4096,nearly,desc,0,1,6,24,21000.000
sorted,vector,i64,4096,equal,asc,0,0,0,458,1091.703
sorted,vector,i64,4096,equal,asc,0,1,0,487,1026.694
sorted,vector,i64,4096,equal,asc,0,0,1,473,1057.082
sorted,vector,i64,4096,equal,asc,0,1,1,507,986.193
sorted,vector,i64,4096,equal,asc,0,1,2,477,1048.218
sorted,vector,i64,4096,equal,asc,0,0,2,512,960.938
sorted,vector,i64,4096,equal,asc,0,0,3,504,992.063
sorted,vector,i64,4096,equal,asc,0,1,3,512,974.609
sorted,vector,i64,4096,equal,asc,0,1,4,461,1084.599
sorted,vector,i64,4096,equal,asc,0,0,4,512,925.781
sorted,vector,i64,4096,equal,asc,0,0,5,512,962.891
sorted,vector,i64,4096,equal,asc,0,1,5,512,968.750
sorted,vector,i64,4096,equal,asc,0,0,6,512,976.562
sorted,vector,i64,4096,equal,asc,0,1,6,505,990.099
sorted,vector,i64,4096,equal,desc,0,0,0,512,931.641
sorted,vector,i64,4096,equal,desc,0,1,0,491,1018.330
sorted,vector,i64,4096,equal,desc,0,0,1,512,941.406
sorted,vector,i64,4096,equal,desc,0,1,1,512,933.594
sorted,vector,i64,4096,equal,desc,0,0,2,512,916.016
sorted,vector,i64,4096,equal,desc,0,1,2,493,1014.199
sorted,vector,i64,4096,equal,desc,0,1,3,489,1022.495
sorted,vector,i64,4096,equal,desc,0,0,3,456,1096.491
sorted,vector,i64,4096,equal,desc,0,0,4,426,1173.709
sorted,vector,i64,4096,equal,desc,0,1,4,504,992.063
sorted,vector,i64,4096,equal,desc,0,0,5,490,1020.408
sorted,vector,i64,4096,equal,desc,0,1,5,479,1043.841
sorted,vector,i64,4096,equal,desc,0,0,6,501,998.004
sorted,vector,i64,4096,equal,desc,0,1,6,512,937.500
sorted,vector,i64,65536,full,asc,0,0,0,2,427000.000
sorted,vector,i64,65536,full,asc,0,1,0,2,401500.000
sorted,vector,i64,65536,full,asc,0,1,1,2,377500.000
sorted,vector,i64,65536,full,asc,0,0,1,2,371000.000
sorted,vector,i64,65536,full,asc,0,1,2,2,374500.000
sorted,vector,i64,65536,full,asc,0,0,2,2,388000.000
sorted,vector,i64,65536,full,asc,0,1,3,2,379000.000
sorted,vector,i64,65536,full,asc,0,0,3,2,389000.000
sorted,vector,i64,65536,full,asc,0,0,4,2,394000.000
sorted,vector,i64,65536,full,asc,0,1,4,1,508000.000
sorted,vector,i64,65536,full,asc,0,0,5,2,408000.000
sorted,vector,i64,65536,full,asc,0,1,5,2,399000.000
sorted,vector,i64,65536,full,asc,0,1,6,2,372500.000
sorted,vector,i64,65536,full,asc,0,0,6,2,370000.000
sorted,vector,i64,65536,full,desc,0,0,0,2,374500.000
sorted,vector,i64,65536,full,desc,0,1,0,2,388000.000
sorted,vector,i64,65536,full,desc,0,1,1,2,402000.000
sorted,vector,i64,65536,full,desc,0,0,1,2,391500.000
sorted,vector,i64,65536,full,desc,0,1,2,2,385500.000
sorted,vector,i64,65536,full,desc,0,0,2,2,383500.000
sorted,vector,i64,65536,full,desc,0,1,3,2,413500.000
sorted,vector,i64,65536,full,desc,0,0,3,2,393000.000
sorted,vector,i64,65536,full,desc,0,0,4,2,394000.000
sorted,vector,i64,65536,full,desc,0,1,4,2,399500.000
sorted,vector,i64,65536,full,desc,0,0,5,2,389500.000
sorted,vector,i64,65536,full,desc,0,1,5,2,463000.000
sorted,vector,i64,65536,full,desc,0,0,6,2,364000.000
sorted,vector,i64,65536,full,desc,0,1,6,2,357500.000
sorted,vector,i64,65536,bits22,asc,0,1,0,4,149750.000
sorted,vector,i64,65536,bits22,asc,0,0,0,4,147250.000
sorted,vector,i64,65536,bits22,asc,0,1,1,4,150750.000
sorted,vector,i64,65536,bits22,asc,0,0,1,4,150500.000
sorted,vector,i64,65536,bits22,asc,0,0,2,4,148250.000
sorted,vector,i64,65536,bits22,asc,0,1,2,4,151000.000
sorted,vector,i64,65536,bits22,asc,0,0,3,3,194000.000
sorted,vector,i64,65536,bits22,asc,0,1,3,4,162750.000
sorted,vector,i64,65536,bits22,asc,0,1,4,4,154750.000
sorted,vector,i64,65536,bits22,asc,0,0,4,4,158500.000
sorted,vector,i64,65536,bits22,asc,0,0,5,4,152000.000
sorted,vector,i64,65536,bits22,asc,0,1,5,3,189666.667
sorted,vector,i64,65536,bits22,asc,0,0,6,4,154500.000
sorted,vector,i64,65536,bits22,asc,0,1,6,4,143250.000
sorted,vector,i64,65536,bits22,desc,0,1,0,4,150250.000
sorted,vector,i64,65536,bits22,desc,0,0,0,4,147000.000
sorted,vector,i64,65536,bits22,desc,0,1,1,4,153250.000
sorted,vector,i64,65536,bits22,desc,0,0,1,4,148500.000
sorted,vector,i64,65536,bits22,desc,0,0,2,4,144500.000
sorted,vector,i64,65536,bits22,desc,0,1,2,4,158000.000
sorted,vector,i64,65536,bits22,desc,0,0,3,4,158750.000
sorted,vector,i64,65536,bits22,desc,0,1,3,4,172500.000
sorted,vector,i64,65536,bits22,desc,0,0,4,3,195333.333
sorted,vector,i64,65536,bits22,desc,0,1,4,3,171000.000
sorted,vector,i64,65536,bits22,desc,0,0,5,4,149000.000
sorted,vector,i64,65536,bits22,desc,0,1,5,4,145750.000
sorted,vector,i64,65536,bits22,desc,0,0,6,4,151500.000
sorted,vector,i64,65536,bits22,desc,0,1,6,4,151250.000
sorted,vector,i64,65536,gaps,asc,0,1,0,3,260000.000
sorted,vector,i64,65536,gaps,asc,0,0,0,2,265500.000
sorted,vector,i64,65536,gaps,asc,0,0,1,2,292000.000
sorted,vector,i64,65536,gaps,asc,0,1,1,2,295000.000
sorted,vector,i64,65536,gaps,asc,0,0,2,2,281500.000
sorted,vector,i64,65536,gaps,asc,0,1,2,2,266500.000
sorted,vector,i64,65536,gaps,asc,0,1,3,2,270500.000
sorted,vector,i64,65536,gaps,asc,0,0,3,3,248333.333
sorted,vector,i64,65536,gaps,asc,0,0,4,2,267000.000
sorted,vector,i64,65536,gaps,asc,0,1,4,3,296666.667
sorted,vector,i64,65536,gaps,asc,0,1,5,2,323000.000
sorted,vector,i64,65536,gaps,asc,0,0,5,2,264500.000
sorted,vector,i64,65536,gaps,asc,0,1,6,3,247333.333
sorted,vector,i64,65536,gaps,asc,0,0,6,2,260500.000
sorted,vector,i64,65536,gaps,desc,0,1,0,3,265666.667
sorted,vector,i64,65536,gaps,desc,0,0,0,2,265500.000
sorted,vector,i64,65536,gaps,desc,0,1,1,3,252666.667
sorted,vector,i64,65536,gaps,desc,0,0,1,2,260000.000
sorted,vector,i64,65536,gaps,desc,0,0,2,2,274000.000
sorted,vector,i64,65536,gaps,desc,0,1,2,3,241666.667
sorted,vector,i64,65536,gaps,desc,0,1,3,2,337500.000
sorted,vector,i64,65536,gaps,desc,0,0,3,3,251333.333
sorted,vector,i64,65536,gaps,desc,0,1,4,2,260500.000
sorted,vector,i64,65536,gaps,desc,0,0,4,3,246666.667
sorted,vector,i64,65536,gaps,desc,0,0,5,2,260500.000
sorted,vector,i64,65536,gaps,desc,0,1,5,3,256000.000
sorted,vector,i64,65536,gaps,desc,0,1,6,2,262500.000
sorted,vector,i64,65536,gaps,desc,0,0,6,2,275000.000
sorted,vector,i64,65536,few,asc,0,0,0,4,150750.000
sorted,vector,i64,65536,few,asc,0,1,0,5,120000.000
sorted,vector,i64,65536,few,asc,0,1,1,5,120400.000
sorted,vector,i64,65536,few,asc,0,0,1,5,117200.000
sorted,vector,i64,65536,few,asc,0,0,2,5,118600.000
sorted,vector,i64,65536,few,asc,0,1,2,5,115400.000
sorted,vector,i64,65536,few,asc,0,1,3,5,114800.000
sorted,vector,i64,65536,few,asc,0,0,3,5,113200.000
sorted,vector,i64,65536,few,asc,0,0,4,5,117600.000
sorted,vector,i64,65536,few,asc,0,1,4,5,115800.000
sorted,vector,i64,65536,few,asc,0,1,5,5,134400.000
sorted,vector,i64,65536,few,asc,0,0,5,3,170333.333
sorted,vector,i64,65536,few,asc,0,0,6,4,147500.000
sorted,vector,i64,65536,few,asc,0,1,6,4,126250.000
sorted,vector,i64,65536,few,desc,0,0,0,4,127000.000
sorted,vector,i64,65536,few,desc,0,1,0,5,119600.000
sorted,vector,i64,65536,few,desc,0,1,1,5,120600.000
sorted,vector,i64,65536,few,desc,0,0,1,5,118200.000
sorted,vector,i64,65536,few,desc,0,0,2,5,120000.000
sorted,vector,i64,65536,few,desc,0,1,2,4,130750.000
sorted,vector,i64,65536,few,desc,0,0,3,4,129000.000
sorted,vector,i64,65536,few,desc,0,1,3,5,120800.000
sorted,vector,i64,65536,few,desc,0,0,4,5,111800.000
sorted,vector,i64,65536,few,desc,0,1,4,5,128600.000
sorted,vector,i64,65536,few,desc,0,1,5,4,135500.000
sorted,vector,i64,65536,few,desc,0,0,5,5,116800.000
sorted,vector,i64,65536,few,desc,0,1,6,5,120000.000
sorted,vector,i64,65536,few,desc,0,0,6,4,127750.000
sorted,vector,i64,65536,ordered,asc,0,1,0,34,14794.118
sorted,vector,i64,65536,ordered,asc,0,0,0,35,14685.714
sorted,vector,i64,65536,ordered,asc,0,0,1,34,15000.000
sorted,vector,i64,65536,ordered,asc,0,1,1,33,15181.818
sorted,vector,i64,65536,ordered,asc,0,0,2,33,15333.333
sorted,vector,i64,65536,ordered,asc,0,1,2,32,15718.750
sorted,vector,i64,65536,ordered,asc,0,0,3,34,14911.765
sorted,vector,i64,65536,ordered,asc,0,1,3,34,15088.235
sorted,vector,i64,65536,ordered,asc,0,0,4,34,14882.353
sorted,vector,i64,65536,ordered,asc,0,1,4,34,15058.824
sorted,vector,i64,65536,ordered,asc,0,1,5,33,15272.727
sorted,vector,i64,65536,ordered,asc,0,0,5,33,15151.515
sorted,vector,i64,65536,ordered,asc,0,0,6,32,15718.750
sorted,vector,i64,65536,ordered,asc,0,1,6,29,17241.379
sorted,vector,i64,65536,ordered,desc,0,1,0,21,24380.952
sorted,vector,i64,65536,ordered,desc,0,0,0,20,26050.000
sorted,vector,i64,65536,ordered,desc,0,1,1,20,25300.000
sorted,vector,i64,65536,ordered,desc,0,0,1,20,25150.000
sorted,vector,i64,65536,ordered,desc,0,1,2,20,26300.000
sorted,vector,i64,65536,ordered,desc,0,0,2,20,26050.000
sorted,vector,i64,65536,ordered,desc,0,1,3,19,26578.947
sorted,vector,i64,65536,ordered,desc,0,0,3,19,26631.579
sorted,vector,i64,65536,ordered,desc,0,1,4,20,25600.000
sorted,vector,i64,65536,ordered,desc,0,0,4,20,25900.000
sorted,vector,i64,65536,ordered,desc,0,0,5,20,26250.000
sorted,vector,i64,65536,ordered,desc,0,1,5,20,25750.000
sorted,vector,i64,65536,ordered,desc,0,1,6,20,25700.000
sorted,vector,i64,65536,ordered,desc,0,0,6,19,26684.211
sorted,vector,i64,65536,reverse,asc,0,0,0,20,25600.000
sorted,vector,i64,65536,reverse,asc,0,1,0,19,26526.316
sorted,vector,i64,65536,reverse,asc,0,1,1,21,24857.143
sorted,vector,i64,65536,reverse,asc,0,0,1,20,25000.000
sorted,vector,i64,65536,reverse,asc,0,1,2,20,25250.000
sorted,vector,i64,65536,reverse,asc,0,0,2,21,24666.667
sorted,vector,i64,65536,reverse,asc,0,0,3,18,29277.778
sorted,vector,i64,65536,reverse,asc,0,1,3,19,27157.895
sorted,vector,i64,65536,reverse,asc,0,1,4,21,24285.714
sorted,vector,i64,65536,reverse,asc,0,0,4,20,25250.000
sorted,vector,i64,65536,reverse,asc,0,0,5,20,25400.000
sorted,vector,i64,65536,reverse,asc,0,1,5,21,24809.524
sorted,vector,i64,65536,reverse,asc,0,1,6,20,25400.000
sorted,vector,i64,65536,reverse,asc,0,0,6,20,25850.000
sorted,vector,i64,65536,reverse,desc,0,0,0,32,15687.500
sorted,vector,i64,65536,reverse,desc,0,1,0,32,15750.000
sorted,vector,i64,65536,reverse,desc,0,1,1,34,14970.588
sorted,vector,i64,65536,reverse,desc,0,0,1,34,15029.412
sorted,vector,i64,65536,reverse,desc,0,1,2,34,14970.588
sorted,vector,i64,65536,reverse,desc,0,0,2,34,14794.118
sorted,vector,i64,65536,reverse,desc,0,0,3,34,15000.000
sorted,vector,i64,65536,reverse,desc,0,1,3,33,15151.515
sorted,vector,i64,65536,reverse,desc,0,0,4,33,15333.333
sorted,vector,i64,65536,reverse,desc,0,1,4,33,15272.727
sorted,vector,i64,65536,reverse,desc,0,0,5,33,15272.727
sorted,vector,i64,65536,reverse,desc,0,1,5,33,15333.333
sorted,vector,i64,65536,reverse,desc,0,0,6,33,15454.545
sorted,vector,i64,65536,reverse,desc,0,1,6,29,17448.276
sorted,vector,i64,65536,nearly,asc,0,1,0,2,379000.000
sorted,vector,i64,65536,nearly,asc,0,0,0,2,364500.000
sorted,vector,i64,65536,nearly,asc,0,1,1,2,375500.000
sorted,vector,i64,65536,nearly,asc,0,0,1,2,360000.000
sorted,vector,i64,65536,nearly,asc,0,1,2,2,353500.000
sorted,vector,i64,65536,nearly,asc,0,0,2,2,355500.000
sorted,vector,i64,65536,nearly,asc,0,1,3,2,392500.000
sorted,vector,i64,65536,nearly,asc,0,0,3,2,340000.000
sorted,vector,i64,65536,nearly,asc,0,0,4,2,338500.000
sorted,vector,i64,65536,nearly,asc,0,1,4,2,360500.000
sorted,vector,i64,65536,nearly,asc,0,1,5,2,351000.000
sorted,vector,i64,65536,nearly,asc,0,0,5,2,363500.000
sorted,vector,i64,65536,nearly,asc,0,0,6,2,353000.000
sorted,vector,i64,65536,nearly,asc,0,1,6,2,366500.000
sorted,vector,i64,65536,nearly,desc,0,0,0,2,391000.000
sorted,vector,i64,65536,nearly,desc,0,1,0,2,340500.000
sorted,vector,i64,65536,nearly,desc,0,0,1,2,362000.000
sorted,vector,i64,65536,nearly,desc,0,1,1,2,363000.000
sorted,vector,i64,65536,nearly,desc,0,0,2,2,362000.000
sorted,vector,i64,65536,nearly,desc,0,1,2,2,369000.000
sorted,vector,i64,65536,nearly,desc,0,1,3,2,366000.000
sorted,vector,i64,65536,nearly,desc,0,0,3,2,371000.000
sorted,vector,i64,65536,nearly,desc,0,0,4,2,375000.000
sorted,vector,i64,65536,nearly,desc,0,1,4,2,374500.000
sorted,vector,i64,65536,nearly,desc,0,1,5,2,368500.000
sorted,vector,i64,65536,nearly,desc,0,0,5,2,407000.000
sorted,vector,i64,65536,nearly,desc,0,0,6,2,397000.000
sorted,vector,i64,65536,nearly,desc,0,1,6,2,429500.000
sorted,vector,i64,65536,equal,asc,0,0,0,34,15000.000
sorted,vector,i64,65536,equal,asc,0,1,0,34,14970.588
sorted,vector,i64,65536,equal,asc,0,1,1,34,15058.824
sorted,vector,i64,65536,equal,asc,0,0,1,34,14764.706
sorted,vector,i64,65536,equal,asc,0,1,2,33,15272.727
sorted,vector,i64,65536,equal,asc,0,0,2,34,14882.353
sorted,vector,i64,65536,equal,asc,0,1,3,34,15058.824
sorted,vector,i64,65536,equal,asc,0,0,3,34,14970.588
sorted,vector,i64,65536,equal,asc,0,1,4,34,14911.765
sorted,vector,i64,65536,equal,asc,0,0,4,33,15454.545
sorted,vector,i64,65536,equal,asc,0,0,5,31,16709.677
sorted,vector,i64,65536,equal,asc,0,1,5,25,20520.000
sorted,vector,i64,65536,equal,asc,0,0,6,33,15545.455
sorted,vector,i64,65536,equal,asc,0,1,6,35,14571.429
sorted,vector,i64,65536,equal,desc,0,0,0,35,14628.571
sorted,vector,i64,65536,equal,desc,0,1,0,34,14970.588
sorted,vector,i64,65536,equal,desc,0,1,1,35,14657.143
sorted,vector,i64,65536,equal,desc,0,0,1,34,14705.882
sorted,vector,i64,65536,equal,desc,0,1,2,34,15000.000
sorted,vector,i64,65536,equal,desc,0,0,2,34,15117.647
sorted,vector,i64,65536,equal,desc,0,1,3,33,15272.727
sorted,vector,i64,65536,equal,desc,0,0,3,34,15058.824
sorted,vector,i64,65536,equal,desc,0,0,4,33,15303.030
sorted,vector,i64,65536,equal,desc,0,1,4,32,15968.750
sorted,vector,i64,65536,equal,desc,0,0,5,32,15625.000
sorted,vector,i64,65536,equal,desc,0,1,5,33,15484.848
sorted,vector,i64,65536,equal,desc,0,1,6,32,15656.250
sorted,vector,i64,65536,equal,desc,0,0,6,32,16031.250
sorted,vector,i64,1000000,full,asc,0,1,0,1,6831000.000
sorted,vector,i64,1000000,full,asc,0,0,0,1,6828000.000
sorted,vector,i64,1000000,full,asc,0,0,1,1,7010000.000
sorted,vector,i64,1000000,full,asc,0,1,1,1,6662000.000
sorted,vector,i64,1000000,full,asc,0,1,2,1,6716000.000
sorted,vector,i64,1000000,full,asc,0,0,2,1,6744000.000
sorted,vector,i64,1000000,full,asc,0,1,3,1,6682000.000
sorted,vector,i64,1000000,full,asc,0,0,3,1,6792000.000
sorted,vector,i64,1000000,full,asc,0,0,4,1,7043000.000
sorted,vector,i64,1000000,full,asc,0,1,4,1,6705000.000
sorted,vector,i64,1000000,full,asc,0,1,5,1,6705000.000
sorted,vector,i64,1000000,full,asc,0,0,5,1,7013000.000
sorted,vector,i64,1000000,full,asc,0,0,6,1,6800000.000
sorted,vector,i64,1000000,full,asc,0,1,6,1,6539000.000
sorted,vector,i64,1000000,full,desc,0,1,0,1,6747000.000
sorted,vector,i64,1000000,full,desc,0,0,0,1,6818000.000
sorted,vector,i64,1000000,full,desc,0,1,1,1,6811000.000
sorted,vector,i64,1000000,full,desc,0,0,1,1,6587000.000
sorted,vector,i64,1000000,full,desc,0,0,2,1,7196000.000
sorted,vector,i64,1000000,full,desc,0,1,2,1,6696000.000
sorted,vector,i64,1000000,full,desc,0,0,3,1,7281000.000
sorted,vector,i64,1000000,full,desc,0,1,3,1,6864000.000
sorted,vector,i64,1000000,full,desc,0,1,4,1,6566000.000
sorted,vector,i64,1000000,full,desc,0,0,4,1,6566000.000
sorted,vector,i64,1000000,full,desc,0,0,5,1,6770000.000
sorted,vector,i64,1000000,full,desc,0,1,5,1,6525000.000
sorted,vector,i64,1000000,full,desc,0,0,6,1,6769000.000
sorted,vector,i64,1000000,full,desc,0,1,6,1,6438000.000
kernel,vector,i64,1000000,full,asc,8,0,0,1,6684000.000
kernel,vector,i64,1000000,full,asc,8,1,0,1,6606000.000
kernel,vector,i64,1000000,full,asc,8,0,1,1,6502000.000
kernel,vector,i64,1000000,full,asc,8,1,1,1,6845000.000
kernel,vector,i64,1000000,full,asc,8,1,2,1,6802000.000
kernel,vector,i64,1000000,full,asc,8,0,2,1,6876000.000
kernel,vector,i64,1000000,full,asc,8,1,3,1,6614000.000
kernel,vector,i64,1000000,full,asc,8,0,3,1,6894000.000
kernel,vector,i64,1000000,full,asc,8,1,4,1,6451000.000
kernel,vector,i64,1000000,full,asc,8,0,4,1,6861000.000
kernel,vector,i64,1000000,full,asc,8,1,5,1,6723000.000
kernel,vector,i64,1000000,full,asc,8,0,5,1,7068000.000
kernel,vector,i64,1000000,full,asc,8,0,6,1,6715000.000
kernel,vector,i64,1000000,full,asc,8,1,6,1,6804000.000
kernel,vector,i64,1000000,full,desc,8,0,0,1,6845000.000
kernel,vector,i64,1000000,full,desc,8,1,0,1,6902000.000
kernel,vector,i64,1000000,full,desc,8,1,1,1,6898000.000
kernel,vector,i64,1000000,full,desc,8,0,1,1,6929000.000
kernel,vector,i64,1000000,full,desc,8,0,2,1,6871000.000
kernel,vector,i64,1000000,full,desc,8,1,2,1,6700000.000
kernel,vector,i64,1000000,full,desc,8,1,3,1,6596000.000
kernel,vector,i64,1000000,full,desc,8,0,3,1,6949000.000
kernel,vector,i64,1000000,full,desc,8,0,4,1,6944000.000
kernel,vector,i64,1000000,full,desc,8,1,4,1,6577000.000
kernel,vector,i64,1000000,full,desc,8,0,5,1,7218000.000
kernel,vector,i64,1000000,full,desc,8,1,5,1,6775000.000
kernel,vector,i64,1000000,full,desc,8,1,6,1,6765000.000
kernel,vector,i64,1000000,full,desc,8,0,6,1,7120000.000
kernel,vector,i64,1000000,full,asc,11,0,0,1,5784000.000
kernel,vector,i64,1000000,full,asc,11,1,0,1,5279000.000
kernel,vector,i64,1000000,full,asc,11,0,1,1,5924000.000
kernel,vector,i64,1000000,full,asc,11,1,1,1,5472000.000
kernel,vector,i64,1000000,full,asc,11,1,2,1,5379000.000
kernel,vector,i64,1000000,full,asc,11,0,2,1,5843000.000
kernel,vector,i64,1000000,full,asc,11,1,3,1,5460000.000
kernel,vector,i64,1000000,full,asc,11,0,3,1,5918000.000
kernel,vector,i64,1000000,full,asc,11,1,4,1,5287000.000
kernel,vector,i64,1000000,full,asc,11,0,4,1,5709000.000
kernel,vector,i64,1000000,full,asc,11,0,5,1,5741000.000
kernel,vector,i64,1000000,full,asc,11,1,5,1,5365000.000
kernel,vector,i64,1000000,full,asc,11,0,6,1,5415000.000
kernel,vector,i64,1000000,full,asc,11,1,6,1,5422000.000
kernel,vector,i64,1000000,full,desc,11,0,0,1,5516000.000
kernel,vector,i64,1000000,full,desc,11,1,0,1,5457000.000
kernel,vector,i64,1000000,full,desc,11,0,1,1,5418000.000
kernel,vector,i64,1000000,full,desc,11,1,1,1,5377000.000
kernel,vector,i64,1000000,full,desc,11,1,2,1,5290000.000
kernel,vector,i64,1000000,full,desc,11,0,2,1,5733000.000
kernel,vector,i64,1000000,full,desc,11,0,3,1,5380000.000
kernel,vector,i64,1000000,full,desc,11,1,3,1,5400000.000
kernel,vector,i64,1000000,full,desc,11,0,4,1,5550000.000
kernel,vector,i64,1000000,full,desc,11,1,4,1,5186000.000
kernel,vector,i64,1000000,full,desc,11,1,5,1,5339000.000
kernel,vector,i64,1000000,full,desc,11,0,5,1,5318000.000
kernel,vector,i64,1000000,full,desc,11,0,6,1,5709000.000
kernel,vector,i64,1000000,full,desc,11,1,6,1,5632000.000
kernel,vector,i64,1000000,full,asc,15,1,0,1,8076000.000
kernel,vector,i64,1000000,full,asc,15,0,0,1,8028000.000
kernel,vector,i64,1000000,full,asc,15,0,1,1,8145000.000
kernel,vector,i64,1000000,full,asc,15,1,1,1,8089000.000
kernel,vector,i64,1000000,full,asc,15,1,2,1,8303000.000
kernel,vector,i64,1000000,full,asc,15,0,2,1,7959000.000
kernel,vector,i64,1000000,full,asc,15,1,3,1,7894000.000
kernel,vector,i64,1000000,full,asc,15,0,3,1,8890000.000
kernel,vector,i64,1000000,full,asc,15,0,4,1,8766000.000
kernel,vector,i64,1000000,full,asc,15,1,4,1,7974000.000
kernel,vector,i64,1000000,full,asc,15,0,5,1,8117000.000
kernel,vector,i64,1000000,full,asc,15,1,5,1,7843000.000
kernel,vector,i64,1000000,full,asc,15,1,6,1,7998000.000
kernel,vector,i64,1000000,full,asc,15,0,6,1,8465000.000
kernel,vector,i64,1000000,full,desc,15,1,0,1,7594000.000
kernel,vector,i64,1000000,full,desc,15,0,0,1,7872000.000
kernel,vector,i64,1000000,full,desc,15,0,1,1,7804000.000
kernel,vector,i64,1000000,full,desc,15,1,1,1,7967000.000
kernel,vector,i64,1000000,full,desc,15,1,2,1,7944000.000
kernel,vector,i64,1000000,full,desc,15,0,2,1,7883000.000
kernel,vector,i64,1000000,full,desc,15,0,3,1,7749000.000
kernel,vector,i64,1000000,full,desc,15,1,3,1,7811000.000
kernel,vector,i64,1000000,full,desc,15,1,4,1,7709000.000
kernel,vector,i64,1000000,full,desc,15,0,4,1,7843000.000
kernel,vector,i64,1000000,full,desc,15,0,5,1,7668000.000
kernel,vector,i64,1000000,full,desc,15,1,5,1,7498000.000
kernel,vector,i64,1000000,full,desc,15,0,6,1,8067000.000
kernel,vector,i64,1000000,full,desc,15,1,6,1,7928000.000
sorted,vector,i64,1000000,bits22,asc,0,0,0,1,3409000.000
sorted,vector,i64,1000000,bits22,asc,0,1,0,1,3282000.000
sorted,vector,i64,1000000,bits22,asc,0,1,1,1,3327000.000
sorted,vector,i64,1000000,bits22,asc,0,0,1,1,3139000.000
sorted,vector,i64,1000000,bits22,asc,0,0,2,1,3195000.000
sorted,vector,i64,1000000,bits22,asc,0,1,2,1,3119000.000
sorted,vector,i64,1000000,bits22,asc,0,1,3,1,3106000.000
sorted,vector,i64,1000000,bits22,asc,0,0,3,1,3196000.000
sorted,vector,i64,1000000,bits22,asc,0,0,4,1,3372000.000
sorted,vector,i64,1000000,bits22,asc,0,1,4,1,3279000.000
sorted,vector,i64,1000000,bits22,asc,0,0,5,1,3211000.000
sorted,vector,i64,1000000,bits22,asc,0,1,5,1,3306000.000
sorted,vector,i64,1000000,bits22,asc,0,1,6,1,3322000.000
sorted,vector,i64,1000000,bits22,asc,0,0,6,1,3224000.000
sorted,vector,i64,1000000,bits22,desc,0,1,0,1,3160000.000
sorted,vector,i64,1000000,bits22,desc,0,0,0,1,3177000.000
sorted,vector,i64,1000000,bits22,desc,0,0,1,1,3182000.000
sorted,vector,i64,1000000,bits22,desc,0,1,1,1,3141000.000
sorted,vector,i64,1000000,bits22,desc,0,1,2,1,3206000.000
sorted,vector,i64,1000000,bits22,desc,0,0,2,1,3220000.000
sorted,vector,i64,1000000,bits22,desc,0,1,3,1,3228000.000
sorted,vector,i64,1000000,bits22,desc,0,0,3,1,3185000.000
sorted,vector,i64,1000000,bits22,desc,0,1,4,1,3220000.000
sorted,vector,i64,1000000,bits22,desc,0,0,4,1,3170000.000
sorted,vector,i64,1000000,bits22,desc,0,1,5,1,3160000.000
sorted,vector,i64,1000000,bits22,desc,0,0,5,1,3138000.000
sorted,vector,i64,1000000,bits22,desc,0,0,6,1,3179000.000
sorted,vector,i64,1000000,bits22,desc,0,1,6,1,3160000.000
kernel,vector,i64,1000000,bits22,asc,8,1,0,1,2783000.000
kernel,vector,i64,1000000,bits22,asc,8,0,0,1,2760000.000
kernel,vector,i64,1000000,bits22,asc,8,0,1,1,2799000.000
kernel,vector,i64,1000000,bits22,asc,8,1,1,1,2807000.000
kernel,vector,i64,1000000,bits22,asc,8,0,2,1,2815000.000
kernel,vector,i64,1000000,bits22,asc,8,1,2,1,2863000.000
kernel,vector,i64,1000000,bits22,asc,8,0,3,1,2746000.000
kernel,vector,i64,1000000,bits22,asc,8,1,3,1,2870000.000
kernel,vector,i64,1000000,bits22,asc,8,1,4,1,2811000.000
kernel,vector,i64,1000000,bits22,asc,8,0,4,1,2854000.000
kernel,vector,i64,1000000,bits22,asc,8,0,5,1,2752000.000
kernel,vector,i64,1000000,bits22,asc,8,1,5,1,2822000.000
kernel,vector,i64,1000000,bits22,asc,8,1,6,1,2845000.000
kernel,vector,i64,1000000,bits22,asc,8,0,6,1,2754000.000
kernel,vector,i64,1000000,bits22,desc,8,1,0,1,2848000.000
kernel,vector,i64,1000000,bits22,desc,8,0,0,1,2728000.000
kernel,vector,i64,1000000,bits22,desc,8,1,1,1,2828000.000
kernel,vector,i64,1000000,bits22,desc,8,0,1,1,3106000.000
kernel,vector,i64,1000000,bits22,desc,8,0,2,1,2680000.000
kernel,vector,i64,1000000,bits22,desc,8,1,2,1,2835000.000
kernel,vector,i64,1000000,bits22,desc,8,0,3,1,2993000.000
kernel,vector,i64,1000000,bits22,desc,8,1,3,1,2832000.000
kernel,vector,i64,1000000,bits22,desc,8,0,4,1,3117000.000
kernel,vector,i64,1000000,bits22,desc,8,1,4,1,2892000.000
kernel,vector,i64,1000000,bits22,desc,8,1,5,1,2896000.000
kernel,vector,i64,1000000,bits22,desc,8,0,5,1,2805000.000
kernel,vector,i64,1000000,bits22,desc,8,1,6,1,2994000.000
kernel,vector,i64,1000000,bits22,desc,8,0,6,1,3098000.000
kernel,vector,i64,1000000,bits22,asc,11,0,0,1,2194000.000
kernel,vector,i64,1000000,bits22,asc,11,1,0,1,1892000.000
kernel,vector,i64,1000000,bits22,asc,11,1,1,1,2024000.000
kernel,vector,i64,1000000,bits22,asc,11,0,1,1,1982000.000
kernel,vector,i64,1000000,bits22,asc,11,0,2,1,1928000.000
kernel,vector,i64,1000000,bits22,asc,11,1,2,1,1946000.000
kernel,vector,i64,1000000,bits22,asc,11,0,3,1,1999000.000
kernel,vector,i64,1000000,bits22,asc,11,1,3,1,1989000.000
kernel,vector,i64,1000000,bits22,asc,11,0,4,1,2055000.000
kernel,vector,i64,1000000,bits22,asc,11,1,4,1,1960000.000
kernel,vector,i64,1000000,bits22,asc,11,1,5,1,1935000.000
kernel,vector,i64,1000000,bits22,asc,11,0,5,1,2006000.000
kernel,vector,i64,1000000,bits22,asc,11,0,6,1,1978000.000
kernel,vector,i64,1000000,bits22,asc,11,1,6,1,1954000.000
kernel,vector,i64,1000000,bits22,desc,11,0,0,1,2000000.000
kernel,vector,i64,1000000,bits22,desc,11,1,0,1,1997000.000
kernel,vector,i64,1000000,bits22,desc,11,0,1,1,1985000.000
kernel,vector,i64,1000000,bits22,desc,11,1,1,1,1956000.000
kernel,vector,i64,1000000,bits22,desc,11,1,2,1,1974000.000
kernel,vector,i64,1000000,bits22,desc,11,0,2,1,2004000.000
kernel,vector,i64,1000000,bits22,desc,11,0,3,1,2074000.000
kernel,vector,i64,1000000,bits22,desc,11,1,3,1,2021000.000
kernel,vector,i64,1000000,bits22,desc,11,0,4,1,2074000.000
kernel,vector,i64,1000000,bits22,desc,11,1,4,1,1954000.000
kernel,vector,i64,1000000,bits22,desc,11,0,5,1,2045000.000
kernel,vector,i64,1000000,bits22,desc,11,1,5,1,1966000.000
kernel,vector,i64,1000000,bits22,desc,11,1,6,1,1938000.000
kernel,vector,i64,1000000,bits22,desc,11,0,6,1,1988000.000
kernel,vector,i64,1000000,bits22,asc,15,1,0,1,2792000.000
kernel,vector,i64,1000000,bits22,asc,15,0,0,1,2678000.000
kernel,vector,i64,1000000,bits22,asc,15,0,1,1,2650000.000
kernel,vector,i64,1000000,bits22,asc,15,1,1,1,3165000.000
kernel,vector,i64,1000000,bits22,asc,15,1,2,1,2910000.000
kernel,vector,i64,1000000,bits22,asc,15,0,2,1,2788000.000
kernel,vector,i64,1000000,bits22,asc,15,0,3,1,2901000.000
kernel,vector,i64,1000000,bits22,asc,15,1,3,1,2556000.000
kernel,vector,i64,1000000,bits22,asc,15,1,4,1,2584000.000
kernel,vector,i64,1000000,bits22,asc,15,0,4,1,2848000.000
kernel,vector,i64,1000000,bits22,asc,15,0,5,1,2914000.000
kernel,vector,i64,1000000,bits22,asc,15,1,5,1,2656000.000
kernel,vector,i64,1000000,bits22,asc,15,0,6,1,2844000.000
kernel,vector,i64,1000000,bits22,asc,15,1,6,1,2906000.000
kernel,vector,i64,1000000,bits22,desc,15,1,0,1,2646000.000
kernel,vector,i64,1000000,bits22,desc,15,0,0,1,2791000.000
kernel,vector,i64,1000000,bits22,desc,15,0,1,1,2825000.000
kernel,vector,i64,1000000,bits22,desc,15,1,1,1,2690000.000
kernel,vector,i64,1000000,bits22,desc,15,0,2,1,2908000.000
kernel,vector,i64,1000000,bits22,desc,15,1,2,1,2751000.000
kernel,vector,i64,1000000,bits22,desc,15,1,3,1,2646000.000
kernel,vector,i64,1000000,bits22,desc,15,0,3,1,2725000.000
kernel,vector,i64,1000000,bits22,desc,15,0,4,1,2656000.000
kernel,vector,i64,1000000,bits22,desc,15,1,4,1,2639000.000
kernel,vector,i64,1000000,bits22,desc,15,1,5,1,2713000.000
kernel,vector,i64,1000000,bits22,desc,15,0,5,1,2989000.000
kernel,vector,i64,1000000,bits22,desc,15,1,6,1,2608000.000
kernel,vector,i64,1000000,bits22,desc,15,0,6,1,2808000.000
sorted,vector,i64,1000000,gaps,asc,0,1,0,1,4011000.000
sorted,vector,i64,1000000,gaps,asc,0,0,0,1,4086000.000
sorted,vector,i64,1000000,gaps,asc,0,0,1,1,3993000.000
sorted,vector,i64,1000000,gaps,asc,0,1,1,1,4061000.000
sorted,vector,i64,1000000,gaps,asc,0,1,2,1,4025000.000
sorted,vector,i64,1000000,gaps,asc,0,0,2,1,4073000.000
sorted,vector,i64,1000000,gaps,asc,0,1,3,1,4029000.000
sorted,vector,i64,1000000,gaps,asc,0,0,3,1,4003000.000
sorted,vector,i64,1000000,gaps,asc,0,0,4,1,4043000.000
sorted,vector,i64,1000000,gaps,asc,0,1,4,1,4057000.000
sorted,vector,i64,1000000,gaps,asc,0,0,5,1,4055000.000
sorted,vector,i64,1000000,gaps,asc,0,1,5,1,4003000.000
sorted,vector,i64,1000000,gaps,asc,0,0,6,1,4470000.000
sorted,vector,i64,1000000,gaps,asc,0,1,6,1,4000000.000
sorted,vector,i64,1000000,gaps,desc,0,0,0,1,4504000.000
sorted,vector,i64,1000000,gaps,desc,0,1,0,1,4012000.000
sorted,vector,i64,1000000,gaps,desc,0,1,1,1,4170000.000
sorted,vector,i64,1000000,gaps,desc,0,0,1,1,4182000.000
sorted,vector,i64,1000000,gaps,desc,0,0,2,1,4069000.000
sorted,vector,i64,1000000,gaps,desc,0,1,2,1,4081000.000
sorted,vector,i64,1000000,gaps,desc,0,0,3,1,4040000.000
sorted,vector,i64,1000000,gaps,desc,0,1,3,1,4037000.000
sorted,vector,i64,1000000,gaps,desc,0,0,4,1,3945000.000
sorted,vector,i64,1000000,gaps,desc,0,1,4,1,4031000.000
sorted,vector,i64,1000000,gaps,desc,0,0,5,1,4093000.000
sorted,vector,i64,1000000,gaps,desc,0,1,5,1,4100000.000
sorted,vector,i64,1000000,gaps,desc,0,1,6,1,4176000.000
sorted,vector,i64,1000000,gaps,desc,0,0,6,1,4301000.000
kernel,vector,i64,1000000,gaps,asc,8,0,0,1,2855000.000
kernel,vector,i64,1000000,gaps,asc,8,1,0,1,2875000.000
kernel,vector,i64,1000000,gaps,asc,8,1,1,1,2791000.000
kernel,vector,i64,1000000,gaps,asc,8,0,1,1,2802000.000
kernel,vector,i64,1000000,gaps,asc,8,0,2,1,2817000.000
kernel,vector,i64,1000000,gaps,asc,8,1,2,1,2838000.000
kernel,vector,i64,1000000,gaps,asc,8,0,3,1,2960000.000
kernel,vector,i64,1000000,gaps,asc,8,1,3,1,2957000.000
kernel,vector,i64,1000000,gaps,asc,8,1,4,1,2802000.000
kernel,vector,i64,1000000,gaps,asc,8,0,4,1,2816000.000
kernel,vector,i64,1000000,gaps,asc,8,0,5,1,3193000.000
kernel,vector,i64,1000000,gaps,asc,8,1,5,1,2829000.000
kernel,vector,i64,1000000,gaps,asc,8,1,6,1,2842000.000
kernel,vector,i64,1000000,gaps,asc,8,0,6,1,2839000.000
kernel,vector,i64,1000000,gaps,desc,8,0,0,1,3133000.000
kernel,vector,i64,1000000,gaps,desc,8,1,0,1,2794000.000
kernel,vector,i64,1000000,gaps,desc,8,1,1,1,2871000.000
kernel,vector,i64,1000000,gaps,desc,8,0,1,1,3246000.000
kernel,vector,i64,1000000,gaps,desc,8,1,2,1,2835000.000
kernel,vector,i64,1000000,gaps,desc,8,0,2,1,2968000.000
kernel,vector,i64,1000000,gaps,desc,8,1,3,1,2797000.000
kernel,vector,i64,1000000,gaps,desc,8,0,3,1,2837000.000
kernel,vector,i64,1000000,gaps,desc,8,0,4,1,2874000.000
kernel,vector,i64,1000000,gaps,desc,8,1,4,1,2833000.000
kernel,vector,i64,1000000,gaps,desc,8,1,5,1,2835000.000
kernel,vector,i64,1000000,gaps,desc,8,0,5,1,2891000.000
kernel,vector,i64,1000000,gaps,desc,8,1,6,1,2861000.000
kernel,vector,i64,1000000,gaps,desc,8,0,6,1,2825000.000
kernel,vector,i64,1000000,gaps,asc,11,0,0,1,4037000.000
kernel,vector,i64,1000000,gaps,asc,11,1,0,1,3613000.000
kernel,vector,i64,1000000,gaps,asc,11,0,1,1,4135000.000
kernel,vector,i64,1000000,gaps,asc,11,1,1,1,3646000.000
kernel,vector,i64,1000000,gaps,asc,11,1,2,1,3565000.000
kernel,vector,i64,1000000,gaps,asc,11,0,2,1,4107000.000
kernel,vector,i64,1000000,gaps,asc,11,1,3,1,3582000.000
kernel,vector,i64,1000000,gaps,asc,11,0,3,1,4114000.000
kernel,vector,i64,1000000,gaps,asc,11,0,4,1,4239000.000
kernel,vector,i64,1000000,gaps,asc,11,1,4,1,3374000.000
kernel,vector,i64,1000000,gaps,asc,11,0,5,1,4159000.000
kernel,vector,i64,1000000,gaps,asc,11,1,5,1,3519000.000
kernel,vector,i64,1000000,gaps,asc,11,1,6,1,3498000.000
kernel,vector,i64,1000000,gaps,asc,11,0,6,1,3954000.000
kernel,vector,i64,1000000,gaps,desc,11,0,0,1,3436000.000
kernel,vector,i64,1000000,gaps,desc,11,1,0,1,3547000.000
kernel,vector,i64,1000000,gaps,desc,11,0,1,1,3586000.000
kernel,vector,i64,1000000,gaps,desc,11,1,1,1,3576000.000
kernel,vector,i64,1000000,gaps,desc,11,0,2,1,3622000.000
kernel,vector,i64,1000000,gaps,desc,11,1,2,1,3471000.000
kernel,vector,i64,1000000,gaps,desc,11,1,3,1,3549000.000
kernel,vector,i64,1000000,gaps,desc,11,0,3,1,3467000.000
kernel,vector,i64,1000000,gaps,desc,11,0,4,1,3466000.000
kernel,vector,i64,1000000,gaps,desc,11,1,4,1,3516000.000
kernel,vector,i64,1000000,gaps,desc,11,0,5,1,3650000.000
kernel,vector,i64,1000000,gaps,desc,11,1,5,1,3642000.000
kernel,vector,i64,1000000,gaps,desc,11,0,6,1,3420000.000
kernel,vector,i64,1000000,gaps,desc,11,1,6,1,3601000.000
kernel,vector,i64,1000000,gaps,asc,15,0,0,1,2166000.000
kernel,vector,i64,1000000,gaps,asc,15,1,0,1,2001000.000
kernel,vector,i64,1000000,gaps,asc,15,1,1,1,2089000.000
kernel,vector,i64,1000000,gaps,asc,15,0,1,1,1784000.000
kernel,vector,i64,1000000,gaps,asc,15,0,2,1,1735000.000
kernel,vector,i64,1000000,gaps,asc,15,1,2,1,1991000.000
kernel,vector,i64,1000000,gaps,asc,15,1,3,1,1992000.000
kernel,vector,i64,1000000,gaps,asc,15,0,3,1,1753000.000
kernel,vector,i64,1000000,gaps,asc,15,0,4,1,1747000.000
kernel,vector,i64,1000000,gaps,asc,15,1,4,1,2075000.000
kernel,vector,i64,1000000,gaps,asc,15,1,5,1,2070000.000
kernel,vector,i64,1000000,gaps,asc,15,0,5,1,1757000.000
kernel,vector,i64,1000000,gaps,asc,15,0,6,1,1822000.000
kernel,vector,i64,1000000,gaps,asc,15,1,6,1,2108000.000
kernel,vector,i64,1000000,gaps,desc,15,1,0,1,2031000.000
kernel,vector,i64,1000000,gaps,desc,15,0,0,1,1994000.000
kernel,vector,i64,1000000,gaps,desc,15,1,1,1,1976000.000
kernel,vector,i64,1000000,gaps,desc,15,0,1,1,2082000.000
kernel,vector,i64,1000000,gaps,desc,15,1,2,1,2064000.000
kernel,vector,i64,1000000,gaps,desc,15,0,2,1,2074000.000
kernel,vector,i64,1000000,gaps,desc,15,1,3,1,2071000.000
kernel,vector,i64,1000000,gaps,desc,15,0,3,1,2073000.000
kernel,vector,i64,1000000,gaps,desc,15,0,4,1,2137000.000
kernel,vector,i64,1000000,gaps,desc,15,1,4,1,2086000.000
kernel,vector,i64,1000000,gaps,desc,15,1,5,1,2042000.000
kernel,vector,i64,1000000,gaps,desc,15,0,5,1,2109000.000
kernel,vector,i64,1000000,gaps,desc,15,1,6,1,2034000.000
kernel,vector,i64,1000000,gaps,desc,15,0,6,1,2093000.000
sorted,vector,i64,1000000,few,asc,0,0,0,1,3168000.000
sorted,vector,i64,1000000,few,asc,0,1,0,1,2839000.000
sorted,vector,i64,1000000,few,asc,0,1,1,1,2780000.000
sorted,vector,i64,1000000,few,asc,0,0,1,1,2848000.000
sorted,vector,i64,1000000,few,asc,0,1,2,1,2858000.000
sorted,vector,i64,1000000,few,asc,0,0,2,1,2800000.000
sorted,vector,i64,1000000,few,asc,0,0,3,1,2722000.000
sorted,vector,i64,1000000,few,asc,0,1,3,1,2789000.000
sorted,vector,i64,1000000,few,asc,0,1,4,1,3036000.000
sorted,vector,i64,1000000,few,asc,0,0,4,1,2578000.000
sorted,vector,i64,1000000,few,asc,0,1,5,1,2553000.000
sorted,vector,i64,1000000,few,asc,0,0,5,1,2474000.000
sorted,vector,i64,1000000,few,asc,0,1,6,1,2815000.000
sorted,vector,i64,1000000,few,asc,0,0,6,1,2822000.000
sorted,vector,i64,1000000,few,desc,0,0,0,1,2855000.000
sorted,vector,i64,1000000,few,desc,0,1,0,1,2801000.000
sorted,vector,i64,1000000,few,desc,0,0,1,1,2981000.000
sorted,vector,i64,1000000,few,desc,0,1,1,1,2850000.000
sorted,vector,i64,1000000,few,desc,0,1,2,1,2716000.000
sorted,vector,i64,1000000,few,desc,0,0,2,1,3104000.000
sorted,vector,i64,1000000,few,desc,0,0,3,1,2704000.000
sorted,vector,i64,1000000,few,desc,0,1,3,1,2595000.000
sorted,vector,i64,1000000,few,desc,0,0,4,1,2786000.000
sorted,vector,i64,1000000,few,desc,0,1,4,1,2858000.000
sorted,vector,i64,1000000,few,desc,0,1,5,1,2872000.000
sorted,vector,i64,1000000,few,desc,0,0,5,1,2849000.000
sorted,vector,i64,1000000,few,desc,0,1,6,1,2708000.000
sorted,vector,i64,1000000,few,desc,0,0,6,1,2683000.000
kernel,vector,i64,1000000,few,asc,8,1,0,1,1599000.000
kernel,vector,i64,1000000,few,asc,8,0,0,1,1509000.000
kernel,vector,i64,1000000,few,asc,8,0,1,1,1344000.000
kernel,vector,i64,1000000,few,asc,8,1,1,1,1487000.000
kernel,vector,i64,1000000,few,asc,8,0,2,1,1568000.000
kernel,vector,i64,1000000,few,asc,8,1,2,1,1592000.000
kernel,vector,i64,1000000,few,asc,8,0,3,1,1563000.000
kernel,vector,i64,1000000,few,asc,8,1,3,1,1401000.000
kernel,vector,i64,1000000,few,asc,8,1,4,1,1358000.000
kernel,vector,i64,1000000,few,asc,8,0,4,1,1580000.000
kernel,vector,i64,1000000,few,asc,8,0,5,1,2188000.000
kernel,vector,i64,1000000,few,asc,8,1,5,1,1424000.000
kernel,vector,i64,1000000,few,asc,8,1,6,1,1358000.000
kernel,vector,i64,1000000,few,asc,8,0,6,1,1768000.000
kernel,vector,i64,1000000,few,desc,8,1,0,1,1436000.000
kernel,vector,i64,1000000,few,desc,8,0,0,1,1554000.000
kernel,vector,i64,1000000,few,desc,8,1,1,1,1437000.000
kernel,vector,i64,1000000,few,desc,8,0,1,1,1459000.000
kernel,vector,i64,1000000,few,desc,8,1,2,1,1309000.000
kernel,vector,i64,1000000,few,desc,8,0,2,1,1342000.000
kernel,vector,i64,1000000,few,desc,8,1,3,1,1524000.000
kernel,vector,i64,1000000,few,desc,8,0,3,1,1527000.000
kernel,vector,i64,1000000,few,desc,8,1,4,1,1500000.000
kernel,vector,i64,1000000,few,desc,8,0,4,1,1502000.000
kernel,vector,i64,1000000,few,desc,8,0,5,1,1456000.000
kernel,vector,i64,1000000,few,desc,8,1,5,1,1420000.000
kernel,vector,i64,1000000,few,desc,8,1,6,1,1476000.000
kernel,vector,i64,1000000,few,desc,8,0,6,1,1665000.000
kernel,vector,i64,1000000,few,asc,11,0,0,1,2137000.000
kernel,vector,i64,1000000,few,asc,11,1,0,1,1429000.000
kernel,vector,i64,1000000,few,asc,11,1,1,1,1414000.000
kernel,vector,i64,1000000,few,asc,11,0,1,1,1565000.000
kernel,vector,i64,1000000,few,asc,11,0,2,1,1688000.000
kernel,vector,i64,1000000,few,asc,11,1,2,1,1548000.000
kernel,vector,i64,1000000,few,asc,11,1,3,1,1456000.000
kernel,vector,i64,1000000,few,asc,11,0,3,1,1437000.000
kernel,vector,i64,1000000,few,asc,11,0,4,1,1485000.000
kernel,vector,i64,1000000,few,asc,11,1,4,1,1418000.000
kernel,vector,i64,1000000,few,asc,11,0,5,1,1405000.000
kernel,vector,i64,1000000,few,asc,11,1,5,1,1420000.000
kernel,vector,i64,1000000,few,asc,11,0,6,1,1451000.000
kernel,vector,i64,1000000,few,asc,11,1,6,1,1581000.000
kernel,vector,i64,1000000,few,desc,11,1,0,1,1375000.000
kernel,vector,i64,1000000,few,desc,11,0,0,1,1471000.000
kernel,vector,i64,1000000,few,desc,11,1,1,1,1325000.000
kernel,vector,i64,1000000,few,desc,11,0,1,1,1406000.000
kernel,vector,i64,1000000,few,desc,11,0,2,1,1382000.000
kernel,vector,i64,1000000,few,desc,11,1,2,1,1407000.000
kernel,vector,i64,1000000,few,desc,11,0,3,1,1423000.000
kernel,vector,i64,1000000,few,desc,11,1,3,1,1295000.000
kernel,vector,i64,1000000,few,desc,11,0,4,1,1486000.000
kernel,vector,i64,1000000,few,desc,11,1,4,1,1409000.000
kernel,vector,i64,1000000,few,desc,11,0,5,1,1471000.000
kernel,vector,i64,1000000,few,desc,11,1,5,1,1416000.000
kernel,vector,i64,1000000,few,desc,11,1,6,1,1383000.000
kernel,vector,i64,1000000,few,desc,11,0,6,1,1471000.000
kernel,vector,i64,1000000,few,asc,15,1,0,1,1347000.000
kernel,vector,i64,1000000,few,asc,15,0,0,1,1452000.000
kernel,vector,i64,1000000,few,asc,15,1,1,1,1400000.000
kernel,vector,i64,1000000,few,asc,15,0,1,1,1570000.000
kernel,vector,i64,1000000,few,asc,15,1,2,1,1342000.000
kernel,vector,i64,1000000,few,asc,15,0,2,1,1400000.000
kernel,vector,i64,1000000,few,asc,15,0,3,1,1666000.000
kernel,vector,i64,1000000,few,asc,15,1,3,1,1526000.000
kernel,vector,i64,1000000,few,asc,15,1,4,1,1370000.000
kernel,vector,i64,1000000,few,asc,15,0,4,1,1476000.000
kernel,vector,i64,1000000,few,asc,15,0,5,1,1571000.000
kernel,vector,i64,1000000,few,asc,15,1,5,1,1365000.000
kernel,vector,i64,1000000,few,asc,15,1,6,1,1319000.000
kernel,vector,i64,1000000,few,asc,15,0,6,1,1429000.000
kernel,vector,i64,1000000,few,desc,15,1,0,1,1425000.000
kernel,vector,i64,1000000,few,desc,15,0,0,1,1288000.000
kernel,vector,i64,1000000,few,desc,15,0,1,1,1370000.000
kernel,vector,i64,1000000,few,desc,15,1,1,1,1509000.000
kernel,vector,i64,1000000,few,desc,15,0,2,1,1393000.000
kernel,vector,i64,1000000,few,desc,15,1,2,1,1321000.000
kernel,vector,i64,1000000,few,desc,15,0,3,1,1326000.000
kernel,vector,i64,1000000,few,desc,15,1,3,1,1425000.000
kernel,vector,i64,1000000,few,desc,15,1,4,1,1320000.000
kernel,vector,i64,1000000,few,desc,15,0,4,1,1348000.000
kernel,vector,i64,1000000,few,desc,15,1,5,1,1299000.000
kernel,vector,i64,1000000,few,desc,15,0,5,1,1336000.000
kernel,vector,i64,1000000,few,desc,15,0,6,1,1683000.000
kernel,vector,i64,1000000,few,desc,15,1,6,1,1348000.000
sorted,vector,i64,1000000,ordered,asc,0,1,0,3,223333.333
sorted,vector,i64,1000000,ordered,asc,0,0,0,3,223666.667
sorted,vector,i64,1000000,ordered,asc,0,1,1,3,223000.000
sorted,vector,i64,1000000,ordered,asc,0,0,1,3,223666.667
sorted,vector,i64,1000000,ordered,asc,0,1,2,3,226333.333
sorted,vector,i64,1000000,ordered,asc,0,0,2,3,234000.000
sorted,vector,i64,1000000,ordered,asc,0,1,3,3,224333.333
sorted,vector,i64,1000000,ordered,asc,0,0,3,3,224333.333
sorted,vector,i64,1000000,ordered,asc,0,1,4,3,224000.000
sorted,vector,i64,1000000,ordered,asc,0,0,4,3,246333.333
sorted,vector,i64,1000000,ordered,asc,0,1,5,3,223333.333
sorted,vector,i64,1000000,ordered,asc,0,0,5,3,221333.333
sorted,vector,i64,1000000,ordered,asc,0,0,6,3,222000.000
sorted,vector,i64,1000000,ordered,asc,0,1,6,2,275000.000
sorted,vector,i64,1000000,ordered,desc,0,1,0,2,384500.000
sorted,vector,i64,1000000,ordered,desc,0,0,0,2,378000.000
sorted,vector,i64,1000000,ordered,desc,0,1,1,2,384500.000
sorted,vector,i64,1000000,ordered,desc,0,0,1,2,405000.000
sorted,vector,i64,1000000,ordered,desc,0,0,2,2,390000.000
sorted,vector,i64,1000000,ordered,desc,0,1,2,2,392500.000
sorted,vector,i64,1000000,ordered,desc,0,0,3,2,394500.000
sorted,vector,i64,1000000,ordered,desc,0,1,3,2,400500.000
sorted,vector,i64,1000000,ordered,desc,0,0,4,2,399500.000
sorted,vector,i64,1000000,ordered,desc,0,1,4,2,394000.000
sorted,vector,i64,1000000,ordered,desc,0,0,5,2,390000.000
sorted,vector,i64,1000000,ordered,desc,0,1,5,2,400000.000
sorted,vector,i64,1000000,ordered,desc,0,1,6,2,407500.000
sorted,vector,i64,1000000,ordered,desc,0,0,6,2,395500.000
sorted,vector,i64,1000000,reverse,asc,0,1,0,2,378000.000
sorted,vector,i64,1000000,reverse,asc,0,0,0,2,377500.000
sorted,vector,i64,1000000,reverse,asc,0,1,1,2,393500.000
sorted,vector,i64,1000000,reverse,asc,0,0,1,2,376000.000
sorted,vector,i64,1000000,reverse,asc,0,1,2,2,379500.000
sorted,vector,i64,1000000,reverse,asc,0,0,2,2,381000.000
sorted,vector,i64,1000000,reverse,asc,0,0,3,2,399000.000
sorted,vector,i64,1000000,reverse,asc,0,1,3,2,376500.000
sorted,vector,i64,1000000,reverse,asc,0,0,4,2,386500.000
sorted,vector,i64,1000000,reverse,asc,0,1,4,2,379500.000
sorted,vector,i64,1000000,reverse,asc,0,0,5,2,386500.000
sorted,vector,i64,1000000,reverse,asc,0,1,5,2,380000.000
sorted,vector,i64,1000000,reverse,asc,0,1,6,2,385500.000
sorted,vector,i64,1000000,reverse,asc,0,0,6,2,390500.000
sorted,vector,i64,1000000,reverse,desc,0,1,0,3,223666.667
sorted,vector,i64,1000000,reverse,desc,0,0,0,3,228666.667
sorted,vector,i64,1000000,reverse,desc,0,1,1,3,228000.000
sorted,vector,i64,1000000,reverse,desc,0,0,1,3,229000.000
sorted,vector,i64,1000000,reverse,desc,0,1,2,3,228333.333
sorted,vector,i64,1000000,reverse,desc,0,0,2,3,233333.333
sorted,vector,i64,1000000,reverse,desc,0,0,3,3,229000.000
sorted,vector,i64,1000000,reverse,desc,0,1,3,3,233666.667
sorted,vector,i64,1000000,reverse,desc,0,1,4,3,229666.667
sorted,vector,i64,1000000,reverse,desc,0,0,4,3,229666.667
sorted,vector,i64,1000000,reverse,desc,0,0,5,3,229666.667
sorted,vector,i64,1000000,reverse,desc,0,1,5,3,228000.000
sorted,vector,i64,1000000,reverse,desc,0,0,6,3,233000.000
sorted,vector,i64,1000000,reverse,desc,0,1,6,3,231666.667
sorted,vector,i64,1000000,nearly,asc,0,0,0,1,6097000.000
sorted,vector,i64,1000000,nearly,asc,0,1,0,1,5945000.000
sorted,vector,i64,1000000,nearly,asc,0,0,1,1,6004000.000
sorted,vector,i64,1000000,nearly,asc,0,1,1,1,5642000.000
sorted,vector,i64,1000000,nearly,asc,0,0,2,1,6243000.000
sorted,vector,i64,1000000,nearly,asc,0,1,2,1,5857000.000
sorted,vector,i64,1000000,nearly,asc,0,1,3,1,5933000.000
sorted,vector,i64,1000000,nearly,asc,0,0,3,1,5984000.000
sorted,vector,i64,1000000,nearly,asc,0,1,4,1,5845000.000
sorted,vector,i64,1000000,nearly,asc,0,0,4,1,5966000.000
sorted,vector,i64,1000000,nearly,asc,0,0,5,1,5973000.000
sorted,vector,i64,1000000,nearly,asc,0,1,5,1,6012000.000
sorted,vector,i64,1000000,nearly,asc,0,1,6,1,5932000.000
sorted,vector,i64,1000000,nearly,asc,0,0,6,1,5967000.000
sorted,vector,i64,1000000,nearly,desc,0,0,0,1,6026000.000
sorted,vector,i64,1000000,nearly,desc,0,1,0,1,5779000.000
sorted,vector,i64,1000000,nearly,desc,0,0,1,1,6210000.000
sorted,vector,i64,1000000,nearly,desc,0,1,1,1,5853000.000
sorted,vector,i64,1000000,nearly,desc,0,1,2,1,5903000.000
sorted,vector,i64,1000000,nearly,desc,0,0,2,1,5959000.000
sorted,vector,i64,1000000,nearly,desc,0,1,3,1,5948000.000
sorted,vector,i64,1000000,nearly,desc,0,0,3,1,6072000.000
sorted,vector,i64,1000000,nearly,desc,0,1,4,1,5915000.000
sorted,vector,i64,1000000,nearly,desc,0,0,4,1,5942000.000
sorted,vector,i64,1000000,nearly,desc,0,0,5,1,5978000.000
sorted,vector,i64,1000000,nearly,desc,0,1,5,1,5963000.000
sorted,vector,i64,1000000,nearly,desc,0,1,6,1,5966000.000
sorted,vector,i64,1000000,nearly,desc,0,0,6,1,5926000.000
sorted,vector,i64,1000000,equal,asc,0,0,0,3,234000.000
sorted,vector,i64,1000000,equal,asc,0,1,0,3,222333.333
sorted,vector,i64,1000000,equal,asc,0,1,1,3,222333.333
sorted,vector,i64,1000000,equal,asc,0,0,1,3,227333.333
sorted,vector,i64,1000000,equal,asc,0,0,2,3,229666.667
sorted,vector,i64,1000000,equal,asc,0,1,2,3,227000.000
sorted,vector,i64,1000000,equal,asc,0,1,3,3,222666.667
sorted,vector,i64,1000000,equal,asc,0,0,3,3,227666.667
sorted,vector,i64,1000000,equal,asc,0,0,4,3,226333.333
sorted,vector,i64,1000000,equal,asc,0,1,4,3,224000.000
sorted,vector,i64,1000000,equal,asc,0,0,5,3,230000.000
sorted,vector,i64,1000000,equal,asc,0,1,5,3,234333.333
sorted,vector,i64,1000000,equal,asc,0,1,6,3,230000.000
sorted,vector,i64,1000000,equal,asc,0,0,6,3,225666.667
sorted,vector,i64,1000000,equal,desc,0,1,0,3,227666.667
sorted,vector,i64,1000000,equal,desc,0,0,0,3,236000.000
sorted,vector,i64,1000000,equal,desc,0,1,1,3,227000.000
sorted,vector,i64,1000000,equal,desc,0,0,1,3,233333.333
sorted,vector,i64,1000000,equal,desc,0,1,2,3,225333.333
sorted,vector,i64,1000000,equal,desc,0,0,2,3,228000.000
sorted,vector,i64,1000000,equal,desc,0,1,3,3,227666.667
sorted,vector,i64,1000000,equal,desc,0,0,3,3,231333.333
sorted,vector,i64,1000000,equal,desc,0,0,4,3,225666.667
sorted,vector,i64,1000000,equal,desc,0,1,4,3,230333.333
sorted,vector,i64,1000000,equal,desc,0,0,5,3,222666.667
sorted,vector,i64,1000000,equal,desc,0,1,5,3,233333.333
sorted,vector,i64,1000000,equal,desc,0,0,6,3,227333.333
sorted,vector,i64,1000000,equal,desc,0,1,6,3,229000.000
sorted,array,i64,65536,full,asc,0,1,0,2,418000.000
sorted,array,i64,65536,full,asc,0,0,0,2,420000.000
sorted,array,i64,65536,full,asc,0,1,1,2,402500.000
sorted,array,i64,65536,full,asc,0,0,1,2,401000.000
sorted,array,i64,65536,full,asc,0,1,2,2,406000.000
sorted,array,i64,65536,full,asc,0,0,2,2,403500.000
sorted,array,i64,65536,full,asc,0,1,3,2,399000.000
sorted,array,i64,65536,full,asc,0,0,3,2,390500.000
sorted,array,i64,65536,full,asc,0,1,4,2,394500.000
sorted,array,i64,65536,full,asc,0,0,4,2,384500.000
sorted,array,i64,65536,full,asc,0,0,5,2,391000.000
sorted,array,i64,65536,full,asc,0,1,5,2,399500.000
sorted,array,i64,65536,full,asc,0,1,6,2,387500.000
sorted,array,i64,65536,full,asc,0,0,6,2,385000.000
sorted,array,i64,65536,full,desc,0,0,0,2,401500.000
sorted,array,i64,65536,full,desc,0,1,0,2,411000.000
sorted,array,i64,65536,full,desc,0,1,1,2,398500.000
sorted,array,i64,65536,full,desc,0,0,1,2,395000.000
sorted,array,i64,65536,full,desc,0,0,2,2,385000.000
sorted,array,i64,65536,full,desc,0,1,2,2,402500.000
sorted,array,i64,65536,full,desc,0,1,3,2,394000.000
sorted,array,i64,65536,full,desc,0,0,3,2,410500.000
sorted,array,i64,65536,full,desc,0,1,4,2,384500.000
sorted,array,i64,65536,full,desc,0,0,4,2,404000.000
sorted,array,i64,65536,full,desc,0,0,5,2,397500.000
sorted,array,i64,65536,full,desc,0,1,5,2,387500.000
sorted,array,i64,65536,full,desc,0,1,6,2,385000.000
sorted,array,i64,65536,full,desc,0,0,6,2,404500.000
sorted,array,i64,65536,bits22,asc,0,1,0,3,188333.333
sorted,array,i64,65536,bits22,asc,0,0,0,3,185000.000
sorted,array,i64,65536,bits22,asc,0,0,1,3,191000.000
sorted,array,i64,65536,bits22,asc,0,1,1,3,171333.333
sorted,array,i64,65536,bits22,asc,0,1,2,3,177333.333
sorted,array,i64,65536,bits22,asc,0,0,2,3,179333.333
sorted,array,i64,65536,bits22,asc,0,0,3,3,182333.333
sorted,array,i64,65536,bits22,asc,0,1,3,3,173000.000
sorted,array,i64,65536,bits22,asc,0,1,4,3,175666.667
sorted,array,i64,65536,bits22,asc,0,0,4,3,179666.667
sorted,array,i64,65536,bits22,asc,0,0,5,3,182333.333
sorted,array,i64,65536,bits22,asc,0,1,5,3,170333.333
sorted,array,i64,65536,bits22,asc,0,0,6,3,184000.000
sorted,array,i64,65536,bits22,asc,0,1,6,3,173333.333
sorted,array,i64,65536,bits22,desc,0,0,0,3,175333.333
sorted,array,i64,65536,bits22,desc,0,1,0,3,188000.000
sorted,array,i64,65536,bits22,desc,0,0,1,3,187666.667
sorted,array,i64,65536,bits22,desc,0,1,1,3,178000.000
sorted,array,i64,65536,bits22,desc,0,0,2,3,181000.000
sorted,array,i64,65536,bits22,desc,0,1,2,3,178000.000
sorted,array,i64,65536,bits22,desc,0,1,3,3,169333.333
sorted,array,i64,65536,bits22,desc,0,0,3,3,190333.333
sorted,array,i64,65536,bits22,desc,0,1,4,3,168000.000
sorted,array,i64,65536,bits22,desc,0,0,4,3,186333.333
sorted,array,i64,65536,bits22,desc,0,0,5,3,179000.000
sorted,array,i64,65536,bits22,desc,0,1,5,3,173000.000
sorted,array,i64,65536,bits22,desc,0,0,6,3,174333.333
sorted,array,i64,65536,bits22,desc,0,1,6,3,171666.667
sorted,array,i64,65536,gaps,asc,0,0,0,2,303000.000
sorted,array,i64,65536,gaps,asc,0,1,0,2,331000.000
sorted,array,i64,65536,gaps,asc,0,0,1,2,291500.000
sorted,array,i64,65536,gaps,asc,0,1,1,2,274500.000
sorted,array,i64,65536,gaps,asc,0,1,2,2,274500.000
sorted,array,i64,65536,gaps,asc,0,0,2,2,282500.000
sorted,array,i64,65536,gaps,asc,0,0,3,2,279500.000
sorted,array,i64,65536,gaps,asc,0,1,3,2,275500.000
sorted,array,i64,65536,gaps,asc,0,1,4,2,265500.000
sorted,array,i64,65536,gaps,asc,0,0,4,2,276500.000
sorted,array,i64,65536,gaps,asc,0,1,5,2,263500.000
sorted,array,i64,65536,gaps,asc,0,0,5,2,282000.000
sorted,array,i64,65536,gaps,asc,0,1,6,2,330000.000
sorted,array,i64,65536,gaps,asc,0,0,6,2,331500.000
sorted,array,i64,65536,gaps,desc,0,1,0,2,283000.000
sorted,array,i64,65536,gaps,desc,0,0,0,2,277000.000
sorted,array,i64,65536,gaps,desc,0,0,1,2,279000.000
sorted,array,i64,65536,gaps,desc,0,1,1,2,300000.000
sorted,array,i64,65536,gaps,desc,0,1,2,2,272000.000
sorted,array,i64,65536,gaps,desc,0,0,2,3,269333.333
sorted,array,i64,65536,gaps,desc,0,1,3,2,283500.000
sorted,array,i64,65536,gaps,desc,0,0,3,2,286000.000
sorted,array,i64,65536,gaps,desc,0,1,4,2,267500.000
sorted,array,i64,65536,gaps,desc,0,0,4,2,278500.000
sorted,array,i64,65536,gaps,desc,0,0,5,2,274000.000
sorted,array,i64,65536,gaps,desc,0,1,5,2,279000.000
sorted,array,i64,65536,gaps,desc,0,0,6,2,282500.000
sorted,array,i64,65536,gaps,desc,0,1,6,2,264500.000
sorted,array,i64,65536,few,asc,0,1,0,4,139500.000
sorted,array,i64,65536,few,asc,0,0,0,4,151250.000
sorted,array,i64,65536,few,asc,0,0,1,4,141250.000
sorted,array,i64,65536,few,asc,0,1,1,4,135750.000
sorted,array,i64,65536,few,asc,0,1,2,4,125000.000
sorted,array,i64,65536,few,asc,0,0,2,4,142250.000
sorted,array,i64,65536,few,asc,0,0,3,4,130250.000
sorted,array,i64,65536,few,asc,0,1,3,4,146000.000
sorted,array,i64,65536,few,asc,0,0,4,4,139250.000
sorted,array,i64,65536,few,asc,0,1,4,4,129750.000
sorted,array,i64,65536,few,asc,0,0,5,4,136000.000
sorted,array,i64,65536,few,asc,0,1,5,4,126500.000
sorted,array,i64,65536,few,asc,0,0,6,4,138250.000
sorted,array,i64,65536,few,asc,0,1,6,4,129250.000
sorted,array,i64,65536,few,desc,0,1,0,4,139750.000
sorted,array,i64,65536,few,desc,0,0,0,4,154500.000
sorted,array,i64,65536,few,desc,0,0,1,4,148500.000
sorted,array,i64,65536,few,desc,0,1,1,4,137750.000
sorted,array,i64,65536,few,desc,0,1,2,4,133250.000
sorted,array,i64,65536,few,desc,0,0,2,4,147500.000
sorted,array,i64,65536,few,desc,0,0,3,4,150750.000
sorted,array,i64,65536,few,desc,0,1,3,4,133750.000
sorted,array,i64,65536,few,desc,0,1,4,4,130500.000
sorted,array,i64,65536,few,desc,0,0,4,4,149500.000
sorted,array,i64,65536,few,desc,0,1,5,4,130000.000
sorted,array,i64,65536,few,desc,0,0,5,4,150500.000
sorted,array,i64,65536,few,desc,0,1,6,4,130250.000
sorted,array,i64,65536,few,desc,0,0,6,4,147250.000
sorted,array,i64,65536,ordered,asc,0,1,0,18,28333.333
sorted,array,i64,65536,ordered,asc,0,0,0,18,28111.111
sorted,array,i64,65536,ordered,asc,0,1,1,18,28444.444
sorted,array,i64,65536,ordered,asc,0,0,1,18,28277.778
sorted,array,i64,65536,ordered,asc,0,0,2,18,28111.111
sorted,array,i64,65536,ordered,asc,0,1,2,18,28944.444
sorted,array,i64,65536,ordered,asc,0,1,3,18,28222.222
sorted,array,i64,65536,ordered,asc,0,0,3,18,28611.111
sorted,array,i64,65536,ordered,asc,0,0,4,18,28888.889
sorted,array,i64,65536,ordered,asc,0,1,4,18,28944.444
sorted,array,i64,65536,ordered,asc,0,1,5,18,28555.556
sorted,array,i64,65536,ordered,asc,0,0,5,18,28333.333
sorted,array,i64,65536,ordered,asc,0,0,6,18,29222.222
sorted,array,i64,65536,ordered,asc,0,1,6,18,28222.222
sorted,array,i64,65536,ordered,desc,0,0,0,13,38461.538
sorted,array,i64,65536,ordered,desc,0,1,0,13,38846.154
sorted,array,i64,65536,ordered,desc,0,1,1,14,38357.143
sorted,array,i64,65536,ordered,desc,0,0,1,13,40230.769
sorted,array,i64,65536,ordered,desc,0,0,2,14,38071.429
sorted,array,i64,65536,ordered,desc,0,1,2,13,39384.615
sorted,array,i64,65536,ordered,desc,0,1,3,13,38538.462
sorted,array,i64,65536,ordered,desc,0,0,3,13,39153.846
sorted,array,i64,65536,ordered,desc,0,1,4,13,39384.615
sorted,array,i64,65536,ordered,desc,0,0,4,13,38461.538
sorted,array,i64,65536,ordered,desc,0,0,5,13,39307.692
sorted,array,i64,65536,ordered,desc,0,1,5,14,38214.286
sorted,array,i64,65536,ordered,desc,0,1,6,13,39076.923
sorted,array,i64,65536,ordered,desc,0,0,6,13,38615.385
sorted,array,i64,65536,reverse,asc,0,0,0,13,38769.231
sorted,array,i64,65536,reverse,asc,0,1,0,14,38285.714
sorted,array,i64,65536,reverse,asc,0,1,1,13,39692.308
sorted,array,i64,65536,reverse,asc,0,0,1,13,38692.308
sorted,array,i64,65536,reverse,asc,0,1,2,13,39000.000
sorted,array,i64,65536,reverse,asc,0,0,2,13,39384.615
sorted,array,i64,65536,reverse,asc,0,0,3,13,40307.692
sorted,array,i64,65536,reverse,asc,0,1,3,13,38461.538
sorted,array,i64,65536,reverse,asc,0,0,4,14,38428.571
sorted,array,i64,65536,reverse,asc,0,1,4,13,38846.154
sorted,array,i64,65536,reverse,asc,0,0,5,13,38769.231
sorted,array,i64,65536,reverse,asc,0,1,5,13,38846.154
sorted,array,i64,65536,reverse,asc,0,1,6,13,39461.538
sorted,array,i64,65536,reverse,asc,0,0,6,13,38692.308
sorted,array,i64,65536,reverse,desc,0,0,0,18,28222.222
sorted,array,i64,65536,reverse,desc,0,1,0,18,29111.111
sorted,array,i64,65536,reverse,desc,0,0,1,18,28222.222
sorted,array,i64,65536,reverse,desc,0,1,1,18,28944.444
sorted,array,i64,65536,reverse,desc,0,0,2,18,28500.000
sorted,array,i64,65536,reverse,desc,0,1,2,18,28555.556
sorted,array,i64,65536,reverse,desc,0,0,3,18,28555.556
sorted,array,i64,65536,reverse,desc,0,1,3,18,28444.444
sorted,array,i64,65536,reverse,desc,0,1,4,18,28666.667
sorted,array,i64,65536,reverse,desc,0,0,4,18,28555.556
sorted,array,i64,65536,reverse,desc,0,1,5,18,28777.778
sorted,array,i64,65536,reverse,desc,0,0,5,18,28777.778
sorted,array,i64,65536,reverse,desc,0,1,6,18,28388.889
sorted,array,i64,65536,reverse,desc,0,0,6,18,28722.222
sorted,array,i64,65536,nearly,asc,0,0,0,2,388000.000
sorted,array,i64,65536,nearly,asc,0,1,0,2,382500.000
sorted,array,i64,65536,nearly,asc,0,0,1,2,389000.000
sorted,array,i64,65536,nearly,asc,0,1,1,2,374500.000
sorted,array,i64,65536,nearly,asc,0,1,2,2,377500.000
sorted,array,i64,65536,nearly,asc,0,0,2,2,384000.000
sorted,array,i64,65536,nearly,asc,0,0,3,2,375000.000
sorted,array,i64,65536,nearly,asc,0,1,3,2,379500.000
sorted,array,i64,65536,nearly,asc,0,1,4,2,382500.000
sorted,array,i64,65536,nearly,asc,0,0,4,2,377000.000
sorted,array,i64,65536,nearly,asc,0,0,5,2,374500.000
sorted,array,i64,65536,nearly,asc,0,1,5,2,383000.000
sorted,array,i64,65536,nearly,asc,0,1,6,2,384500.000
sorted,array,i64,65536,nearly,asc,0,0,6,2,377000.000
sorted,array,i64,65536,nearly,desc,0,0,0,2,346000.000
sorted,array,i64,65536,nearly,desc,0,1,0,2,345000.000
sorted,array,i64,65536,nearly,desc,0,0,1,2,356500.000
sorted,array,i64,65536,nearly,desc,0,1,1,2,361500.000
sorted,array,i64,65536,nearly,desc,0,1,2,2,374500.000
sorted,array,i64,65536,nearly,desc,0,0,2,2,365000.000
sorted,array,i64,65536,nearly,desc,0,0,3,2,362500.000
sorted,array,i64,65536,nearly,desc,0,1,3,2,357500.000
sorted,array,i64,65536,nearly,desc,0,1,4,2,369500.000
sorted,array,i64,65536,nearly,desc,0,0,4,2,375500.000
sorted,array,i64,65536,nearly,desc,0,1,5,2,366000.000
sorted,array,i64,65536,nearly,desc,0,0,5,2,364000.000
sorted,array,i64,65536,nearly,desc,0,1,6,2,373500.000
sorted,array,i64,65536,nearly,desc,0,0,6,2,375500.000
sorted,array,i64,65536,equal,asc,0,1,0,18,28277.778
sorted,array,i64,65536,equal,asc,0,0,0,19,27210.526
sorted,array,i64,65536,equal,asc,0,0,1,19,27473.684
sorted,array,i64,65536,equal,asc,0,1,1,19,27736.842
sorted,array,i64,65536,equal,asc,0,0,2,18,27944.444
sorted,array,i64,65536,equal,asc,0,1,2,19,27421.053
sorted,array,i64,65536,equal,asc,0,0,3,19,27368.421
sorted,array,i64,65536,equal,asc,0,1,3,18,28277.778
sorted,array,i64,65536,equal,asc,0,0,4,19,27578.947
sorted,array,i64,65536,equal,asc,0,1,4,20,26150.000
sorted,array,i64,65536,equal,asc,0,0,5,20,26050.000
sorted,array,i64,65536,equal,asc,0,1,5,20,26100.000
sorted,array,i64,65536,equal,asc,0,1,6,19,26736.842
sorted,array,i64,65536,equal,asc,0,0,6,20,26100.000
sorted,array,i64,65536,equal,desc,0,0,0,18,27777.778
sorted,array,i64,65536,equal,desc,0,1,0,18,27777.778
sorted,array,i64,65536,equal,desc,0,0,1,18,28388.889
sorted,array,i64,65536,equal,desc,0,1,1,19,27526.316
sorted,array,i64,65536,equal,desc,0,1,2,19,27052.632
sorted,array,i64,65536,equal,desc,0,0,2,19,27315.789
sorted,array,i64,65536,equal,desc,0,0,3,18,28166.667
sorted,array,i64,65536,equal,desc,0,1,3,18,28000.000
sorted,array,i64,65536,equal,desc,0,0,4,18,27944.444
sorted,array,i64,65536,equal,desc,0,1,4,19,27421.053
sorted,array,i64,65536,equal,desc,0,0,5,18,28666.667
sorted,array,i64,65536,equal,desc,0,1,5,19,27526.316
sorted,array,i64,65536,equal,desc,0,1,6,17,29470.588
sorted,array,i64,65536,equal,desc,0,0,6,18,27944.444
